{"GetCurrencyRatesResult":"{\u000d\u000a  \"cur\": [\u000d\u000a    {\u000d\u000a      \"Title\": \"AED\",\u000d\u000a      \"DovizAlis\": 8.65331,\u000d\u000a      \"DovizSatis\": 9.14417,\u000d\u000a      \"USDCaprazKur\": 3.6384,\u000d\u000a      \"KurTuru\": \"08\",\u000d\u000a      \"Desc\": null\u000d\u000a    },\u000d\u000a    {\u000d\u000a      \"Title\": \"AED\",\u000d\u000a      \"DovizAlis\": 8.49811,\u000d\u000a      \"DovizSatis\": 9.15234,\u000d\u000a      \"USDCaprazKur\": 3.6735,\u000d\u000a      \"KurTuru\": \"01\",\u000d\u000a      \"Desc\": null\u000d\u000a    },\u000d\u000a    {\u000d\u000a      \"Title\": \"AUD\",\u000d\u000a      \"DovizAlis\": 20.5426,\u000d\u000a      \"DovizSatis\": 21.837,\u000d\u000a      \"USDCaprazKur\": 1.5296,\u000d\u000a      \"KurTuru\": \"01\",\u000d\u000a      \"Desc\": null\u000d\u000a    },\u000d\u000a    {\u000d\u000a      \"Title\": \"AUD\",\u000d\u000a      \"DovizAlis\": 20.5581,\u000d\u000a      \"DovizSatis\": 21.7233,\u000d\u000a      \"USDCaprazKur\": 1.5315,\u000d\u000a      \"KurTuru\": \"08\",\u000d\u000a      \"Desc\": null\u000d\u000a    },\u000d\u000a    {\u000d\u000a      \"Title\": \"CAD\",\u000d\u000a      \"DovizAlis\": 23.1044,\u000d\u000a      \"DovizSatis\": 24.5588,\u000d\u000a      \"USDCaprazKur\": 1.36,\u000d\u000a      \"KurTuru\": \"01\",\u000d\u000a      \"Desc\": null\u000d\u000a    },\u000d\u000a    {\u000d\u000a      \"Title\": \"CAD\",\u000d\u000a      \"DovizAlis\": 23.1218,\u000d\u000a      \"DovizSatis\": 24.431,\u000d\u000a      \"USDCaprazKur\": 1.3617,\u000d\u000a      \"KurTuru\": \"08\",\u000d\u000a      \"Desc\": null\u000d\u000a    },\u000d\u000a    {\u000d\u000a      \"Title\": \"CHF\",\u000d\u000a      \"DovizAlis\": 34.3827,\u000d\u000a      \"DovizSatis\": 36.4632,\u000d\u000a      \"USDCaprazKur\": 0.9149,\u000d\u000a      \"KurTuru\": \"01\",\u000d\u000a      \"Desc\": null\u000d\u000a    },\u000d\u000a    {\u000d\u000a      \"Title\": \"CHF\",\u000d\u000a      \"DovizAlis\": 34.4548,\u000d\u000a      \"DovizSatis\": 36.3167,\u000d\u000a      \"USDCaprazKur\": 1.093,\u000d\u000a      \"KurTuru\": \"08\",\u000d\u000a      \"Desc\": null\u000d\u000a    },\u000d\u000a    {\u000d\u000a      \"Title\": \"CNY\",\u000d\u000a      \"DovizAlis\": 4.27001,\u000d\u000a      \"DovizSatis\": 4.68456,\u000d\u000a      \"USDCaprazKur\": 7.2445,\u000d\u000a      \"KurTuru\": \"01\",\u000d\u000a      \"Desc\": null\u000d\u000a    },\u000d\u000a    {\u000d\u000a      \"Title\": \"CNY\",\u000d\u000a      \"DovizAlis\": 4.37361,\u000d\u000a      \"DovizSatis\": 4.58095,\u000d\u000a      \"USDCaprazKur\": 7.2307,\u000d\u000a      \"KurTuru\": \"08\",\u000d\u000a      \"Desc\": null\u000d\u000a    },\u000d\u000a    {\u000d\u000a      \"Title\": \"DKK\",\u000d\u000a      \"DovizAlis\": 4.51356,\u000d\u000a      \"DovizSatis\": 4.8558,\u000d\u000a      \"USDCaprazKur\": 6.9201,\u000d\u000a      \"KurTuru\": \"01\",\u000d\u000a      \"Desc\": null\u000d\u000a    },\u000d\u000a    {\u000d\u000a      \"Title\": \"DKK\",\u000d\u000a      \"DovizAlis\": 4.53407,\u000d\u000a      \"DovizSatis\": 4.79085,\u000d\u000a      \"USDCaprazKur\": 6.9442,\u000d\u000a      \"KurTuru\": \"08\",\u000d\u000a      \"Desc\": null\u000d\u000a    },\u000d\u000a    {\u000d\u000a      \"Title\": \"EUR\",\u000d\u000a      \"DovizAlis\": 33.4296,\u000d\u000a      \"DovizSatis\": 35.4518,\u000d\u000a      \"USDCaprazKur\": 1.0627,\u000d\u000a      \"KurTuru\": \"01\",\u000d\u000a      \"Desc\": null\u000d\u000a    },\u000d\u000a    {\u000d\u000a      \"Title\": \"EUR\",\u000d\u000a      \"DovizAlis\": 33.4997,\u000d\u000a      \"DovizSatis\": 35.3094,\u000d\u000a      \"USDCaprazKur\": 1.0627,\u000d\u000a      \"KurTuru\": \"08\",\u000d\u000a      \"Desc\": null\u000d\u000a    },\u000d\u000a    {\u000d\u000a      \"Title\": \"GBP\",\u000d\u000a      \"DovizAlis\": 39.1805,\u000d\u000a      \"DovizSatis\": 41.5501,\u000d\u000a      \"USDCaprazKur\": 1.2455,\u000d\u000a      \"KurTuru\": \"01\",\u000d\u000a      \"Desc\": null\u000d\u000a    },\u000d\u000a    {\u000d\u000a      \"Title\": \"GBP\",\u000d\u000a      \"DovizAlis\": 39.2627,\u000d\u000a      \"DovizSatis\": 41.3832,\u000d\u000a      \"USDCaprazKur\": 1.2455,\u000d\u000a      \"KurTuru\": \"08\",\u000d\u000a      \"Desc\": null\u000d\u000a    },\u000d\u000a    {\u000d\u000a      \"Title\": \"JPY\",\u000d\u000a      \"DovizAlis\": 20.5998,\u000d\u000a      \"DovizSatis\": 21.8963,\u000d\u000a      \"USDCaprazKur\": 152.5372,\u000d\u000a      \"KurTuru\": \"01\",\u000d\u000a      \"Desc\": null\u000d\u000a    },\u000d\u000a    {\u000d\u000a      \"Title\": \"JPY\",\u000d\u000a      \"DovizAlis\": 20.6153,\u000d\u000a      \"DovizSatis\": 21.7824,\u000d\u000a      \"USDCaprazKur\": 152.7306,\u000d\u000a      \"KurTuru\": \"08\",\u000d\u000a      \"Desc\": null\u000d\u000a    },\u000d\u000a    {\u000d\u000a      \"Title\": \"KWD\",\u000d\u000a      \"DovizAlis\": 103.1053,\u000d\u000a      \"DovizSatis\": 108.9805,\u000d\u000a      \"USDCaprazKur\": 3.2752,\u000d\u000a      \"KurTuru\": \"08\",\u000d\u000a      \"Desc\": null\u000d\u000a    },\u000d\u000a    {\u000d\u000a      \"Title\": \"KWD\",\u000d\u000a      \"DovizAlis\": 100.2827,\u000d\u000a      \"DovizSatis\": 110.0514,\u000d\u000a      \"USDCaprazKur\": 3.2433,\u000d\u000a      \"KurTuru\": \"01\",\u000d\u000a      \"Desc\": null\u000d\u000a    },\u000d\u000a    {\u000d\u000a      \"Title\": \"NOK\",\u000d\u000a      \"DovizAlis\": 2.88812,\u000d\u000a      \"DovizSatis\": 3.10758,\u000d\u000a      \"USDCaprazKur\": 10.814,\u000d\u000a      \"KurTuru\": \"01\",\u000d\u000a      \"Desc\": null\u000d\u000a    },\u000d\u000a    {\u000d\u000a      \"Title\": \"NOK\",\u000d\u000a      \"DovizAlis\": 2.90124,\u000d\u000a      \"DovizSatis\": 3.06601,\u000d\u000a      \"USDCaprazKur\": 10.8516,\u000d\u000a      \"KurTuru\": \"08\",\u000d\u000a      \"Desc\": null\u000d\u000a    },\u000d\u000a    {\u000d\u000a      \"Title\": \"PLN\",\u000d\u000a      \"DovizAlis\": 7.7144,\u000d\u000a      \"DovizSatis\": 8.3107,\u000d\u000a      \"USDCaprazKur\": 4.0461,\u000d\u000a      \"KurTuru\": \"01\",\u000d\u000a      \"Desc\": null\u000d\u000a    },\u000d\u000a    {\u000d\u000a      \"Title\": \"PLN\",\u000d\u000a      \"DovizAlis\": 7.8442,\u000d\u000a      \"DovizSatis\": 8.1809,\u000d\u000a      \"USDCaprazKur\": 4.0402,\u000d\u000a      \"KurTuru\": \"08\",\u000d\u000a      \"Desc\": null\u000d\u000a    },\u000d\u000a    {\u000d\u000a      \"Title\": \"RON\",\u000d\u000a      \"DovizAlis\": 6.6627,\u000d\u000a      \"DovizSatis\": 7.1832,\u000d\u000a      \"USDCaprazKur\": 4.683,\u000d\u000a      \"KurTuru\": \"01\",\u000d\u000a      \"Desc\": null\u000d\u000a    },\u000d\u000a    {\u000d\u000a      \"Title\": \"RON\",\u000d\u000a      \"DovizAlis\": 6.7748,\u000d\u000a      \"DovizSatis\": 7.071,\u000d\u000a      \"USDCaprazKur\": 4.6762,\u000d\u000a      \"KurTuru\": \"08\",\u000d\u000a      \"Desc\": null\u000d\u000a    },\u000d\u000a    {\u000d\u000a      \"Title\": \"RUB\",\u000d\u000a      \"DovizAlis\": 0.33726,\u000d\u000a      \"DovizSatis\": 0.35504,\u000d\u000a      \"USDCaprazKur\": 93.5303,\u000d\u000a      \"KurTuru\": \"08\",\u000d\u000a      \"Desc\": null\u000d\u000a    },\u000d\u000a    {\u000d\u000a      \"Title\": \"RUB\",\u000d\u000a      \"DovizAlis\": 0.32661,\u000d\u000a      \"DovizSatis\": 0.36575,\u000d\u000a      \"USDCaprazKur\": 93.7663,\u000d\u000a      \"KurTuru\": \"01\",\u000d\u000a      \"Desc\": null\u000d\u000a    },\u000d\u000a    {\u000d\u000a      \"Title\": \"SAR\",\u000d\u000a      \"DovizAlis\": 8.47177,\u000d\u000a      \"DovizSatis\": 8.95232,\u000d\u000a      \"USDCaprazKur\": 3.7164,\u000d\u000a      \"KurTuru\": \"08\",\u000d\u000a      \"Desc\": null\u000d\u000a    },\u000d\u000a    {\u000d\u000a      \"Title\": \"SAR\",\u000d\u000a      \"DovizAlis\": 8.23985,\u000d\u000a      \"DovizSatis\": 9.0403,\u000d\u000a      \"USDCaprazKur\": 3.7541,