zaman,kur,alis,satis
1746652213,USD,37.158,39.858
1746652213,EUR,42.0029,45.0948
1746652213,XAU,3997.769,4291.411
1746652213,KRW,0.0269,0.0286
1746652213,RUB,0.45974,0.49793
1746652213,AED,10.21386,10.89565
1746652213,SAR,10.00175,10.66907
1746652213,CNY,5.18702,5.50895
1746652213,KWD,122.2628,130.4991
1746652213,GBP,49.3712,53.0026
1746652213,AUD,24.0769,25.5785
1746652213,SEK,3.87552,4.12226
1746652213,CAD,27.09,28.7602
1746652213,DKK,5.67914,6.03466
1746652213,NOK,3.60474,3.8509
1746652213,PLN,9.9111,10.5621
1746652213,JPY,26.0727,27.6856
1746652213,CHF,45.462,48.3918
1746652213,ZAR,2.0506,2.1808
1746652213,RON,8.2701,8.8111
1746652213,XAG,38.761,41.626
1746652213,XPT,1165.613,1258.32
1746652213,HKD,4.8306,5.1294
