zaman,kur,alis,satis
1750713252,USD,38.167,40.867
1750713252,EUR,44.1862,47.3284
1750713252,XAU,4107.811,4401.181
1750713252,KRW,0.0278,0.0295
1750713252,RUB,0.48944,0.52006
1750713252,AED,10.47992,11.16301
1750713252,SAR,10.26764,10.93477
1750713252,CNY,5.35748,5.67963
1750713252,KWD,125.7376,134.335
1750713252,GBP,51.564,55.2934
1750713252,AUD,24.8514,26.358
1750713252,SEK,4.00577,4.25502
1750713252,CAD,28.0322,29.7241
1750713252,DKK,5.97481,6.33526
1750713252,NOK,3.80145,4.0609
1750713252,PLN,10.4201,11.0653
1750713252,JPY,26.3245,27.9372
1750713252,CHF,47.3874,50.2676
1750713252,ZAR,2.1522,2.2843
1750713252,RON,8.8253,9.3723
1750713252,XAG,44.227,47.423
1750713252,XPT,1587.482,1709.032
1750713252,HKD,4.9047,5.198
1750714212,USD,38.186,40.886
1750714212,EUR,44.2041,47.346
1750714212,XAU,4107.811,4401.181
1750714212,KRW,0.0278,0.0295
1750714212,RUB,0.48944,0.52006
1750714212,AED,10.47992,11.16301
1750714212,SAR,10.27044,10.9421
1750714212,CNY,5.35748,5.67963
1750714212,KWD,125.7988,134.3964
1750714212,GBP,51.6122,55.2983
1750714212,AUD,24.8747,26.377
1750714212,SEK,4.0078,4.25729
1750714212,CAD,28.0438,29.7356
1750714212,DKK,5.97772,6.33689
1750714212,NOK,3.80116,4.06248
1750714212,PLN,10.424,11.0698
1750714212,JPY,26.3518,27.9405
1750714212,CHF,47.3464,50.2846
1750714212,ZAR,2.1508,2.2866
1750714212,RON,8.8282,9.3723
1750714212,XAG,44.227,47.423
1750714212,XPT,1588.262,1709.817
1750714212,HKD,4.9071,5.2005
1750714692,USD,38.186,40.886
1750714692,EUR,44.2077,47.3458
1750714692,XAU,4107.811,4401.181
1750714692,KRW,0.0278,0.0295
1750714692,RUB,0.48944,0.52006
1750714692,AED,10.47992,11.16301
1750714692,SAR,10.27039,10.94205
1750714692,CNY,5.35748,5.67963
1750714692,KWD,125.7981,134.3957
1750714692,GBP,51.6425,55.3144
1750714692,AUD,24.8714,26.3734
1750714692,SEK,4.00624,4.25665
1750714692,CAD,28.0437,29.7333
1750714692,DKK,5.97769,6.33676
1750714692,NOK,3.80828,4.05798
1750714692,PLN,10.4231,11.0655
1750714692,JPY,26.3444,27.9327
1750714692,CHF,47.3752,50.2967
1750714692,ZAR,2.1504,2.2866
1750714692,RON,8.8284,9.3722
1750714692,XAG,44.227,47.423
1750714692,XPT,1588.253,1709.808
1750714692,HKD,4.907,5.2004
