{"GetCurrencyRatesResult":"{\u000d\u000a  \"cur\": [\u000d\u000a    {\u000d\u000a      \"Title\": \"AED\",\u000d\u000a      \"DovizAlis\": 9.49337,\u000d\u000a      \"DovizSatis\": 9.98475,\u000d\u000a      \"USDCaprazKur\": 3.6393,\u000d\u000a      \"KurTuru\": \"08\",\u000d\u000a      \"Desc\": null,\u000d\u000a      \"Parite\": \"D\"\u000d\u000a    },\u000d\u000a    {\u000d\u000a      \"Title\": \"AED\",\u000d\u000a      \"DovizAlis\": 9.3382,\u000d\u000a      \"DovizSatis\": 9.99292,\u000d\u000a      \"USDCaprazKur\": 3.6641,\u000d\u000a      \"KurTuru\": \"01\",\u000d\u000a      \"Desc\": null,\u000d\u000a      \"Parite\": \"T\"\u000d\u000a    },\u000d\u000a    {\u000d\u000a      \"Title\": \"AUD\",\u000d\u000a      \"DovizAlis\": 21.2831,\u000d\u000a      \"DovizSatis\": 22.7751,\u000d\u000a      \"USDCaprazKur\": 1.6077,\u000d\u000a      \"KurTuru\": \"01\",\u000d\u000a      \"Desc\": null,\u000d\u000a      \"Parite\": \"T\"\u000d\u000a    },\u000d\u000a    {\u000d\u000a      \"Title\": \"AUD\",\u000d\u000a      \"DovizAlis\": 21.4693,\u000d\u000a      \"DovizSatis\": 22.5889,\u000d\u000a      \"USDCaprazKur\": 1.6089,\u000d\u000a      \"KurTuru\": \"08\",\u000d\u000a      \"Desc\": null,\u000d\u000a      \"Parite\": \"D\"\u000d\u000a    },\u000d\u000a    {\u000d\u000a      \"Title\": \"CAD\",\u000d\u000a      \"DovizAlis\": 23.9155,\u000d\u000a      \"DovizSatis\": 25.5906,\u000d\u000a      \"USDCaprazKur\": 1.4307,\u000d\u000a      \"KurTuru\": \"01\",\u000d\u000a      \"Desc\": null,\u000d\u000a      \"Parite\": \"T\"\u000d\u000a    },\u000d\u000a    {\u000d\u000a      \"Title\": \"CAD\",\u000d\u000a      \"DovizAlis\": 24.1247,\u000d\u000a      \"DovizSatis\": 25.3814,\u000d\u000a      \"USDCaprazKur\": 1.4319,\u000d\u000a      \"KurTuru\": \"08\",\u000d\u000a      \"Desc\": null,\u000d\u000a      \"Parite\": \"D\"\u000d\u000a    },\u000d\u000a    {\u000d\u000a      \"Title\": \"CHF\",\u000d\u000a      \"DovizAlis\": 37.8025,\u000d\u000a      \"DovizSatis\": 39.8914,\u000d\u000a      \"USDCaprazKur\": 0.9114,\u000d\u000a      \"KurTuru\": \"01\",\u000d\u000a      \"Desc\": null,\u000d\u000a      \"Parite\": \"T\"\u000d\u000a    },\u000d\u000a    {\u000d\u000a      \"Title\": \"CHF\",\u000d\u000a      \"DovizAlis\": 38.1646,\u000d\u000a      \"DovizSatis\": 39.5951,\u000d\u000a      \"USDCaprazKur\": 1.0972,\u000d\u000a      \"KurTuru\": \"08\",\u000d\u000a      \"Desc\": null,\u000d\u000a      \"Parite\": \"T\"\u000d\u000a    },\u000d\u000a    {\u000d\u000a      \"Title\": \"CNY\",\u000d\u000a      \"DovizAlis\": 4.63754,\u000d\u000a      \"DovizSatis\": 5.04678,\u000d\u000a      \"USDCaprazKur\": 7.317,\u000d\u000a      \"KurTuru\": \"01\",\u000d\u000a      \"Desc\": null,\u000d\u000a      \"Parite\": \"T\"\u000d\u000a    },\u000d\u000a    {\u000d\u000a      \"Title\": \"CNY\",\u000d\u000a      \"DovizAlis\": 4.7262,\u000d\u000a      \"DovizSatis\": 4.95813,\u000d\u000a      \"USDCaprazKur\": 7.3194,\u000d\u000a      \"KurTuru\": \"08\",\u000d\u000a      \"Desc\": null,\u000d\u000a      \"Parite\": \"D\"\u000d\u000a    },\u000d\u000a    {\u000d\u000a      \"Title\": \"DKK\",\u000d\u000a      \"DovizAlis\": 4.73843,\u000d\u000a      \"DovizSatis\": 5.07046,\u000d\u000a      \"USDCaprazKur\": 7.2211,\u000d\u000a      \"KurTuru\": \"01\",\u000d\u000a      \"Desc\": null,\u000d\u000a      \"Parite\": \"T\"\u000d\u000a    },\u000d\u000a    {\u000d\u000a      \"Title\": \"DKK\",\u000d\u000a      \"DovizAlis\": 4.77988,\u000d\u000a      \"DovizSatis\": 5.02901,\u000d\u000a      \"USDCaprazKur\": 7.2268,\u000d\u000a      \"KurTuru\": \"08\",\u000d\u000a      \"Desc\": null,\u000d\u000a      \"Parite\": \"D\"\u000d\u000a    },\u000d\u000a    {\u000d\u000a      \"Title\": \"EUR\",\u000d\u000a      \"DovizAlis\": 35.5148,\u000d\u000a      \"DovizSatis\": 37.4768,\u000d\u000a      \"USDCaprazKur\": 1.0307,\u000d\u000a      \"KurTuru\": \"01\",\u000d\u000a      \"Desc\": null,\u000d\u000a      \"Parite\": \"D\"\u000d\u000a    },\u000d\u000a    {\u000d\u000a      \"Title\": \"EUR\",\u000d\u000a      \"DovizAlis\": 35.8684,\u000d\u000a      \"DovizSatis\": 37.2119,\u000d\u000a      \"USDCaprazKur\": 1.0311,\u000d\u000a      \"KurTuru\": \"08\",\u000d\u000a      \"Desc\": null,\u000d\u000a      \"Parite\": \"T\"\u000d\u000a    },\u000d\u000a    {\u000d\u000a      \"Title\": \"GBP\",\u000d\u000a      \"DovizAlis\": 42.1616,\u000d\u000a      \"DovizSatis\": 44.4901,\u000d\u000a      \"USDCaprazKur\": 1.2237,\u000d\u000a      \"KurTuru\": \"01\",\u000d\u000a      \"Desc\": null,\u000d\u000a      \"Parite\": \"D\"\u000d\u000a    },\u000d\u000a    {\u000d\u000a      \"Title\": \"GBP\",\u000d\u000a      \"DovizAlis\": 42.5654,\u000d\u000a      \"DovizSatis\": 44.1597,\u000d\u000a      \"USDCaprazKur\": 1.2237,\u000d\u000a      \"KurTuru\": \"08\",\u000d\u000a      \"Desc\": null,\u000d\u000a      \"Parite\": \"T\"\u000d\u000a    },\u000d\u000a    {\u000d\u000a      \"Title\": \"JPY\",\u000d\u000a      \"DovizAlis\": 21.8623,\u000d\u000a      \"DovizSatis\": 23.395,\u000d\u000a      \"USDCaprazKur\": 156.5071,\u000d\u000a      \"KurTuru\": \"01\",\u000d\u000a      \"Desc\": null,\u000d\u000a      \"Parite\": \"T\"\u000d\u000a    },\u000d\u000a    {\u000d\u000a      \"Title\": \"JPY\",\u000d\u000a      \"DovizAlis\": 22.0535,\u000d\u000a      \"DovizSatis\": 23.2037,\u000d\u000a      \"USDCaprazKur\": 156.6309,\u000d\u000a      \"KurTuru\": \"08\",\u000d\u000a      \"Desc\": null,\u000d\u000a      \"Parite\": \"D\"\u000d\u000a    },\u000d\u000a    {\u000d\u000a      \"Title\": \"KWD\",\u000d\u000a      \"DovizAlis\": 112.986,\u000d\u000a      \"DovizSatis\": 118.8951,\u000d\u000a      \"USDCaprazKur\": 3.2713,\u000d\u000a      \"KurTuru\": \"08\",\u000d\u000a      \"Desc\": null,\u000d\u000a      \"Parite\": \"T\"\u000d\u000a    },\u000d\u000a    {\u000d\u000a      \"Title\": \"KWD\",\u000d\u000a      \"DovizAlis\": 110.1672,\u000d\u000a      \"DovizSatis\": 119.965,\u000d\u000a      \"USDCaprazKur\": 3.2484,\u000d\u000a      \"KurTuru\": \"01\",\u000d\u000a      \"Desc\": null,\u000d\u000a      \"Parite\": \"D\"\u000d\u000a    },\u000d\u000a    {\u000d\u000a      \"Title\": \"NOK\",\u000d\u000a      \"DovizAlis\": 3.0205,\u000d\u000a      \"DovizSatis\": 3.23277,\u000d\u000a      \"USDCaprazKur\": 11.3271,\u000d\u000a      \"KurTuru\": \"01\",\u000d\u000a      \"Desc\": null,\u000d\u000a      \"Parite\": \"T\"\u000d\u000a    },\u000d\u000a    {\u000d\u000a      \"Title\": \"NOK\",\u000d\u000a      \"DovizAlis\": 3.04692,\u000d\u000a      \"DovizSatis\": 3.20635,\u000d\u000a      \"USDCaprazKur\": 11.336,\u000d\u000a      \"KurTuru\": \"08\",\u000d\u000a      \"Desc\": null,\u000d\u000a      \"Parite\": \"D\"\u000d\u000a    },\u000d\u000a    {\u000d\u000a      \"Title\": \"PLN\",\u000d\u000a      \"DovizAlis\": 8.2925,\u000d\u000a      \"DovizSatis\": 8.8753,\u000d\u000a      \"USDCaprazKur\": 4.1258,\u000d\u000a      \"KurTuru\": \"01\",\u000d\u000a      \"Desc\": null,\u000d\u000a      \"Parite\": \"T\"\u000d\u000a    },\u000d\u000a    {\u000d\u000a      \"Title\": \"PLN\",\u000d\u000a      \"DovizAlis\": 8.365,\u000d\u000a      \"DovizSatis\": 8.8027,\u000d\u000a      \"USDCaprazKur\": 4.1291,\u000d\u000a      \"KurTuru\": \"08\",\u000d\u000a      \"Desc\": null,\u000d\u000a      \"Parite\": \"D\"\u000d\u000a    },\u000d\u000a    {\u000d\u000a      \"Title\": \"RON\",\u000d\u000a      \"DovizAlis\": 7.1026,\u000d\u000a      \"DovizSatis\": 7.6068,\u000d\u000a      \"USDCaprazKur\": 4.8154,\u000d\u000a      \"KurTuru\": \"01\",\u000d\u000a      \"Desc\": null,\u000d\u000a      \"Parite\": \"T\"\u000d\u000a    },\u000d\u000a    {\u000d\u000a      \"Title\": \"RON\",\u000d\u000a      \"DovizAlis\": 7.1647,\u000d\u000a      \"DovizSatis\": 7.5446,\u000d\u000a      \"USDCaprazKur\": 4.8192,\u000d\u000a      \"KurTuru\": \"08\",\u000d\u000a      \"Desc\": null,\u000d\u000a      \"Parite\": \"D\"\u000d\u000a    },\u000d\u000a    {\u000d\u000a      \"Title\": 