{"GetCurrencyRatesResult":"{\u000d\u000a  \"cur\": [\u000d\u000a    {\u000d\u000a      \"Title\": \"AED\",\u000d\u000a      \"DovizAlis\": 8.65229,\u000d\u000a      \"DovizSatis\": 9.14315,\u000d\u000a      \"USDCaprazKur\": 3.6384,\u000d\u000a      \"KurTuru\": \"08\",\u000d\u000a      \"Desc\": null\u000d\u000a    },\u000d\u000a    {\u000d\u000a      \"Title\": \"AED\",\u000d\u000a      \"DovizAlis\": 8.49709,\u000d\u000a      \"DovizSatis\": 9.15132,\u000d\u000a      \"USDCaprazKur\": 3.6735,\u000d\u000a      \"KurTuru\": \"01\",\u000d\u000a      \"Desc\": null\u000d\u000a    },\u000d\u000a    {\u000d\u000a      \"Title\": \"AUD\",\u000d\u000a      \"DovizAlis\": 20.590699999999998,\u000d\u000a      \"DovizSatis\": 21.8882,\u000d\u000a      \"USDCaprazKur\": 1.5258,\u000d\u000a      \"KurTuru\": \"01\",\u000d\u000a      \"Desc\": null\u000d\u000a    },\u000d\u000a    {\u000d\u000a      \"Title\": \"AUD\",\u000d\u000a      \"DovizAlis\": 20.6062,\u000d\u000a      \"DovizSatis\": 21.7743,\u000d\u000a      \"USDCaprazKur\": 1.5277,\u000d\u000a      \"KurTuru\": \"08\",\u000d\u000a      \"Desc\": null\u000d\u000a    },\u000d\u000a    {\u000d\u000a      \"Title\": \"CAD\",\u000d\u000a      \"DovizAlis\": 23.1488,\u000d\u000a      \"DovizSatis\": 24.6062,\u000d\u000a      \"USDCaprazKur\": 1.3572,\u000d\u000a      \"KurTuru\": \"01\",\u000d\u000a      \"Desc\": null\u000d\u000a    },\u000d\u000a    {\u000d\u000a      \"Title\": \"CAD\",\u000d\u000a      \"DovizAlis\": 23.1662,\u000d\u000a      \"DovizSatis\": 24.4781,\u000d\u000a      \"USDCaprazKur\": 1.3589,\u000d\u000a      \"KurTuru\": \"08\",\u000d\u000a      \"Desc\": null\u000d\u000a    },\u000d\u000a    {\u000d\u000a      \"Title\": \"CHF\",\u000d\u000a      \"DovizAlis\": 34.4162,\u000d\u000a      \"DovizSatis\": 36.495,\u000d\u000a      \"USDCaprazKur\": 0.914,\u000d\u000a      \"KurTuru\": \"01\",\u000d\u000a      \"Desc\": null\u000d\u000a    },\u000d\u000a    {\u000d\u000a      \"Title\": \"CHF\",\u000d\u000a      \"DovizAlis\": 34.4884,\u000d\u000a      \"DovizSatis\": 36.3484,\u000d\u000a      \"USDCaprazKur\": 1.0941,\u000d\u000a      \"KurTuru\": \"08\",\u000d\u000a      \"Desc\": null\u000d\u000a    },\u000d\u000a    {\u000d\u000a      \"Title\": \"CNY\",\u000d\u000a      \"DovizAlis\": 4.26955,\u000d\u000a      \"DovizSatis\": 4.68417,\u000d\u000a      \"USDCaprazKur\": 7.2443,\u000d\u000a      \"KurTuru\": \"01\",\u000d\u000a      \"Desc\": null\u000d\u000a    },\u000d\u000a    {\u000d\u000a      \"Title\": \"CNY\",\u000d\u000a      \"DovizAlis\": 4.37316,\u000d\u000a      \"DovizSatis\": 4.58056,\u000d\u000a      \"USDCaprazKur\": 7.2304,\u000d\u000a      \"KurTuru\": \"08\",\u000d\u000a      \"Desc\": null\u000d\u000a    },\u000d\u000a    {\u000d\u000a      \"Title\": \"DKK\",\u000d\u000a      \"DovizAlis\": 4.52107,\u000d\u000a      \"DovizSatis\": 4.86386,\u000d\u000a      \"USDCaprazKur\": 6.9078,\u000d\u000a      \"KurTuru\": \"01\",\u000d\u000a      \"Desc\": null\u000d\u000a    },\u000d\u000a    {\u000d\u000a      \"Title\": \"DKK\",\u000d\u000a      \"DovizAlis\": 4.54162,\u000d\u000a      \"DovizSatis\": 4.79879,\u000d\u000a      \"USDCaprazKur\": 6.9318,\u000d\u000a      \"KurTuru\": \"08\",\u000d\u000a      \"Desc\": null\u000d\u000a    },\u000d\u000a    {\u000d\u000a      \"Title\": \"EUR\",\u000d\u000a      \"DovizAlis\": 33.4853,\u000d\u000a      \"DovizSatis\": 35.5112,\u000d\u000a      \"USDCaprazKur\": 1.0646,\u000d\u000a      \"KurTuru\": \"01\",\u000d\u000a      \"Desc\": null\u000d\u000a    },\u000d\u000a    {\u000d\u000a      \"Title\": \"EUR\",\u000d\u000a      \"DovizAlis\": 33.5556,\u000d\u000a      \"DovizSatis\": 35.3686,\u000d\u000a      \"USDCaprazKur\": 1.0646,\u000d\u000a      \"KurTuru\": \"08\",\u000d\u000a      \"Desc\": null\u000d\u000a    },\u000d\u000a    {\u000d\u000a      \"Title\": \"GBP\",\u000d\u000a      \"DovizAlis\": 39.2544,\u000d\u000a      \"DovizSatis\": 41.6288,\u000d\u000a      \"USDCaprazKur\": 1.248,\u000d\u000a      \"KurTuru\": \"01\",\u000d\u000a      \"Desc\": null\u000d\u000a    },\u000d\u000a    {\u000d\u000a      \"Title\": \"GBP\",\u000d\u000a      \"DovizAlis\": 39.3368,\u000d\u000a      \"DovizSatis\": 41.4616,\u000d\u000a      \"USDCaprazKur\": 1.248,\u000d\u000a      \"KurTuru\": \"08\",\u000d\u000a      \"Desc\": null\u000d\u000a    },\u000d\u000a    {\u000d\u000a      \"Title\": \"JPY\",\u000d\u000a      \"DovizAlis\": 20.6053,\u000d\u000a      \"DovizSatis\": 21.9024,\u000d\u000a      \"USDCaprazKur\": 152.4768,\u000d\u000a      \"KurTuru\": \"01\",\u000d\u000a      \"Desc\": null\u000d\u000a    },\u000d\u000a    {\u000d\u000a      \"Title\": \"JPY\",\u000d\u000a      \"DovizAlis\": 20.6209,\u000d\u000a      \"DovizSatis\": 21.7884,\u000d\u000a      \"USDCaprazKur\": 152.67,\u000d\u000a      \"KurTuru\": \"08\",\u000d\u000a      \"Desc\": null\u000d\u000a    },\u000d\u000a    {\u000d\u000a      \"Title\": \"KWD\",\u000d\u000a      \"DovizAlis\": 103.1132,\u000d\u000a      \"DovizSatis\": 108.9895,\u000d\u000a      \"USDCaprazKur\": 3.2759,\u000d\u000a      \"KurTuru\": \"08\",\u000d\u000a      \"Desc\": null\u000d\u000a    },\u000d\u000a    {\u000d\u000a      \"Title\": \"KWD\",\u000d\u000a      \"DovizAlis\": 100.2901,\u000d\u000a      \"DovizSatis\": 110.0607,\u000d\u000a      \"USDCaprazKur\": 3.2439,\u000d\u000a      \"KurTuru\": \"01\",\u000d\u000a      \"Desc\": null\u000d\u000a    },\u000d\u000a    {\u000d\u000a      \"Title\": \"NOK\",\u000d\u000a      \"DovizAlis\": 2.89665,\u000d\u000a      \"DovizSatis\": 3.11678,\u000d\u000a      \"USDCaprazKur\": 10.7808,\u000d\u000a      \"KurTuru\": \"01\",\u000d\u000a      \"Desc\": null\u000d\u000a    },\u000d\u000a    {\u000d\u000a      \"Title\": \"NOK\",\u000d\u000a      \"DovizAlis\": 2.90981,\u000d\u000a      \"DovizSatis\": 3.07509,\u000d\u000a      \"USDCaprazKur\": 10.8183,\u000d\u000a      \"KurTuru\": \"08\",\u000d\u000a      \"Desc\": null\u000d\u000a    },\u000d\u000a    {\u000d\u000a      \"Title\": \"PLN\",\u000d\u000a      \"DovizAlis\": 7.7337,\u000d\u000a      \"DovizSatis\": 8.3314,\u000d\u000a      \"USDCaprazKur\": 4.0355,\u000d\u000a      \"KurTuru\": \"01\",\u000d\u000a      \"Desc\": null\u000d\u000a    },\u000d\u000a    {\u000d\u000a      \"Title\": \"PLN\",\u000d\u000a      \"DovizAlis\": 7.8638,\u000d\u000a      \"DovizSatis\": 8.2013,\u000d\u000a      \"USDCaprazKur\": 4.0297,\u000d\u000a      \"KurTuru\": \"08\",\u000d\u000a      \"Desc\": null\u000d\u000a    },\u000d\u000a    {\u000d\u000a      \"Title\": \"RON\",\u000d\u000a      \"DovizAlis\": 6.6737,\u000d\u000a      \"DovizSatis\": 7.1945,\u000d\u000a      \"USDCaprazKur\": 4.6749,\u000d\u000a      \"KurTuru\": \"01\",\u000d\u000a      \"Desc\": null\u000d\u000a    },\u000d\u000a    {\u000d\u000a      \"Title\": \"RON\",\u000d\u000a      \"DovizAlis\": 6.786,\u000d\u000a      \"DovizSatis\": 7.0821,\u000d\u000a      \"USDCaprazKur\": 4.6681,\u000d\u000a      \"KurTuru\": \"08\",\u000d\u000a      \"Desc\": null\u000d\u000a    },\u000d\u000a    {\u000d\u000a      \"Title\": \"RUB\",\u000d\u000a      \"DovizAlis\": 0.3376,\u000d\u000a      \"DovizSatis\": 0.35519,\u000d\u000a      \"USDCaprazKur\": 93.4519,\u000d\u000a      \"KurTuru\": \"08\",\u000d\u000a      \"Desc\": null\u000d\u000a    },\u000d\u000a    {\u000d\u000a      \"Title\": \"RUB\",\u000d\u000a      \"DovizAlis\": 0.32693,\u000d\u000a      \"DovizSatis\": 0.3659,\u000d\u000a      \"USDCaprazKur\": 93.6889,\u000d\u000a      \"KurTuru\": \"01\",\u000d\u000a      \"Desc\": null\u000d\u000a    },\u000d\u000a    {\u000d\u000a      \"Title\": \"SAR\",\u000d\u000a      \"DovizAlis\": 8.47077,\u000d\u000a      \"DovizSatis\": 8.95132,\u000d\u000a      \"USDCaprazKur\": 3.7163,\u000d\u000a      \"KurTuru\": \"08\",\u000d\u000a      \"Desc\": null\u000d\u000a    },\u000d\u000a    {\u000d\u000a      \"Title\": \"SAR\",\u000d\u000a      \"DovizAlis\": 8.23885,\u000d\u000a      \"DovizSatis\": 9.0393,\u000d\u000a      