zaman,kur,alis,satis
1752182292,USD,38.682,41.382
1752182292,EUR,45.2469,48.4257
1752182292,XAU,4104.045,4392.597
1752182292,KRW,0.0283,0.03
1752182292,RUB,0.50111,0.58528
1752182292,AED,10.60637,11.2894
1752182292,SAR,10.40993,11.0774
1752182292,CNY,5.42404,5.74484
1752182292,KWD,127.5064,136.1155
1752182292,GBP,52.5192,56.2098
1752182292,AUD,25.6795,27.2201
1752182292,SEK,4.09821,4.35122
1752182292,CAD,28.5424,30.2492
1752182292,DKK,6.11655,6.48025
1752182292,NOK,3.86235,4.10461
1752182292,PLN,10.7238,11.3747
1752182292,JPY,26.6768,28.2648
1752182292,CHF,48.9247,51.8933
1752182292,ZAR,2.1968,2.3318
1752182292,RON,8.9811,9.5305
1752182292,XAG,45.897,49.206
1752182292,XPT,1690.669,1828.501
1752182292,HKD,4.9704,5.2641
