{"GetCurrencyRatesResult":"{\u000d\u000a  \"cur\": [\u000d\u000a    {\u000d\u000a      \"Title\": \"AED\",\u000d\u000a      \"DovizAlis\": 8.59508,\u000d\u000a      \"DovizSatis\": 9.08563,\u000d\u000a      \"USDCaprazKur\": 3.6388,\u000d\u000a      \"KurTuru\": \"08\",\u000d\u000a      \"Desc\": null\u000d\u000a    },\u000d\u000a    {\u000d\u000a      \"Title\": \"AED\",\u000d\u000a      \"DovizAlis\": 8.43994,\u000d\u000a      \"DovizSatis\": 9.09384,\u000d\u000a      \"USDCaprazKur\": 3.6697,\u000d\u000a      \"KurTuru\": \"01\",\u000d\u000a      \"Desc\": null\u000d\u000a    },\u000d\u000a    {\u000d\u000a      \"Title\": \"AUD\",\u000d\u000a      \"DovizAlis\": 20.6865,\u000d\u000a      \"DovizSatis\": 22.2909,\u000d\u000a      \"USDCaprazKur\": 1.4972,\u000d\u000a      \"KurTuru\": \"01\",\u000d\u000a      \"Desc\": null\u000d\u000a    },\u000d\u000a    {\u000d\u000a      \"Title\": \"AUD\",\u000d\u000a      \"DovizAlis\": 20.8824,\u000d\u000a      \"DovizSatis\": 22.0862,\u000d\u000a      \"USDCaprazKur\": 1.4973,\u000d\u000a      \"KurTuru\": \"08\",\u000d\u000a      \"Desc\": null\u000d\u000a    },\u000d\u000a    {\u000d\u000a      \"Title\": \"CAD\",\u000d\u000a      \"DovizAlis\": 22.7629,\u000d\u000a      \"DovizSatis\": 24.5269,\u000d\u000a      \"USDCaprazKur\": 1.3606,\u000d\u000a      \"KurTuru\": \"01\",\u000d\u000a      \"Desc\": null\u000d\u000a    },\u000d\u000a    {\u000d\u000a      \"Title\": \"CAD\",\u000d\u000a      \"DovizAlis\": 22.983,\u000d\u000a      \"DovizSatis\": 24.3065,\u000d\u000a      \"USDCaprazKur\": 1.3605,\u000d\u000a      \"KurTuru\": \"08\",\u000d\u000a      \"Desc\": null\u000d\u000a    },\u000d\u000a    {\u000d\u000a      \"Title\": \"CHF\",\u000d\u000a      \"DovizAlis\": 34.3488,\u000d\u000a      \"DovizSatis\": 36.4437,\u000d\u000a      \"USDCaprazKur\": 0.9087,\u000d\u000a      \"KurTuru\": \"01\",\u000d\u000a      \"Desc\": null\u000d\u000a    },\u000d\u000a    {\u000d\u000a      \"Title\": \"CHF\",\u000d\u000a      \"DovizAlis\": 34.4479,\u000d\u000a      \"DovizSatis\": 36.3219,\u000d\u000a      \"USDCaprazKur\": 1.1,\u000d\u000a      \"KurTuru\": \"08\",\u000d\u000a      \"Desc\": null\u000d\u000a    },\u000d\u000a    {\u000d\u000a      \"Title\": \"CNY\",\u000d\u000a      \"DovizAlis\": 4.24366,\u000d\u000a      \"DovizSatis\": 4.65911,\u000d\u000a      \"USDCaprazKur\": 7.2312,\u000d\u000a      \"KurTuru\": \"01\",\u000d\u000a      \"Desc\": null\u000d\u000a    },\u000d\u000a    {\u000d\u000a      \"Title\": \"CNY\",\u000d\u000a      \"DovizAlis\": 4.33349,\u000d\u000a      \"DovizSatis\": 4.5691,\u000d\u000a      \"USDCaprazKur\": 7.2264,\u000d\u000a      \"KurTuru\": \"08\",\u000d\u000a      \"Desc\": null\u000d\u000a    },\u000d\u000a    {\u000d\u000a      \"Title\": \"DKK\",\u000d\u000a      \"DovizAlis\": 4.51504,\u000d\u000a      \"DovizSatis\": 4.86487,\u000d\u000a      \"USDCaprazKur\": 6.8598,\u000d\u000a      \"KurTuru\": \"01\",\u000d\u000a      \"Desc\": null\u000d\u000a    },\u000d\u000a    {\u000d\u000a      \"Title\": \"DKK\",\u000d\u000a      \"DovizAlis\": 4.55799,\u000d\u000a      \"DovizSatis\": 4.82045,\u000d\u000a      \"USDCaprazKur\": 6.8601,\u000d\u000a      \"KurTuru\": \"08\",\u000d\u000a      \"Desc\": null\u000d\u000a    },\u000d\u000a    {\u000d\u000a      \"Title\": \"EUR\",\u000d\u000a      \"DovizAlis\": 33.9189,\u000d\u000a      \"DovizSatis\": 35.9836,\u000d\u000a      \"USDCaprazKur\": 1.0867,\u000d\u000a      \"KurTuru\": \"01\",\u000d\u000a      \"Desc\": null\u000d\u000a    },\u000d\u000a    {\u000d\u000a      \"Title\": \"EUR\",\u000d\u000a      \"DovizAlis\": 34.0255,\u000d\u000a      \"DovizSatis\": 35.8725,\u000d\u000a      \"USDCaprazKur\": 1.0865,\u000d\u000a      \"KurTuru\": \"08\",\u000d\u000a      \"Desc\": null\u000d\u000a    },\u000d\u000a    {\u000d\u000a      \"Title\": \"GBP\",\u000d\u000a      \"DovizAlis\": 39.6558,\u000d\u000a      \"DovizSatis\": 42.0731,\u000d\u000a      \"USDCaprazKur\": 1.2705,\u000d\u000a      \"KurTuru\": \"01\",\u000d\u000a      \"Desc\": null\u000d\u000a    },\u000d\u000a    {\u000d\u000a      \"Title\": \"GBP\",\u000d\u000a      \"DovizAlis\": 39.7815,\u000d\u000a      \"DovizSatis\": 41.9443,\u000d\u000a      \"USDCaprazKur\": 1.2703,\u000d\u000a      \"KurTuru\": \"08\",\u000d\u000a      \"Desc\": null\u000d\u000a    },\u000d\u000a    {\u000d\u000a      \"Title\": \"JPY\",\u000d\u000a      \"DovizAlis\": 19.8583,\u000d\u000a      \"DovizSatis\": 21.397,\u000d\u000a      \"USDCaprazKur\": 155.967,\u000d\u000a      \"KurTuru\": \"01\",\u000d\u000a      \"Desc\": null\u000d\u000a    },\u000d\u000a    {\u000d\u000a      \"Title\": \"JPY\",\u000d\u000a      \"DovizAlis\": 20.0491,\u000d\u000a      \"DovizSatis\": 21.2034,\u000d\u000a      \"USDCaprazKur\": 155.9586,\u000d\u000a      \"KurTuru\": \"08\",\u000d\u000a      \"Desc\": null\u000d\u000a    },\u000d\u000a    {\u000d\u000a      \"Title\": \"KWD\",\u000d\u000a      \"DovizAlis\": 102.6987,\u000d\u000a      \"DovizSatis\": 108.9083,\u000d\u000a      \"USDCaprazKur\": 3.2889,\u000d\u000a      \"KurTuru\": \"08\",\u000d\u000a      \"Desc\": null\u000d\u000a    },\u000d\u000a    {\u000d\u000a      \"Title\": \"KWD\",\u000d\u000a      \"DovizAlis\": 99.8691,\u000d\u000a      \"DovizSatis\": 109.9858,\u000d\u000a      \"USDCaprazKur\": 3.2606,\u000d\u000a      \"KurTuru\": \"01\",\u000d\u000a      \"Desc\": null\u000d\u000a    },\u000d\u000a    {\u000d\u000a      \"Title\": \"NOK\",\u000d\u000a      \"DovizAlis\": 2.90196,\u000d\u000a      \"DovizSatis\": 3.12738,\u000d\u000a      \"USDCaprazKur\": 10.672,\u000d\u000a      \"KurTuru\": \"01\",\u000d\u000a      \"Desc\": null\u000d\u000a    },\u000d\u000a    {\u000d\u000a      \"Title\": \"NOK\",\u000d\u000a      \"DovizAlis\": 2.92951,\u000d\u000a      \"DovizSatis\": 3.09878,\u000d\u000a      \"USDCaprazKur\": 10.6725,\u000d\u000a      \"KurTuru\": \"08\",\u000d\u000a      \"Desc\": null\u000d\u000a    },\u000d\u000a    {\u000d\u000a      \"Title\": \"PLN\",\u000d\u000a      \"DovizAlis\": 7.9211,\u000d\u000a      \"DovizSatis\": 8.5376,\u000d\u000a      \"USDCaprazKur\": 3.9095,\u000d\u000a      \"KurTuru\": \"01\",\u000d\u000a      \"Desc\": null\u000d\u000a    },\u000d\u000a    {\u000d\u000a      \"Title\": \"PLN\",\u000d\u000a      \"DovizAlis\": 7.9959,\u000d\u000a      \"DovizSatis\": 8.4585,\u000d\u000a      \"USDCaprazKur\": 3.91,\u000d\u000a      \"KurTuru\": \"08\",\u000d\u000a      \"Desc\": null\u000d\u000a    },\u000d\u000a    {\u000d\u000a      \"Title\": \"RON\",\u000d\u000a      \"DovizAlis\": 6.768,\u000d\u000a      \"DovizSatis\": 7.2996,\u000d\u000a      \"USDCaprazKur\": 4.5741,\u000d\u000a      \"KurTuru\": \"01\",\u000d\u000a      \"Desc\": null\u000d\u000a    },\u000d\u000a    {\u000d\u000a      \"Title\": \"RON\",\u000d\u000a      \"DovizAlis\": 6.8326,\u000d\u000a      \"DovizSatis\": 7.2327,\u000d\u000a      \"USDCaprazKur\": 4.5742,\u000d\u000a      \"KurTuru\": \"08\",\u000d\u000a      \"Desc\": null\u000d\u000a    },\u000d\u000a    {\u000d\u000a      \"Title\": \"RUB\",\u000d\u000a      \"DovizAlis\": 0.34281,\u000d\u000a      \"DovizSatis\": 0.36497,\u000d\u000a      \"USDCaprazKur\": 90.9094,\u000d\u000a      \"KurTuru\": \"08\",\u000d\u000a      \"Desc\": null\u000d\u000a    },\u000d\u000a    {\u000d\u000a      \"Title\": \"RUB\",\u000d\u000a      \"DovizAlis\": 0.33404,\u000d\u000a      \"DovizSatis\": 0.37378,\u000d\u000a      \"USDCaprazKur\": 91.0152,\u000d\u000a      \"KurTuru\": \"01\",\u000d\u000a      \"Desc\": null\u000d\u000a    },\u000d\u000a    {\u000d\u000a      \"Title\": \"SAR\",\u000d\u000a      \"DovizAlis\": 8.41726,\u000d\u000a      \"DovizSatis\": 8.89788,\u000d\u000a      \"USDCaprazKur\": 3.7156,\u000d\u000a      \"KurTuru\": \"08\",\u000d\u000a      \"Desc\": null\u000d\u000a    },\u000d\u000a    {\u000d\u000a      \"Title\": \"SAR\",\u000d\u000a      \"DovizAlis\": 8.18534,\u000d\u000a      \"DovizSatis\": 8.98591,\u000d\u000a      \"USDCaprazKur\": 3.7491,