zaman,kur,alis,satis
1746047773,USD,37.017,39.717
1746047773,EUR,41.9217,45.0112
1746047773,XAU,3892.586,4180.613
1746047773,KRW,0.0262,0.0278
1746047773,RUB,0.45474,0.48549
1746047773,AED,10.17558,10.85737
1746047773,SAR,9.96373,10.63187
1746047773,CNY,5.13577,5.45434
1746047773,KWD,121.749,130.3168
1746047773,GBP,49.3251,52.9546
1746047773,AUD,23.9007,25.4049
1746047773,SEK,3.85768,4.11477
1746047773,CAD,27.0666,28.7604
1746047773,DKK,5.6678,6.02119
1746047773,NOK,3.58045,3.82582
1746047773,PLN,9.87,10.5261
1746047773,JPY,26.1166,27.7403
1746047773,CHF,45.1438,48.2149
1746047773,ZAR,2.006,2.1345
1746047773,RON,8.4904,9.033
1746047773,XAG,38.778,41.668
1746047773,XPT,1151.439,1241.219
1746047773,HKD,4.8151,5.1139
1746048492,USD,37.018,39.718
1746048492,EUR,41.9268,45.0166
1746048492,XAU,3892.717,4180.745
1746048492,KRW,0.0262,0.0278
1746048492,RUB,0.45476,0.4855
1746048492,AED,10.17592,10.85771
1746048492,SAR,9.96407,10.6322
1746048492,CNY,5.13594,5.45451
1746048492,KWD,121.7531,130.3209
1746048492,GBP,49.3268,52.9523
1746048492,AUD,23.9045,25.4008
1746048492,SEK,3.858,4.11502
1746048492,CAD,27.0675,28.755
1746048492,DKK,5.66885,6.02202
1746048492,NOK,3.58156,3.82465
1746048492,PLN,9.875,10.5198
1746048492,JPY,26.0992,27.7314
1746048492,CHF,45.1671,48.0703
1746048492,ZAR,2.0062,2.1334
1746048492,RON,8.4932,9.0326
1746048492,XAG,38.778,41.668
1746048492,XPT,1151.439,1241.219
1746048492,HKD,4.8155,5.1138
1746049093,USD,37.017,39.717
1746049093,EUR,41.9253,45.0151
1746049093,XAU,3892.575,4180.603
1746049093,KRW,0.0262,0.0278
1746049093,RUB,0.45474,0.48549
1746049093,AED,10.17556,10.85734
1746049093,SAR,9.96371,10.63184
1746049093,CNY,5.13576,5.45432
1746049093,KWD,121.7487,130.3165
1746049093,GBP,49.3287,52.9505
1746049093,AUD,23.9082,25.3999
1746049093,SEK,3.85794,4.11424
1746049093,CAD,27.0666,28.7478
1746049093,DKK,5.66848,6.02099
1746049093,NOK,3.58164,3.82183
1746049093,PLN,9.8799,10.5124
1746049093,JPY,26.1092,27.7266
1746049093,CHF,45.1709,48.0454
1746049093,ZAR,2.003,2.1335
1746049093,RON,8.4904,9.0338
1746049093,XAG,38.789,41.679
1746049093,XPT,1151.439,1241.219
1746049093,HKD,4.8155,5.1137
