zaman,kur,alis,satis
1737234395,AED,9.35813,10.03904
1737234395,AUD,21.2809,22.7088
1737234395,CAD,23.7403,25.3317
1737234395,CHF,37.5381,40.0562
1737234395,CNY,4.68874,5.00313
1737234395,DKK,4.72961,5.04681
1737234395,EUR,34.9477,37.7257
1737234395,GBP,41.3931,44.6863
1737234395,JPY,21.995,23.4709
1737234395,KWD,111.324,119.4983
1737234395,NOK,2.99833,3.20023
1737234395,PLN,8.2803,8.8379
1737234395,RON,7.0857,7.5715
1737234395,RUB,0.33584,0.35694
1737234395,SAR,9.16035,9.8274
1737234395,SEK,3.06791,3.27455
1737234395,USD,34.012,36.712
1737234395,XAG,33.161,35.824
1737234395,XAU,2937.893,3171.816
1737234395,XPT,1027.716,1115.897
1737234395,ZAR,1.8318,1.9554
