zaman,kur,alis,satis
1737320915,AED,9.34461,10.02552
1737320915,AUD,21.2331,22.7104
1737320915,CAD,23.6716,25.3009
1737320915,CHF,37.4675,40.1555
1737320915,CNY,4.68197,4.99635
1737320915,DKK,4.72128,5.05152
1737320915,EUR,34.8797,37.748
1737320915,GBP,41.3021,44.6772
1737320915,JPY,21.9295,23.4376
1737320915,KWD,111.324,119.4983
1737320915,NOK,2.98644,3.21397
1737320915,PLN,8.2803,8.8379
1737320915,RON,7.0733,7.5625
1737320915,RUB,0.33584,0.35694
1737320915,SAR,9.14761,9.81469
1737320915,SEK,3.06058,3.28175
1737320915,USD,33.963,36.663
1737320915,XAG,33.112,35.776
1737320915,XAU,2934.213,3173.473
1737320915,XPT,1028.541,1116.085
1737320915,ZAR,1.8203,1.9586
1737321995,AED,9.34461,10.02552
1737321995,AUD,21.2633,22.7118
1737321995,CAD,23.6716,25.3009
1737321995,CHF,37.4675,40.1511
1737321995,CNY,4.68197,4.99635
1737321995,DKK,4.72115,5.05438
1737321995,EUR,34.8933,37.7406
1737321995,GBP,41.3055,44.6662
1737321995,JPY,21.9309,23.4376
1737321995,KWD,111.1848,119.3219
1737321995,NOK,2.98644,3.21642
1737321995,PLN,8.2552,8.8415
1737321995,RON,7.0733,7.5625
1737321995,RUB,0.33535,0.35646
1737321995,SAR,9.14761,9.81469
1737321995,SEK,3.06052,3.28481
1737321995,USD,33.963,36.663
1737321995,XAG,33.112,35.776
1737321995,XAU,2934.213,3173.473
1737321995,XPT,1028.541,1116.085
1737321995,ZAR,1.8203,1.9586
1737322475,AED,9.34461,10.02552
1737322475,AUD,21.2594,22.7047
1737322475,CAD,23.6716,25.3009
1737322475,CHF,37.4675,40.1555
1737322475,CNY,4.68197,4.99635
1737322475,DKK,4.72226,5.05487
1737322475,EUR,34.9001,37.7516
1737322475,GBP,41.3021,44.6736
1737322475,JPY,21.9309,23.4376
1737322475,KWD,111.1848,119.3219
1737322475,NOK,2.98636,3.21628
1737322475,PLN,8.2552,8.8415
1737322475,RON,7.0733,7.5625
1737322475,RUB,0.33535,0.35646
1737322475,SAR,9.14761,9.81469
1737322475,SEK,3.06123,3.28414
1737322475,USD,33.963,36.663
1737322475,XAG,33.112,35.776
1737322475,XAU,2934.213,3173.473
1737322475,XPT,1028.541,1116.085
1737322475,ZAR,1.8211,1.9587
