{"GetCurrencyRatesResult":"{\u000d\u000a  \"cur\": [\u000d\u000a    {\u000d\u000a      \"Title\": \"AED\",\u000d\u000a      \"DovizAlis\": 8.65204,\u000d\u000a      \"DovizSatis\": 9.14291,\u000d\u000a      \"USDCaprazKur\": 3.6385,\u000d\u000a      \"KurTuru\": \"08\",\u000d\u000a      \"Desc\": null\u000d\u000a    },\u000d\u000a    {\u000d\u000a      \"Title\": \"AED\",\u000d\u000a      \"DovizAlis\": 8.49684,\u000d\u000a      \"DovizSatis\": 9.15108,\u000d\u000a      \"USDCaprazKur\": 3.6736,\u000d\u000a      \"KurTuru\": \"01\",\u000d\u000a      \"Desc\": null\u000d\u000a    },\u000d\u000a    {\u000d\u000a      \"Title\": \"AUD\",\u000d\u000a      \"DovizAlis\": 20.5941,\u000d\u000a      \"DovizSatis\": 21.8919,\u000d\u000a      \"USDCaprazKur\": 1.5255,\u000d\u000a      \"KurTuru\": \"01\",\u000d\u000a      \"Desc\": null\u000d\u000a    },\u000d\u000a    {\u000d\u000a      \"Title\": \"AUD\",\u000d\u000a      \"DovizAlis\": 20.6096,\u000d\u000a      \"DovizSatis\": 21.7779,\u000d\u000a      \"USDCaprazKur\": 1.5275,\u000d\u000a      \"KurTuru\": \"08\",\u000d\u000a      \"Desc\": null\u000d\u000a    },\u000d\u000a    {\u000d\u000a      \"Title\": \"CAD\",\u000d\u000a      \"DovizAlis\": 23.1431,\u000d\u000a      \"DovizSatis\": 24.6001,\u000d\u000a      \"USDCaprazKur\": 1.3576,\u000d\u000a      \"KurTuru\": \"01\",\u000d\u000a      \"Desc\": null\u000d\u000a    },\u000d\u000a    {\u000d\u000a      \"Title\": \"CAD\",\u000d\u000a      \"DovizAlis\": 23.1605,\u000d\u000a      \"DovizSatis\": 24.4721,\u000d\u000a      \"USDCaprazKur\": 1.3593,\u000d\u000a      \"KurTuru\": \"08\",\u000d\u000a      \"Desc\": null\u000d\u000a    },\u000d\u000a    {\u000d\u000a      \"Title\": \"CHF\",\u000d\u000a      \"DovizAlis\": 34.4114,\u000d\u000a      \"DovizSatis\": 36.494,\u000d\u000a      \"USDCaprazKur\": 0.9141,\u000d\u000a      \"KurTuru\": \"01\",\u000d\u000a      \"Desc\": null\u000d\u000a    },\u000d\u000a    {\u000d\u000a      \"Title\": \"CHF\",\u000d\u000a      \"DovizAlis\": 34.4836,\u000d\u000a      \"DovizSatis\": 36.3474,\u000d\u000a      \"USDCaprazKur\": 1.094,\u000d\u000a      \"KurTuru\": \"08\",\u000d\u000a      \"Desc\": null\u000d\u000a    },\u000d\u000a    {\u000d\u000a      \"Title\": \"CNY\",\u000d\u000a      \"DovizAlis\": 4.26942,\u000d\u000a      \"DovizSatis\": 4.68405,\u000d\u000a      \"USDCaprazKur\": 7.2445,\u000d\u000a      \"KurTuru\": \"01\",\u000d\u000a      \"Desc\": null\u000d\u000a    },\u000d\u000a    {\u000d\u000a      \"Title\": \"CNY\",\u000d\u000a      \"DovizAlis\": 4.37303,\u000d\u000a      \"DovizSatis\": 4.58044,\u000d\u000a      \"USDCaprazKur\": 7.2306,\u000d\u000a      \"KurTuru\": \"08\",\u000d\u000a      \"Desc\": null\u000d\u000a    },\u000d\u000a    {\u000d\u000a      \"Title\": \"DKK\",\u000d\u000a      \"DovizAlis\": 4.52127,\u000d\u000a      \"DovizSatis\": 4.86415,\u000d\u000a      \"USDCaprazKur\": 6.9074,\u000d\u000a      \"KurTuru\": \"01\",\u000d\u000a      \"Desc\": null\u000d\u000a    },\u000d\u000a    {\u000d\u000a      \"Title\": \"DKK\",\u000d\u000a      \"DovizAlis\": 4.54182,\u000d\u000a      \"DovizSatis\": 4.79907,\u000d\u000a      \"USDCaprazKur\": 6.9315,\u000d\u000a      \"KurTuru\": \"08\",\u000d\u000a      \"Desc\": null\u000d\u000a    },\u000d\u000a    {\u000d\u000a      \"Title\": \"EUR\",\u000d\u000a      \"DovizAlis\": 33.4875,\u000d\u000a      \"DovizSatis\": 35.5136,\u000d\u000a      \"USDCaprazKur\": 1.0646,\u000d\u000a      \"KurTuru\": \"01\",\u000d\u000a      \"Desc\": null\u000d\u000a    },\u000d\u000a    {\u000d\u000a      \"Title\": \"EUR\",\u000d\u000a      \"DovizAlis\": 33.5578,\u000d\u000a      \"DovizSatis\": 35.3709,\u000d\u000a      \"USDCaprazKur\": 1.0646,\u000d\u000a      \"KurTuru\": \"08\",\u000d\u000a      \"Desc\": null\u000d\u000a    },\u000d\u000a    {\u000d\u000a      \"Title\": \"GBP\",\u000d\u000a      \"DovizAlis\": 39.2565,\u000d\u000a      \"DovizSatis\": 41.631,\u000d\u000a      \"USDCaprazKur\": 1.248,\u000d\u000a      \"KurTuru\": \"01\",\u000d\u000a      \"Desc\": null\u000d\u000a    },\u000d\u000a    {\u000d\u000a      \"Title\": \"GBP\",\u000d\u000a      \"DovizAlis\": 39.3388,\u000d\u000a      \"DovizSatis\": 41.4638,\u000d\u000a      \"USDCaprazKur\": 1.248,\u000d\u000a      \"KurTuru\": \"08\",\u000d\u000a      \"Desc\": null\u000d\u000a    },\u000d\u000a    {\u000d\u000a      \"Title\": \"JPY\",\u000d\u000a      \"DovizAlis\": 20.6128,\u000d\u000a      \"DovizSatis\": 21.9104,\u000d\u000a      \"USDCaprazKur\": 152.4212,\u000d\u000a      \"KurTuru\": \"01\",\u000d\u000a      \"Desc\": null\u000d\u000a    },\u000d\u000a    {\u000d\u000a      \"Title\": \"JPY\",\u000d\u000a      \"DovizAlis\": 20.6283,\u000d\u000a      \"DovizSatis\": 21.7963,\u000d\u000a      \"USDCaprazKur\": 152.6149,\u000d\u000a      \"KurTuru\": \"08\",\u000d\u000a      \"Desc\": null\u000d\u000a    },\u000d\u000a    {\u000d\u000a      \"Title\": \"KWD\",\u000d\u000a      \"DovizAlis\": 103.1103,\u000d\u000a      \"DovizSatis\": 108.9866,\u000d\u000a      \"USDCaprazKur\": 3.2758,\u000d\u000a      \"KurTuru\": \"08\",\u000d\u000a      \"Desc\": null\u000d\u000a    },\u000d\u000a    {\u000d\u000a      \"Title\": \"KWD\",\u000d\u000a      \"DovizAlis\": 100.2872,\u000d\u000a      \"DovizSatis\": 110.0578,\u000d\u000a      \"USDCaprazKur\": 3.2438,\u000d\u000a      \"KurTuru\": \"01\",\u000d\u000a      \"Desc\": null\u000d\u000a    },\u000d\u000a    {\u000d\u000a      \"Title\": \"NOK\",\u000d\u000a      \"DovizAlis\": 2.89717,\u000d\u000a      \"DovizSatis\": 3.11744,\u000d\u000a      \"USDCaprazKur\": 10.7786,\u000d\u000a      \"KurTuru\": \"01\",\u000d\u000a      \"Desc\": null\u000d\u000a    },\u000d\u000a    {\u000d\u000a      \"Title\": \"NOK\",\u000d\u000a      \"DovizAlis\": 2.91034,\u000d\u000a      \"DovizSatis\": 3.07574,\u000d\u000a      \"USDCaprazKur\": 10.8162,\u000d\u000a      \"KurTuru\": \"08\",\u000d\u000a      \"Desc\": null\u000d\u000a    },\u000d\u000a    {\u000d\u000a      \"Title\": \"PLN\",\u000d\u000a      \"DovizAlis\": 7.736,\u000d\u000a      \"DovizSatis\": 8.3341,\u000d\u000a      \"USDCaprazKur\": 4.0343,\u000d\u000a      \"KurTuru\": \"01\",\u000d\u000a      \"Desc\": null\u000d\u000a    },\u000d\u000a    {\u000d\u000a      \"Title\": \"PLN\",\u000d\u000a      \"DovizAlis\": 7.8662,\u000d\u000a      \"DovizSatis\": 8.2039,\u000d\u000a      \"USDCaprazKur\": 4.0284,\u000d\u000a      \"KurTuru\": \"08\",\u000d\u000a      \"Desc\": null\u000d\u000a    },\u000d\u000a    {\u000d\u000a      \"Title\": \"RON\",\u000d\u000a      \"DovizAlis\": 6.6745,\u000d\u000a      \"DovizSatis\": 7.1948,\u000d\u000a      \"USDCaprazKur\": 4.6745,\u000d\u000a      \"KurTuru\": \"01\",\u000d\u000a      \"Desc\": null\u000d\u000a    },\u000d\u000a    {\u000d\u000a      \"Title\": \"RON\",\u000d\u000a      \"DovizAlis\": 6.7868,\u000d\u000a      \"DovizSatis\": 7.0824,\u000d\u000a      \"USDCaprazKur\": 4.6677,\u000d\u000a      \"KurTuru\": \"08\",\u000d\u000a      \"Desc\": null\u000d\u000a    },\u000d\u000a    {\u000d\u000a      \"Title\": \"RUB\",\u000d\u000a      \"DovizAlis\": 0.33759,\u000d\u000a      \"DovizSatis\": 0.35518,\u000d\u000a      \"USDCaprazKur\": 93.4546,\u000d\u000a      \"KurTuru\": \"08\",\u000d\u000a      \"Desc\": null\u000d\u000a    },\u000d\u000a    {\u000d\u000a      \"Title\": \"RUB\",\u000d\u000a      \"DovizAlis\": 0.32692,\u000d\u000a      \"DovizSatis\": 0.36589,\u000d\u000a      \"USDCaprazKur\": 93.6916,\u000d\u000a      \"KurTuru\": \"01\",\u000d\u000a      \"Desc\": null\u000d\u000a    },\u000d\u000a    {\u000d\u000a      \"Title\": \"SAR\",\u000d\u000a      \"DovizAlis\": 8.47053,\u000d\u000a      \"DovizSatis\": 8.95084,\u000d\u000a      \"USDCaprazKur\": 3.7165,\u000d\u000a      \"KurTuru\": \"08\",\u000d\u000a      \"Desc\": null\u000d\u000a    },\u000d\u000a    {\u000d\u000a      \"Title\": \"SAR\",\u000d\u000a      \"DovizAlis\": 8.23861,\u000d\u000a      \"DovizSatis\": 9.03882,\u000d\u000a      \"USDCaprazKur\": 