zaman,kur,alis,satis
1750368372,USD,38.18,40.88
1750368372,EUR,43.8766,47.004
1750368372,XAU,4116.071,4409.477
1750368372,KRW,0.0279,0.0296
1750368372,RUB,0.49134,0.5204
1750368372,AED,10.49368,11.17651
1750368372,SAR,10.26943,10.93762
1750368372,CNY,5.3514,5.67261
1750368372,KWD,125.6116,134.1971
1750368372,GBP,51.3981,55.0656
1750368372,AUD,24.9031,26.4535
1750368372,SEK,3.98786,4.24459
1750368372,CAD,28.0845,29.7899
1750368372,DKK,5.93408,6.29155
1750368372,NOK,3.82729,4.07447
1750368372,PLN,10.3466,10.9869
1750368372,JPY,26.4745,28.0767
1750368372,CHF,47.1479,50.0431
1750368372,ZAR,2.1278,2.2639
1750368372,RON,8.7946,9.3354
1750368372,XAG,44.503,47.986
1750368372,XPT,1589.025,1723.543
1750368372,HKD,4.9064,5.1996
