zaman,kur,alis,satis
1744492490,USD,36.452,39.152
1744492490,EUR,41.3508,44.5194
1744492490,XAU,3773.069,4057.44
1744492490,KRW,0.0259,0.0275
1744492490,RUB,0.44013,0.47057
1744492490,AED,10.02197,10.70347
1744492490,SAR,9.80521,10.47195
1744492490,CNY,5.04439,5.36088
1744492490,KWD,120.0603,128.2935
1744492490,GBP,47.6424,51.2848
1744492490,AUD,23.1029,24.6122
1744492490,SEK,3.74499,4.01949
1744492490,CAD,26.5034,28.2153
1744492490,DKK,5.5906,5.95054
1744492490,NOK,3.44119,3.68114
1744492490,PLN,9.7139,10.3874
1744492490,JPY,25.6103,27.2571
1744492490,CHF,45.0376,48.0476
1744492490,ZAR,1.906,2.0522
1744492490,RON,8.3854,8.93
1744492490,XAG,37.425,40.232
1744492490,XPT,1108.523,1196.486
1744492490,HKD,4.7427,5.0412
1744493210,USD,36.452,39.152
1744493210,EUR,41.3508,44.5194
1744493210,XAU,3773.069,4057.44
1744493210,KRW,0.0259,0.0275
1744493210,RUB,0.44013,0.47057
1744493210,AED,10.02197,10.70347
1744493210,SAR,9.80521,10.47195
1744493210,CNY,5.04439,5.36088
1744493210,KWD,120.0603,128.2935
1744493210,GBP,47.6424,51.2848
1744493210,AUD,23.1029,24.6122
1744493210,SEK,3.74499,4.01949
1744493210,CAD,26.5034,28.2153
1744493210,DKK,5.5906,5.95054
1744493210,NOK,3.44119,3.68114
1744493210,PLN,9.7139,10.3874
1744493210,JPY,25.6103,27.2571
1744493210,CHF,45.0376,48.0476
1744493210,ZAR,1.906,2.0522
1744493210,RON,8.3854,8.93
1744493210,XAG,37.425,40.232
1744493210,XPT,1108.523,1196.486
1744493210,HKD,4.7427,5.0412
