zaman,kur,alis,satis
1737666875,AED,9.39502,10.07619
1737666875,AUD,21.6719,23.1202
1737666875,CAD,23.984,25.5855
1737666875,CHF,38.0034,40.5425
1737666875,CNY,4.73172,5.04954
1737666875,DKK,4.81368,5.13539
1737666875,EUR,35.563,38.3785
1737666875,GBP,42.1777,45.5162
1737666875,JPY,22.1067,23.5842
1737666875,KWD,111.8058,120.2953
1737666875,NOK,3.05638,3.26145
1737666875,PLN,8.5201,9.0926
1737666875,RON,7.2132,7.7037
1737666875,RUB,0.34565,0.37051
1737666875,SAR,9.19977,9.86703
1737666875,SEK,3.13069,3.34083
1737666875,USD,34.149,36.849
1737666875,XAG,33.415,36.092
1737666875,XAU,3007.275,3245.751
1737666875,XPT,1035.672,1126.11
1737666875,ZAR,1.8623,1.9876
1737667475,AED,9.39502,10.07619
1737667475,AUD,21.6677,23.1158
1737667475,CAD,23.9806,25.5818
1737667475,CHF,37.999,40.5424
1737667475,CNY,4.73176,5.04957
1737667475,DKK,4.81393,5.13565
1737667475,EUR,35.5663,38.382
1737667475,GBP,42.1707,45.5123
1737667475,JPY,22.0995,23.575
1737667475,KWD,111.7993,120.2883
1737667475,NOK,3.0568,3.26184
1737667475,PLN,8.5213,9.0928
1737667475,RON,7.2147,7.7043
1737667475,RUB,0.34565,0.3705
1737667475,SAR,9.19973,9.86699
1737667475,SEK,3.13085,3.341
1737667475,USD,34.149,36.849
1737667475,XAG,33.407,36.087
1737667475,XAU,3006.529,3245.089
1737667475,XPT,1036.414,1126.023
1737667475,ZAR,1.8617,1.9871
