zaman,kur,alis,satis
1737493835,AED,9.38818,10.0696
1737493835,AUD,21.6102,23.0555
1737493835,CAD,24.0455,25.654
1737493835,CHF,38.0307,40.5736
1737493835,CNY,4.74302,5.06806
1737493835,DKK,4.81354,5.13539
1737493835,EUR,35.5647,38.3823
1737493835,GBP,42.1132,45.449
1737493835,JPY,22.1591,23.6396
1737493835,KWD,111.8615,120.0489
1737493835,NOK,3.04866,3.25407
1737493835,PLN,8.4493,9.0172
1737493835,RON,7.2125,7.7027
1737493835,RUB,0.34521,0.37039
1737493835,SAR,9.19174,9.85889
1737493835,SEK,3.1356,3.34614
1737493835,USD,34.125,36.825
1737493835,XAG,33.769,36.482
1737493835,XAU,2993.591,3231.227
1737493835,XPT,1034.662,1122.636
1737493835,ZAR,1.8617,1.9871
