{"GetCurrencyRatesResult":"{\u000d\u000a  \"cur\": [\u000d\u000a    {\u000d\u000a      \"Title\": \"AED\",\u000d\u000a      \"DovizAlis\": 9.35322,\u000d\u000a      \"DovizSatis\": 9.84512,\u000d\u000a      \"USDCaprazKur\": 3.6387,\u000d\u000a      \"KurTuru\": \"08\",\u000d\u000a      \"Desc\": null,\u000d\u000a      \"Parite\": \"D\"\u000d\u000a    },\u000d\u000a    {\u000d\u000a      \"Title\": \"AED\",\u000d\u000a      \"DovizAlis\": 9.19805,\u000d\u000a      \"DovizSatis\": 9.85329,\u000d\u000a      \"USDCaprazKur\": 3.6638,\u000d\u000a      \"KurTuru\": \"01\",\u000d\u000a      \"Desc\": null,\u000d\u000a      \"Parite\": \"T\"\u000d\u000a    },\u000d\u000a    {\u000d\u000a      \"Title\": \"AUD\",\u000d\u000a      \"DovizAlis\": 21.4658,\u000d\u000a      \"DovizSatis\": 22.9935,\u000d\u000a      \"USDCaprazKur\": 1.57,\u000d\u000a      \"KurTuru\": \"01\",\u000d\u000a      \"Desc\": null,\u000d\u000a      \"Parite\": \"T\"\u000d\u000a    },\u000d\u000a    {\u000d\u000a      \"Title\": \"AUD\",\u000d\u000a      \"DovizAlis\": 21.6564,\u000d\u000a      \"DovizSatis\": 22.8029,\u000d\u000a      \"USDCaprazKur\": 1.5713,\u000d\u000a      \"KurTuru\": \"08\",\u000d\u000a      \"Desc\": null,\u000d\u000a      \"Parite\": \"D\"\u000d\u000a    },\u000d\u000a    {\u000d\u000a      \"Title\": \"CAD\",\u000d\u000a      \"DovizAlis\": 23.6821,\u000d\u000a      \"DovizSatis\": 25.366,\u000d\u000a      \"USDCaprazKur\": 1.4231,\u000d\u000a      \"KurTuru\": \"01\",\u000d\u000a      \"Desc\": null,\u000d\u000a      \"Parite\": \"T\"\u000d\u000a    },\u000d\u000a    {\u000d\u000a      \"Title\": \"CAD\",\u000d\u000a      \"DovizAlis\": 23.8923,\u000d\u000a      \"DovizSatis\": 25.1558,\u000d\u000a      \"USDCaprazKur\": 1.4242,\u000d\u000a      \"KurTuru\": \"08\",\u000d\u000a      \"Desc\": null,\u000d\u000a      \"Parite\": \"D\"\u000d\u000a    },\u000d\u000a    {\u000d\u000a      \"Title\": \"CHF\",\u000d\u000a      \"DovizAlis\": 37.8861,\u000d\u000a      \"DovizSatis\": 40.0069,\u000d\u000a      \"USDCaprazKur\": 0.8959,\u000d\u000a      \"KurTuru\": \"01\",\u000d\u000a      \"Desc\": null,\u000d\u000a      \"Parite\": \"T\"\u000d\u000a    },\u000d\u000a    {\u000d\u000a      \"Title\": \"CHF\",\u000d\u000a      \"DovizAlis\": 38.2545,\u000d\u000a      \"DovizSatis\": 39.7055,\u000d\u000a      \"USDCaprazKur\": 1.1162,\u000d\u000a      \"KurTuru\": \"08\",\u000d\u000a      \"Desc\": null,\u000d\u000a      \"Parite\": \"T\"\u000d\u000a    },\u000d\u000a    {\u000d\u000a      \"Title\": \"CNY\",\u000d\u000a      \"DovizAlis\": 4.59781,\u000d\u000a      \"DovizSatis\": 5.00991,\u000d\u000a      \"USDCaprazKur\": 7.2682,\u000d\u000a      \"KurTuru\": \"01\",\u000d\u000a      \"Desc\": null,\u000d\u000a      \"Parite\": \"T\"\u000d\u000a    },\u000d\u000a    {\u000d\u000a      \"Title\": \"CNY\",\u000d\u000a      \"DovizAlis\": 4.68705,\u000d\u000a      \"DovizSatis\": 4.92066,\u000d\u000a      \"USDCaprazKur\": 7.2706,\u000d\u000a      \"KurTuru\": \"08\",\u000d\u000a      \"Desc\": null,\u000d\u000a      \"Parite\": \"D\"\u000d\u000a    },\u000d\u000a    {\u000d\u000a      \"Title\": \"DKK\",\u000d\u000a      \"DovizAlis\": 4.75615,\u000d\u000a      \"DovizSatis\": 5.09449,\u000d\u000a      \"USDCaprazKur\": 7.0859,\u000d\u000a      \"KurTuru\": \"01\",\u000d\u000a      \"Desc\": null,\u000d\u000a      \"Parite\": \"T\"\u000d\u000a    },\u000d\u000a    {\u000d\u000a      \"Title\": \"DKK\",\u000d\u000a      \"DovizAlis\": 4.79838,\u000d\u000a      \"DovizSatis\": 5.05226,\u000d\u000a      \"USDCaprazKur\": 7.0916,\u000d\u000a      \"KurTuru\": \"08\",\u000d\u000a      \"Desc\": null,\u000d\u000a      \"Parite\": \"D\"\u000d\u000a    },\u000d\u000a    {\u000d\u000a      \"Title\": \"EUR\",\u000d\u000a      \"DovizAlis\": 35.6393,\u000d\u000a      \"DovizSatis\": 37.6379,\u000d\u000a      \"USDCaprazKur\": 1.0501,\u000d\u000a      \"KurTuru\": \"01\",\u000d\u000a      \"Desc\": null,\u000d\u000a      \"Parite\": \"D\"\u000d\u000a    },\u000d\u000a    {\u000d\u000a      \"Title\": \"EUR\",\u000d\u000a      \"DovizAlis\": 35.9858,\u000d\u000a      \"DovizSatis\": 37.3544,\u000d\u000a      \"USDCaprazKur\": 1.0501,\u000d\u000a      \"KurTuru\": \"08\",\u000d\u000a      \"Desc\": null,\u000d\u000a      \"Parite\": \"T\"\u000d\u000a    },\u000d\u000a    {\u000d\u000a      \"Title\": \"GBP\",\u000d\u000a      \"DovizAlis\": 43.1168,\u000d\u000a      \"DovizSatis\": 45.5339,\u000d\u000a      \"USDCaprazKur\": 1.2704,\u000d\u000a      \"KurTuru\": \"01\",\u000d\u000a      \"Desc\": null,\u000d\u000a      \"Parite\": \"D\"\u000d\u000a    },\u000d\u000a    {\u000d\u000a      \"Title\": \"GBP\",\u000d\u000a      \"DovizAlis\": 43.536,\u000d\u000a      \"DovizSatis\": 45.1909,\u000d\u000a      \"USDCaprazKur\": 1.2704,\u000d\u000a      \"KurTuru\": \"08\",\u000d\u000a      \"Desc\": null,\u000d\u000a      \"Parite\": \"T\"\u000d\u000a    },\u000d\u000a    {\u000d\u000a      \"Title\": \"JPY\",\u000d\u000a      \"DovizAlis\": 21.9469,\u000d\u000a      \"DovizSatis\": 23.5073,\u000d\u000a      \"USDCaprazKur\": 153.5634,\u000d\u000a      \"KurTuru\": \"01\",\u000d\u000a      \"Desc\": null,\u000d\u000a      \"Parite\": \"T\"\u000d\u000a    },\u000d\u000a    {\u000d\u000a      \"Title\": \"JPY\",\u000d\u000a      \"DovizAlis\": 22.1417,\u000d\u000a      \"DovizSatis\": 23.3125,\u000d\u000a      \"USDCaprazKur\": 153.6863,\u000d\u000a      \"KurTuru\": \"08\",\u000d\u000a      \"Desc\": null,\u000d\u000a      \"Parite\": \"D\"\u000d\u000a    },\u000d\u000a    {\u000d\u000a      \"Title\": \"KWD\",\u000d\u000a      \"DovizAlis\": 111.6763,\u000d\u000a      \"DovizSatis\": 117.5385,\u000d\u000a      \"USDCaprazKur\": 3.2814,\u000d\u000a      \"KurTuru\": \"08\",\u000d\u000a      \"Desc\": null,\u000d\u000a      \"Parite\": \"T\"\u000d\u000a    },\u000d\u000a    {\u000d\u000a      \"Title\": \"KWD\",\u000d\u000a      \"DovizAlis\": 108.8484,\u000d\u000a      \"DovizSatis\": 118.6113,\u000d\u000a      \"USDCaprazKur\": 3.2581,\u000d\u000a      \"KurTuru\": \"01\",\u000d\u000a      \"Desc\": null,\u000d\u000a      \"Parite\": \"D\"\u000d\u000a    },\u000d\u000a    {\u000d\u000a      \"Title\": \"NOK\",\u000d\u000a      \"DovizAlis\": 3.02422,\u000d\u000a      \"DovizSatis\": 3.23994,\u000d\u000a      \"USDCaprazKur\": 11.143,\u000d\u000a      \"KurTuru\": \"01\",\u000d\u000a      \"Desc\": null,\u000d\u000a      \"Parite\": \"T\"\u000d\u000a    },\u000d\u000a    {\u000d\u000a      \"Title\": \"NOK\",\u000d\u000a      \"DovizAlis\": 3.05107,\u000d\u000a      \"DovizSatis\": 3.21308,\u000d\u000a      \"USDCaprazKur\": 11.1519,\u000d\u000a      \"KurTuru\": \"08\",\u000d\u000a      \"Desc\": null,\u000d\u000a      \"Parite\": \"D\"\u000d\u000a    },\u000d\u000a    {\u000d\u000a      \"Title\": \"PLN\",\u000d\u000a      \"DovizAlis\": 8.3267,\u000d\u000a      \"DovizSatis\": 8.9206,\u000d\u000a      \"USDCaprazKur\": 4.0471,\u000d\u000a      \"KurTuru\": \"01\",\u000d\u000a      \"Desc\": null,\u000d\u000a      \"Parite\": \"T\"\u000d\u000a    },\u000d\u000a    {\u000d\u000a      \"Title\": \"PLN\",\u000d\u000a      \"DovizAlis\": 8.4006,\u000d\u000a      \"DovizSatis\": 8.8466,\u000d\u000a      \"USDCaprazKur\": 4.0503,\u000d\u000a      \"KurTuru\": \"08\",\u000d\u000a      \"Desc\": null,\u000d\u000a      \"Parite\": \"D\"\u000d\u000a    },\u000d\u000a    {\u000d\u000a      \"Title\": \"RON\",\u000d\u000a      \"DovizAlis\": 7.1275,\u000d\u000a      \"DovizSatis\": 7.6399,\u000d\u000a      \"USDCaprazKur\": 4.7268,\u000d\u000a      \"KurTuru\": \"01\",\u000d\u000a      \"Desc\": null,\u000d\u000a      \"Parite\": \"T\"\u000d\u000a    },\u000d\u000a    {\u000d\u000a      \"Title\": \"RON\",\u000d\u000a      \"DovizAlis\": 7.1908,\u000d\u000a      \"DovizSatis\": 7.5766,\u000d\u000a      \"USDCaprazKur\": 4.7305,\u000d\u000a      \"KurTuru\": \"08\",\u000d\u000a      \"Desc\": null,\u000d\u000a      \"Parite\": \"D\"\u000d\u000a    },\u000d\u000a    {\u000d\u000a      \"Title\": 