zaman,kur,alis,satis
1745442853,USD,36.829,39.529
1745442853,EUR,41.6688,44.779
1745442853,XAU,3872.436,4157.989
1745442853,KRW,0.026,0.0277
1745442853,RUB,0.43944,0.48617
1745442853,AED,10.12454,10.80603
1745442853,SAR,9.91375,10.58188
1745442853,CNY,5.09726,5.41556
1745442853,KWD,121.0962,129.6613
1745442853,GBP,48.7953,52.4279
1745442853,AUD,23.6295,25.1478
1745442853,SEK,3.825,4.0791
1745442853,CAD,26.762,28.4428
1745442853,DKK,5.6326,5.98817
1745442853,NOK,3.5221,3.75852
1745442853,PLN,9.8072,10.4544
1745442853,JPY,25.9058,27.5282
1745442853,CHF,44.6849,47.6336
1745442853,ZAR,1.9874,2.1251
1745442853,RON,8.4457,8.9847
1745442853,XAG,39.721,42.693
1745442853,XPT,1152.538,1245.204
1745442853,HKD,4.789,5.0864
1745443693,USD,36.83,39.53
1745443693,EUR,41.6735,44.7523
1745443693,XAU,3872.436,4157.989
1745443693,KRW,0.026,0.0277
1745443693,RUB,0.43945,0.48618
1745443693,AED,10.12478,10.80627
1745443693,SAR,9.91425,10.58155
1745443693,CNY,5.09883,5.41712
1745443693,KWD,121.1373,129.7028
1745443693,GBP,48.8039,52.4212
1745443693,AUD,23.6316,25.15
1745443693,SEK,3.82497,4.07666
1745443693,CAD,26.7608,28.4373
1745443693,DKK,5.63239,5.98513
1745443693,NOK,3.52295,3.75746
1745443693,PLN,9.8082,10.4475
1745443693,JPY,25.9118,27.525
1745443693,CHF,44.6914,47.6175
1745443693,ZAR,1.9917,2.1242
1745443693,RON,8.444,8.9853
1745443693,XAG,39.721,42.693
1745443693,XPT,1152.566,1245.232
1745443693,HKD,4.7891,5.0865
