zaman,kur,alis,satis
1746652213,USD,37.158,39.858
1746652213,EUR,42.0029,45.0948
1746652213,XAU,3997.769,4291.411
1746652213,KRW,0.0269,0.0286
1746652213,RUB,0.45974,0.49793
1746652213,AED,10.21386,10.89565
1746652213,SAR,10.00175,10.66907
1746652213,CNY,5.18702,5.50895
1746652213,KWD,122.2628,130.4991
1746652213,GBP,49.3712,53.0026
1746652213,AUD,24.0769,25.5785
1746652213,SEK,3.87552,4.12226
1746652213,CAD,27.09,28.7602
1746652213,DKK,5.67914,6.03466
1746652213,NOK,3.60474,3.8509
1746652213,PLN,9.9111,10.5621
1746652213,JPY,26.0727,27.6856
1746652213,CHF,45.462,48.3918
1746652213,ZAR,2.0506,2.1808
1746652213,RON,8.2701,8.8111
1746652213,XAG,38.761,41.626
1746652213,XPT,1165.613,1258.32
1746652213,HKD,4.8306,5.1294
1746653053,USD,37.165,39.865
1746653053,EUR,42.0304,45.1237
1746653053,XAU,3998.619,4292.261
1746653053,KRW,0.0269,0.0286
1746653053,RUB,0.45984,0.49803
1746653053,AED,10.21601,10.8978
1746653053,SAR,10.00385,10.67118
1746653053,CNY,5.18678,5.50871
1746653053,KWD,122.3044,130.5419
1746653053,GBP,49.3817,53.0051
1746653053,AUD,24.1005,25.6182
1746653053,SEK,3.87834,4.12581
1746653053,CAD,27.0996,28.7783
1746653053,DKK,5.68335,6.03833
1746653053,NOK,3.6064,3.85096
1746653053,PLN,9.9173,10.5597
1746653053,JPY,26.0855,27.695
1746653053,CHF,45.4937,48.4073
1746653053,ZAR,2.0501,2.1833
1746653053,RON,8.2771,8.8261
1746653053,XAG,38.761,41.626
1746653053,XPT,1165.861,1258.569
1746653053,HKD,4.8315,5.1303
1746653533,USD,37.165,39.865
1746653533,EUR,42.0446,45.123
1746653533,XAU,3998.555,4292.197
1746653533,KRW,0.0269,0.0286
1746653533,RUB,0.45983,0.49802
1746653533,AED,10.21585,10.89764
1746653533,SAR,10.00369,10.67102
1746653533,CNY,5.1867,5.50863
1746653533,KWD,122.3065,130.5399
1746653533,GBP,49.3995,53.0123
1746653533,AUD,24.1002,25.5981
1746653533,SEK,3.87976,4.12592
1746653533,CAD,27.0933,28.7675
1746653533,DKK,5.68524,6.03806
1746653533,NOK,3.60815,3.85224
1746653533,PLN,9.918,10.5637
1746653533,JPY,26.0869,27.6946
1746653533,CHF,45.493,48.383
1746653533,ZAR,2.0495,2.1872
1746653533,RON,8.2748,8.8154
1746653533,XAG,38.758,41.623
1746653533,XPT,1165.842,1258.55
1746653533,HKD,4.8314,5.1301
