{"GetCurrencyRatesResult":"{\u000d\u000a  \"cur\": [\u000d\u000a    {\u000d\u000a      \"Title\": \"AED\",\u000d\u000a      \"DovizAlis\": 9.4865,\u000d\u000a      \"DovizSatis\": 10.16795,\u000d\u000a      \"USDCaprazKur\": 3.6461,\u000d\u000a      \"KurTuru\": \"08\",\u000d\u000a      \"Desc\": null,\u000d\u000a      \"Parite\": \"D\"\u000d\u000a    },\u000d\u000a    {\u000d\u000a      \"Title\": \"AED\",\u000d\u000a      \"DovizAlis\": 9.38439,\u000d\u000a      \"DovizSatis\": 10.20197,\u000d\u000a      \"USDCaprazKur\": 3.673,\u000d\u000a      \"KurTuru\": \"01\",\u000d\u000a      \"Desc\": null,\u000d\u000a      \"Parite\": \"T\"\u000d\u000a    },\u000d\u000a    {\u000d\u000a      \"Title\": \"AUD\",\u000d\u000a      \"DovizAlis\": 21.772,\u000d\u000a      \"DovizSatis\": 23.3426,\u000d\u000a      \"USDCaprazKur\": 1.5942,\u000d\u000a      \"KurTuru\": \"01\",\u000d\u000a      \"Desc\": null,\u000d\u000a      \"Parite\": \"T\"\u000d\u000a    },\u000d\u000a    {\u000d\u000a      \"Title\": \"AUD\",\u000d\u000a      \"DovizAlis\": 21.8334,\u000d\u000a      \"DovizSatis\": 23.2785,\u000d\u000a      \"USDCaprazKur\": 1.5884,\u000d\u000a      \"KurTuru\": \"08\",\u000d\u000a      \"Desc\": null,\u000d\u000a      \"Parite\": \"D\"\u000d\u000a    },\u000d\u000a    {\u000d\u000a      \"Title\": \"CAD\",\u000d\u000a      \"DovizAlis\": 24.3034,\u000d\u000a      \"DovizSatis\": 26.0552,\u000d\u000a      \"USDCaprazKur\": 1.4282,\u000d\u000a      \"KurTuru\": \"01\",\u000d\u000a      \"Desc\": null,\u000d\u000a      \"Parite\": \"T\"\u000d\u000a    },\u000d\u000a    {\u000d\u000a      \"Title\": \"CAD\",\u000d\u000a      \"DovizAlis\": 24.3802,\u000d\u000a      \"DovizSatis\": 25.9925,\u000d\u000a      \"USDCaprazKur\": 1.4225,\u000d\u000a      \"KurTuru\": \"08\",\u000d\u000a      \"Desc\": null,\u000d\u000a      \"Parite\": \"D\"\u000d\u000a    },\u000d\u000a    {\u000d\u000a      \"Title\": \"CHF\",\u000d\u000a      \"DovizAlis\": 38.1662,\u000d\u000a      \"DovizSatis\": 40.9234,\u000d\u000a      \"USDCaprazKur\": 0.9094,\u000d\u000a      \"KurTuru\": \"01\",\u000d\u000a      \"Desc\": null,\u000d\u000a      \"Parite\": \"T\"\u000d\u000a    },\u000d\u000a    {\u000d\u000a      \"Title\": \"CHF\",\u000d\u000a      \"DovizAlis\": 38.2762,\u000d\u000a      \"DovizSatis\": 40.809,\u000d\u000a      \"USDCaprazKur\": 1.1037,\u000d\u000a      \"KurTuru\": \"08\",\u000d\u000a      \"Desc\": null,\u000d\u000a      \"Parite\": \"T\"\u000d\u000a    },\u000d\u000a    {\u000d\u000a      \"Title\": \"CNY\",\u000d\u000a      \"DovizAlis\": 4.72519,\u000d\u000a      \"DovizSatis\": 5.13672,\u000d\u000a      \"USDCaprazKur\": 7.2947,\u000d\u000a      \"KurTuru\": \"01\",\u000d\u000a      \"Desc\": null,\u000d\u000a      \"Parite\": \"T\"\u000d\u000a    },\u000d\u000a    {\u000d\u000a      \"Title\": \"CNY\",\u000d\u000a      \"DovizAlis\": 4.77318,\u000d\u000a      \"DovizSatis\": 5.08874,\u000d\u000a      \"USDCaprazKur\": 7.266,\u000d\u000a      \"KurTuru\": \"08\",\u000d\u000a      \"Desc\": null,\u000d\u000a      \"Parite\": \"D\"\u000d\u000a    },\u000d\u000a    {\u000d\u000a      \"Title\": \"DKK\",\u000d\u000a      \"DovizAlis\": 4.80691,\u000d\u000a      \"DovizSatis\": 5.1536,\u000d\u000a      \"USDCaprazKur\": 7.2208,\u000d\u000a      \"KurTuru\": \"01\",\u000d\u000a      \"Desc\": null,\u000d\u000a      \"Parite\": \"T\"\u000d\u000a    },\u000d\u000a    {\u000d\u000a      \"Title\": \"DKK\",\u000d\u000a      \"DovizAlis\": 4.82009,\u000d\u000a      \"DovizSatis\": 5.13898,\u000d\u000a      \"USDCaprazKur\": 7.1952,\u000d\u000a      \"KurTuru\": \"08\",\u000d\u000a      \"Desc\": null,\u000d\u000a      \"Parite\": \"D\"\u000d\u000a    },\u000d\u000a    {\u000d\u000a      \"Title\": \"EUR\",\u000d\u000a      \"DovizAlis\": 35.6004,\u000d\u000a      \"DovizSatis\": 38.7026,\u000d\u000a      \"USDCaprazKur\": 1.0328,\u000d\u000a      \"KurTuru\": \"01\",\u000d\u000a      \"Desc\": null,\u000d\u000a      \"Parite\": \"D\"\u000d\u000a    },\u000d\u000a    {\u000d\u000a      \"Title\": \"EUR\",\u000d\u000a      \"DovizAlis\": 35.6125,\u000d\u000a      \"DovizSatis\": 38.4045,\u000d\u000a      \"USDCaprazKur\": 1.0327,\u000d\u000a      \"KurTuru\": \"08\",\u000d\u000a      \"Desc\": null,\u000d\u000a      \"Parite\": \"T\"\u000d\u000a    },\u000d\u000a    {\u000d\u000a      \"Title\": \"GBP\",\u000d\u000a      \"DovizAlis\": 42.7667,\u000d\u000a      \"DovizSatis\": 46.4925,\u000d\u000a      \"USDCaprazKur\": 1.2407,\u000d\u000a      \"KurTuru\": \"01\",\u000d\u000a      \"Desc\": null,\u000d\u000a      \"Parite\": \"D\"\u000d\u000a    },\u000d\u000a    {\u000d\u000a      \"Title\": \"GBP\",\u000d\u000a      \"DovizAlis\": 42.7819,\u000d\u000a      \"DovizSatis\": 46.1352,\u000d\u000a      \"USDCaprazKur\": 1.2406,\u000d\u000a      \"KurTuru\": \"08\",\u000d\u000a      \"Desc\": null,\u000d\u000a      \"Parite\": \"T\"\u000d\u000a    },\u000d\u000a    {\u000d\u000a      \"Title\": \"HKD\",\u000d\u000a      \"DovizAlis\": 4.4564,\u000d\u000a      \"DovizSatis\": 4.7776,\u000d\u000a      \"USDCaprazKur\": 7.7889,\u000d\u000a      \"KurTuru\": \"01\",\u000d\u000a      \"Desc\": null,\u000d\u000a      \"Parite\": \"T\"\u000d\u000a    },\u000d\u000a    {\u000d\u000a      \"Title\": \"HKD\",\u000d\u000a      \"DovizAlis\": 4.4692,\u000d\u000a      \"DovizSatis\": 4.7647,\u000d\u000a      \"USDCaprazKur\": 7.7602,\u000d\u000a      \"KurTuru\": \"08\",\u000d\u000a      \"Desc\": null,\u000d\u000a      \"Parite\": \"D\"\u000d\u000a    },\u000d\u000a    {\u000d\u000a      \"Title\": \"JPY\",\u000d\u000a      \"DovizAlis\": 22.9431,\u000d\u000a      \"DovizSatis\": 24.5967,\u000d\u000a      \"USDCaprazKur\": 151.2894,\u000d\u000a      \"KurTuru\": \"01\",\u000d\u000a      \"Desc\": null,\u000d\u000a      \"Parite\": \"T\"\u000d\u000a    },\u000d\u000a    {\u000d\u000a      \"Title\": \"JPY\",\u000d\u000a      \"DovizAlis\": 23.0123,\u000d\u000a      \"DovizSatis\": 24.5339,\u000d\u000a      \"USDCaprazKur\": 150.7102,\u000d\u000a      \"KurTuru\": \"08\",\u000d\u000a      \"Desc\": null,\u000d\u000a      \"Parite\": \"D\"\u000d\u000a    },\u000d\u000a    {\u000d\u000a      \"Title\": \"KRW\",\u000d\u000a      \"DovizAlis\": 0.0237,\u000d\u000a      \"DovizSatis\": 0.0258,\u000d\u000a      \"USDCaprazKur\": 1453.378,\u000d\u000a      \"KurTuru\": \"01\",\u000d\u000a      \"Desc\": null,\u000d\u000a      \"Parite\": \"T\"\u000d\u000a    },\u000d\u000a    {\u000d\u000a      \"Title\": \"KRW\",\u000d\u000a      \"DovizAlis\": 0.0239,\u000d\u000a      \"DovizSatis\": 0.0255,\u000d\u000a      \"USDCaprazKur\": 1450.5612,\u000d\u000a      \"KurTuru\": \"08\",\u000d\u000a      \"Desc\": null,\u000d\u000a      \"Parite\": \"D\"\u000d\u000a    },\u000d\u000a    {\u000d\u000a      \"Title\": \"KWD\",\u000d\u000a      \"DovizAlis\": 112.8395,\u000d\u000a      \"DovizSatis\": 121.0138,\u000d\u000a      \"USDCaprazKur\": 3.2633,\u000d\u000a      \"KurTuru\": \"08\",\u000d\u000a      \"Desc\": null,\u000d\u000a      \"Parite\": \"T\"\u000d\u000a    },\u000d\u000a    {\u000d\u000a      \"Title\": \"KWD\",\u000d\u000a      \"DovizAlis\": 111.625,\u000d\u000a      \"DovizSatis\": 121.4187,\u000d\u000a      \"USDCaprazKur\": 3.2394,\u000d\u000a      \"KurTuru\": \"01\",\u000d\u000a      \"Desc\": null,\u000d\u000a      \"Parite\": \"D\"\u000d\u000a    },\u000d\u000a    {\u000d\u000a      \"Title\": \"NOK\",\u000d\u000a      \"DovizAlis\": 3.08673,\u000d\u000a      \"DovizSatis\": 3.31046,\u000d\u000a      \"USDCaprazKur\": 11.2429,\u000d\u000a      \"KurTuru\": \"01\",\u000d\u000a      \"Desc\": null,\u000d\u000a      \"Parite\": \"T\"\u000d\u000a    },\u000d\u000a    {\u000d\u000a      \"Title\": \"NOK\",\u000d\u000a      \"DovizAlis\": 3.09518,\u000d\u000a      \"DovizSatis\": 3.30113,\u000d\u000a      \"USDCaprazKur\": 11.2029,\u000d\u000a      \"KurTuru\": \"08\",\u000d\u000a      \"Desc\": null,\u000d\u000a      \"Parite\": \"D\"\u000d\u000a    },\u000d\u000a    {\u000d\u000a      