zaman,kur,alis,satis
1738876235,AED,9.46357,10.14556
1738876235,AUD,21.8321,23.2805
1738876235,CAD,24.2813,25.8925
1738876235,CHF,38.3902,40.9409
1738876235,CNY,4.76725,5.08479
1738876235,DKK,4.83625,5.15709
1738876235,EUR,35.7391,38.5476
1738876235,GBP,42.792,46.154
1738876235,JPY,22.9287,24.4483
1738876235,KWD,112.4911,120.9721
1738876235,NOK,3.0995,3.30581
1738876235,PLN,8.6108,9.1847
1738876235,RON,7.2479,7.7368
1738876235,RUB,0.35537,0.38656
1738876235,SAR,9.26849,9.93819
1738876235,SEK,3.18925,3.40147
1738876235,USD,34.404,37.104
1738876235,XAG,35.648,38.49
1738876235,XAU,3143.19,3390.635
1738876235,XPT,1092.196,1187.334
1738876235,ZAR,1.8853,2.011
