{"GetCurrencyRatesResult":"{\u000d\u000a  \"cur\": [\u000d\u000a    {\u000d\u000a      \"Title\": \"AED\",\u000d\u000a      \"DovizAlis\": 8.65288,\u000d\u000a      \"DovizSatis\": 9.14374,\u000d\u000a      \"USDCaprazKur\": 3.6385,\u000d\u000a      \"KurTuru\": \"08\",\u000d\u000a      \"Desc\": null\u000d\u000a    },\u000d\u000a    {\u000d\u000a      \"Title\": \"AED\",\u000d\u000a      \"DovizAlis\": 8.49767,\u000d\u000a      \"DovizSatis\": 9.15191,\u000d\u000a      \"USDCaprazKur\": 3.6736,\u000d\u000a      \"KurTuru\": \"01\",\u000d\u000a      \"Desc\": null\u000d\u000a    },\u000d\u000a    {\u000d\u000a      \"Title\": \"AUD\",\u000d\u000a      \"DovizAlis\": 20.6054,\u000d\u000a      \"DovizSatis\": 21.9038,\u000d\u000a      \"USDCaprazKur\": 1.5249,\u000d\u000a      \"KurTuru\": \"01\",\u000d\u000a      \"Desc\": null\u000d\u000a    },\u000d\u000a    {\u000d\u000a      \"Title\": \"AUD\",\u000d\u000a      \"DovizAlis\": 20.6209,\u000d\u000a      \"DovizSatis\": 21.7898,\u000d\u000a      \"USDCaprazKur\": 1.5268,\u000d\u000a      \"KurTuru\": \"08\",\u000d\u000a      \"Desc\": null\u000d\u000a    },\u000d\u000a    {\u000d\u000a      \"Title\": \"CAD\",\u000d\u000a      \"DovizAlis\": 23.1571,\u000d\u000a      \"DovizSatis\": 24.6149,\u000d\u000a      \"USDCaprazKur\": 1.3569,\u000d\u000a      \"KurTuru\": \"01\",\u000d\u000a      \"Desc\": null\u000d\u000a    },\u000d\u000a    {\u000d\u000a      \"Title\": \"CAD\",\u000d\u000a      \"DovizAlis\": 23.1745,\u000d\u000a      \"DovizSatis\": 24.4867,\u000d\u000a      \"USDCaprazKur\": 1.3586,\u000d\u000a      \"KurTuru\": \"08\",\u000d\u000a      \"Desc\": null\u000d\u000a    },\u000d\u000a    {\u000d\u000a      \"Title\": \"CHF\",\u000d\u000a      \"DovizAlis\": 34.4336,\u000d\u000a      \"DovizSatis\": 36.5173,\u000d\u000a      \"USDCaprazKur\": 0.9136,\u000d\u000a      \"KurTuru\": \"01\",\u000d\u000a      \"Desc\": null\u000d\u000a    },\u000d\u000a    {\u000d\u000a      \"Title\": \"CHF\",\u000d\u000a      \"DovizAlis\": 34.5059,\u000d\u000a      \"DovizSatis\": 36.3706,\u000d\u000a      \"USDCaprazKur\": 1.0946,\u000d\u000a      \"KurTuru\": \"08\",\u000d\u000a      \"Desc\": null\u000d\u000a    },\u000d\u000a    {\u000d\u000a      \"Title\": \"CNY\",\u000d\u000a      \"DovizAlis\": 4.26955,\u000d\u000a      \"DovizSatis\": 4.68467,\u000d\u000a      \"USDCaprazKur\": 7.2446,\u000d\u000a      \"KurTuru\": \"01\",\u000d\u000a      \"Desc\": null\u000d\u000a    },\u000d\u000a    {\u000d\u000a      \"Title\": \"CNY\",\u000d\u000a      \"DovizAlis\": 4.37315,\u000d\u000a      \"DovizSatis\": 4.58105,\u000d\u000a      \"USDCaprazKur\": 7.2307,\u000d\u000a      \"KurTuru\": \"08\",\u000d\u000a      \"Desc\": null\u000d\u000a    },\u000d\u000a    {\u000d\u000a      \"Title\": \"DKK\",\u000d\u000a      \"DovizAlis\": 4.52448,\u000d\u000a      \"DovizSatis\": 4.86757,\u000d\u000a      \"USDCaprazKur\": 6.9032,\u000d\u000a      \"KurTuru\": \"01\",\u000d\u000a      \"Desc\": null\u000d\u000a    },\u000d\u000a    {\u000d\u000a      \"Title\": \"DKK\",\u000d\u000a      \"DovizAlis\": 4.54504,\u000d\u000a      \"DovizSatis\": 4.80245,\u000d\u000a      \"USDCaprazKur\": 6.9272,\u000d\u000a      \"KurTuru\": \"08\",\u000d\u000a      \"Desc\": null\u000d\u000a    },\u000d\u000a    {\u000d\u000a      \"Title\": \"EUR\",\u000d\u000a      \"DovizAlis\": 33.5096,\u000d\u000a      \"DovizSatis\": 35.5369,\u000d\u000a      \"USDCaprazKur\": 1.0652,\u000d\u000a      \"KurTuru\": \"01\",\u000d\u000a      \"Desc\": null\u000d\u000a    },\u000d\u000a    {\u000d\u000a      \"Title\": \"EUR\",\u000d\u000a      \"DovizAlis\": 33.58,\u000d\u000a      \"DovizSatis\": 35.3941,\u000d\u000a      \"USDCaprazKur\": 1.0652,\u000d\u000a      \"KurTuru\": \"08\",\u000d\u000a      \"Desc\": null\u000d\u000a    },\u000d\u000a    {\u000d\u000a      \"Title\": \"GBP\",\u000d\u000a      \"DovizAlis\": 39.276,\u000d\u000a      \"DovizSatis\": 41.6515,\u000d\u000a      \"USDCaprazKur\": 1.2485,\u000d\u000a      \"KurTuru\": \"01\",\u000d\u000a      \"Desc\": null\u000d\u000a    },\u000d\u000a    {\u000d\u000a      \"Title\": \"GBP\",\u000d\u000a      \"DovizAlis\": 39.3584,\u000d\u000a      \"DovizSatis\": 41.4842,\u000d\u000a      \"USDCaprazKur\": 1.2485,\u000d\u000a      \"KurTuru\": \"08\",\u000d\u000a      \"Desc\": null\u000d\u000a    },\u000d\u000a    {\u000d\u000a      \"Title\": \"JPY\",\u000d\u000a      \"DovizAlis\": 20.6161,\u000d\u000a      \"DovizSatis\": 21.9138,\u000d\u000a      \"USDCaprazKur\": 152.4113,\u000d\u000a      \"KurTuru\": \"01\",\u000d\u000a      \"Desc\": null\u000d\u000a    },\u000d\u000a    {\u000d\u000a      \"Title\": \"JPY\",\u000d\u000a      \"DovizAlis\": 20.6316,\u000d\u000a      \"DovizSatis\": 21.7997,\u000d\u000a      \"USDCaprazKur\": 152.605,\u000d\u000a      \"KurTuru\": \"08\",\u000d\u000a      \"Desc\": null\u000d\u000a    },\u000d\u000a    {\u000d\u000a      \"Title\": \"KWD\",\u000d\u000a      \"DovizAlis\": 103.1302,\u000d\u000a      \"DovizSatis\": 109.0071,\u000d\u000a      \"USDCaprazKur\": 3.2761,\u000d\u000a      \"KurTuru\": \"08\",\u000d\u000a      \"Desc\": null\u000d\u000a    },\u000d\u000a    {\u000d\u000a      \"Title\": \"KWD\",\u000d\u000a      \"DovizAlis\": 100.3068,\u000d\u000a      \"DovizSatis\": 110.0784,\u000d\u000a      \"USDCaprazKur\": 3.2442,\u000d\u000a      \"KurTuru\": \"01\",\u000d\u000a      \"Desc\": null\u000d\u000a    },\u000d\u000a    {\u000d\u000a      \"Title\": \"NOK\",\u000d\u000a      \"DovizAlis\": 2.89986,\u000d\u000a      \"DovizSatis\": 3.1202,\u000d\u000a      \"USDCaprazKur\": 10.7699,\u000d\u000a      \"KurTuru\": \"01\",\u000d\u000a      \"Desc\": null\u000d\u000a    },\u000d\u000a    {\u000d\u000a      \"Title\": \"NOK\",\u000d\u000a      \"DovizAlis\": 2.91304,\u000d\u000a      \"DovizSatis\": 3.07847,\u000d\u000a      \"USDCaprazKur\": 10.8074,\u000d\u000a      \"KurTuru\": \"08\",\u000d\u000a      \"Desc\": null\u000d\u000a    },\u000d\u000a    {\u000d\u000a      \"Title\": \"PLN\",\u000d\u000a      \"DovizAlis\": 7.7429,\u000d\u000a      \"DovizSatis\": 8.3417,\u000d\u000a      \"USDCaprazKur\": 4.031,\u000d\u000a      \"KurTuru\": \"01\",\u000d\u000a      \"Desc\": null\u000d\u000a    },\u000d\u000a    {\u000d\u000a      \"Title\": \"PLN\",\u000d\u000a      \"DovizAlis\": 7.8732,\u000d\u000a      \"DovizSatis\": 8.2114,\u000d\u000a      \"USDCaprazKur\": 4.0251,\u000d\u000a      \"KurTuru\": \"08\",\u000d\u000a      \"Desc\": null\u000d\u000a    },\u000d\u000a    {\u000d\u000a      \"Title\": \"RON\",\u000d\u000a      \"DovizAlis\": 6.6793,\u000d\u000a      \"DovizSatis\": 7.2005,\u000d\u000a      \"USDCaprazKur\": 4.6714,\u000d\u000a      \"KurTuru\": \"01\",\u000d\u000a      \"Desc\": null\u000d\u000a    },\u000d\u000a    {\u000d\u000a      \"Title\": \"RON\",\u000d\u000a      \"DovizAlis\": 6.7917,\u000d\u000a      \"DovizSatis\": 7.0881,\u000d\u000a      \"USDCaprazKur\": 4.6646,\u000d\u000a      \"KurTuru\": \"08\",\u000d\u000a      \"Desc\": null\u000d\u000a    },\u000d\u000a    {\u000d\u000a      \"Title\": \"RUB\",\u000d\u000a      \"DovizAlis\": 0.33762,\u000d\u000a      \"DovizSatis\": 0.35521,\u000d\u000a      \"USDCaprazKur\": 93.4552,\u000d\u000a      \"KurTuru\": \"08\",\u000d\u000a      \"Desc\": null\u000d\u000a    },\u000d\u000a    {\u000d\u000a      \"Title\": \"RUB\",\u000d\u000a      \"DovizAlis\": 0.32695,\u000d\u000a      \"DovizSatis\": 0.36593,\u000d\u000a      \"USDCaprazKur\": 93.6909,\u000d\u000a      \"KurTuru\": \"01\",\u000d\u000a      \"Desc\": null\u000d\u000a    },\u000d\u000a    {\u000d\u000a      \"Title\": \"SAR\",\u000d\u000a      \"DovizAlis\": 8.47134,\u000d\u000a      \"DovizSatis\": 8.95189,\u000d\u000a      \"USDCaprazKur\": 3.7164,\u000d\u000a      \"KurTuru\": \"08\",\u000d\u000a      \"Desc\": null\u000d\u000a    },\u000d\u000a    {\u000d\u000a      \"Title\": \"SAR\",\u000d\u000a      \"DovizAlis\": 8.23942,\u000d\u000a      \"DovizSatis\": 9.03987,\u000d\u000a      \"USDCaprazKur\": 