zaman,kur,alis,satis
1751490492,USD,38.409,41.109
1751490492,EUR,45.3034,48.5045
1751490492,XAU,4112.609,4404.006
1751490492,KRW,0.0285,0.0302
1751490492,RUB,0.49012,0.51878
1751490492,AED,10.52441,11.20652
1751490492,SAR,10.33756,11.00505
1751490492,CNY,5.39284,5.71532
1751490492,KWD,126.4781,135.0991
1751490492,GBP,52.3629,56.0726
1751490492,AUD,25.4945,27.0257
1751490492,SEK,4.06705,4.31951
1751490492,CAD,28.4882,30.2171
1751490492,DKK,6.12407,6.49039
1751490492,NOK,3.84739,4.08178
1751490492,PLN,10.7116,11.3673
1751490492,JPY,26.9429,28.5801
1751490492,CHF,48.8883,51.8428
1751490492,ZAR,2.2042,2.338
1751490492,RON,9.0174,9.5696
1751490492,XAG,44.976,48.218
1751490492,XPT,1753.376,1885.434
1751490492,HKD,4.9354,5.2289
