{"GetCurrencyRatesResult":"{\u000d\u000a  \"cur\": [\u000d\u000a    {\u000d\u000a      \"Title\": \"AED\",\u000d\u000a      \"DovizAlis\": 8.65301,\u000d\u000a      \"DovizSatis\": 9.14387,\u000d\u000a      \"USDCaprazKur\": 3.6384,\u000d\u000a      \"KurTuru\": \"08\",\u000d\u000a      \"Desc\": null\u000d\u000a    },\u000d\u000a    {\u000d\u000a      \"Title\": \"AED\",\u000d\u000a      \"DovizAlis\": 8.49781,\u000d\u000a      \"DovizSatis\": 9.15204,\u000d\u000a      \"USDCaprazKur\": 3.6735,\u000d\u000a      \"KurTuru\": \"01\",\u000d\u000a      \"Desc\": null\u000d\u000a    },\u000d\u000a    {\u000d\u000a      \"Title\": \"AUD\",\u000d\u000a      \"DovizAlis\": 20.6218,\u000d\u000a      \"DovizSatis\": 21.9212,\u000d\u000a      \"USDCaprazKur\": 1.5236,\u000d\u000a      \"KurTuru\": \"01\",\u000d\u000a      \"Desc\": null\u000d\u000a    },\u000d\u000a    {\u000d\u000a      \"Title\": \"AUD\",\u000d\u000a      \"DovizAlis\": 20.6373,\u000d\u000a      \"DovizSatis\": 21.8071,\u000d\u000a      \"USDCaprazKur\": 1.5256,\u000d\u000a      \"KurTuru\": \"08\",\u000d\u000a      \"Desc\": null\u000d\u000a    },\u000d\u000a    {\u000d\u000a      \"Title\": \"CAD\",\u000d\u000a      \"DovizAlis\": 23.1692,\u000d\u000a      \"DovizSatis\": 24.6278,\u000d\u000a      \"USDCaprazKur\": 1.3562,\u000d\u000a      \"KurTuru\": \"01\",\u000d\u000a      \"Desc\": null\u000d\u000a    },\u000d\u000a    {\u000d\u000a      \"Title\": \"CAD\",\u000d\u000a      \"DovizAlis\": 23.1867,\u000d\u000a      \"DovizSatis\": 24.4996,\u000d\u000a      \"USDCaprazKur\": 1.3579,\u000d\u000a      \"KurTuru\": \"08\",\u000d\u000a      \"Desc\": null\u000d\u000a    },\u000d\u000a    {\u000d\u000a      \"Title\": \"CHF\",\u000d\u000a      \"DovizAlis\": 34.4455,\u000d\u000a      \"DovizSatis\": 36.5298,\u000d\u000a      \"USDCaprazKur\": 0.9132,\u000d\u000a      \"KurTuru\": \"01\",\u000d\u000a      \"Desc\": null\u000d\u000a    },\u000d\u000a    {\u000d\u000a      \"Title\": \"CHF\",\u000d\u000a      \"DovizAlis\": 34.5177,\u000d\u000a      \"DovizSatis\": 36.3831,\u000d\u000a      \"USDCaprazKur\": 1.095,\u000d\u000a      \"KurTuru\": \"08\",\u000d\u000a      \"Desc\": null\u000d\u000a    },\u000d\u000a    {\u000d\u000a      \"Title\": \"CNY\",\u000d\u000a      \"DovizAlis\": 4.26985,\u000d\u000a      \"DovizSatis\": 4.68474,\u000d\u000a      \"USDCaprazKur\": 7.2442,\u000d\u000a      \"KurTuru\": \"01\",\u000d\u000a      \"Desc\": null\u000d\u000a    },\u000d\u000a    {\u000d\u000a      \"Title\": \"CNY\",\u000d\u000a      \"DovizAlis\": 4.37346,\u000d\u000a      \"DovizSatis\": 4.58112,\u000d\u000a      \"USDCaprazKur\": 7.2304,\u000d\u000a      \"KurTuru\": \"08\",\u000d\u000a      \"Desc\": null\u000d\u000a    },\u000d\u000a    {\u000d\u000a      \"Title\": \"DKK\",\u000d\u000a      \"DovizAlis\": 4.52688,\u000d\u000a      \"DovizSatis\": 4.87014,\u000d\u000a      \"USDCaprazKur\": 6.8995,\u000d\u000a      \"KurTuru\": \"01\",\u000d\u000a      \"Desc\": null\u000d\u000a    },\u000d\u000a    {\u000d\u000a      \"Title\": \"DKK\",\u000d\u000a      \"DovizAlis\": 4.54745,\u000d\u000a      \"DovizSatis\": 4.805,\u000d\u000a      \"USDCaprazKur\": 6.9236,\u000d\u000a      \"KurTuru\": \"08\",\u000d\u000a      \"Desc\": null\u000d\u000a    },\u000d\u000a    {\u000d\u000a      \"Title\": \"EUR\",\u000d\u000a      \"DovizAlis\": 33.5291,\u000d\u000a      \"DovizSatis\": 35.5574,\u000d\u000a      \"USDCaprazKur\": 1.0659,\u000d\u000a      \"KurTuru\": \"01\",\u000d\u000a      \"Desc\": null\u000d\u000a    },\u000d\u000a    {\u000d\u000a      \"Title\": \"EUR\",\u000d\u000a      \"DovizAlis\": 33.5994,\u000d\u000a      \"DovizSatis\": 35.4146,\u000d\u000a      \"USDCaprazKur\": 1.0659,\u000d\u000a      \"KurTuru\": \"08\",\u000d\u000a      \"Desc\": null\u000d\u000a    },\u000d\u000a    {\u000d\u000a      \"Title\": \"GBP\",\u000d\u000a      \"DovizAlis\": 39.2955,\u000d\u000a      \"DovizSatis\": 41.6721,\u000d\u000a      \"USDCaprazKur\": 1.2492,\u000d\u000a      \"KurTuru\": \"01\",\u000d\u000a      \"Desc\": null\u000d\u000a    },\u000d\u000a    {\u000d\u000a      \"Title\": \"GBP\",\u000d\u000a      \"DovizAlis\": 39.3779,\u000d\u000a      \"DovizSatis\": 41.5047,\u000d\u000a      \"USDCaprazKur\": 1.2492,\u000d\u000a      \"KurTuru\": \"08\",\u000d\u000a      \"Desc\": null\u000d\u000a    },\u000d\u000a    {\u000d\u000a      \"Title\": \"JPY\",\u000d\u000a      \"DovizAlis\": 20.6231,\u000d\u000a      \"DovizSatis\": 21.9212,\u000d\u000a      \"USDCaprazKur\": 152.3597,\u000d\u000a      \"KurTuru\": \"01\",\u000d\u000a      \"Desc\": null\u000d\u000a    },\u000d\u000a    {\u000d\u000a      \"Title\": \"JPY\",\u000d\u000a      \"DovizAlis\": 20.6386,\u000d\u000a      \"DovizSatis\": 21.8071,\u000d\u000a      \"USDCaprazKur\": 152.5532,\u000d\u000a      \"KurTuru\": \"08\",\u000d\u000a      \"Desc\": null\u000d\u000a    },\u000d\u000a    {\u000d\u000a      \"Title\": \"KWD\",\u000d\u000a      \"DovizAlis\": 103.1452,\u000d\u000a      \"DovizSatis\": 109.0229,\u000d\u000a      \"USDCaprazKur\": 3.2766,\u000d\u000a      \"KurTuru\": \"08\",\u000d\u000a      \"Desc\": null\u000d\u000a    },\u000d\u000a    {\u000d\u000a      \"Title\": \"KWD\",\u000d\u000a      \"DovizAlis\": 100.3215,\u000d\u000a      \"DovizSatis\": 110.0943,\u000d\u000a      \"USDCaprazKur\": 3.2446,\u000d\u000a      \"KurTuru\": \"01\",\u000d\u000a      \"Desc\": null\u000d\u000a    },\u000d\u000a    {\u000d\u000a      \"Title\": \"NOK\",\u000d\u000a      \"DovizAlis\": 2.90515,\u000d\u000a      \"DovizSatis\": 3.12592,\u000d\u000a      \"USDCaprazKur\": 10.7502,\u000d\u000a      \"KurTuru\": \"01\",\u000d\u000a      \"Desc\": null\u000d\u000a    },\u000d\u000a    {\u000d\u000a      \"Title\": \"NOK\",\u000d\u000a      \"DovizAlis\": 2.91835,\u000d\u000a      \"DovizSatis\": 3.0841,\u000d\u000a      \"USDCaprazKur\": 10.7877,\u000d\u000a      \"KurTuru\": \"08\",\u000d\u000a      \"Desc\": null\u000d\u000a    },\u000d\u000a    {\u000d\u000a      \"Title\": \"PLN\",\u000d\u000a      \"DovizAlis\": 7.7476,\u000d\u000a      \"DovizSatis\": 8.3468,\u000d\u000a      \"USDCaprazKur\": 4.0286,\u000d\u000a      \"KurTuru\": \"01\",\u000d\u000a      \"Desc\": null\u000d\u000a    },\u000d\u000a    {\u000d\u000a      \"Title\": \"PLN\",\u000d\u000a      \"DovizAlis\": 7.878,\u000d\u000a      \"DovizSatis\": 8.2164,\u000d\u000a      \"USDCaprazKur\": 4.0227,\u000d\u000a      \"KurTuru\": \"08\",\u000d\u000a      \"Desc\": null\u000d\u000a    },\u000d\u000a    {\u000d\u000a      \"Title\": \"RON\",\u000d\u000a      \"DovizAlis\": 6.683,\u000d\u000a      \"DovizSatis\": 7.2044,\u000d\u000a      \"USDCaprazKur\": 4.6688,\u000d\u000a      \"KurTuru\": \"01\",\u000d\u000a      \"Desc\": null\u000d\u000a    },\u000d\u000a    {\u000d\u000a      \"Title\": \"RON\",\u000d\u000a      \"DovizAlis\": 6.7954,\u000d\u000a      \"DovizSatis\": 7.0918,\u000d\u000a      \"USDCaprazKur\": 4.6621,\u000d\u000a      \"KurTuru\": \"08\",\u000d\u000a      \"Desc\": null\u000d\u000a    },\u000d\u000a    {\u000d\u000a      \"Title\": \"RUB\",\u000d\u000a      \"DovizAlis\": 0.33762,\u000d\u000a      \"DovizSatis\": 0.35522,\u000d\u000a      \"USDCaprazKur\": 93.4539,\u000d\u000a      \"KurTuru\": \"08\",\u000d\u000a      \"Desc\": null\u000d\u000a    },\u000d\u000a    {\u000d\u000a      \"Title\": \"RUB\",\u000d\u000a      \"DovizAlis\": 0.32696,\u000d\u000a      \"DovizSatis\": 0.36593,\u000d\u000a      \"USDCaprazKur\": 93.6895,\u000d\u000a      \"KurTuru\": \"01\",\u000d\u000a      \"Desc\": null\u000d\u000a    },\u000d\u000a    {\u000d\u000a      \"Title\": \"SAR\",\u000d\u000a      \"DovizAlis\": 8.47148,\u000d\u000a      \"DovizSatis\": 8.95203,\u000d\u000a      \"USDCaprazKur\": 3.7164,\u000d\u000a      \"KurTuru\": \"08\",\u000d\u000a      \"Desc\": null\u000d\u000a    },\u000d\u000a    {\u000d\u000a      \"Title\": \"SAR\",\u000d\u000a      \"DovizAlis\": 8.23956,\u000d\u000a      \"DovizSatis\": 9.04,\u000d\u000a      \"USDCaprazKur\": 3.7541,