{"GetCurrencyRatesResult":"{\u000d\u000a  \"cur\": [\u000d\u000a    {\u000d\u000a      \"Title\": \"AED\",\u000d\u000a      \"DovizAlis\": 8.65273,\u000d\u000a      \"DovizSatis\": 9.14359,\u000d\u000a      \"USDCaprazKur\": 3.6384,\u000d\u000a      \"KurTuru\": \"08\",\u000d\u000a      \"Desc\": null\u000d\u000a    },\u000d\u000a    {\u000d\u000a      \"Title\": \"AED\",\u000d\u000a      \"DovizAlis\": 8.49752,\u000d\u000a      \"DovizSatis\": 9.15176,\u000d\u000a      \"USDCaprazKur\": 3.6735,\u000d\u000a      \"KurTuru\": \"01\",\u000d\u000a      \"Desc\": null\u000d\u000a    },\u000d\u000a    {\u000d\u000a      \"Title\": \"AUD\",\u000d\u000a      \"DovizAlis\": 20.6224,\u000d\u000a      \"DovizSatis\": 21.9219,\u000d\u000a      \"USDCaprazKur\": 1.5235,\u000d\u000a      \"KurTuru\": \"01\",\u000d\u000a      \"Desc\": null\u000d\u000a    },\u000d\u000a    {\u000d\u000a      \"Title\": \"AUD\",\u000d\u000a      \"DovizAlis\": 20.638,\u000d\u000a      \"DovizSatis\": 21.8078,\u000d\u000a      \"USDCaprazKur\": 1.5255,\u000d\u000a      \"KurTuru\": \"08\",\u000d\u000a      \"Desc\": null\u000d\u000a    },\u000d\u000a    {\u000d\u000a      \"Title\": \"CAD\",\u000d\u000a      \"DovizAlis\": 23.1685,\u000d\u000a      \"DovizSatis\": 24.627,\u000d\u000a      \"USDCaprazKur\": 1.3562,\u000d\u000a      \"KurTuru\": \"01\",\u000d\u000a      \"Desc\": null\u000d\u000a    },\u000d\u000a    {\u000d\u000a      \"Title\": \"CAD\",\u000d\u000a      \"DovizAlis\": 23.186,\u000d\u000a      \"DovizSatis\": 24.4988,\u000d\u000a      \"USDCaprazKur\": 1.3579,\u000d\u000a      \"KurTuru\": \"08\",\u000d\u000a      \"Desc\": null\u000d\u000a    },\u000d\u000a    {\u000d\u000a      \"Title\": \"CHF\",\u000d\u000a      \"DovizAlis\": 34.4519,\u000d\u000a      \"DovizSatis\": 36.5367,\u000d\u000a      \"USDCaprazKur\": 0.913,\u000d\u000a      \"KurTuru\": \"01\",\u000d\u000a      \"Desc\": null\u000d\u000a    },\u000d\u000a    {\u000d\u000a      \"Title\": \"CHF\",\u000d\u000a      \"DovizAlis\": 34.5241,\u000d\u000a      \"DovizSatis\": 36.3899,\u000d\u000a      \"USDCaprazKur\": 1.0952,\u000d\u000a      \"KurTuru\": \"08\",\u000d\u000a      \"Desc\": null\u000d\u000a    },\u000d\u000a    {\u000d\u000a      \"Title\": \"CNY\",\u000d\u000a      \"DovizAlis\": 4.26965,\u000d\u000a      \"DovizSatis\": 4.6844,\u000d\u000a      \"USDCaprazKur\": 7.2444,\u000d\u000a      \"KurTuru\": \"01\",\u000d\u000a      \"Desc\": null\u000d\u000a    },\u000d\u000a    {\u000d\u000a      \"Title\": \"CNY\",\u000d\u000a      \"DovizAlis\": 4.37326,\u000d\u000a      \"DovizSatis\": 4.58078,\u000d\u000a      \"USDCaprazKur\": 7.2306,\u000d\u000a      \"KurTuru\": \"08\",\u000d\u000a      \"Desc\": null\u000d\u000a    },\u000d\u000a    {\u000d\u000a      \"Title\": \"DKK\",\u000d\u000a      \"DovizAlis\": 4.52563,\u000d\u000a      \"DovizSatis\": 4.86874,\u000d\u000a      \"USDCaprazKur\": 6.9013,\u000d\u000a      \"KurTuru\": \"01\",\u000d\u000a      \"Desc\": null\u000d\u000a    },\u000d\u000a    {\u000d\u000a      \"Title\": \"DKK\",\u000d\u000a      \"DovizAlis\": 4.54619,\u000d\u000a      \"DovizSatis\": 4.80361,\u000d\u000a      \"USDCaprazKur\": 6.9253,\u000d\u000a      \"KurTuru\": \"08\",\u000d\u000a      \"Desc\": null\u000d\u000a    },\u000d\u000a    {\u000d\u000a      \"Title\": \"EUR\",\u000d\u000a      \"DovizAlis\": 33.5185,\u000d\u000a      \"DovizSatis\": 35.5463,\u000d\u000a      \"USDCaprazKur\": 1.0656,\u000d\u000a      \"KurTuru\": \"01\",\u000d\u000a      \"Desc\": null\u000d\u000a    },\u000d\u000a    {\u000d\u000a      \"Title\": \"EUR\",\u000d\u000a      \"DovizAlis\": 33.5888,\u000d\u000a      \"DovizSatis\": 35.4035,\u000d\u000a      \"USDCaprazKur\": 1.0655,\u000d\u000a      \"KurTuru\": \"08\",\u000d\u000a      \"Desc\": null\u000d\u000a    },\u000d\u000a    {\u000d\u000a      \"Title\": \"GBP\",\u000d\u000a      \"DovizAlis\": 39.291,\u000d\u000a      \"DovizSatis\": 41.6675,\u000d\u000a      \"USDCaprazKur\": 1.249,\u000d\u000a      \"KurTuru\": \"01\",\u000d\u000a      \"Desc\": null\u000d\u000a    },\u000d\u000a    {\u000d\u000a      \"Title\": \"GBP\",\u000d\u000a      \"DovizAlis\": 39.3735,\u000d\u000a      \"DovizSatis\": 41.5001,\u000d\u000a      \"USDCaprazKur\": 1.2491,\u000d\u000a      \"KurTuru\": \"08\",\u000d\u000a      \"Desc\": null\u000d\u000a    },\u000d\u000a    {\u000d\u000a      \"Title\": \"JPY\",\u000d\u000a      \"DovizAlis\": 20.6358,\u000d\u000a      \"DovizSatis\": 21.9347,\u000d\u000a      \"USDCaprazKur\": 152.2612,\u000d\u000a      \"KurTuru\": \"01\",\u000d\u000a      \"Desc\": null\u000d\u000a    },\u000d\u000a    {\u000d\u000a      \"Title\": \"JPY\",\u000d\u000a      \"DovizAlis\": 20.6514,\u000d\u000a      \"DovizSatis\": 21.8205,\u000d\u000a      \"USDCaprazKur\": 152.4544,\u000d\u000a      \"KurTuru\": \"08\",\u000d\u000a      \"Desc\": null\u000d\u000a    },\u000d\u000a    {\u000d\u000a      \"Title\": \"KWD\",\u000d\u000a      \"DovizAlis\": 103.1418,\u000d\u000a      \"DovizSatis\": 109.0195,\u000d\u000a      \"USDCaprazKur\": 3.2766,\u000d\u000a      \"KurTuru\": \"08\",\u000d\u000a      \"Desc\": null\u000d\u000a    },\u000d\u000a    {\u000d\u000a      \"Title\": \"KWD\",\u000d\u000a      \"DovizAlis\": 100.3181,\u000d\u000a      \"DovizSatis\": 110.0909,\u000d\u000a      \"USDCaprazKur\": 3.2446,\u000d\u000a      \"KurTuru\": \"01\",\u000d\u000a      \"Desc\": null\u000d\u000a    },\u000d\u000a    {\u000d\u000a      \"Title\": \"NOK\",\u000d\u000a      \"DovizAlis\": 2.90502,\u000d\u000a      \"DovizSatis\": 3.12585,\u000d\u000a      \"USDCaprazKur\": 10.7502,\u000d\u000a      \"KurTuru\": \"01\",\u000d\u000a      \"Desc\": null\u000d\u000a    },\u000d\u000a    {\u000d\u000a      \"Title\": \"NOK\",\u000d\u000a      \"DovizAlis\": 2.91823,\u000d\u000a      \"DovizSatis\": 3.08403,\u000d\u000a      \"USDCaprazKur\": 10.7877,\u000d\u000a      \"KurTuru\": \"08\",\u000d\u000a      \"Desc\": null\u000d\u000a    },\u000d\u000a    {\u000d\u000a      \"Title\": \"PLN\",\u000d\u000a      \"DovizAlis\": 7.7426,\u000d\u000a      \"DovizSatis\": 8.3415,\u000d\u000a      \"USDCaprazKur\": 4.031,\u000d\u000a      \"KurTuru\": \"01\",\u000d\u000a      \"Desc\": null\u000d\u000a    },\u000d\u000a    {\u000d\u000a      \"Title\": \"PLN\",\u000d\u000a      \"DovizAlis\": 7.8728,\u000d\u000a      \"DovizSatis\": 8.2112,\u000d\u000a      \"USDCaprazKur\": 4.0252,\u000d\u000a      \"KurTuru\": \"08\",\u000d\u000a      \"Desc\": null\u000d\u000a    },\u000d\u000a    {\u000d\u000a      \"Title\": \"RON\",\u000d\u000a      \"DovizAlis\": 6.6811,\u000d\u000a      \"DovizSatis\": 7.2024,\u000d\u000a      \"USDCaprazKur\": 4.67,\u000d\u000a      \"KurTuru\": \"01\",\u000d\u000a      \"Desc\": null\u000d\u000a    },\u000d\u000a    {\u000d\u000a      \"Title\": \"RON\",\u000d\u000a      \"DovizAlis\": 6.7935,\u000d\u000a      \"DovizSatis\": 7.0899,\u000d\u000a      \"USDCaprazKur\": 4.6632,\u000d\u000a      \"KurTuru\": \"08\",\u000d\u000a      \"Desc\": null\u000d\u000a    },\u000d\u000a    {\u000d\u000a      \"Title\": \"RUB\",\u000d\u000a      \"DovizAlis\": 0.33761,\u000d\u000a      \"DovizSatis\": 0.35521,\u000d\u000a      \"USDCaprazKur\": 93.4537,\u000d\u000a      \"KurTuru\": \"08\",\u000d\u000a      \"Desc\": null\u000d\u000a    },\u000d\u000a    {\u000d\u000a      \"Title\": \"RUB\",\u000d\u000a      \"DovizAlis\": 0.32695,\u000d\u000a      \"DovizSatis\": 0.36592,\u000d\u000a      \"USDCaprazKur\": 93.6893,\u000d\u000a      \"KurTuru\": \"01\",\u000d\u000a      \"Desc\": null\u000d\u000a    },\u000d\u000a    {\u000d\u000a      \"Title\": \"SAR\",\u000d\u000a      \"DovizAlis\": 8.4712,\u000d\u000a      \"DovizSatis\": 8.95175,\u000d\u000a      \"USDCaprazKur\": 3.7164,\u000d\u000a      \"KurTuru\": \"08\",\u000d\u000a      \"Desc\": null\u000d\u000a    },\u000d\u000a    {\u000d\u000a      \"Title\": \"SAR\",\u000d\u000a      \"DovizAlis\": 8.23928,\u000d\u000a      \"DovizSatis\": 9.03972,\u000d\u000a      \"USDCaprazKur\": 3.7541,