zaman,kur,alis,satis
1738789955,AED,9.46921,10.15013
1738789955,AUD,21.8457,23.2945
1738789955,CAD,24.2785,25.8871
1738789955,CHF,38.5579,41.1143
1738789955,CNY,4.77836,5.09654
1738789955,DKK,4.84594,5.16731
1738789955,EUR,35.8077,38.6204
1738789955,GBP,43.0318,46.4113
1738789955,JPY,22.76,24.2679
1738789955,KWD,112.6752,120.8533
1738789955,NOK,3.09572,3.30175
1738789955,PLN,8.6035,9.1788
1738789955,RON,7.2624,7.7512
1738789955,RUB,0.35286,0.38004
1738789955,SAR,9.27145,9.93873
1738789955,SEK,3.185,3.39698
1738789955,USD,34.417,37.117
1738789955,XAG,35.711,38.564
1738789955,XAU,3150.308,3398.504
1738789955,XPT,1087.174,1179.563
1738789955,ZAR,1.8719,1.9969
1738790675,AED,9.46921,10.15013
1738790675,AUD,21.8489,23.2993
1738790675,CAD,24.2857,25.8948
1738790675,CHF,38.5585,41.115
1738790675,CNY,4.778,5.09618
1738790675,DKK,4.8463,5.16768
1738790675,EUR,35.8083,38.6211
1738790675,GBP,43.0395,46.4195
1738790675,JPY,22.7693,24.2778
1738790675,KWD,112.6771,120.8552
1738790675,NOK,3.09616,3.30224
1738790675,PLN,8.6039,9.179
1738790675,RON,7.2633,7.7516
1738790675,RUB,0.35287,0.38005
1738790675,SAR,9.27161,9.93889
1738790675,SEK,3.18529,3.39731
1738790675,USD,34.418,37.118
1738790675,XAG,35.732,38.574
1738790675,XAU,3151.321,3399.236
1738790675,XPT,1085.71,1179.462
1738790675,ZAR,1.8724,1.9973
1738791275,AED,9.46883,10.14975
1738791275,AUD,21.8469,23.2956
1738791275,CAD,24.2899,25.8992
1738791275,CHF,38.5513,41.1072
1738791275,CNY,4.77817,5.09635
1738791275,DKK,4.84559,5.16691
1738791275,EUR,35.8026,38.6149
1738791275,GBP,43.041,46.421
1738791275,JPY,22.7626,24.2706
1738791275,KWD,112.6774,120.8552
1738791275,NOK,3.09546,3.30179
1738791275,PLN,8.6029,9.1788
1738791275,RON,7.2608,7.7529
1738791275,RUB,0.35288,0.38006
1738791275,SAR,9.27193,9.93921
1738791275,SEK,3.18485,3.39727
1738791275,USD,34.419,37.119
1738791275,XAG,35.735,38.575
1738791275,XAU,3151.739,3399.975
1738791275,XPT,1086.257,1179.035
1738791275,ZAR,1.8719,1.9968
