{"GetCurrencyRatesResult":"{\u000d\u000a  \"cur\": [\u000d\u000a    {\u000d\u000a      \"Title\": \"AED\",\u000d\u000a      \"DovizAlis\": 8.61867,\u000d\u000a      \"DovizSatis\": 9.30004,\u000d\u000a      \"USDCaprazKur\": 3.6435,\u000d\u000a      \"KurTuru\": \"08\",\u000d\u000a      \"Desc\": null\u000d\u000a    },\u000d\u000a    {\u000d\u000a      \"Title\": \"AED\",\u000d\u000a      \"DovizAlis\": 8.51658,\u000d\u000a      \"DovizSatis\": 9.33407,\u000d\u000a      \"USDCaprazKur\": 3.673,\u000d\u000a      \"KurTuru\": \"01\",\u000d\u000a      \"Desc\": null\u000d\u000a    },\u000d\u000a    {\u000d\u000a      \"Title\": \"AUD\",\u000d\u000a      \"DovizAlis\": 20.9871,\u000d\u000a      \"DovizSatis\": 22.6525,\u000d\u000a      \"USDCaprazKur\": 1.502,\u000d\u000a      \"KurTuru\": \"01\",\u000d\u000a      \"Desc\": null\u000d\u000a    },\u000d\u000a    {\u000d\u000a      \"Title\": \"AUD\",\u000d\u000a      \"DovizAlis\": 21.0536,\u000d\u000a      \"DovizSatis\": 22.5859,\u000d\u000a      \"USDCaprazKur\": 1.4959,\u000d\u000a      \"KurTuru\": \"08\",\u000d\u000a      \"Desc\": null\u000d\u000a    },\u000d\u000a    {\u000d\u000a      \"Title\": \"CAD\",\u000d\u000a      \"DovizAlis\": 23.0303,\u000d\u000a      \"DovizSatis\": 24.858,\u000d\u000a      \"USDCaprazKur\": 1.3687,\u000d\u000a      \"KurTuru\": \"01\",\u000d\u000a      \"Desc\": null\u000d\u000a    },\u000d\u000a    {\u000d\u000a      \"Title\": \"CAD\",\u000d\u000a      \"DovizAlis\": 23.1033,\u000d\u000a      \"DovizSatis\": 24.785,\u000d\u000a      \"USDCaprazKur\": 1.3632,\u000d\u000a      \"KurTuru\": \"08\",\u000d\u000a      \"Desc\": null\u000d\u000a    },\u000d\u000a    {\u000d\u000a      \"Title\": \"CHF\",\u000d\u000a      \"DovizAlis\": 35.3867,\u000d\u000a      \"DovizSatis\": 38.1965,\u000d\u000a      \"USDCaprazKur\": 0.8908,\u000d\u000a      \"KurTuru\": \"01\",\u000d\u000a      \"Desc\": null\u000d\u000a    },\u000d\u000a    {\u000d\u000a      \"Title\": \"CHF\",\u000d\u000a      \"DovizAlis\": 35.4989,\u000d\u000a      \"DovizSatis\": 38.0843,\u000d\u000a      \"USDCaprazKur\": 1.1272,\u000d\u000a      \"KurTuru\": \"08\",\u000d\u000a      \"Desc\": null\u000d\u000a    },\u000d\u000a    {\u000d\u000a      \"Title\": \"CNY\",\u000d\u000a      \"DovizAlis\": 4.30867,\u000d\u000a      \"DovizSatis\": 4.72193,\u000d\u000a      \"USDCaprazKur\": 7.2604,\u000d\u000a      \"KurTuru\": \"01\",\u000d\u000a      \"Desc\": null\u000d\u000a    },\u000d\u000a    {\u000d\u000a      \"Title\": \"CNY\",\u000d\u000a      \"DovizAlis\": 4.35688,\u000d\u000a      \"DovizSatis\": 4.67372,\u000d\u000a      \"USDCaprazKur\": 7.2289,\u000d\u000a      \"KurTuru\": \"08\",\u000d\u000a      \"Desc\": null\u000d\u000a    },\u000d\u000a    {\u000d\u000a      \"Title\": \"DKK\",\u000d\u000a      \"DovizAlis\": 4.52639,\u000d\u000a      \"DovizSatis\": 4.88567,\u000d\u000a      \"USDCaprazKur\": 6.9641,\u000d\u000a      \"KurTuru\": \"01\",\u000d\u000a      \"Desc\": null\u000d\u000a    },\u000d\u000a    {\u000d\u000a      \"Title\": \"DKK\",\u000d\u000a      \"DovizAlis\": 4.54074,\u000d\u000a      \"DovizSatis\": 4.87132,\u000d\u000a      \"USDCaprazKur\": 6.936,\u000d\u000a      \"KurTuru\": \"08\",\u000d\u000a      \"Desc\": null\u000d\u000a    },\u000d\u000a    {\u000d\u000a      \"Title\": \"EUR\",\u000d\u000a      \"DovizAlis\": 33.4948,\u000d\u000a      \"DovizSatis\": 36.7069,\u000d\u000a      \"USDCaprazKur\": 1.0707,\u000d\u000a      \"KurTuru\": \"01\",\u000d\u000a      \"Desc\": null\u000d\u000a    },\u000d\u000a    {\u000d\u000a      \"Title\": \"EUR\",\u000d\u000a      \"DovizAlis\": 33.5109,\u000d\u000a      \"DovizSatis\": 36.4018,\u000d\u000a      \"USDCaprazKur\": 1.0707,\u000d\u000a      \"KurTuru\": \"08\",\u000d\u000a      \"Desc\": null\u000d\u000a    },\u000d\u000a    {\u000d\u000a      \"Title\": \"GBP\",\u000d\u000a      \"DovizAlis\": 39.6232,\u000d\u000a      \"DovizSatis\": 43.4264,\u000d\u000a      \"USDCaprazKur\": 1.2667,\u000d\u000a      \"KurTuru\": \"01\",\u000d\u000a      \"Desc\": null\u000d\u000a    },\u000d\u000a    {\u000d\u000a      \"Title\": \"GBP\",\u000d\u000a      \"DovizAlis\": 39.6422,\u000d\u000a      \"DovizSatis\": 43.0654,\u000d\u000a      \"USDCaprazKur\": 1.2667,\u000d\u000a      \"KurTuru\": \"08\",\u000d\u000a      \"Desc\": null\u000d\u000a    },\u000d\u000a    {\u000d\u000a      \"Title\": \"JPY\",\u000d\u000a      \"DovizAlis\": 19.8496,\u000d\u000a      \"DovizSatis\": 21.4247,\u000d\u000a      \"USDCaprazKur\": 158.8082,\u000d\u000a      \"KurTuru\": \"01\",\u000d\u000a      \"Desc\": null\u000d\u000a    },\u000d\u000a    {\u000d\u000a      \"Title\": \"JPY\",\u000d\u000a      \"DovizAlis\": 19.9126,\u000d\u000a      \"DovizSatis\": 21.3617,\u000d\u000a      \"USDCaprazKur\": 158.1654,\u000d\u000a      \"KurTuru\": \"08\",\u000d\u000a      \"Desc\": null\u000d\u000a    },\u000d\u000a    {\u000d\u000a      \"Title\": \"KWD\",\u000d\u000a      \"DovizAlis\": 103.1713,\u000d\u000a      \"DovizSatis\": 111.3912,\u000d\u000a      \"USDCaprazKur\": 3.2864,\u000d\u000a      \"KurTuru\": \"08\",\u000d\u000a      \"Desc\": null\u000d\u000a    },\u000d\u000a    {\u000d\u000a      \"Title\": \"KWD\",\u000d\u000a      \"DovizAlis\": 101.9492,\u000d\u000a      \"DovizSatis\": 111.7988,\u000d\u000a      \"USDCaprazKur\": 3.26,\u000d\u000a      \"KurTuru\": \"01\",\u000d\u000a      \"Desc\": null\u000d\u000a    },\u000d\u000a    {\u000d\u000a      \"Title\": \"NOK\",\u000d\u000a      \"DovizAlis\": 2.98745,\u000d\u000a      \"DovizSatis\": 3.22552,\u000d\u000a      \"USDCaprazKur\": 10.5501,\u000d\u000a      \"KurTuru\": \"01\",\u000d\u000a      \"Desc\": null\u000d\u000a    },\u000d\u000a    {\u000d\u000a      \"Title\": \"NOK\",\u000d\u000a      \"DovizAlis\": 2.99692,\u000d\u000a      \"DovizSatis\": 3.21604,\u000d\u000a      \"USDCaprazKur\": 10.5074,\u000d\u000a      \"KurTuru\": \"08\",\u000d\u000a      \"Desc\": null\u000d\u000a    },\u000d\u000a    {\u000d\u000a      \"Title\": \"PLN\",\u000d\u000a      \"DovizAlis\": 7.7981,\u000d\u000a      \"DovizSatis\": 8.4203,\u000d\u000a      \"USDCaprazKur\": 4.0415,\u000d\u000a      \"KurTuru\": \"01\",\u000d\u000a      \"Desc\": null\u000d\u000a    },\u000d\u000a    {\u000d\u000a      \"Title\": \"PLN\",\u000d\u000a      \"DovizAlis\": 7.8228,\u000d\u000a      \"DovizSatis\": 8.3955,\u000d\u000a      \"USDCaprazKur\": 4.0252,\u000d\u000a      \"KurTuru\": \"08\",\u000d\u000a      \"Desc\": null\u000d\u000a    },\u000d\u000a    {\u000d\u000a      \"Title\": \"RON\",\u000d\u000a      \"DovizAlis\": 6.7803,\u000d\u000a      \"DovizSatis\": 7.3265,\u000d\u000a      \"USDCaprazKur\": 4.6466,\u000d\u000a      \"KurTuru\": \"01\",\u000d\u000a      \"Desc\": null\u000d\u000a    },\u000d\u000a    {\u000d\u000a      \"Title\": \"RON\",\u000d\u000a      \"DovizAlis\": 6.8018,\u000d\u000a      \"DovizSatis\": 7.305,\u000d\u000a      \"USDCaprazKur\": 4.6277,\u000d\u000a      \"KurTuru\": \"08\",\u000d\u000a      \"Desc\": null\u000d\u000a    },\u000d\u000a    {\u000d\u000a      \"Title\": \"RUB\",\u000d\u000a      \"DovizAlis\": 0.36169,\u000d\u000a      \"DovizSatis\": 0.38999,\u000d\u000a      \"USDCaprazKur\": 86.8546,\u000d\u000a      \"KurTuru\": \"08\",\u000d\u000a      \"Desc\": null\u000d\u000a    },\u000d\u000a    {\u000d\u000a      \"Title\": \"RUB\",\u000d\u000a      \"DovizAlis\": 0.35031,\u000d\u000a      \"DovizSatis\": 0.40153,\u000d\u000a      \"USDCaprazKur\": 87.3409,\u000d\u000a      \"KurTuru\": \"01\",\u000d\u000a      \"Desc\": null\u000d\u000a    },\u000d\u000a    {\u000d\u000a      \"Title\": \"SAR\",\u000d\u000a      \"DovizAlis\": 8.43811,\u000d\u000a      \"DovizSatis\": 9.10518,\u000d\u000a      \"USDCaprazKur\": 3.7215,\u000d\u000a      \"KurTuru\": \"08\",\u000d\u000a      \"Desc\": null\u000d\u000a    },\u000d\u000a    {\u000d\u000a      \"Title\": \"SAR\",\u000d\u000a      \"DovizAlis\": 8.33816,\u000d\u000a      \"DovizSatis\": 9.1385,\u000d\u000a      \"USDCaprazKur\": 3.7516,