{"GetCurrencyRatesResult":"{\u000d\u000a  \"cur\": [\u000d\u000a    {\u000d\u000a      \"Title\": \"AED\",\u000d\u000a      \"DovizAlis\": 8.45645,\u000d\u000a      \"DovizSatis\": 9.13781,\u000d\u000a      \"USDCaprazKur\": 3.6583,\u000d\u000a      \"KurTuru\": \"08\",\u000d\u000a      \"Desc\": null\u000d\u000a    },\u000d\u000a    {\u000d\u000a      \"Title\": \"AED\",\u000d\u000a      \"DovizAlis\": 8.3548,\u000d\u000a      \"DovizSatis\": 9.17228,\u000d\u000a      \"USDCaprazKur\": 3.6731,\u000d\u000a      \"KurTuru\": \"01\",\u000d\u000a      \"Desc\": null\u000d\u000a    },\u000d\u000a    {\u000d\u000a      \"Title\": \"AUD\",\u000d\u000a      \"DovizAlis\": 20.4312,\u000d\u000a      \"DovizSatis\": 22.0897,\u000d\u000a      \"USDCaprazKur\": 1.5134,\u000d\u000a      \"KurTuru\": \"01\",\u000d\u000a      \"Desc\": null\u000d\u000a    },\u000d\u000a    {\u000d\u000a      \"Title\": \"AUD\",\u000d\u000a      \"DovizAlis\": 20.4973,\u000d\u000a      \"DovizSatis\": 22.0236,\u000d\u000a      \"USDCaprazKur\": 1.5135,\u000d\u000a      \"KurTuru\": \"08\",\u000d\u000a      \"Desc\": null\u000d\u000a    },\u000d\u000a    {\u000d\u000a      \"Title\": \"CAD\",\u000d\u000a      \"DovizAlis\": 22.5293,\u000d\u000a      \"DovizSatis\": 24.3571,\u000d\u000a      \"USDCaprazKur\": 1.3725,\u000d\u000a      \"KurTuru\": \"01\",\u000d\u000a      \"Desc\": null\u000d\u000a    },\u000d\u000a    {\u000d\u000a      \"Title\": \"CAD\",\u000d\u000a      \"DovizAlis\": 22.6021,\u000d\u000a      \"DovizSatis\": 24.2842,\u000d\u000a      \"USDCaprazKur\": 1.3726,\u000d\u000a      \"KurTuru\": \"08\",\u000d\u000a      \"Desc\": null\u000d\u000a    },\u000d\u000a    {\u000d\u000a      \"Title\": \"CHF\",\u000d\u000a      \"DovizAlis\": 33.8198,\u000d\u000a      \"DovizSatis\": 36.5849,\u000d\u000a      \"USDCaprazKur\": 0.914,\u000d\u000a      \"KurTuru\": \"01\",\u000d\u000a      \"Desc\": null\u000d\u000a    },\u000d\u000a    {\u000d\u000a      \"Title\": \"CHF\",\u000d\u000a      \"DovizAlis\": 33.9291,\u000d\u000a      \"DovizSatis\": 36.4755,\u000d\u000a      \"USDCaprazKur\": 1.094,\u000d\u000a      \"KurTuru\": \"08\",\u000d\u000a      \"Desc\": null\u000d\u000a    },\u000d\u000a    {\u000d\u000a      \"Title\": \"CNY\",\u000d\u000a      \"DovizAlis\": 4.23663,\u000d\u000a      \"DovizSatis\": 4.65174,\u000d\u000a      \"USDCaprazKur\": 7.243,\u000d\u000a      \"KurTuru\": \"01\",\u000d\u000a      \"Desc\": null\u000d\u000a    },\u000d\u000a    {\u000d\u000a      \"Title\": \"CNY\",\u000d\u000a      \"DovizAlis\": 4.28472,\u000d\u000a      \"DovizSatis\": 4.60319,\u000d\u000a      \"USDCaprazKur\": 7.2413,\u000d\u000a      \"KurTuru\": \"08\",\u000d\u000a      \"Desc\": null\u000d\u000a    },\u000d\u000a    {\u000d\u000a      \"Title\": \"DKK\",\u000d\u000a      \"DovizAlis\": 4.48294,\u000d\u000a      \"DovizSatis\": 4.84656,\u000d\u000a      \"USDCaprazKur\": 6.8976,\u000d\u000a      \"KurTuru\": \"01\",\u000d\u000a      \"Desc\": null\u000d\u000a    },\u000d\u000a    {\u000d\u000a      \"Title\": \"DKK\",\u000d\u000a      \"DovizAlis\": 4.49743,\u000d\u000a      \"DovizSatis\": 4.83206,\u000d\u000a      \"USDCaprazKur\": 6.8981,\u000d\u000a      \"KurTuru\": \"08\",\u000d\u000a      \"Desc\": null\u000d\u000a    },\u000d\u000a    {\u000d\u000a      \"Title\": \"EUR\",\u000d\u000a      \"DovizAlis\": 33.1796,\u000d\u000a      \"DovizSatis\": 36.4336,\u000d\u000a      \"USDCaprazKur\": 1.0814,\u000d\u000a      \"KurTuru\": \"01\",\u000d\u000a      \"Desc\": null\u000d\u000a    },\u000d\u000a    {\u000d\u000a      \"Title\": \"EUR\",\u000d\u000a      \"DovizAlis\": 33.3418,\u000d\u000a      \"DovizSatis\": 36.2714,\u000d\u000a      \"USDCaprazKur\": 1.0814,\u000d\u000a      \"KurTuru\": \"08\",\u000d\u000a      \"Desc\": null\u000d\u000a    },\u000d\u000a    {\u000d\u000a      \"Title\": \"GBP\",\u000d\u000a      \"DovizAlis\": 38.9515,\u000d\u000a      \"DovizSatis\": 42.7765,\u000d\u000a      \"USDCaprazKur\": 1.2696,\u000d\u000a      \"KurTuru\": \"01\",\u000d\u000a      \"Desc\": null\u000d\u000a    },\u000d\u000a    {\u000d\u000a      \"Title\": \"GBP\",\u000d\u000a      \"DovizAlis\": 39.1419,\u000d\u000a      \"DovizSatis\": 42.586,\u000d\u000a      \"USDCaprazKur\": 1.2696,\u000d\u000a      \"KurTuru\": \"08\",\u000d\u000a      \"Desc\": null\u000d\u000a    },\u000d\u000a    {\u000d\u000a      \"Title\": \"JPY\",\u000d\u000a      \"DovizAlis\": 19.7088,\u000d\u000a      \"DovizSatis\": 21.307,\u000d\u000a      \"USDCaprazKur\": 156.8927,\u000d\u000a      \"KurTuru\": \"01\",\u000d\u000a      \"Desc\": null\u000d\u000a    },\u000d\u000a    {\u000d\u000a      \"Title\": \"JPY\",\u000d\u000a      \"DovizAlis\": 19.7725,\u000d\u000a      \"DovizSatis\": 21.2433,\u000d\u000a      \"USDCaprazKur\": 156.9052,\u000d\u000a      \"KurTuru\": \"08\",\u000d\u000a      \"Desc\": null\u000d\u000a    },\u000d\u000a    {\u000d\u000a      \"Title\": \"KWD\",\u000d\u000a      \"DovizAlis\": 101.0047,\u000d\u000a      \"DovizSatis\": 109.4906,\u000d\u000a      \"USDCaprazKur\": 3.2703,\u000d\u000a      \"KurTuru\": \"08\",\u000d\u000a      \"Desc\": null\u000d\u000a    },\u000d\u000a    {\u000d\u000a      \"Title\": \"KWD\",\u000d\u000a      \"DovizAlis\": 99.7852,\u000d\u000a      \"DovizSatis\": 109.8984,\u000d\u000a      \"USDCaprazKur\": 3.2572,\u000d\u000a      \"KurTuru\": \"01\",\u000d\u000a      \"Desc\": null\u000d\u000a    },\u000d\u000a    {\u000d\u000a      \"Title\": \"NOK\",\u000d\u000a      \"DovizAlis\": 2.89504,\u000d\u000a      \"DovizSatis\": 3.13552,\u000d\u000a      \"USDCaprazKur\": 10.6711,\u000d\u000a      \"KurTuru\": \"01\",\u000d\u000a      \"Desc\": null\u000d\u000a    },\u000d\u000a    {\u000d\u000a      \"Title\": \"NOK\",\u000d\u000a      \"DovizAlis\": 2.9044,\u000d\u000a      \"DovizSatis\": 3.12614,\u000d\u000a      \"USDCaprazKur\": 10.672,\u000d\u000a      \"KurTuru\": \"08\",\u000d\u000a      \"Desc\": null\u000d\u000a    },\u000d\u000a    {\u000d\u000a      \"Title\": \"PLN\",\u000d\u000a      \"DovizAlis\": 7.8368,\u000d\u000a      \"DovizSatis\": 8.4847,\u000d\u000a      \"USDCaprazKur\": 3.9428,\u000d\u000a      \"KurTuru\": \"01\",\u000d\u000a      \"Desc\": null\u000d\u000a    },\u000d\u000a    {\u000d\u000a      \"Title\": \"PLN\",\u000d\u000a      \"DovizAlis\": 7.8621,\u000d\u000a      \"DovizSatis\": 8.4594,\u000d\u000a      \"USDCaprazKur\": 3.9431,\u000d\u000a      \"KurTuru\": \"08\",\u000d\u000a      \"Desc\": null\u000d\u000a    },\u000d\u000a    {\u000d\u000a      \"Title\": \"RON\",\u000d\u000a      \"DovizAlis\": 6.7174,\u000d\u000a      \"DovizSatis\": 7.2761,\u000d\u000a      \"USDCaprazKur\": 4.5988,\u000d\u000a      \"KurTuru\": \"01\",\u000d\u000a      \"Desc\": null\u000d\u000a    },\u000d\u000a    {\u000d\u000a      \"Title\": \"RON\",\u000d\u000a      \"DovizAlis\": 6.7391,\u000d\u000a      \"DovizSatis\": 7.2543,\u000d\u000a      \"USDCaprazKur\": 4.5992,\u000d\u000a      \"KurTuru\": \"08\",\u000d\u000a      \"Desc\": null\u000d\u000a    },\u000d\u000a    {\u000d\u000a      \"Title\": \"RUB\",\u000d\u000a      \"DovizAlis\": 0.33535,\u000d\u000a      \"DovizSatis\": 0.36773,\u000d\u000a      \"USDCaprazKur\": 91.5774,\u000d\u000a      \"KurTuru\": \"08\",\u000d\u000a      \"Desc\": null\u000d\u000a    },\u000d\u000a    {\u000d\u000a      \"Title\": \"RUB\",\u000d\u000a      \"DovizAlis\": 0.32461,\u000d\u000a      \"DovizSatis\": 0.37882,\u000d\u000a      \"USDCaprazKur\": 91.7363,\u000d\u000a      \"KurTuru\": \"01\",\u000d\u000a      \"Desc\": null\u000d\u000a    },\u000d\u000a    {\u000d\u000a      \"Title\": \"SAR\",\u000d\u000a      \"DovizAlis\": 8.28067,\u000d\u000a      \"DovizSatis\": 8.94884,\u000d\u000a      \"USDCaprazKur\": 3.7356,\u000d\u000a      \"KurTuru\": \"08\",\u000d\u000a      \"Desc\": null\u000d\u000a    },\u000d\u000a    {\u000d\u000a      \"Title\": \"SAR\",\u000d\u000a      \"DovizAlis\": 8.18069,\u000d\u000a      \"DovizSatis\": 8.98217,\u000d\u000a      \"USDCaprazKur\": 3.7506,