{"GetCurrencyRatesResult":"{\u000d\u000a  \"cur\": [\u000d\u000a    {\u000d\u000a      \"Title\": \"AED\",\u000d\u000a      \"DovizAlis\": 9.34461,\u000d\u000a      \"DovizSatis\": 10.02552,\u000d\u000a      \"USDCaprazKur\": 3.6457,\u000d\u000a      \"KurTuru\": \"08\",\u000d\u000a      \"Desc\": null,\u000d\u000a      \"Parite\": \"D\"\u000d\u000a    },\u000d\u000a    {\u000d\u000a      \"Title\": \"AED\",\u000d\u000a      \"DovizAlis\": 9.24251,\u000d\u000a      \"DovizSatis\": 10.05956,\u000d\u000a      \"USDCaprazKur\": 3.673,\u000d\u000a      \"KurTuru\": \"01\",\u000d\u000a      \"Desc\": null,\u000d\u000a      \"Parite\": \"T\"\u000d\u000a    },\u000d\u000a    {\u000d\u000a      \"Title\": \"AUD\",\u000d\u000a      \"DovizAlis\": 21.1816,\u000d\u000a      \"DovizSatis\": 22.7795,\u000d\u000a      \"USDCaprazKur\": 1.6123,\u000d\u000a      \"KurTuru\": \"01\",\u000d\u000a      \"Desc\": null,\u000d\u000a      \"Parite\": \"T\"\u000d\u000a    },\u000d\u000a    {\u000d\u000a      \"Title\": \"AUD\",\u000d\u000a      \"DovizAlis\": 21.2436,\u000d\u000a      \"DovizSatis\": 22.7174,\u000d\u000a      \"USDCaprazKur\": 1.6063,\u000d\u000a      \"KurTuru\": \"08\",\u000d\u000a      \"Desc\": null,\u000d\u000a      \"Parite\": \"D\"\u000d\u000a    },\u000d\u000a    {\u000d\u000a      \"Title\": \"CAD\",\u000d\u000a      \"DovizAlis\": 23.6026,\u000d\u000a      \"DovizSatis\": 25.37,\u000d\u000a      \"USDCaprazKur\": 1.4473,\u000d\u000a      \"KurTuru\": \"01\",\u000d\u000a      \"Desc\": null,\u000d\u000a      \"Parite\": \"T\"\u000d\u000a    },\u000d\u000a    {\u000d\u000a      \"Title\": \"CAD\",\u000d\u000a      \"DovizAlis\": 23.6716,\u000d\u000a      \"DovizSatis\": 25.3009,\u000d\u000a      \"USDCaprazKur\": 1.4419,\u000d\u000a      \"KurTuru\": \"08\",\u000d\u000a      \"Desc\": null,\u000d\u000a      \"Parite\": \"D\"\u000d\u000a    },\u000d\u000a    {\u000d\u000a      \"Title\": \"CHF\",\u000d\u000a      \"DovizAlis\": 37.3583,\u000d\u000a      \"DovizSatis\": 40.2653,\u000d\u000a      \"USDCaprazKur\": 0.9132,\u000d\u000a      \"KurTuru\": \"01\",\u000d\u000a      \"Desc\": null,\u000d\u000a      \"Parite\": \"T\"\u000d\u000a    },\u000d\u000a    {\u000d\u000a      \"Title\": \"CHF\",\u000d\u000a      \"DovizAlis\": 37.4675,\u000d\u000a      \"DovizSatis\": 40.1555,\u000d\u000a      \"USDCaprazKur\": 1.0992,\u000d\u000a      \"KurTuru\": \"08\",\u000d\u000a      \"Desc\": null,\u000d\u000a      \"Parite\": \"T\"\u000d\u000a    },\u000d\u000a    {\u000d\u000a      \"Title\": \"CNY\",\u000d\u000a      \"DovizAlis\": 4.63419,\u000d\u000a      \"DovizSatis\": 5.04413,\u000d\u000a      \"USDCaprazKur\": 7.3252,\u000d\u000a      \"KurTuru\": \"01\",\u000d\u000a      \"Desc\": null,\u000d\u000a      \"Parite\": \"T\"\u000d\u000a    },\u000d\u000a    {\u000d\u000a      \"Title\": \"CNY\",\u000d\u000a      \"DovizAlis\": 4.68197,\u000d\u000a      \"DovizSatis\": 4.99635,\u000d\u000a      \"USDCaprazKur\": 7.296,\u000d\u000a      \"KurTuru\": \"08\",\u000d\u000a      \"Desc\": null,\u000d\u000a      \"Parite\": \"D\"\u000d\u000a    },\u000d\u000a    {\u000d\u000a      \"Title\": \"DKK\",\u000d\u000a      \"DovizAlis\": 4.70713,\u000d\u000a      \"DovizSatis\": 5.06882,\u000d\u000a      \"USDCaprazKur\": 7.2507,\u000d\u000a      \"KurTuru\": \"01\",\u000d\u000a      \"Desc\": null,\u000d\u000a      \"Parite\": \"T\"\u000d\u000a    },\u000d\u000a    {\u000d\u000a      \"Title\": \"DKK\",\u000d\u000a      \"DovizAlis\": 4.72089,\u000d\u000a      \"DovizSatis\": 5.05501,\u000d\u000a      \"USDCaprazKur\": 7.2235,\u000d\u000a      \"KurTuru\": \"08\",\u000d\u000a      \"Desc\": null,\u000d\u000a      \"Parite\": \"D\"\u000d\u000a    },\u000d\u000a    {\u000d\u000a      \"Title\": \"EUR\",\u000d\u000a      \"DovizAlis\": 34.8745,\u000d\u000a      \"DovizSatis\": 38.034,\u000d\u000a      \"USDCaprazKur\": 1.0283,\u000d\u000a      \"KurTuru\": \"01\",\u000d\u000a      \"Desc\": null,\u000d\u000a      \"Parite\": \"D\"\u000d\u000a    },\u000d\u000a    {\u000d\u000a      \"Title\": \"EUR\",\u000d\u000a      \"DovizAlis\": 34.8899,\u000d\u000a      \"DovizSatis\": 37.7406,\u000d\u000a      \"USDCaprazKur\": 1.0283,\u000d\u000a      \"KurTuru\": \"08\",\u000d\u000a      \"Desc\": null,\u000d\u000a      \"Parite\": \"T\"\u000d\u000a    },\u000d\u000a    {\u000d\u000a      \"Title\": \"GBP\",\u000d\u000a      \"DovizAlis\": 41.2873,\u000d\u000a      \"DovizSatis\": 45.0134,\u000d\u000a      \"USDCaprazKur\": 1.2172,\u000d\u000a      \"KurTuru\": \"01\",\u000d\u000a      \"Desc\": null,\u000d\u000a      \"Parite\": \"D\"\u000d\u000a    },\u000d\u000a    {\u000d\u000a      \"Title\": \"GBP\",\u000d\u000a      \"DovizAlis\": 41.3055,\u000d\u000a      \"DovizSatis\": 44.6662,\u000d\u000a      \"USDCaprazKur\": 1.2172,\u000d\u000a      \"KurTuru\": \"08\",\u000d\u000a      \"Desc\": null,\u000d\u000a      \"Parite\": \"T\"\u000d\u000a    },\u000d\u000a    {\u000d\u000a      \"Title\": \"JPY\",\u000d\u000a      \"DovizAlis\": 21.8656,\u000d\u000a      \"DovizSatis\": 23.5016,\u000d\u000a      \"USDCaprazKur\": 156.2362,\u000d\u000a      \"KurTuru\": \"01\",\u000d\u000a      \"Desc\": null,\u000d\u000a      \"Parite\": \"T\"\u000d\u000a    },\u000d\u000a    {\u000d\u000a      \"Title\": \"JPY\",\u000d\u000a      \"DovizAlis\": 21.9295,\u000d\u000a      \"DovizSatis\": 23.4376,\u000d\u000a      \"USDCaprazKur\": 155.6509,\u000d\u000a      \"KurTuru\": \"08\",\u000d\u000a      \"Desc\": null,\u000d\u000a      \"Parite\": \"D\"\u000d\u000a    },\u000d\u000a    {\u000d\u000a      \"Title\": \"KWD\",\u000d\u000a      \"DovizAlis\": 111.1848,\u000d\u000a      \"DovizSatis\": 119.3219,\u000d\u000a      \"USDCaprazKur\": 3.2641,\u000d\u000a      \"KurTuru\": \"08\",\u000d\u000a      \"Desc\": null,\u000d\u000a      \"Parite\": \"T\"\u000d\u000a    },\u000d\u000a    {\u000d\u000a      \"Title\": \"KWD\",\u000d\u000a      \"DovizAlis\": 109.97,\u000d\u000a      \"DovizSatis\": 119.727,\u000d\u000a      \"USDCaprazKur\": 3.2399,\u000d\u000a      \"KurTuru\": \"01\",\u000d\u000a      \"Desc\": null,\u000d\u000a      \"Parite\": \"D\"\u000d\u000a    },\u000d\u000a    {\u000d\u000a      \"Title\": \"NOK\",\u000d\u000a      \"DovizAlis\": 2.97778,\u000d\u000a      \"DovizSatis\": 3.2253,\u000d\u000a      \"USDCaprazKur\": 11.4281,\u000d\u000a      \"KurTuru\": \"01\",\u000d\u000a      \"Desc\": null,\u000d\u000a      \"Parite\": \"T\"\u000d\u000a    },\u000d\u000a    {\u000d\u000a      \"Title\": \"NOK\",\u000d\u000a      \"DovizAlis\": 2.98649,\u000d\u000a      \"DovizSatis\": 3.21651,\u000d\u000a      \"USDCaprazKur\": 11.3853,\u000d\u000a      \"KurTuru\": \"08\",\u000d\u000a      \"Desc\": null,\u000d\u000a      \"Parite\": \"D\"\u000d\u000a    },\u000d\u000a    {\u000d\u000a      \"Title\": \"PLN\",\u000d\u000a      \"DovizAlis\": 8.2311,\u000d\u000a      \"DovizSatis\": 8.8657,\u000d\u000a      \"USDCaprazKur\": 4.1459,\u000d\u000a      \"KurTuru\": \"01\",\u000d\u000a      \"Desc\": null,\u000d\u000a      \"Parite\": \"T\"\u000d\u000a    },\u000d\u000a    {\u000d\u000a      \"Title\": \"PLN\",\u000d\u000a      \"DovizAlis\": 8.2552,\u000d\u000a      \"DovizSatis\": 8.8415,\u000d\u000a      \"USDCaprazKur\": 4.1304,\u000d\u000a      \"KurTuru\": \"08\",\u000d\u000a      \"Desc\": null,\u000d\u000a      \"Parite\": \"D\"\u000d\u000a    },\u000d\u000a    {\u000d\u000a      \"Title\": \"RON\",\u000d\u000a      \"DovizAlis\": 7.0527,\u000d\u000a      \"DovizSatis\": 7.5831,\u000d\u000a      \"USDCaprazKur\": 4.8429,\u000d\u000a      \"KurTuru\": \"01\",\u000d\u000a      \"Desc\": null,\u000d\u000a      \"Parite\": \"T\"\u000d\u000a    },\u000d\u000a    {\u000d\u000a      \"Title\": \"RON\",\u000d\u000a      \"DovizAlis\": 7.0733,\u000d\u000a      \"DovizSatis\": 7.5625,\u000d\u000a      \"USDCaprazKur\": 4.8248,\u000d\u000a      \"KurTuru\": \"08\",\u000d\u000a      \"Desc\": null,\u000d\u000a      \"Parite\": \"D\"\u000d\u000a    },\u000d\u000a    {\u000d\u000a      \"Title\": 