{"GetCurrencyRatesResult":"{\u000d\u000a  \"cur\": [\u000d\u000a    {\u000d\u000a      \"Title\": \"AED\",\u000d\u000a      \"DovizAlis\": 9.42327,\u000d\u000a      \"DovizSatis\": 9.91386,\u000d\u000a      \"USDCaprazKur\": 3.639,\u000d\u000a      \"KurTuru\": \"08\",\u000d\u000a      \"Desc\": null,\u000d\u000a      \"Parite\": \"D\"\u000d\u000a    },\u000d\u000a    {\u000d\u000a      \"Title\": \"AED\",\u000d\u000a      \"DovizAlis\": 9.26808,\u000d\u000a      \"DovizSatis\": 9.92202,\u000d\u000a      \"USDCaprazKur\": 3.664,\u000d\u000a      \"KurTuru\": \"01\",\u000d\u000a      \"Desc\": null,\u000d\u000a      \"Parite\": \"T\"\u000d\u000a    },\u000d\u000a    {\u000d\u000a      \"Title\": \"AUD\",\u000d\u000a      \"DovizAlis\": 21.1405,\u000d\u000a      \"DovizSatis\": 22.9487,\u000d\u000a      \"USDCaprazKur\": 1.5953,\u000d\u000a      \"KurTuru\": \"01\",\u000d\u000a      \"Desc\": null,\u000d\u000a      \"Parite\": \"T\"\u000d\u000a    },\u000d\u000a    {\u000d\u000a      \"Title\": \"AUD\",\u000d\u000a      \"DovizAlis\": 21.3268,\u000d\u000a      \"DovizSatis\": 22.7598,\u000d\u000a      \"USDCaprazKur\": 1.5966,\u000d\u000a      \"KurTuru\": \"08\",\u000d\u000a      \"Desc\": null,\u000d\u000a      \"Parite\": \"D\"\u000d\u000a    },\u000d\u000a    {\u000d\u000a      \"Title\": \"CAD\",\u000d\u000a      \"DovizAlis\": 23.6785,\u000d\u000a      \"DovizSatis\": 25.4079,\u000d\u000a      \"USDCaprazKur\": 1.4325,\u000d\u000a      \"KurTuru\": \"01\",\u000d\u000a      \"Desc\": null,\u000d\u000a      \"Parite\": \"T\"\u000d\u000a    },\u000d\u000a    {\u000d\u000a      \"Title\": \"CAD\",\u000d\u000a      \"DovizAlis\": 23.8872,\u000d\u000a      \"DovizSatis\": 25.1988,\u000d\u000a      \"USDCaprazKur\": 1.4336,\u000d\u000a      \"KurTuru\": \"08\",\u000d\u000a      \"Desc\": null,\u000d\u000a      \"Parite\": \"D\"\u000d\u000a    },\u000d\u000a    {\u000d\u000a      \"Title\": \"CHF\",\u000d\u000a      \"DovizAlis\": 37.9089,\u000d\u000a      \"DovizSatis\": 40.1843,\u000d\u000a      \"USDCaprazKur\": 0.9002,\u000d\u000a      \"KurTuru\": \"01\",\u000d\u000a      \"Desc\": null,\u000d\u000a      \"Parite\": \"T\"\u000d\u000a    },\u000d\u000a    {\u000d\u000a      \"Title\": \"CHF\",\u000d\u000a      \"DovizAlis\": 38.2747,\u000d\u000a      \"DovizSatis\": 39.8838,\u000d\u000a      \"USDCaprazKur\": 1.1109,\u000d\u000a      \"KurTuru\": \"08\",\u000d\u000a      \"Desc\": null,\u000d\u000a      \"Parite\": \"T\"\u000d\u000a    },\u000d\u000a    {\u000d\u000a      \"Title\": \"CNY\",\u000d\u000a      \"DovizAlis\": 4.62291,\u000d\u000a      \"DovizSatis\": 5.03406,\u000d\u000a      \"USDCaprazKur\": 7.2841,\u000d\u000a      \"KurTuru\": \"01\",\u000d\u000a      \"Desc\": null,\u000d\u000a      \"Parite\": \"T\"\u000d\u000a    },\u000d\u000a    {\u000d\u000a      \"Title\": \"CNY\",\u000d\u000a      \"DovizAlis\": 4.71196,\u000d\u000a      \"DovizSatis\": 4.945,\u000d\u000a      \"USDCaprazKur\": 7.2865,\u000d\u000a      \"KurTuru\": \"08\",\u000d\u000a      \"Desc\": null,\u000d\u000a      \"Parite\": \"D\"\u000d\u000a    },\u000d\u000a    {\u000d\u000a      \"Title\": \"DKK\",\u000d\u000a      \"DovizAlis\": 4.74237,\u000d\u000a      \"DovizSatis\": 5.08662,\u000d\u000a      \"USDCaprazKur\": 7.1539,\u000d\u000a      \"KurTuru\": \"01\",\u000d\u000a      \"Desc\": null,\u000d\u000a      \"Parite\": \"T\"\u000d\u000a    },\u000d\u000a    {\u000d\u000a      \"Title\": \"DKK\",\u000d\u000a      \"DovizAlis\": 4.78416,\u000d\u000a      \"DovizSatis\": 5.04475,\u000d\u000a      \"USDCaprazKur\": 7.1596,\u000d\u000a      \"KurTuru\": \"08\",\u000d\u000a      \"Desc\": null,\u000d\u000a      \"Parite\": \"D\"\u000d\u000a    },\u000d\u000a    {\u000d\u000a      \"Title\": \"EUR\",\u000d\u000a      \"DovizAlis\": 35.4492,\u000d\u000a      \"DovizSatis\": 37.6245,\u000d\u000a      \"USDCaprazKur\": 1.0394,\u000d\u000a      \"KurTuru\": \"01\",\u000d\u000a      \"Desc\": null,\u000d\u000a      \"Parite\": \"D\"\u000d\u000a    },\u000d\u000a    {\u000d\u000a      \"Title\": \"EUR\",\u000d\u000a      \"DovizAlis\": 35.7913,\u000d\u000a      \"DovizSatis\": 37.3431,\u000d\u000a      \"USDCaprazKur\": 1.0394,\u000d\u000a      \"KurTuru\": \"08\",\u000d\u000a      \"Desc\": null,\u000d\u000a      \"Parite\": \"T\"\u000d\u000a    },\u000d\u000a    {\u000d\u000a      \"Title\": \"GBP\",\u000d\u000a      \"DovizAlis\": 42.8086,\u000d\u000a      \"DovizSatis\": 45.4758,\u000d\u000a      \"USDCaprazKur\": 1.2558,\u000d\u000a      \"KurTuru\": \"01\",\u000d\u000a      \"Desc\": null,\u000d\u000a      \"Parite\": \"D\"\u000d\u000a    },\u000d\u000a    {\u000d\u000a      \"Title\": \"GBP\",\u000d\u000a      \"DovizAlis\": 43.2216,\u000d\u000a      \"DovizSatis\": 45.1356,\u000d\u000a      \"USDCaprazKur\": 1.2558,\u000d\u000a      \"KurTuru\": \"08\",\u000d\u000a      \"Desc\": null,\u000d\u000a      \"Parite\": \"T\"\u000d\u000a    },\u000d\u000a    {\u000d\u000a      \"Title\": \"JPY\",\u000d\u000a      \"DovizAlis\": 21.6377,\u000d\u000a      \"DovizSatis\": 23.2178,\u000d\u000a      \"USDCaprazKur\": 156.7619,\u000d\u000a      \"KurTuru\": \"01\",\u000d\u000a      \"Desc\": null,\u000d\u000a      \"Parite\": \"T\"\u000d\u000a    },\u000d\u000a    {\u000d\u000a      \"Title\": \"JPY\",\u000d\u000a      \"DovizAlis\": 21.8284,\u000d\u000a      \"DovizSatis\": 23.0266,\u000d\u000a      \"USDCaprazKur\": 156.8866,\u000d\u000a      \"KurTuru\": \"08\",\u000d\u000a      \"Desc\": null,\u000d\u000a      \"Parite\": \"D\"\u000d\u000a    },\u000d\u000a    {\u000d\u000a      \"Title\": \"KWD\",\u000d\u000a      \"DovizAlis\": 112.2801,\u000d\u000a      \"DovizSatis\": 118.1959,\u000d\u000a      \"USDCaprazKur\": 3.2754,\u000d\u000a      \"KurTuru\": \"08\",\u000d\u000a      \"Desc\": null,\u000d\u000a      \"Parite\": \"T\"\u000d\u000a    },\u000d\u000a    {\u000d\u000a      \"Title\": \"KWD\",\u000d\u000a      \"DovizAlis\": 109.4579,\u000d\u000a      \"DovizSatis\": 119.267,\u000d\u000a      \"USDCaprazKur\": 3.2523,\u000d\u000a      \"KurTuru\": \"01\",\u000d\u000a      \"Desc\": null,\u000d\u000a      \"Parite\": \"D\"\u000d\u000a    },\u000d\u000a    {\u000d\u000a      \"Title\": \"NOK\",\u000d\u000a      \"DovizAlis\": 2.96095,\u000d\u000a      \"DovizSatis\": 3.30821,\u000d\u000a      \"USDCaprazKur\": 11.2307,\u000d\u000a      \"KurTuru\": \"01\",\u000d\u000a      \"Desc\": null,\u000d\u000a      \"Parite\": \"T\"\u000d\u000a    },\u000d\u000a    {\u000d\u000a      \"Title\": \"NOK\",\u000d\u000a      \"DovizAlis\": 2.98704,\u000d\u000a      \"DovizSatis\": 3.28098,\u000d\u000a      \"USDCaprazKur\": 11.2396,\u000d\u000a      \"KurTuru\": \"08\",\u000d\u000a      \"Desc\": null,\u000d\u000a      \"Parite\": \"D\"\u000d\u000a    },\u000d\u000a    {\u000d\u000a      \"Title\": \"PLN\",\u000d\u000a      \"DovizAlis\": 8.2358,\u000d\u000a      \"DovizSatis\": 8.939,\u000d\u000a      \"USDCaprazKur\": 4.0953,\u000d\u000a      \"KurTuru\": \"01\",\u000d\u000a      \"Desc\": null,\u000d\u000a      \"Parite\": \"T\"\u000d\u000a    },\u000d\u000a    {\u000d\u000a      \"Title\": \"PLN\",\u000d\u000a      \"DovizAlis\": 8.3084,\u000d\u000a      \"DovizSatis\": 8.8654,\u000d\u000a      \"USDCaprazKur\": 4.0986,\u000d\u000a      \"KurTuru\": \"08\",\u000d\u000a      \"Desc\": null,\u000d\u000a      \"Parite\": \"D\"\u000d\u000a    },\u000d\u000a    {\u000d\u000a      \"Title\": \"RON\",\u000d\u000a      \"DovizAlis\": 7.1149,\u000d\u000a      \"DovizSatis\": 7.632,\u000d\u000a      \"USDCaprazKur\": 4.7682,\u000d\u000a      \"KurTuru\": \"01\",\u000d\u000a      \"Desc\": null,\u000d\u000a      \"Parite\": \"T\"\u000d\u000a    },\u000d\u000a    {\u000d\u000a      \"Title\": \"RON\",\u000d\u000a      \"DovizAlis\": 7.1776,\u000d\u000a      \"DovizSatis\": 7.5691,\u000d\u000a      \"USDCaprazKur\": 4.772,\u000d\u000a      \"KurTuru\": \"08\",\u000d\u000a      \"Desc\": null,\u000d\u000a      \"Parite\": \"D\"\u000d\u000a    },\u000d\u000a    {\u000d\u000a      \"Title\": 