{"GetCurrencyRatesResult":"{\u000d\u000a  \"cur\": [\u000d\u000a    {\u000d\u000a      \"Title\": \"AED\",\u000d\u000a      \"DovizAlis\": 8.65266,\u000d\u000a      \"DovizSatis\": 9.14352,\u000d\u000a      \"USDCaprazKur\": 3.6384,\u000d\u000a      \"KurTuru\": \"08\",\u000d\u000a      \"Desc\": null\u000d\u000a    },\u000d\u000a    {\u000d\u000a      \"Title\": \"AED\",\u000d\u000a      \"DovizAlis\": 8.49745,\u000d\u000a      \"DovizSatis\": 9.15169,\u000d\u000a      \"USDCaprazKur\": 3.6735,\u000d\u000a      \"KurTuru\": \"01\",\u000d\u000a      \"Desc\": null\u000d\u000a    },\u000d\u000a    {\u000d\u000a      \"Title\": \"AUD\",\u000d\u000a      \"DovizAlis\": 20.5742,\u000d\u000a      \"DovizSatis\": 21.8707,\u000d\u000a      \"USDCaprazKur\": 1.5271,\u000d\u000a      \"KurTuru\": \"01\",\u000d\u000a      \"Desc\": null\u000d\u000a    },\u000d\u000a    {\u000d\u000a      \"Title\": \"AUD\",\u000d\u000a      \"DovizAlis\": 20.5897,\u000d\u000a      \"DovizSatis\": 21.7569,\u000d\u000a      \"USDCaprazKur\": 1.5291,\u000d\u000a      \"KurTuru\": \"08\",\u000d\u000a      \"Desc\": null\u000d\u000a    },\u000d\u000a    {\u000d\u000a      \"Title\": \"CAD\",\u000d\u000a      \"DovizAlis\": 23.1447,\u000d\u000a      \"DovizSatis\": 24.6018,\u000d\u000a      \"USDCaprazKur\": 1.3575,\u000d\u000a      \"KurTuru\": \"01\",\u000d\u000a      \"Desc\": null\u000d\u000a    },\u000d\u000a    {\u000d\u000a      \"Title\": \"CAD\",\u000d\u000a      \"DovizAlis\": 23.1622,\u000d\u000a      \"DovizSatis\": 24.4737,\u000d\u000a      \"USDCaprazKur\": 1.3593,\u000d\u000a      \"KurTuru\": \"08\",\u000d\u000a      \"Desc\": null\u000d\u000a    },\u000d\u000a    {\u000d\u000a      \"Title\": \"CHF\",\u000d\u000a      \"DovizAlis\": 34.4064,\u000d\u000a      \"DovizSatis\": 36.4885,\u000d\u000a      \"USDCaprazKur\": 0.9143,\u000d\u000a      \"KurTuru\": \"01\",\u000d\u000a      \"Desc\": null\u000d\u000a    },\u000d\u000a    {\u000d\u000a      \"Title\": \"CHF\",\u000d\u000a      \"DovizAlis\": 34.4786,\u000d\u000a      \"DovizSatis\": 36.3419,\u000d\u000a      \"USDCaprazKur\": 1.0938,\u000d\u000a      \"KurTuru\": \"08\",\u000d\u000a      \"Desc\": null\u000d\u000a    },\u000d\u000a    {\u000d\u000a      \"Title\": \"CNY\",\u000d\u000a      \"DovizAlis\": 4.26967,\u000d\u000a      \"DovizSatis\": 4.6843,\u000d\u000a      \"USDCaprazKur\": 7.2445,\u000d\u000a      \"KurTuru\": \"01\",\u000d\u000a      \"Desc\": null\u000d\u000a    },\u000d\u000a    {\u000d\u000a      \"Title\": \"CNY\",\u000d\u000a      \"DovizAlis\": 4.37328,\u000d\u000a      \"DovizSatis\": 4.58069,\u000d\u000a      \"USDCaprazKur\": 7.2307,\u000d\u000a      \"KurTuru\": \"08\",\u000d\u000a      \"Desc\": null\u000d\u000a    },\u000d\u000a    {\u000d\u000a      \"Title\": \"DKK\",\u000d\u000a      \"DovizAlis\": 4.51927,\u000d\u000a      \"DovizSatis\": 4.8619,\u000d\u000a      \"USDCaprazKur\": 6.911,\u000d\u000a      \"KurTuru\": \"01\",\u000d\u000a      \"Desc\": null\u000d\u000a    },\u000d\u000a    {\u000d\u000a      \"Title\": \"DKK\",\u000d\u000a      \"DovizAlis\": 4.5398,\u000d\u000a      \"DovizSatis\": 4.79686,\u000d\u000a      \"USDCaprazKur\": 6.9351,\u000d\u000a      \"KurTuru\": \"08\",\u000d\u000a      \"Desc\": null\u000d\u000a    },\u000d\u000a    {\u000d\u000a      \"Title\": \"EUR\",\u000d\u000a      \"DovizAlis\": 33.471,\u000d\u000a      \"DovizSatis\": 35.496,\u000d\u000a      \"USDCaprazKur\": 1.064,\u000d\u000a      \"KurTuru\": \"01\",\u000d\u000a      \"Desc\": null\u000d\u000a    },\u000d\u000a    {\u000d\u000a      \"Title\": \"EUR\",\u000d\u000a      \"DovizAlis\": 33.5413,\u000d\u000a      \"DovizSatis\": 35.3534,\u000d\u000a      \"USDCaprazKur\": 1.064,\u000d\u000a      \"KurTuru\": \"08\",\u000d\u000a      \"Desc\": null\u000d\u000a    },\u000d\u000a    {\u000d\u000a      \"Title\": \"GBP\",\u000d\u000a      \"DovizAlis\": 39.2467,\u000d\u000a      \"DovizSatis\": 41.6205,\u000d\u000a      \"USDCaprazKur\": 1.2476,\u000d\u000a      \"KurTuru\": \"01\",\u000d\u000a      \"Desc\": null\u000d\u000a    },\u000d\u000a    {\u000d\u000a      \"Title\": \"GBP\",\u000d\u000a      \"DovizAlis\": 39.329,\u000d\u000a      \"DovizSatis\": 41.4533,\u000d\u000a      \"USDCaprazKur\": 1.2476,\u000d\u000a      \"KurTuru\": \"08\",\u000d\u000a      \"Desc\": null\u000d\u000a    },\u000d\u000a    {\u000d\u000a      \"Title\": \"JPY\",\u000d\u000a      \"DovizAlis\": 20.6062,\u000d\u000a      \"DovizSatis\": 21.9033,\u000d\u000a      \"USDCaprazKur\": 152.4797,\u000d\u000a      \"KurTuru\": \"01\",\u000d\u000a      \"Desc\": null\u000d\u000a    },\u000d\u000a    {\u000d\u000a      \"Title\": \"JPY\",\u000d\u000a      \"DovizAlis\": 20.6218,\u000d\u000a      \"DovizSatis\": 21.7893,\u000d\u000a      \"USDCaprazKur\": 152.6729,\u000d\u000a      \"KurTuru\": \"08\",\u000d\u000a      \"Desc\": null\u000d\u000a    },\u000d\u000a    {\u000d\u000a      \"Title\": \"KWD\",\u000d\u000a      \"DovizAlis\": 103.1109,\u000d\u000a      \"DovizSatis\": 108.9868,\u000d\u000a      \"USDCaprazKur\": 3.2756,\u000d\u000a      \"KurTuru\": \"08\",\u000d\u000a      \"Desc\": null\u000d\u000a    },\u000d\u000a    {\u000d\u000a      \"Title\": \"KWD\",\u000d\u000a      \"DovizAlis\": 100.288,\u000d\u000a      \"DovizSatis\": 110.0579,\u000d\u000a      \"USDCaprazKur\": 3.2436,\u000d\u000a      \"KurTuru\": \"01\",\u000d\u000a      \"Desc\": null\u000d\u000a    },\u000d\u000a    {\u000d\u000a      \"Title\": \"NOK\",\u000d\u000a      \"DovizAlis\": 2.89566,\u000d\u000a      \"DovizSatis\": 3.11574,\u000d\u000a      \"USDCaprazKur\": 10.7851,\u000d\u000a      \"KurTuru\": \"01\",\u000d\u000a      \"Desc\": null\u000d\u000a    },\u000d\u000a    {\u000d\u000a      \"Title\": \"NOK\",\u000d\u000a      \"DovizAlis\": 2.90882,\u000d\u000a      \"DovizSatis\": 3.07406,\u000d\u000a      \"USDCaprazKur\": 10.8226,\u000d\u000a      \"KurTuru\": \"08\",\u000d\u000a      \"Desc\": null\u000d\u000a    },\u000d\u000a    {\u000d\u000a      \"Title\": \"PLN\",\u000d\u000a      \"DovizAlis\": 7.7278,\u000d\u000a      \"DovizSatis\": 8.3251,\u000d\u000a      \"USDCaprazKur\": 4.0388,\u000d\u000a      \"KurTuru\": \"01\",\u000d\u000a      \"Desc\": null\u000d\u000a    },\u000d\u000a    {\u000d\u000a      \"Title\": \"PLN\",\u000d\u000a      \"DovizAlis\": 7.8578,\u000d\u000a      \"DovizSatis\": 8.1951,\u000d\u000a      \"USDCaprazKur\": 4.033,\u000d\u000a      \"KurTuru\": \"08\",\u000d\u000a      \"Desc\": null\u000d\u000a    },\u000d\u000a    {\u000d\u000a      \"Title\": \"RON\",\u000d\u000a      \"DovizAlis\": 6.6713,\u000d\u000a      \"DovizSatis\": 7.1913,\u000d\u000a      \"USDCaprazKur\": 4.677,\u000d\u000a      \"KurTuru\": \"01\",\u000d\u000a      \"Desc\": null\u000d\u000a    },\u000d\u000a    {\u000d\u000a      \"Title\": \"RON\",\u000d\u000a      \"DovizAlis\": 6.7835,\u000d\u000a      \"DovizSatis\": 7.0789,\u000d\u000a      \"USDCaprazKur\": 4.6703,\u000d\u000a      \"KurTuru\": \"08\",\u000d\u000a      \"Desc\": null\u000d\u000a    },\u000d\u000a    {\u000d\u000a      \"Title\": \"RUB\",\u000d\u000a      \"DovizAlis\": 0.33722,\u000d\u000a      \"DovizSatis\": 0.35482,\u000d\u000a      \"USDCaprazKur\": 93.5591,\u000d\u000a      \"KurTuru\": \"08\",\u000d\u000a      \"Desc\": null\u000d\u000a    },\u000d\u000a    {\u000d\u000a      \"Title\": \"RUB\",\u000d\u000a      \"DovizAlis\": 0.32657,\u000d\u000a      \"DovizSatis\": 0.36552,\u000d\u000a      \"USDCaprazKur\": 93.7951,\u000d\u000a      \"KurTuru\": \"01\",\u000d\u000a      \"Desc\": null\u000d\u000a    },\u000d\u000a    {\u000d\u000a      \"Title\": \"SAR\",\u000d\u000a      \"DovizAlis\": 8.47113,\u000d\u000a      \"DovizSatis\": 8.95168,\u000d\u000a      \"USDCaprazKur\": 3.7164,\u000d\u000a      \"KurTuru\": \"08\",\u000d\u000a      \"Desc\": null\u000d\u000a    },\u000d\u000a    {\u000d\u000a      \"Title\": \"SAR\",\u000d\u000a      \"DovizAlis\": 8.23921,\u000d\u000a      \"DovizSatis\": 9.03966,\u000d\u000a      \"USDCaprazKur\": 3.7541,