zaman,kur,alis,satis
1738789955,AED,9.46921,10.15013
1738789955,AUD,21.8457,23.2945
1738789955,CAD,24.2785,25.8871
1738789955,CHF,38.5579,41.1143
1738789955,CNY,4.77836,5.09654
1738789955,DKK,4.84594,5.16731
1738789955,EUR,35.8077,38.6204
1738789955,GBP,43.0318,46.4113
1738789955,JPY,22.76,24.2679
1738789955,KWD,112.6752,120.8533
1738789955,NOK,3.09572,3.30175
1738789955,PLN,8.6035,9.1788
1738789955,RON,7.2624,7.7512
1738789955,RUB,0.35286,0.38004
1738789955,SAR,9.27145,9.93873
1738789955,SEK,3.185,3.39698
1738789955,USD,34.417,37.117
1738789955,XAG,35.711,38.564
1738789955,XAU,3150.308,3398.504
1738789955,XPT,1087.174,1179.563
1738789955,ZAR,1.8719,1.9969
