zaman,kur,alis,satis
1736889019,AED,9.35259,10.03376
1736889019,AUD,21.2465,22.6729
1736889019,CAD,23.907,25.5123
1736889019,CHF,37.6032,40.1271
1736889019,CNY,4.68301,4.99694
1736889019,DKK,4.74006,5.05828
1736889019,EUR,35.0196,37.8048
1736889019,GBP,41.4885,44.7911
1736889019,JPY,21.7225,23.1808
1736889019,KWD,111.2684,119.4432
1736889019,NOK,3.0153,3.21849
1736889019,PLN,8.2942,8.8538
1736889019,RON,7.1064,7.5885
1736889019,RUB,0.3305,0.35758
1736889019,SAR,9.15177,9.81856
1736889019,SEK,3.07131,3.27808
1736889019,USD,33.993,36.693
1736889019,XAG,32.653,35.293
1736889019,XAU,2910.098,3141.945
1736889019,XPT,1022.681,1111.072
1736889019,ZAR,1.8118,1.9344
1736889860,AED,9.35304,10.03421
1736889860,AUD,21.2541,22.6795
1736889860,CAD,23.9164,25.5223
1736889860,CHF,37.6174,40.1421
1736889860,CNY,4.68301,4.99694
1736889860,DKK,4.74153,5.05976
1736889860,EUR,35.0349,37.8175
1736889860,GBP,41.5041,44.8042
1736889860,JPY,21.7345,23.1936
1736889860,KWD,111.2809,119.4524
1736889860,NOK,3.01635,3.21974
1736889860,PLN,8.2976,8.8572
1736889860,RON,7.1096,7.5913
1736889860,RUB,0.33051,0.3576
1736889860,SAR,9.15197,9.81874
1736889860,SEK,3.07231,3.27914
1736889860,USD,33.995,36.695
1736889860,XAG,32.671,35.308
1736889860,XAU,2911.609,3143.695
1736889860,XPT,1023.278,1112.526
1736889860,ZAR,1.8124,1.9352
