zaman,kur,alis,satis
1746393253,USD,37.078,39.778
1746393253,EUR,41.8902,44.9844
1746393253,XAU,3842.233,4124.902
1746393253,KRW,0.0267,0.0284
1746393253,RUB,0.45117,0.48032
1746393253,AED,10.19179,10.87415
1746393253,SAR,9.9812,10.65028
1746393253,CNY,5.1441,5.46267
1746393253,KWD,122.0417,130.2763
1746393253,GBP,49.1611,52.7728
1746393253,AUD,24.1107,25.679
1746393253,SEK,3.85517,4.12221
1746393253,CAD,27.0732,28.8001
1746393253,DKK,5.6635,6.01777
1746393253,NOK,3.58323,3.84171
1746393253,PLN,9.861,10.5224
1746393253,JPY,25.8445,27.4523
1746393253,CHF,45.1406,48.2358
1746393253,ZAR,2.0299,2.1638
1746393253,RON,8.4901,9.0289
1746393253,XAG,38.14,40.96
1746393253,XPT,1146.389,1239.423
1746393253,HKD,4.827,5.1243
