zaman,kur,alis,satis
1737320915,AED,9.34461,10.02552
1737320915,AUD,21.2331,22.7104
1737320915,CAD,23.6716,25.3009
1737320915,CHF,37.4675,40.1555
1737320915,CNY,4.68197,4.99635
1737320915,DKK,4.72128,5.05152
1737320915,EUR,34.8797,37.748
1737320915,GBP,41.3021,44.6772
1737320915,JPY,21.9295,23.4376
1737320915,KWD,111.324,119.4983
1737320915,NOK,2.98644,3.21397
1737320915,PLN,8.2803,8.8379
1737320915,RON,7.0733,7.5625
1737320915,RUB,0.33584,0.35694
1737320915,SAR,9.14761,9.81469
1737320915,SEK,3.06058,3.28175
1737320915,USD,33.963,36.663
1737320915,XAG,33.112,35.776
1737320915,XAU,2934.213,3173.473
1737320915,XPT,1028.541,1116.085
1737320915,ZAR,1.8203,1.9586
