zaman,kur,alis,satis
1738271435,AED,9.43259,10.11378
1738271435,AUD,21.5001,22.9326
1738271435,CAD,23.8588,25.4491
1738271435,CHF,38.0415,40.5731
1738271435,CNY,4.77743,5.09797
1738271435,DKK,4.82006,5.14113
1738271435,EUR,35.6169,38.429
1738271435,GBP,42.577,45.9373
1738271435,JPY,22.4146,23.9067
1738271435,KWD,112.2555,120.4336
1738271435,NOK,3.05313,3.25805
1738271435,PLN,8.5521,9.1257
1738271435,RON,7.2246,7.7143
1738271435,RUB,0.34728,0.3815
1738271435,SAR,9.23588,9.90311
1738271435,SEK,3.12986,3.33965
1738271435,USD,34.287,36.987
1738271435,XAG,34.769,37.565
1738271435,XAU,3065.388,3308.391
1738271435,XPT,1065.134,1156.563
1738271435,ZAR,1.8649,1.9905
1738272035,AED,9.43259,10.11378
1738272035,AUD,21.5112,22.9444
1738272035,CAD,23.8807,25.4706
1738272035,CHF,38.0589,40.5917
1738272035,CNY,4.77752,5.09806
1738272035,DKK,4.82418,5.14538
1738272035,EUR,35.6484,38.4593
1738272035,GBP,42.6018,45.964
1738272035,JPY,22.4223,23.9133
1738272035,KWD,112.2613,120.4357
1738272035,NOK,3.05618,3.2609
1738272035,PLN,8.559,9.1324
1738272035,RON,7.2291,7.7203
1738272035,RUB,0.34764,0.38008
1738272035,SAR,9.23556,9.90275
1738272035,SEK,3.1338,3.34358
1738272035,USD,34.287,36.987
1738272035,XAG,34.774,37.57
1738272035,XAU,3061.816,3308.236
1738272035,XPT,1064.934,1156.048
1738272035,ZAR,1.8645,1.9902
