zaman,kur,alis,satis
1745788213,USD,36.821,39.521
1745788213,EUR,41.8212,44.9353
1745788213,XAU,3908.968,4198.461
1745788213,KRW,0.0259,0.0275
1745788213,RUB,0.45007,0.47801
1745788213,AED,10.12166,10.80399
1745788213,SAR,9.91041,10.57903
1745788213,CNY,5.09865,5.41515
1745788213,KWD,121.2684,129.4646
1745788213,GBP,48.9755,52.6181
1745788213,AUD,23.7191,25.255
1745788213,SEK,3.81564,4.08582
1745788213,CAD,26.779,28.4757
1745788213,DKK,5.65298,6.00949
1745788213,NOK,3.55729,3.80709
1745788213,PLN,9.8617,10.5076
1745788213,JPY,25.8512,27.4992
1745788213,CHF,44.7446,47.6808
1745788213,ZAR,1.9764,2.1163
1745788213,RON,8.4717,9.0191
1745788213,XAG,39.092,41.995
1745788213,XPT,1151.241,1244.579
1745788213,HKD,4.7892,5.0869
