zaman,kur,alis,satis
1738530995,AED,9.42498,10.10752
1738530995,AUD,21.3022,22.7353
1738530995,CAD,23.7635,25.4009
1738530995,CHF,37.7508,40.3046
1738530995,CNY,4.77374,5.09429
1738530995,DKK,4.73163,5.05139
1738530995,EUR,34.9656,37.7434
1738530995,GBP,42.0574,45.3904
1738530995,JPY,22.3279,23.8323
1738530995,KWD,112.2199,120.3627
1738530995,NOK,2.99844,3.2163
1738530995,PLN,8.486,9.1038
1738530995,RON,7.1975,7.6916
1738530995,RUB,0.35167,0.37276
1738530995,SAR,9.22974,9.89704
1738530995,SEK,3.06439,3.27838
1738530995,USD,34.26,36.96
1738530995,XAG,34.681,37.459
1738530995,XAU,3064.579,3311.276
1738530995,XPT,1070.55,1180.206
1738530995,ZAR,1.8271,1.9535
