zaman,kur,alis,satis
1737579875,AED,9.39768,10.07991
1737579875,AUD,21.6395,23.0852
1737579875,CAD,23.9735,25.5737
1737579875,CHF,38.0451,40.5907
1737579875,CNY,4.74001,5.05779
1737579875,DKK,4.81371,5.13524
1737579875,EUR,35.5645,38.3792
1737579875,GBP,42.0721,45.4048
1737579875,JPY,22.0362,23.507
1737579875,KWD,111.916,120.095
1737579875,NOK,3.05781,3.26271
1737579875,PLN,8.5017,9.0719
1737579875,RON,7.2135,7.7041
1737579875,RUB,0.3468,0.37166
1737579875,SAR,9.20228,9.8695
1737579875,SEK,3.13459,3.34459
1737579875,USD,34.16,36.861
1737579875,XAG,33.83,36.542
1737579875,XAU,3012.068,3250.692
1737579875,XPT,1039.802,1127.971
1737579875,ZAR,1.8642,1.9895
1737580595,AED,9.39903,10.08126
1737580595,AUD,21.6372,23.0825
1737580595,CAD,23.9786,25.579
1737580595,CHF,38.0464,40.5917
1737580595,CNY,4.74001,5.05779
1737580595,DKK,4.8144,5.13585
1737580595,EUR,35.5696,38.3843
1737580595,GBP,42.0748,45.4072
1737580595,JPY,22.0323,23.5027
1737580595,KWD,111.9357,120.1228
1737580595,NOK,3.05828,3.26317
1737580595,PLN,8.5025,9.0726
1737580595,RON,7.2159,7.704
1737580595,RUB,0.3468,0.37166
1737580595,SAR,9.20384,9.87108
1737580595,SEK,3.13487,3.34492
1737580595,USD,34.165,36.865
1737580595,XAG,33.855,36.574
1737580595,XAU,3012.002,3250.822
1737580595,XPT,1040.656,1130.92
1737580595,ZAR,1.8633,1.9886
1737580835,AED,9.39906,10.08129
1737580835,AUD,21.6359,23.0811
1737580835,CAD,23.9754,25.5773
1737580835,CHF,38.0507,40.5918
1737580835,CNY,4.74071,5.05849
1737580835,DKK,4.81414,5.13565
1737580835,EUR,35.5663,38.3807
1737580835,GBP,42.0749,45.4073
1737580835,JPY,22.0338,23.5057
1737580835,KWD,111.9288,120.1114
1737580835,NOK,3.05818,3.26313
1737580835,PLN,8.5017,9.0724
1737580835,RON,7.2153,7.7042
1737580835,RUB,0.34685,0.37171
1737580835,SAR,9.20313,9.87164
1737580835,SEK,3.13473,3.34474
1737580835,USD,34.166,36.866
1737580835,XAG,33.853,36.57
1737580835,XAU,3011.41,3250.253
1737580835,XPT,1039.209,1130.674
1737580835,ZAR,1.8633,1.9886
