zaman,kur,alis,satis
1737061835,AED,9.33895,10.01986
1737061835,AUD,21.2834,22.7144
1737061835,CAD,23.8101,25.4095
1737061835,CHF,37.6132,40.1459
1737061835,CNY,4.67519,4.98897
1737061835,DKK,4.73158,5.04955
1737061835,EUR,34.9534,37.7375
1737061835,GBP,41.5076,44.8131
1737061835,JPY,22.0857,23.5707
1737061835,KWD,111.2219,119.4016
1737061835,NOK,3.01556,3.21912
1737061835,PLN,8.2737,8.8316
1737061835,RON,7.0914,7.5743
1737061835,RUB,0.32819,0.35591
1737061835,SAR,9.14158,9.81124
1737061835,SEK,3.0724,3.27968
1737061835,USD,33.942,36.642
1737061835,XAG,33.604,36.32
1737061835,XAU,2946.423,3181.671
1737061835,XPT,1017.457,1104.142
1737061835,ZAR,1.8199,1.9431
