zaman,kur,alis,satis
1746479293,USD,37.086,39.786
1746479293,EUR,41.9516,45.0297
1746479293,XAU,3954.059,4245.023
1746479293,KRW,0.0272,0.0289
1746479293,RUB,0.45866,0.50018
1746479293,AED,10.19206,10.87499
1746479293,SAR,9.98186,10.65169
1746479293,CNY,5.14526,5.46383
1746479293,KWD,121.9051,130.4701
1746479293,GBP,49.2761,52.8994
1746479293,AUD,24.1644,25.7077
1746479293,SEK,3.86408,4.11625
1746479293,CAD,27.0656,28.7416
1746479293,DKK,5.67268,6.02444
1746479293,NOK,3.58679,3.85024
1746479293,PLN,9.8987,10.5495
1746479293,JPY,26.0265,27.6454
1746479293,CHF,45.3917,48.34
1746479293,ZAR,2.0449,2.1758
1746479293,RON,8.4949,9.0361
1746479293,XAG,38.696,41.579
1746479293,XPT,1144.051,1239.021
1746479293,HKD,4.8282,5.1254
1746480373,USD,37.087,39.787
1746480373,EUR,41.9676,45.0428
1746480373,XAU,3954.166,4245.129
1746480373,KRW,0.0272,0.0289
1746480373,RUB,0.45876,0.50028
1746480373,AED,10.19408,10.87702
1746480373,SAR,9.98213,10.65195
1746480373,CNY,5.1454,5.46397
1746480373,KWD,121.9294,130.4944
1746480373,GBP,49.3071,52.9326
1746480373,AUD,24.201,25.7083
1746480373,SEK,3.86511,4.1175
1746480373,CAD,27.0703,28.7507
1746480373,DKK,5.67438,6.02633
1746480373,NOK,3.58733,3.84757
1746480373,PLN,9.9052,10.5517
1746480373,JPY,26.0254,27.6461
1746480373,CHF,45.393,48.3294
1746480373,ZAR,2.0447,2.1758
1746480373,RON,8.5021,9.0392
1746480373,XAG,38.696,41.579
1746480373,XPT,1144.082,1239.052
1746480373,HKD,4.8283,5.1255
