{"GetCurrencyRatesResult":"{\u000d\u000a  \"cur\": [\u000d\u000a    {\u000d\u000a      \"Title\": \"AED\",\u000d\u000a      \"DovizAlis\": 8.65282,\u000d\u000a      \"DovizSatis\": 9.14368,\u000d\u000a      \"USDCaprazKur\": 3.6384,\u000d\u000a      \"KurTuru\": \"08\",\u000d\u000a      \"Desc\": null\u000d\u000a    },\u000d\u000a    {\u000d\u000a      \"Title\": \"AED\",\u000d\u000a      \"DovizAlis\": 8.49762,\u000d\u000a      \"DovizSatis\": 9.15185,\u000d\u000a      \"USDCaprazKur\": 3.6735,\u000d\u000a      \"KurTuru\": \"01\",\u000d\u000a      \"Desc\": null\u000d\u000a    },\u000d\u000a    {\u000d\u000a      \"Title\": \"AUD\",\u000d\u000a      \"DovizAlis\": 20.5454,\u000d\u000a      \"DovizSatis\": 21.84,\u000d\u000a      \"USDCaprazKur\": 1.5293,\u000d\u000a      \"KurTuru\": \"01\",\u000d\u000a      \"Desc\": null\u000d\u000a    },\u000d\u000a    {\u000d\u000a      \"Title\": \"AUD\",\u000d\u000a      \"DovizAlis\": 20.5609,\u000d\u000a      \"DovizSatis\": 21.7263,\u000d\u000a      \"USDCaprazKur\": 1.5312,\u000d\u000a      \"KurTuru\": \"08\",\u000d\u000a      \"Desc\": null\u000d\u000a    },\u000d\u000a    {\u000d\u000a      \"Title\": \"CAD\",\u000d\u000a      \"DovizAlis\": 23.1132,\u000d\u000a      \"DovizSatis\": 24.5682,\u000d\u000a      \"USDCaprazKur\": 1.3594,\u000d\u000a      \"KurTuru\": \"01\",\u000d\u000a      \"Desc\": null\u000d\u000a    },\u000d\u000a    {\u000d\u000a      \"Title\": \"CAD\",\u000d\u000a      \"DovizAlis\": 23.1306,\u000d\u000a      \"DovizSatis\": 24.4403,\u000d\u000a      \"USDCaprazKur\": 1.3611,\u000d\u000a      \"KurTuru\": \"08\",\u000d\u000a      \"Desc\": null\u000d\u000a    },\u000d\u000a    {\u000d\u000a      \"Title\": \"CHF\",\u000d\u000a      \"DovizAlis\": 34.3807,\u000d\u000a      \"DovizSatis\": 36.4612,\u000d\u000a      \"USDCaprazKur\": 0.9149,\u000d\u000a      \"KurTuru\": \"01\",\u000d\u000a      \"Desc\": null\u000d\u000a    },\u000d\u000a    {\u000d\u000a      \"Title\": \"CHF\",\u000d\u000a      \"DovizAlis\": 34.4528,\u000d\u000a      \"DovizSatis\": 36.3147,\u000d\u000a      \"USDCaprazKur\": 1.093,\u000d\u000a      \"KurTuru\": \"08\",\u000d\u000a      \"Desc\": null\u000d\u000a    },\u000d\u000a    {\u000d\u000a      \"Title\": \"CNY\",\u000d\u000a      \"DovizAlis\": 4.26982,\u000d\u000a      \"DovizSatis\": 4.68431,\u000d\u000a      \"USDCaprazKur\": 7.2444,\u000d\u000a      \"KurTuru\": \"01\",\u000d\u000a      \"Desc\": null\u000d\u000a    },\u000d\u000a    {\u000d\u000a      \"Title\": \"CNY\",\u000d\u000a      \"DovizAlis\": 4.37343,\u000d\u000a      \"DovizSatis\": 4.58071,\u000d\u000a      \"USDCaprazKur\": 7.2305,\u000d\u000a      \"KurTuru\": \"08\",\u000d\u000a      \"Desc\": null\u000d\u000a    },\u000d\u000a    {\u000d\u000a      \"Title\": \"DKK\",\u000d\u000a      \"DovizAlis\": 4.5153,\u000d\u000a      \"DovizSatis\": 4.85762,\u000d\u000a      \"USDCaprazKur\": 6.9171,\u000d\u000a      \"KurTuru\": \"01\",\u000d\u000a      \"Desc\": null\u000d\u000a    },\u000d\u000a    {\u000d\u000a      \"Title\": \"DKK\",\u000d\u000a      \"DovizAlis\": 4.53582,\u000d\u000a      \"DovizSatis\": 4.79264,\u000d\u000a      \"USDCaprazKur\": 6.9412,\u000d\u000a      \"KurTuru\": \"08\",\u000d\u000a      \"Desc\": null\u000d\u000a    },\u000d\u000a    {\u000d\u000a      \"Title\": \"EUR\",\u000d\u000a      \"DovizAlis\": 33.4434,\u000d\u000a      \"DovizSatis\": 35.4633,\u000d\u000a      \"USDCaprazKur\": 1.0631,\u000d\u000a      \"KurTuru\": \"01\",\u000d\u000a      \"Desc\": null\u000d\u000a    },\u000d\u000a    {\u000d\u000a      \"Title\": \"EUR\",\u000d\u000a      \"DovizAlis\": 33.5135,\u000d\u000a      \"DovizSatis\": 35.3208,\u000d\u000a      \"USDCaprazKur\": 1.0631,\u000d\u000a      \"KurTuru\": \"08\",\u000d\u000a      \"Desc\": null\u000d\u000a    },\u000d\u000a    {\u000d\u000a      \"Title\": \"GBP\",\u000d\u000a      \"DovizAlis\": 39.1877,\u000d\u000a      \"DovizSatis\": 41.5578,\u000d\u000a      \"USDCaprazKur\": 1.2458,\u000d\u000a      \"KurTuru\": \"01\",\u000d\u000a      \"Desc\": null\u000d\u000a    },\u000d\u000a    {\u000d\u000a      \"Title\": \"GBP\",\u000d\u000a      \"DovizAlis\": 39.2699,\u000d\u000a      \"DovizSatis\": 41.3909,\u000d\u000a      \"USDCaprazKur\": 1.2458,\u000d\u000a      \"KurTuru\": \"08\",\u000d\u000a      \"Desc\": null\u000d\u000a    },\u000d\u000a    {\u000d\u000a      \"Title\": \"JPY\",\u000d\u000a      \"DovizAlis\": 20.6026,\u000d\u000a      \"DovizSatis\": 21.8994,\u000d\u000a      \"USDCaprazKur\": 152.5066,\u000d\u000a      \"KurTuru\": \"01\",\u000d\u000a      \"Desc\": null\u000d\u000a    },\u000d\u000a    {\u000d\u000a      \"Title\": \"JPY\",\u000d\u000a      \"DovizAlis\": 20.6181,\u000d\u000a      \"DovizSatis\": 21.7854,\u000d\u000a      \"USDCaprazKur\": 152.7003,\u000d\u000a      \"KurTuru\": \"08\",\u000d\u000a      \"Desc\": null\u000d\u000a    },\u000d\u000a    {\u000d\u000a      \"Title\": \"KWD\",\u000d\u000a      \"DovizAlis\": 103.0995,\u000d\u000a      \"DovizSatis\": 108.9746,\u000d\u000a      \"USDCaprazKur\": 3.2752,\u000d\u000a      \"KurTuru\": \"08\",\u000d\u000a      \"Desc\": null\u000d\u000a    },\u000d\u000a    {\u000d\u000a      \"Title\": \"KWD\",\u000d\u000a      \"DovizAlis\": 100.2769,\u000d\u000a      \"DovizSatis\": 110.0456,\u000d\u000a      \"USDCaprazKur\": 3.2433,\u000d\u000a      \"KurTuru\": \"01\",\u000d\u000a      \"Desc\": null\u000d\u000a    },\u000d\u000a    {\u000d\u000a      \"Title\": \"NOK\",\u000d\u000a      \"DovizAlis\": 2.88995,\u000d\u000a      \"DovizSatis\": 3.10963,\u000d\u000a      \"USDCaprazKur\": 10.8063,\u000d\u000a      \"KurTuru\": \"01\",\u000d\u000a      \"Desc\": null\u000d\u000a    },\u000d\u000a    {\u000d\u000a      \"Title\": \"NOK\",\u000d\u000a      \"DovizAlis\": 2.90309,\u000d\u000a      \"DovizSatis\": 3.06803,\u000d\u000a      \"USDCaprazKur\": 10.8439,\u000d\u000a      \"KurTuru\": \"08\",\u000d\u000a      \"Desc\": null\u000d\u000a    },\u000d\u000a    {\u000d\u000a      \"Title\": \"PLN\",\u000d\u000a      \"DovizAlis\": 7.7168,\u000d\u000a      \"DovizSatis\": 8.314,\u000d\u000a      \"USDCaprazKur\": 4.0444,\u000d\u000a      \"KurTuru\": \"01\",\u000d\u000a      \"Desc\": null\u000d\u000a    },\u000d\u000a    {\u000d\u000a      \"Title\": \"PLN\",\u000d\u000a      \"DovizAlis\": 7.8466,\u000d\u000a      \"DovizSatis\": 8.1841,\u000d\u000a      \"USDCaprazKur\": 4.0386,\u000d\u000a      \"KurTuru\": \"08\",\u000d\u000a      \"Desc\": null\u000d\u000a    },\u000d\u000a    {\u000d\u000a      \"Title\": \"RON\",\u000d\u000a      \"DovizAlis\": 6.6655,\u000d\u000a      \"DovizSatis\": 7.1859,\u000d\u000a      \"USDCaprazKur\": 4.6808,\u000d\u000a      \"KurTuru\": \"01\",\u000d\u000a      \"Desc\": null\u000d\u000a    },\u000d\u000a    {\u000d\u000a      \"Title\": \"RON\",\u000d\u000a      \"DovizAlis\": 6.7776,\u000d\u000a      \"DovizSatis\": 7.0736,\u000d\u000a      \"USDCaprazKur\": 4.6741,\u000d\u000a      \"KurTuru\": \"08\",\u000d\u000a      \"Desc\": null\u000d\u000a    },\u000d\u000a    {\u000d\u000a      \"Title\": \"RUB\",\u000d\u000a      \"DovizAlis\": 0.33724,\u000d\u000a      \"DovizSatis\": 0.35502,\u000d\u000a      \"USDCaprazKur\": 93.53,\u000d\u000a      \"KurTuru\": \"08\",\u000d\u000a      \"Desc\": null\u000d\u000a    },\u000d\u000a    {\u000d\u000a      \"Title\": \"RUB\",\u000d\u000a      \"DovizAlis\": 0.32659,\u000d\u000a      \"DovizSatis\": 0.36573,\u000d\u000a      \"USDCaprazKur\": 93.766,\u000d\u000a      \"KurTuru\": \"01\",\u000d\u000a      \"Desc\": null\u000d\u000a    },\u000d\u000a    {\u000d\u000a      \"Title\": \"SAR\",\u000d\u000a      \"DovizAlis\": 8.47129,\u000d\u000a      \"DovizSatis\": 8.9516,\u000d\u000a      \"USDCaprazKur\": 3.7164,\u000d\u000a      \"KurTuru\": \"08\",\u000d\u000a      \"Desc\": null\u000d\u000a    },\u000d\u000a    {\u000d\u000a      \"Title\": \"SAR\",\u000d\u000a      \"DovizAlis\": 8.23937,\u000d\u000a      \"DovizSatis\": 9.03958,\u000d\u000a      \"USDCaprazKur\": 3.7541,