zaman,kur,alis,satis
1751058012,USD,38.414,41.114
1751058012,EUR,44.9909,48.2189
1751058012,XAU,4022.598,4307.791
1751058012,KRW,0.0285,0.0302
1751058012,RUB,0.49183,0.52301
1751058012,AED,10.55745,11.23937
1751058012,SAR,10.33707,11.00737
1751058012,CNY,5.40136,5.72396
1751058012,KWD,126.7508,135.007
1751058012,GBP,52.6661,56.45
1751058012,AUD,25.2818,26.8331
1751058012,SEK,4.08043,4.33444
1751058012,CAD,28.3069,30.0222
1751058012,DKK,6.08281,6.45339
1751058012,NOK,3.83919,4.07859
1751058012,PLN,10.688,11.3547
1751058012,JPY,26.7846,28.3823
1751058012,CHF,48.467,51.4081
1751058012,ZAR,2.1704,2.3078
1751058012,RON,8.9229,9.4796
1751058012,XAG,44.66,47.834
1751058012,XPT,1652.793,1778.268
1751058012,HKD,4.936,5.2293
1751058972,USD,38.414,41.114
1751058972,EUR,44.9909,48.2189
1751058972,XAU,4022.598,4307.791
1751058972,KRW,0.0285,0.0302
1751058972,RUB,0.49183,0.52301
1751058972,AED,10.55745,11.23937
1751058972,SAR,10.33707,11.00737
1751058972,CNY,5.40136,5.72396
1751058972,KWD,126.7508,135.007
1751058972,GBP,52.6661,56.45
1751058972,AUD,25.2818,26.8331
1751058972,SEK,4.08043,4.33444
1751058972,CAD,28.3069,30.0222
1751058972,DKK,6.08281,6.45339
1751058972,NOK,3.83919,4.07859
1751058972,PLN,10.688,11.3547
1751058972,JPY,26.7846,28.3823
1751058972,CHF,48.467,51.4081
1751058972,ZAR,2.1704,2.3078
1751058972,RON,8.9229,9.4796
1751058972,XAG,44.66,47.834
1751058972,XPT,1652.793,1778.268
1751058972,HKD,4.936,5.2293
