zaman,kur,alis,satis
1738012355,AED,9.42483,10.10656
1738012355,AUD,21.7691,23.218
1738012355,CAD,24.0683,25.6721
1738012355,CHF,38.3476,40.9017
1738012355,CNY,4.77354,5.09408
1738012355,DKK,4.86237,5.18617
1738012355,EUR,35.9302,38.7656
1738012355,GBP,42.799,46.1758
1738012355,JPY,22.3688,23.8591
1738012355,KWD,112.3134,120.4985
1738012355,NOK,3.07614,3.28203
1738012355,PLN,8.6077,9.1838
1738012355,RON,7.29,7.7826
1738012355,RUB,0.35626,0.37917
1738012355,SAR,9.22861,9.89585
1738012355,SEK,3.1619,3.37351
1738012355,USD,34.258,36.958
1738012355,XAG,33.243,35.886
1738012355,XAU,3006.263,3243.916
1738012355,XPT,1042.714,1131.334
1738012355,ZAR,1.8463,1.97
