zaman,kur,alis,satis
1751922492,USD,38.46,41.16
1751922492,EUR,45.025,48.2065
1751922492,XAU,4108.405,4398.68
1751922492,KRW,0.0282,0.0299
1751922492,RUB,0.49381,0.52362
1751922492,AED,10.57881,11.26181
1751922492,SAR,10.35059,11.01776
1751922492,CNY,5.41083,5.73328
1751922492,KWD,127.0659,135.3331
1751922492,GBP,52.3055,56.0227
1751922492,AUD,25.1751,26.6954
1751922492,SEK,4.05923,4.31542
1751922492,CAD,28.3547,30.0555
1751922492,DKK,6.08767,6.45101
1751922492,NOK,3.81719,4.06088
1751922492,PLN,10.677,11.3387
1751922492,JPY,26.5537,28.1453
1751922492,CHF,48.5482,51.5426
1751922492,ZAR,2.1713,2.3016
1751922492,RON,8.9523,9.5233
1751922492,XAG,45.484,48.738
1751922492,XPT,1696.09,1823.153
1751922492,HKD,4.9421,5.2358
1751923452,USD,38.509,41.209
1751923452,EUR,45.0828,48.2602
1751923452,XAU,4108.405,4398.68
1751923452,KRW,0.0282,0.0299
1751923452,RUB,0.49381,0.52362
1751923452,AED,10.57881,11.26181
1751923452,SAR,10.36348,11.03092
1751923452,CNY,5.41083,5.73328
1751923452,KWD,127.0901,135.7081
1751923452,GBP,52.3764,56.0817
1751923452,AUD,25.2088,26.724
1751923452,SEK,4.06427,4.31947
1751923452,CAD,28.3887,30.0916
1751923452,DKK,6.09541,6.45836
1751923452,NOK,3.82201,4.06516
1751923452,PLN,10.6915,11.3489
1751923452,JPY,26.5911,28.1791
1751923452,CHF,48.6404,51.5915
1751923452,ZAR,2.1743,2.3064
1751923452,RON,8.9757,9.5292
1751923452,XAG,45.484,48.738
1751923452,XPT,1698.266,1825.339
1751923452,HKD,4.9484,5.2423
1751924052,USD,38.513,41.213
1751924052,EUR,45.0914,48.2649
1751924052,XAU,4108.405,4398.68
1751924052,KRW,0.0282,0.0299
1751924052,RUB,0.49381,0.52362
1751924052,AED,10.57881,11.26181
1751924052,SAR,10.36456,11.032
1751924052,CNY,5.41083,5.73328
1751924052,KWD,127.1034,135.7214
1751924052,GBP,52.3742,56.0831
1751924052,AUD,25.2147,26.7214
1751924052,SEK,4.06891,4.32071
1751924052,CAD,28.3896,30.0836
1751924052,DKK,6.09624,6.45889
1751924052,NOK,3.82934,4.06604
1751924052,PLN,10.6958,11.3488
1751924052,JPY,26.5939,28.1818
1751924052,CHF,48.6516,51.5643
1751924052,ZAR,2.1734,2.3084
1751924052,RON,8.9733,9.533
1751924052,XAG,45.484,48.738
1751924052,XPT,1698.445,1825.519
1751924052,HKD,4.949,5.2428
