zaman,kur,alis,satis
1745875453,USD,36.973,39.673
1745875453,EUR,42.2156,45.3223
1745875453,XAU,3953.805,4245.342
1745875453,KRW,0.026,0.0276
1745875453,RUB,0.45159,0.47896
1745875453,AED,10.15617,10.83908
1745875453,SAR,9.95171,10.61983
1745875453,CNY,5.11775,5.4369
1745875453,KWD,121.6846,129.918
1745875453,GBP,49.6841,53.3401
1745875453,AUD,23.9845,25.4844
1745875453,SEK,3.87304,4.14434
1745875453,CAD,26.9663,28.6453
1745875453,DKK,5.70605,6.06209
1745875453,NOK,3.59344,3.84147
1745875453,PLN,9.9703,10.6128
1745875453,JPY,26.2583,27.8909
1745875453,CHF,45.4586,48.3081
1745875453,ZAR,2.0106,2.1412
1745875453,RON,8.551,9.0979
1745875453,XAG,39.364,42.305
1745875453,XPT,1171.671,1268.433
1745875453,HKD,4.8095,5.1067
1745875933,USD,36.969,39.669
1745875933,EUR,42.2111,45.3178
1745875933,XAU,3953.388,4244.925
1745875933,KRW,0.026,0.0276
1745875933,RUB,0.45183,0.4792
1745875933,AED,10.16169,10.8446
1745875933,SAR,9.95067,10.61879
1745875933,CNY,5.11721,5.43637
1745875933,KWD,121.6719,129.9053
1745875933,GBP,49.6641,53.3309
1745875933,AUD,23.9789,25.4786
1745875933,SEK,3.86906,4.14337
1745875933,CAD,26.9654,28.6425
1745875933,DKK,5.70563,6.06112
1745875933,NOK,3.59556,3.84254
1745875933,PLN,9.9698,10.6091
1745875933,JPY,26.2519,27.8783
1745875933,CHF,45.476,48.3152
1745875933,ZAR,2.0106,2.1408
1745875933,RON,8.5493,9.0906
1745875933,XAG,39.389,42.326
1745875933,XPT,1171.547,1268.308
1745875933,HKD,4.8091,5.1062
