zaman,kur,alis,satis
1750626491,USD,38.185,40.885
1750626491,EUR,43.9895,47.1163
1750626491,XAU,4112.845,4407.527
1750626491,KRW,0.0281,0.0298
1750626491,RUB,0.48977,0.52112
1750626491,AED,10.49453,11.17823
1750626491,SAR,10.27191,10.93901
1750626491,CNY,5.36196,5.68608
1750626491,KWD,125.6449,134.2316
1750626491,GBP,51.3173,55.0317
1750626491,AUD,24.8294,26.3476
1750626491,SEK,3.97338,4.23298
1750626491,CAD,28.025,29.7416
1750626491,DKK,5.94881,6.30703
1750626491,NOK,3.80621,4.04522
1750626491,PLN,10.3873,11.0394
1750626491,JPY,26.3585,27.9477
1750626491,CHF,47.0506,49.9454
1750626491,ZAR,2.1389,2.2707
1750626491,RON,8.8111,9.364
1750626491,XAG,44.209,47.378
1750626491,XPT,1552.963,1672.129
1750626491,HKD,4.9068,5.2004
1750627452,USD,38.185,40.885
1750627452,EUR,43.9895,47.1163
1750627452,XAU,4112.845,4407.527
1750627452,KRW,0.0281,0.0298
1750627452,RUB,0.48977,0.52112
1750627452,AED,10.49453,11.17823
1750627452,SAR,10.27191,10.93901
1750627452,CNY,5.36196,5.68608
1750627452,KWD,125.6449,134.2316
1750627452,GBP,51.3173,55.0317
1750627452,AUD,24.8294,26.3476
1750627452,SEK,3.97338,4.23298
1750627452,CAD,28.025,29.7416
1750627452,DKK,5.94881,6.30703
1750627452,NOK,3.80621,4.04522
1750627452,PLN,10.3873,11.0394
1750627452,JPY,26.3585,27.9477
1750627452,CHF,47.0506,49.9454
1750627452,ZAR,2.1389,2.2707
1750627452,RON,8.8111,9.364
1750627452,XAG,44.209,47.378
1750627452,XPT,1552.963,1672.129
1750627452,HKD,4.9068,5.2004
