zaman,kur,alis,satis
1751922492,USD,38.46,41.16
1751922492,EUR,45.025,48.2065
1751922492,XAU,4108.405,4398.68
1751922492,KRW,0.0282,0.0299
1751922492,RUB,0.49381,0.52362
1751922492,AED,10.57881,11.26181
1751922492,SAR,10.35059,11.01776
1751922492,CNY,5.41083,5.73328
1751922492,KWD,127.0659,135.3331
1751922492,GBP,52.3055,56.0227
1751922492,AUD,25.1751,26.6954
1751922492,SEK,4.05923,4.31542
1751922492,CAD,28.3547,30.0555
1751922492,DKK,6.08767,6.45101
1751922492,NOK,3.81719,4.06088
1751922492,PLN,10.677,11.3387
1751922492,JPY,26.5537,28.1453
1751922492,CHF,48.5482,51.5426
1751922492,ZAR,2.1713,2.3016
1751922492,RON,8.9523,9.5233
1751922492,XAG,45.484,48.738
1751922492,XPT,1696.09,1823.153
1751922492,HKD,4.9421,5.2358
