{"GetCurrencyRatesResult":"{\u000d\u000a  \"cur\": [\u000d\u000a    {\u000d\u000a      \"Title\": \"AED\",\u000d\u000a      \"DovizAlis\": 8.65215,\u000d\u000a      \"DovizSatis\": 9.14302,\u000d\u000a      \"USDCaprazKur\": 3.6384,\u000d\u000a      \"KurTuru\": \"08\",\u000d\u000a      \"Desc\": null\u000d\u000a    },\u000d\u000a    {\u000d\u000a      \"Title\": \"AED\",\u000d\u000a      \"DovizAlis\": 8.49695,\u000d\u000a      \"DovizSatis\": 9.15119,\u000d\u000a      \"USDCaprazKur\": 3.6735,\u000d\u000a      \"KurTuru\": \"01\",\u000d\u000a      \"Desc\": null\u000d\u000a    },\u000d\u000a    {\u000d\u000a      \"Title\": \"AUD\",\u000d\u000a      \"DovizAlis\": 20.5823,\u000d\u000a      \"DovizSatis\": 21.8794,\u000d\u000a      \"USDCaprazKur\": 1.5264,\u000d\u000a      \"KurTuru\": \"01\",\u000d\u000a      \"Desc\": null\u000d\u000a    },\u000d\u000a    {\u000d\u000a      \"Title\": \"AUD\",\u000d\u000a      \"DovizAlis\": 20.5979,\u000d\u000a      \"DovizSatis\": 21.7655,\u000d\u000a      \"USDCaprazKur\": 1.5284,\u000d\u000a      \"KurTuru\": \"08\",\u000d\u000a      \"Desc\": null\u000d\u000a    },\u000d\u000a    {\u000d\u000a      \"Title\": \"CAD\",\u000d\u000a      \"DovizAlis\": 23.1551,\u000d\u000a      \"DovizSatis\": 24.613,\u000d\u000a      \"USDCaprazKur\": 1.3569,\u000d\u000a      \"KurTuru\": \"01\",\u000d\u000a      \"Desc\": null\u000d\u000a    },\u000d\u000a    {\u000d\u000a      \"Title\": \"CAD\",\u000d\u000a      \"DovizAlis\": 23.1726,\u000d\u000a      \"DovizSatis\": 24.4848,\u000d\u000a      \"USDCaprazKur\": 1.3586,\u000d\u000a      \"KurTuru\": \"08\",\u000d\u000a      \"Desc\": null\u000d\u000a    },\u000d\u000a    {\u000d\u000a      \"Title\": \"CHF\",\u000d\u000a      \"DovizAlis\": 34.4081,\u000d\u000a      \"DovizSatis\": 36.4904,\u000d\u000a      \"USDCaprazKur\": 0.9142,\u000d\u000a      \"KurTuru\": \"01\",\u000d\u000a      \"Desc\": null\u000d\u000a    },\u000d\u000a    {\u000d\u000a      \"Title\": \"CHF\",\u000d\u000a      \"DovizAlis\": 34.4803,\u000d\u000a      \"DovizSatis\": 36.3438,\u000d\u000a      \"USDCaprazKur\": 1.0939,\u000d\u000a      \"KurTuru\": \"08\",\u000d\u000a      \"Desc\": null\u000d\u000a    },\u000d\u000a    {\u000d\u000a      \"Title\": \"CNY\",\u000d\u000a      \"DovizAlis\": 4.26948,\u000d\u000a      \"DovizSatis\": 4.68411,\u000d\u000a      \"USDCaprazKur\": 7.2444,\u000d\u000a      \"KurTuru\": \"01\",\u000d\u000a      \"Desc\": null\u000d\u000a    },\u000d\u000a    {\u000d\u000a      \"Title\": \"CNY\",\u000d\u000a      \"DovizAlis\": 4.37309,\u000d\u000a      \"DovizSatis\": 4.58049,\u000d\u000a      \"USDCaprazKur\": 7.2306,\u000d\u000a      \"KurTuru\": \"08\",\u000d\u000a      \"Desc\": null\u000d\u000a    },\u000d\u000a    {\u000d\u000a      \"Title\": \"DKK\",\u000d\u000a      \"DovizAlis\": 4.51984,\u000d\u000a      \"DovizSatis\": 4.86254,\u000d\u000a      \"USDCaprazKur\": 6.9097,\u000d\u000a      \"KurTuru\": \"01\",\u000d\u000a      \"Desc\": null\u000d\u000a    },\u000d\u000a    {\u000d\u000a      \"Title\": \"DKK\",\u000d\u000a      \"DovizAlis\": 4.54038,\u000d\u000a      \"DovizSatis\": 4.79749,\u000d\u000a      \"USDCaprazKur\": 6.9337,\u000d\u000a      \"KurTuru\": \"08\",\u000d\u000a      \"Desc\": null\u000d\u000a    },\u000d\u000a    {\u000d\u000a      \"Title\": \"EUR\",\u000d\u000a      \"DovizAlis\": 33.4754,\u000d\u000a      \"DovizSatis\": 35.5007,\u000d\u000a      \"USDCaprazKur\": 1.0642,\u000d\u000a      \"KurTuru\": \"01\",\u000d\u000a      \"Desc\": null\u000d\u000a    },\u000d\u000a    {\u000d\u000a      \"Title\": \"EUR\",\u000d\u000a      \"DovizAlis\": 33.5456,\u000d\u000a      \"DovizSatis\": 35.3581,\u000d\u000a      \"USDCaprazKur\": 1.0642,\u000d\u000a      \"KurTuru\": \"08\",\u000d\u000a      \"Desc\": null\u000d\u000a    },\u000d\u000a    {\u000d\u000a      \"Title\": \"GBP\",\u000d\u000a      \"DovizAlis\": 39.2475,\u000d\u000a      \"DovizSatis\": 41.6215,\u000d\u000a      \"USDCaprazKur\": 1.2477,\u000d\u000a      \"KurTuru\": \"01\",\u000d\u000a      \"Desc\": null\u000d\u000a    },\u000d\u000a    {\u000d\u000a      \"Title\": \"GBP\",\u000d\u000a      \"DovizAlis\": 39.3299,\u000d\u000a      \"DovizSatis\": 41.4543,\u000d\u000a      \"USDCaprazKur\": 1.2477,\u000d\u000a      \"KurTuru\": \"08\",\u000d\u000a      \"Desc\": null\u000d\u000a    },\u000d\u000a    {\u000d\u000a      \"Title\": \"JPY\",\u000d\u000a      \"DovizAlis\": 20.6077,\u000d\u000a      \"DovizSatis\": 21.9049,\u000d\u000a      \"USDCaprazKur\": 152.4592,\u000d\u000a      \"KurTuru\": \"01\",\u000d\u000a      \"Desc\": null\u000d\u000a    },\u000d\u000a    {\u000d\u000a      \"Title\": \"JPY\",\u000d\u000a      \"DovizAlis\": 20.6232,\u000d\u000a      \"DovizSatis\": 21.7909,\u000d\u000a      \"USDCaprazKur\": 152.6527,\u000d\u000a      \"KurTuru\": \"08\",\u000d\u000a      \"Desc\": null\u000d\u000a    },\u000d\u000a    {\u000d\u000a      \"Title\": \"KWD\",\u000d\u000a      \"DovizAlis\": 103.1082,\u000d\u000a      \"DovizSatis\": 108.9844,\u000d\u000a      \"USDCaprazKur\": 3.2757,\u000d\u000a      \"KurTuru\": \"08\",\u000d\u000a      \"Desc\": null\u000d\u000a    },\u000d\u000a    {\u000d\u000a      \"Title\": \"KWD\",\u000d\u000a      \"DovizAlis\": 100.2852,\u000d\u000a      \"DovizSatis\": 110.0555,\u000d\u000a      \"USDCaprazKur\": 3.2438,\u000d\u000a      \"KurTuru\": \"01\",\u000d\u000a      \"Desc\": null\u000d\u000a    },\u000d\u000a    {\u000d\u000a      \"Title\": \"NOK\",\u000d\u000a      \"DovizAlis\": 2.89586,\u000d\u000a      \"DovizSatis\": 3.11594,\u000d\u000a      \"USDCaprazKur\": 10.7837,\u000d\u000a      \"KurTuru\": \"01\",\u000d\u000a      \"Desc\": null\u000d\u000a    },\u000d\u000a    {\u000d\u000a      \"Title\": \"NOK\",\u000d\u000a      \"DovizAlis\": 2.90902,\u000d\u000a      \"DovizSatis\": 3.07426,\u000d\u000a      \"USDCaprazKur\": 10.8212,\u000d\u000a      \"KurTuru\": \"08\",\u000d\u000a      \"Desc\": null\u000d\u000a    },\u000d\u000a    {\u000d\u000a      \"Title\": \"PLN\",\u000d\u000a      \"DovizAlis\": 7.7311,\u000d\u000a      \"DovizSatis\": 8.3288,\u000d\u000a      \"USDCaprazKur\": 4.0368,\u000d\u000a      \"KurTuru\": \"01\",\u000d\u000a      \"Desc\": null\u000d\u000a    },\u000d\u000a    {\u000d\u000a      \"Title\": \"PLN\",\u000d\u000a      \"DovizAlis\": 7.8612,\u000d\u000a      \"DovizSatis\": 8.1987,\u000d\u000a      \"USDCaprazKur\": 4.031,\u000d\u000a      \"KurTuru\": \"08\",\u000d\u000a      \"Desc\": null\u000d\u000a    },\u000d\u000a    {\u000d\u000a      \"Title\": \"RON\",\u000d\u000a      \"DovizAlis\": 6.6718,\u000d\u000a      \"DovizSatis\": 7.1924,\u000d\u000a      \"USDCaprazKur\": 4.6762,\u000d\u000a      \"KurTuru\": \"01\",\u000d\u000a      \"Desc\": null\u000d\u000a    },\u000d\u000a    {\u000d\u000a      \"Title\": \"RON\",\u000d\u000a      \"DovizAlis\": 6.784,\u000d\u000a      \"DovizSatis\": 7.0801,\u000d\u000a      \"USDCaprazKur\": 4.6694,\u000d\u000a      \"KurTuru\": \"08\",\u000d\u000a      \"Desc\": null\u000d\u000a    },\u000d\u000a    {\u000d\u000a      \"Title\": \"RUB\",\u000d\u000a      \"DovizAlis\": 0.33759,\u000d\u000a      \"DovizSatis\": 0.35519,\u000d\u000a      \"USDCaprazKur\": 93.4533,\u000d\u000a      \"KurTuru\": \"08\",\u000d\u000a      \"Desc\": null\u000d\u000a    },\u000d\u000a    {\u000d\u000a      \"Title\": \"RUB\",\u000d\u000a      \"DovizAlis\": 0.32693,\u000d\u000a      \"DovizSatis\": 0.3659,\u000d\u000a      \"USDCaprazKur\": 93.6889,\u000d\u000a      \"KurTuru\": \"01\",\u000d\u000a      \"Desc\": null\u000d\u000a    },\u000d\u000a    {\u000d\u000a      \"Title\": \"SAR\",\u000d\u000a      \"DovizAlis\": 8.47064,\u000d\u000a      \"DovizSatis\": 8.95119,\u000d\u000a      \"USDCaprazKur\": 3.7164,\u000d\u000a      \"KurTuru\": \"08\",\u000d\u000a      \"Desc\": null\u000d\u000a    },\u000d\u000a    {\u000d\u000a      \"Title\": \"SAR\",\u000d\u000a      \"DovizAlis\": 8.23872,\u000d\u000a      \"DovizSatis\": 9.03916,\u000d\u000a      \"USDCaprazKur\": 