zaman,kur,alis,satis
1738703436,AED,9.47656,10.15801
1738703436,AUD,21.76,23.2017
1738703436,CAD,24.2799,25.889
1738703436,CHF,38.4261,40.9716
1738703436,CNY,4.79976,5.12031
1738703436,DKK,4.84131,5.16208
1738703436,EUR,35.7643,38.5711
1738703436,GBP,42.995,46.3723
1738703436,JPY,22.5427,24.0348
1738703436,KWD,112.6302,121.1113
1738703436,NOK,3.09529,3.30108
1738703436,PLN,8.5787,9.1498
1738703436,RON,7.2529,7.7404
1738703436,RUB,0.34278,0.3728
1738703436,SAR,9.27975,9.94916
1738703436,SEK,3.17222,3.38309
1738703436,USD,34.448,37.148
1738703436,XAG,35.527,38.368
1738703436,XAU,3132.331,3378.801
1738703436,XPT,1070.028,1161.682
1738703436,ZAR,1.8622,1.9864
1738704155,AED,9.47622,10.15767
1738704155,AUD,21.7592,23.201
1738704155,CAD,24.2773,25.8863
1738704155,CHF,38.4248,40.9702
1738704155,CNY,4.79958,5.12014
1738704155,DKK,4.84046,5.16104
1738704155,EUR,35.7595,38.5661
1738704155,GBP,42.9865,46.3633
1738704155,JPY,22.5389,24.0325
1738704155,KWD,112.6225,121.1034
1738704155,NOK,3.0946,3.30047
1738704155,PLN,8.5772,9.1482
1738704155,RON,7.2494,7.7404
1738704155,RUB,0.34277,0.37278
1738704155,SAR,9.27942,9.94883
1738704155,SEK,3.17152,3.38242
1738704155,USD,34.447,37.147
1738704155,XAG,35.539,38.374
1738704155,XAU,3131.116,3377.083
1738704155,XPT,1070.498,1162.216
1738704155,ZAR,1.8623,1.9865
