{"GetCurrencyRatesResult":"{\u000d\u000a  \"cur\": [\u000d\u000a    {\u000d\u000a      \"Title\": \"AED\",\u000d\u000a      \"DovizAlis\": 8.65286,\u000d\u000a      \"DovizSatis\": 9.14372,\u000d\u000a      \"USDCaprazKur\": 3.6385,\u000d\u000a      \"KurTuru\": \"08\",\u000d\u000a      \"Desc\": null\u000d\u000a    },\u000d\u000a    {\u000d\u000a      \"Title\": \"AED\",\u000d\u000a      \"DovizAlis\": 8.49766,\u000d\u000a      \"DovizSatis\": 9.15189,\u000d\u000a      \"USDCaprazKur\": 3.6736,\u000d\u000a      \"KurTuru\": \"01\",\u000d\u000a      \"Desc\": null\u000d\u000a    },\u000d\u000a    {\u000d\u000a      \"Title\": \"AUD\",\u000d\u000a      \"DovizAlis\": 20.5814,\u000d\u000a      \"DovizSatis\": 21.8783,\u000d\u000a      \"USDCaprazKur\": 1.5266,\u000d\u000a      \"KurTuru\": \"01\",\u000d\u000a      \"Desc\": null\u000d\u000a    },\u000d\u000a    {\u000d\u000a      \"Title\": \"AUD\",\u000d\u000a      \"DovizAlis\": 20.5862,\u000d\u000a      \"DovizSatis\": 21.7531,\u000d\u000a      \"USDCaprazKur\": 1.5294,\u000d\u000a      \"KurTuru\": \"08\",\u000d\u000a      \"Desc\": null\u000d\u000a    },\u000d\u000a    {\u000d\u000a      \"Title\": \"CAD\",\u000d\u000a      \"DovizAlis\": 23.1553,\u000d\u000a      \"DovizSatis\": 24.6131,\u000d\u000a      \"USDCaprazKur\": 1.357,\u000d\u000a      \"KurTuru\": \"01\",\u000d\u000a      \"Desc\": null\u000d\u000a    },\u000d\u000a    {\u000d\u000a      \"Title\": \"CAD\",\u000d\u000a      \"DovizAlis\": 23.1576,\u000d\u000a      \"DovizSatis\": 24.4689,\u000d\u000a      \"USDCaprazKur\": 1.3596,\u000d\u000a      \"KurTuru\": \"08\",\u000d\u000a      \"Desc\": null\u000d\u000a    },\u000d\u000a    {\u000d\u000a      \"Title\": \"CHF\",\u000d\u000a      \"DovizAlis\": 34.4072,\u000d\u000a      \"DovizSatis\": 36.4933,\u000d\u000a      \"USDCaprazKur\": 0.9142,\u000d\u000a      \"KurTuru\": \"01\",\u000d\u000a      \"Desc\": null\u000d\u000a    },\u000d\u000a    {\u000d\u000a      \"Title\": \"CHF\",\u000d\u000a      \"DovizAlis\": 34.4718,\u000d\u000a      \"DovizSatis\": 36.3348,\u000d\u000a      \"USDCaprazKur\": 1.0935,\u000d\u000a      \"KurTuru\": \"08\",\u000d\u000a      \"Desc\": null\u000d\u000a    },\u000d\u000a    {\u000d\u000a      \"Title\": \"CNY\",\u000d\u000a      \"DovizAlis\": 4.26978,\u000d\u000a      \"DovizSatis\": 4.68447,\u000d\u000a      \"USDCaprazKur\": 7.2445,\u000d\u000a      \"KurTuru\": \"01\",\u000d\u000a      \"Desc\": null\u000d\u000a    },\u000d\u000a    {\u000d\u000a      \"Title\": \"CNY\",\u000d\u000a      \"DovizAlis\": 4.37345,\u000d\u000a      \"DovizSatis\": 4.58085,\u000d\u000a      \"USDCaprazKur\": 7.2306,\u000d\u000a      \"KurTuru\": \"08\",\u000d\u000a      \"Desc\": null\u000d\u000a    },\u000d\u000a    {\u000d\u000a      \"Title\": \"DKK\",\u000d\u000a      \"DovizAlis\": 4.52079,\u000d\u000a      \"DovizSatis\": 4.8636,\u000d\u000a      \"USDCaprazKur\": 6.9088,\u000d\u000a      \"KurTuru\": \"01\",\u000d\u000a      \"Desc\": null\u000d\u000a    },\u000d\u000a    {\u000d\u000a      \"Title\": \"DKK\",\u000d\u000a      \"DovizAlis\": 4.53907,\u000d\u000a      \"DovizSatis\": 4.79615,\u000d\u000a      \"USDCaprazKur\": 6.9363,\u000d\u000a      \"KurTuru\": \"08\",\u000d\u000a      \"Desc\": null\u000d\u000a    },\u000d\u000a    {\u000d\u000a      \"Title\": \"EUR\",\u000d\u000a      \"DovizAlis\": 33.4844,\u000d\u000a      \"DovizSatis\": 35.5068,\u000d\u000a      \"USDCaprazKur\": 1.0644,\u000d\u000a      \"KurTuru\": \"01\",\u000d\u000a      \"Desc\": null\u000d\u000a    },\u000d\u000a    {\u000d\u000a      \"Title\": \"EUR\",\u000d\u000a      \"DovizAlis\": 33.5358,\u000d\u000a      \"DovizSatis\": 35.3475,\u000d\u000a      \"USDCaprazKur\": 1.0638,\u000d\u000a      \"KurTuru\": \"08\",\u000d\u000a      \"Desc\": null\u000d\u000a    },\u000d\u000a    {\u000d\u000a      \"Title\": \"GBP\",\u000d\u000a      \"DovizAlis\": 39.2539,\u000d\u000a      \"DovizSatis\": 41.6281,\u000d\u000a      \"USDCaprazKur\": 1.2478,\u000d\u000a      \"KurTuru\": \"01\",\u000d\u000a      \"Desc\": null\u000d\u000a    },\u000d\u000a    {\u000d\u000a      \"Title\": \"GBP\",\u000d\u000a      \"DovizAlis\": 39.3237,\u000d\u000a      \"DovizSatis\": 41.4476,\u000d\u000a      \"USDCaprazKur\": 1.2474,\u000d\u000a      \"KurTuru\": \"08\",\u000d\u000a      \"Desc\": null\u000d\u000a    },\u000d\u000a    {\u000d\u000a      \"Title\": \"JPY\",\u000d\u000a      \"DovizAlis\": 20.6067,\u000d\u000a      \"DovizSatis\": 21.9038,\u000d\u000a      \"USDCaprazKur\": 152.4809,\u000d\u000a      \"KurTuru\": \"01\",\u000d\u000a      \"Desc\": null\u000d\u000a    },\u000d\u000a    {\u000d\u000a      \"Title\": \"JPY\",\u000d\u000a      \"DovizAlis\": 20.6236,\u000d\u000a      \"DovizSatis\": 21.7912,\u000d\u000a      \"USDCaprazKur\": 152.6643,\u000d\u000a      \"KurTuru\": \"08\",\u000d\u000a      \"Desc\": null\u000d\u000a    },\u000d\u000a    {\u000d\u000a      \"Title\": \"KWD\",\u000d\u000a      \"DovizAlis\": 103.1133,\u000d\u000a      \"DovizSatis\": 108.9893,\u000d\u000a      \"USDCaprazKur\": 3.2756,\u000d\u000a      \"KurTuru\": \"08\",\u000d\u000a      \"Desc\": null\u000d\u000a    },\u000d\u000a    {\u000d\u000a      \"Title\": \"KWD\",\u000d\u000a      \"DovizAlis\": 100.2969,\u000d\u000a      \"DovizSatis\": 110.0675,\u000d\u000a      \"USDCaprazKur\": 3.2438,\u000d\u000a      \"KurTuru\": \"01\",\u000d\u000a      \"Desc\": null\u000d\u000a    },\u000d\u000a    {\u000d\u000a      \"Title\": \"NOK\",\u000d\u000a      \"DovizAlis\": 2.89745,\u000d\u000a      \"DovizSatis\": 3.11766,\u000d\u000a      \"USDCaprazKur\": 10.7787,\u000d\u000a      \"KurTuru\": \"01\",\u000d\u000a      \"Desc\": null\u000d\u000a    },\u000d\u000a    {\u000d\u000a      \"Title\": \"NOK\",\u000d\u000a      \"DovizAlis\": 2.90822,\u000d\u000a      \"DovizSatis\": 3.07345,\u000d\u000a      \"USDCaprazKur\": 10.8251,\u000d\u000a      \"KurTuru\": \"08\",\u000d\u000a      \"Desc\": null\u000d\u000a    },\u000d\u000a    {\u000d\u000a      \"Title\": \"PLN\",\u000d\u000a      \"DovizAlis\": 7.7314,\u000d\u000a      \"DovizSatis\": 8.3292,\u000d\u000a      \"USDCaprazKur\": 4.037,\u000d\u000a      \"KurTuru\": \"01\",\u000d\u000a      \"Desc\": null\u000d\u000a    },\u000d\u000a    {\u000d\u000a      \"Title\": \"PLN\",\u000d\u000a      \"DovizAlis\": 7.8577,\u000d\u000a      \"DovizSatis\": 8.1951,\u000d\u000a      \"USDCaprazKur\": 4.0331,\u000d\u000a      \"KurTuru\": \"08\",\u000d\u000a      \"Desc\": null\u000d\u000a    },\u000d\u000a    {\u000d\u000a      \"Title\": \"RON\",\u000d\u000a      \"DovizAlis\": 6.6732,\u000d\u000a      \"DovizSatis\": 7.1939,\u000d\u000a      \"USDCaprazKur\": 4.6757,\u000d\u000a      \"KurTuru\": \"01\",\u000d\u000a      \"Desc\": null\u000d\u000a    },\u000d\u000a    {\u000d\u000a      \"Title\": \"RON\",\u000d\u000a      \"DovizAlis\": 6.7823,\u000d\u000a      \"DovizSatis\": 7.0783,\u000d\u000a      \"USDCaprazKur\": 4.671,\u000d\u000a      \"KurTuru\": \"08\",\u000d\u000a      \"Desc\": null\u000d\u000a    },\u000d\u000a    {\u000d\u000a      \"Title\": \"RUB\",\u000d\u000a      \"DovizAlis\": 0.33723,\u000d\u000a      \"DovizSatis\": 0.35483,\u000d\u000a      \"USDCaprazKur\": 93.5593,\u000d\u000a      \"KurTuru\": \"08\",\u000d\u000a      \"Desc\": null\u000d\u000a    },\u000d\u000a    {\u000d\u000a      \"Title\": \"RUB\",\u000d\u000a      \"DovizAlis\": 0.32657,\u000d\u000a      \"DovizSatis\": 0.36552,\u000d\u000a      \"USDCaprazKur\": 93.798,\u000d\u000a      \"KurTuru\": \"01\",\u000d\u000a      \"Desc\": null\u000d\u000a    },\u000d\u000a    {\u000d\u000a      \"Title\": \"SAR\",\u000d\u000a      \"DovizAlis\": 8.47133,\u000d\u000a      \"DovizSatis\": 8.95188,\u000d\u000a      \"USDCaprazKur\": 3.7164,\u000d\u000a      \"KurTuru\": \"08\",\u000d\u000a      \"Desc\": null\u000d\u000a    },\u000d\u000a    {\u000d\u000a      \"Title\": \"SAR\",\u000d\u000a      \"DovizAlis\": 8.23941,\u000d\u000a      \"DovizSatis\": 9.03986,\u000d\u000a      \"USDCaprazKur\": 