zaman,kur,alis,satis
1737407675,AED,9.37699,10.05841
1737407675,AUD,21.5831,23.0297
1737407675,CAD,24.0471,25.6576
1737407675,CHF,37.9519,40.4969
1737407675,CNY,4.72867,5.05243
1737407675,DKK,4.80371,5.12543
1737407675,EUR,35.4946,38.3101
1737407675,GBP,42.0046,45.3394
1737407675,JPY,22.1142,23.595
1737407675,KWD,111.7028,119.8921
1737407675,NOK,3.0447,3.24983
1737407675,PLN,8.4299,8.9972
1737407675,RON,7.198,7.688
1737407675,RUB,0.3412,0.3632
1737407675,SAR,9.17809,9.84689
1737407675,SEK,3.12036,3.33099
1737407675,USD,34.084,36.784
1737407675,XAG,33.394,36.205
1737407675,XAU,2948.27,3191.719
1737407675,XPT,1032.753,1126.003
1737407675,ZAR,1.8583,1.9836
