zaman,kur,alis,satis
1745875453,USD,36.973,39.673
1745875453,EUR,42.2156,45.3223
1745875453,XAU,3953.805,4245.342
1745875453,KRW,0.026,0.0276
1745875453,RUB,0.45159,0.47896
1745875453,AED,10.15617,10.83908
1745875453,SAR,9.95171,10.61983
1745875453,CNY,5.11775,5.4369
1745875453,KWD,121.6846,129.918
1745875453,GBP,49.6841,53.3401
1745875453,AUD,23.9845,25.4844
1745875453,SEK,3.87304,4.14434
1745875453,CAD,26.9663,28.6453
1745875453,DKK,5.70605,6.06209
1745875453,NOK,3.59344,3.84147
1745875453,PLN,9.9703,10.6128
1745875453,JPY,26.2583,27.8909
1745875453,CHF,45.4586,48.3081
1745875453,ZAR,2.0106,2.1412
1745875453,RON,8.551,9.0979
1745875453,XAG,39.364,42.305
1745875453,XPT,1171.671,1268.433
1745875453,HKD,4.8095,5.1067
