zaman,kur,alis,satis
1737579875,AED,9.39768,10.07991
1737579875,AUD,21.6395,23.0852
1737579875,CAD,23.9735,25.5737
1737579875,CHF,38.0451,40.5907
1737579875,CNY,4.74001,5.05779
1737579875,DKK,4.81371,5.13524
1737579875,EUR,35.5645,38.3792
1737579875,GBP,42.0721,45.4048
1737579875,JPY,22.0362,23.507
1737579875,KWD,111.916,120.095
1737579875,NOK,3.05781,3.26271
1737579875,PLN,8.5017,9.0719
1737579875,RON,7.2135,7.7041
1737579875,RUB,0.3468,0.37166
1737579875,SAR,9.20228,9.8695
1737579875,SEK,3.13459,3.34459
1737579875,USD,34.16,36.861
1737579875,XAG,33.83,36.542
1737579875,XAU,3012.068,3250.692
1737579875,XPT,1039.802,1127.971
1737579875,ZAR,1.8642,1.9895
