{"GetCurrencyRatesResult":"{\u000d\u000a  \"cur\": [\u000d\u000a    {\u000d\u000a      \"Title\": \"AED\",\u000d\u000a      \"DovizAlis\": 8.65292,\u000d\u000a      \"DovizSatis\": 9.14378,\u000d\u000a      \"USDCaprazKur\": 3.6384,\u000d\u000a      \"KurTuru\": \"08\",\u000d\u000a      \"Desc\": null\u000d\u000a    },\u000d\u000a    {\u000d\u000a      \"Title\": \"AED\",\u000d\u000a      \"DovizAlis\": 8.49771,\u000d\u000a      \"DovizSatis\": 9.15195,\u000d\u000a      \"USDCaprazKur\": 3.6735,\u000d\u000a      \"KurTuru\": \"01\",\u000d\u000a      \"Desc\": null\u000d\u000a    },\u000d\u000a    {\u000d\u000a      \"Title\": \"AUD\",\u000d\u000a      \"DovizAlis\": 20.5363,\u000d\u000a      \"DovizSatis\": 21.8318,\u000d\u000a      \"USDCaprazKur\": 1.5299,\u000d\u000a      \"KurTuru\": \"01\",\u000d\u000a      \"Desc\": null\u000d\u000a    },\u000d\u000a    {\u000d\u000a      \"Title\": \"AUD\",\u000d\u000a      \"DovizAlis\": 20.5518,\u000d\u000a      \"DovizSatis\": 21.7181,\u000d\u000a      \"USDCaprazKur\": 1.5319,\u000d\u000a      \"KurTuru\": \"08\",\u000d\u000a      \"Desc\": null\u000d\u000a    },\u000d\u000a    {\u000d\u000a      \"Title\": \"CAD\",\u000d\u000a      \"DovizAlis\": 23.105,\u000d\u000a      \"DovizSatis\": 24.5596,\u000d\u000a      \"USDCaprazKur\": 1.3599,\u000d\u000a      \"KurTuru\": \"01\",\u000d\u000a      \"Desc\": null\u000d\u000a    },\u000d\u000a    {\u000d\u000a      \"Title\": \"CAD\",\u000d\u000a      \"DovizAlis\": 23.1225,\u000d\u000a      \"DovizSatis\": 24.4317,\u000d\u000a      \"USDCaprazKur\": 1.3617,\u000d\u000a      \"KurTuru\": \"08\",\u000d\u000a      \"Desc\": null\u000d\u000a    },\u000d\u000a    {\u000d\u000a      \"Title\": \"CHF\",\u000d\u000a      \"DovizAlis\": 34.4187,\u000d\u000a      \"DovizSatis\": 36.5015,\u000d\u000a      \"USDCaprazKur\": 0.914,\u000d\u000a      \"KurTuru\": \"01\",\u000d\u000a      \"Desc\": null\u000d\u000a    },\u000d\u000a    {\u000d\u000a      \"Title\": \"CHF\",\u000d\u000a      \"DovizAlis\": 34.4909,\u000d\u000a      \"DovizSatis\": 36.3549,\u000d\u000a      \"USDCaprazKur\": 1.0941,\u000d\u000a      \"KurTuru\": \"08\",\u000d\u000a      \"Desc\": null\u000d\u000a    },\u000d\u000a    {\u000d\u000a      \"Title\": \"CNY\",\u000d\u000a      \"DovizAlis\": 4.26987,\u000d\u000a      \"DovizSatis\": 4.68443,\u000d\u000a      \"USDCaprazKur\": 7.2445,\u000d\u000a      \"KurTuru\": \"01\",\u000d\u000a      \"Desc\": null\u000d\u000a    },\u000d\u000a    {\u000d\u000a      \"Title\": \"CNY\",\u000d\u000a      \"DovizAlis\": 4.37347,\u000d\u000a      \"DovizSatis\": 4.58082,\u000d\u000a      \"USDCaprazKur\": 7.2306,\u000d\u000a      \"KurTuru\": \"08\",\u000d\u000a      \"Desc\": null\u000d\u000a    },\u000d\u000a    {\u000d\u000a      \"Title\": \"DKK\",\u000d\u000a      \"DovizAlis\": 4.51393,\u000d\u000a      \"DovizSatis\": 4.85622,\u000d\u000a      \"USDCaprazKur\": 6.9193,\u000d\u000a      \"KurTuru\": \"01\",\u000d\u000a      \"Desc\": null\u000d\u000a    },\u000d\u000a    {\u000d\u000a      \"Title\": \"DKK\",\u000d\u000a      \"DovizAlis\": 4.53444,\u000d\u000a      \"DovizSatis\": 4.79126,\u000d\u000a      \"USDCaprazKur\": 6.9434,\u000d\u000a      \"KurTuru\": \"08\",\u000d\u000a      \"Desc\": null\u000d\u000a    },\u000d\u000a    {\u000d\u000a      \"Title\": \"EUR\",\u000d\u000a      \"DovizAlis\": 33.4312,\u000d\u000a      \"DovizSatis\": 35.4536,\u000d\u000a      \"USDCaprazKur\": 1.0627,\u000d\u000a      \"KurTuru\": \"01\",\u000d\u000a      \"Desc\": null\u000d\u000a    },\u000d\u000a    {\u000d\u000a      \"Title\": \"EUR\",\u000d\u000a      \"DovizAlis\": 33.5013,\u000d\u000a      \"DovizSatis\": 35.3112,\u000d\u000a      \"USDCaprazKur\": 1.0627,\u000d\u000a      \"KurTuru\": \"08\",\u000d\u000a      \"Desc\": null\u000d\u000a    },\u000d\u000a    {\u000d\u000a      \"Title\": \"GBP\",\u000d\u000a      \"DovizAlis\": 39.1724,\u000d\u000a      \"DovizSatis\": 41.5416,\u000d\u000a      \"USDCaprazKur\": 1.2452,\u000d\u000a      \"KurTuru\": \"01\",\u000d\u000a      \"Desc\": null\u000d\u000a    },\u000d\u000a    {\u000d\u000a      \"Title\": \"GBP\",\u000d\u000a      \"DovizAlis\": 39.2546,\u000d\u000a      \"DovizSatis\": 41.3747,\u000d\u000a      \"USDCaprazKur\": 1.2452,\u000d\u000a      \"KurTuru\": \"08\",\u000d\u000a      \"Desc\": null\u000d\u000a    },\u000d\u000a    {\u000d\u000a      \"Title\": \"JPY\",\u000d\u000a      \"DovizAlis\": 20.6389,\u000d\u000a      \"DovizSatis\": 21.9395,\u000d\u000a      \"USDCaprazKur\": 152.2379,\u000d\u000a      \"KurTuru\": \"01\",\u000d\u000a      \"Desc\": null\u000d\u000a    },\u000d\u000a    {\u000d\u000a      \"Title\": \"JPY\",\u000d\u000a      \"DovizAlis\": 20.6545,\u000d\u000a      \"DovizSatis\": 21.8252,\u000d\u000a      \"USDCaprazKur\": 152.4312,\u000d\u000a      \"KurTuru\": \"08\",\u000d\u000a      \"Desc\": null\u000d\u000a    },\u000d\u000a    {\u000d\u000a      \"Title\": \"KWD\",\u000d\u000a      \"DovizAlis\": 103.0237,\u000d\u000a      \"DovizSatis\": 109.2132,\u000d\u000a      \"USDCaprazKur\": 3.2775,\u000d\u000a      \"KurTuru\": \"08\",\u000d\u000a      \"Desc\": null\u000d\u000a    },\u000d\u000a    {\u000d\u000a      \"Title\": \"KWD\",\u000d\u000a      \"DovizAlis\": 100.2033,\u000d\u000a      \"DovizSatis\": 110.2865,\u000d\u000a      \"USDCaprazKur\": 3.2456,\u000d\u000a      \"KurTuru\": \"01\",\u000d\u000a      \"Desc\": null\u000d\u000a    },\u000d\u000a    {\u000d\u000a      \"Title\": \"NOK\",\u000d\u000a      \"DovizAlis\": 2.89313,\u000d\u000a      \"DovizSatis\": 3.11315,\u000d\u000a      \"USDCaprazKur\": 10.7946,\u000d\u000a      \"KurTuru\": \"01\",\u000d\u000a      \"Desc\": null\u000d\u000a    },\u000d\u000a    {\u000d\u000a      \"Title\": \"NOK\",\u000d\u000a      \"DovizAlis\": 2.90627,\u000d\u000a      \"DovizSatis\": 3.07151,\u000d\u000a      \"USDCaprazKur\": 10.8322,\u000d\u000a      \"KurTuru\": \"08\",\u000d\u000a      \"Desc\": null\u000d\u000a    },\u000d\u000a    {\u000d\u000a      \"Title\": \"PLN\",\u000d\u000a      \"DovizAlis\": 7.7106,\u000d\u000a      \"DovizSatis\": 8.3073,\u000d\u000a      \"USDCaprazKur\": 4.0478,\u000d\u000a      \"KurTuru\": \"01\",\u000d\u000a      \"Desc\": null\u000d\u000a    },\u000d\u000a    {\u000d\u000a      \"Title\": \"PLN\",\u000d\u000a      \"DovizAlis\": 7.8403,\u000d\u000a      \"DovizSatis\": 8.1775,\u000d\u000a      \"USDCaprazKur\": 4.0419,\u000d\u000a      \"KurTuru\": \"08\",\u000d\u000a      \"Desc\": null\u000d\u000a    },\u000d\u000a    {\u000d\u000a      \"Title\": \"RON\",\u000d\u000a      \"DovizAlis\": 6.6635,\u000d\u000a      \"DovizSatis\": 7.1835,\u000d\u000a      \"USDCaprazKur\": 4.6825,\u000d\u000a      \"KurTuru\": \"01\",\u000d\u000a      \"Desc\": null\u000d\u000a    },\u000d\u000a    {\u000d\u000a      \"Title\": \"RON\",\u000d\u000a      \"DovizAlis\": 6.7756,\u000d\u000a      \"DovizSatis\": 7.0713,\u000d\u000a      \"USDCaprazKur\": 4.6756,\u000d\u000a      \"KurTuru\": \"08\",\u000d\u000a      \"Desc\": null\u000d\u000a    },\u000d\u000a    {\u000d\u000a      \"Title\": \"RUB\",\u000d\u000a      \"DovizAlis\": 0.33769,\u000d\u000a      \"DovizSatis\": 0.35557,\u000d\u000a      \"USDCaprazKur\": 93.3982,\u000d\u000a      \"KurTuru\": \"08\",\u000d\u000a      \"Desc\": null\u000d\u000a    },\u000d\u000a    {\u000d\u000a      \"Title\": \"RUB\",\u000d\u000a      \"DovizAlis\": 0.32703,\u000d\u000a      \"DovizSatis\": 0.36629,\u000d\u000a      \"USDCaprazKur\": 93.6344,\u000d\u000a      \"KurTuru\": \"01\",\u000d\u000a      \"Desc\": null\u000d\u000a    },\u000d\u000a    {\u000d\u000a      \"Title\": \"SAR\",\u000d\u000a      \"DovizAlis\": 8.47138,\u000d\u000a      \"DovizSatis\": 8.95193,\u000d\u000a      \"USDCaprazKur\": 3.7164,\u000d\u000a      \"KurTuru\": \"08\",\u000d\u000a      \"Desc\": null\u000d\u000a    },\u000d\u000a    {\u000d\u000a      \"Title\": \"SAR\",\u000d\u000a      \"DovizAlis\": 8.23946,\u000d\u000a      \"DovizSatis\": 9.03991,\u000d\u000a      \"USDCaprazKur\": 