zaman,kur,alis,satis
1750194732,USD,38.044,40.744
1750194732,EUR,43.6892,46.8184
1750194732,XAU,4121.535,4417.265
1750194732,KRW,0.0279,0.0296
1750194732,RUB,0.48691,0.51851
1750194732,AED,10.45023,11.13301
1750194732,SAR,10.23521,10.90238
1750194732,CNY,5.33925,5.66104
1750194732,KWD,125.1011,133.6805
1750194732,GBP,51.0544,54.7471
1750194732,AUD,24.8501,26.3855
1750194732,SEK,4.01294,4.27161
1750194732,CAD,28.0524,29.7728
1750194732,DKK,5.90921,6.26759
1750194732,NOK,3.84239,4.09992
1750194732,PLN,10.3016,10.9401
1750194732,JPY,26.406,28.0175
1750194732,CHF,46.998,49.894
1750194732,ZAR,2.1284,2.259
1750194732,RON,8.7494,9.2963
1750194732,XAG,45.19,48.67
1750194732,XPT,1542.182,1658.575
1750194732,HKD,4.889,5.1824
