zaman,kur,alis,satis
1750972452,USD,38.366,41.066
1750972452,EUR,44.8801,48.1084
1750972452,XAU,4076.224,4365.16
1750972452,KRW,0.0285,0.0303
1750972452,RUB,0.49238,0.51948
1750972452,AED,10.52386,11.20756
1750972452,SAR,10.32409,10.99145
1750972452,CNY,5.38911,5.71078
1750972452,KWD,126.5958,134.861
1750972452,GBP,52.6377,56.4201
1750972452,AUD,25.3194,26.8628
1750972452,SEK,4.06981,4.32702
1750972452,CAD,28.3625,30.0591
1750972452,DKK,6.06698,6.43966
1750972452,NOK,3.83585,4.08125
1750972452,PLN,10.6631,11.333
1750972452,JPY,26.8084,28.4194
1750972452,CHF,48.3275,51.3021
1750972452,ZAR,2.1671,2.2989
1750972452,RON,8.9174,9.469
1750972452,XAG,45.108,48.341
1750972452,XPT,1750.869,1881.692
1750972452,HKD,4.9304,5.2239
1750973292,USD,38.38,41.08
1750973292,EUR,44.8859,48.06
1750973292,XAU,4076.224,4365.16
1750973292,KRW,0.0285,0.0303
1750973292,RUB,0.49238,0.51948
1750973292,AED,10.52386,11.20756
1750973292,SAR,10.32858,10.99599
1750973292,CNY,5.38911,5.71078
1750973292,KWD,126.6442,134.9094
1750973292,GBP,52.6733,56.4281
1750973292,AUD,25.3373,26.8602
1750973292,SEK,4.07115,4.32142
1750973292,CAD,28.3609,30.0656
1750973292,DKK,6.06806,6.43148
1750973292,NOK,3.83758,4.0751
1750973292,PLN,10.6625,11.3187
1750973292,JPY,26.8075,28.41
1750973292,CHF,48.352,51.2821
1750973292,ZAR,2.1664,2.3032
1750973292,RON,8.9175,9.4619
1750973292,XAG,45.108,48.341
1750973292,XPT,1751.545,1882.371
1750973292,HKD,4.9323,5.2259
