zaman,kur,alis,satis
1737752916,AED,9.40773,10.08973
1737752916,AUD,21.7968,23.2531
1737752916,CAD,24.0681,25.673
1737752916,CHF,38.109,40.6518
1737752916,CNY,4.76665,5.0885
1737752916,DKK,4.85546,5.17945
1737752916,EUR,35.8848,38.7219
1737752916,GBP,42.6931,46.0678
1737752916,JPY,22.1463,23.6245
1737752916,KWD,112.1496,120.3415
1737752916,NOK,3.08399,3.29079
1737752916,PLN,8.6036,9.1799
1737752916,RON,7.2817,7.7726
1737752916,RUB,0.35347,0.37626
1737752916,SAR,9.21187,9.87911
1737752916,SEK,3.16003,3.37153
1737752916,USD,34.196,36.896
1737752916,XAG,33.727,36.425
1737752916,XAU,3030.955,3270.909
1737752916,XPT,1042.276,1131.902
1737752916,ZAR,1.8748,2.0006
1737753635,AED,9.40773,10.08973
1737753635,AUD,21.7968,23.2531
1737753635,CAD,24.0681,25.673
1737753635,CHF,38.109,40.6518
1737753635,CNY,4.76665,5.0885
1737753635,DKK,4.85546,5.17945
1737753635,EUR,35.8848,38.7219
1737753635,GBP,42.6931,46.0678
1737753635,JPY,22.1463,23.6245
1737753635,KWD,112.1496,120.3415
1737753635,NOK,3.08399,3.29079
1737753635,PLN,8.6036,9.1799
1737753635,RON,7.2817,7.7726
1737753635,RUB,0.35347,0.37626
1737753635,SAR,9.21187,9.87911
1737753635,SEK,3.16003,3.37153
1737753635,USD,34.196,36.896
1737753635,XAG,33.727,36.425
1737753635,XAU,3030.955,3270.909
1737753635,XPT,1042.276,1131.902
1737753635,ZAR,1.8748,2.0006
