zaman,kur,alis,satis
1739221595,AED,9.49243,10.17522
1739221595,AUD,21.8776,23.3246
1739221595,CAD,24.3498,25.9588
1739221595,CHF,38.2276,40.7554
1739221595,CNY,4.76954,5.08547
1739221595,DKK,4.8153,5.13372
1739221595,EUR,35.5724,38.3593
1739221595,GBP,42.6779,46.0207
1739221595,HKD,4.4734,4.769
1739221595,JPY,22.9331,24.4484
1739221595,KRW,0.024,0.0256
1739221595,KWD,112.7394,121.2141
1739221595,NOK,3.11095,3.31745
1739221595,PLN,8.5851,9.1559
1739221595,RON,7.2128,7.6974
1739221595,RUB,0.3597,0.3871
1739221595,SAR,9.29556,9.96892
1739221595,SEK,3.1915,3.40319
1739221595,USD,34.51,37.21
1739221595,XAG,35.536,38.364
1739221595,XAU,3208.126,3460.056
1739221595,XPT,1094.528,1188.106
1739221595,ZAR,1.8887,2.0145
