zaman,kur,alis,satis
1746565693,USD,37.141,39.841
1746565693,EUR,42.2074,45.3115
1746565693,XAU,4075.377,4375.054
1746565693,KRW,0.0272,0.0289
1746565693,RUB,0.44184,0.50906
1746565693,AED,10.20838,10.89132
1746565693,SAR,9.99635,10.66531
1746565693,CNY,5.19008,5.51129
1746565693,KWD,122.3454,130.5866
1746565693,GBP,49.6133,53.3276
1746565693,AUD,24.3195,25.8388
1746565693,SEK,3.90557,4.17078
1746565693,CAD,27.1863,28.8799
1746565693,DKK,5.70641,6.06272
1746565693,NOK,3.63245,3.88702
1746565693,PLN,9.9457,10.5951
1746565693,JPY,26.2733,27.9387
1746565693,CHF,45.4865,48.4368
1746565693,ZAR,2.056,2.1861
1746565693,RON,8.3589,8.8923
1746565693,XAG,39.642,42.584
1746565693,XPT,1175.804,1268.994
1746565693,HKD,4.8333,5.1324
1746566773,USD,37.156,39.856
1746566773,EUR,42.2249,45.3331
1746566773,XAU,4077.073,4376.751
1746566773,KRW,0.0272,0.0289
1746566773,RUB,0.44203,0.50926
1746566773,AED,10.20838,10.89132
1746566773,SAR,10.00019,10.66915
1746566773,CNY,5.19008,5.51129
1746566773,KWD,122.3923,130.6337
1746566773,GBP,49.64,53.2911
1746566773,AUD,24.3304,25.8448
1746566773,SEK,3.90455,4.17277
1746566773,CAD,27.2125,28.9009
1746566773,DKK,5.70921,6.06547
1746566773,NOK,3.63553,3.88801
1746566773,PLN,9.954,10.5979
1746566773,JPY,26.2879,27.9495
1746566773,CHF,45.5218,48.4497
1746566773,ZAR,2.0565,2.1869
1746566773,RON,8.3623,8.8934
1746566773,XAG,39.642,42.584
1746566773,XPT,1175.804,1268.994
1746566773,HKD,4.835,5.1337
