zaman,kur,alis,satis
1738616915,AED,9.48326,10.16528
1738616915,AUD,21.5203,22.9452
1738616915,CAD,23.8813,25.4628
1738616915,CHF,38.1447,40.6697
1738616915,CNY,4.80302,5.12358
1738616915,DKK,4.80183,5.11962
1738616915,EUR,35.482,38.2649
1738616915,GBP,42.7384,46.0933
1738616915,JPY,22.4939,23.9833
1738616915,KWD,112.7468,120.9173
1738616915,NOK,3.05397,3.2568
1738616915,PLN,8.4623,9.025
1738616915,RON,7.1957,7.6802
1738616915,RUB,0.34957,0.37138
1738616915,SAR,9.2863,9.95361
1738616915,SEK,3.12706,3.33495
1738616915,USD,34.472,37.172
1738616915,XAG,34.885,37.675
1738616915,XAU,3105.722,3349.749
1738616915,XPT,1067.493,1159.756
1738616915,ZAR,1.8515,1.9749
