zaman,kur,alis,satis
1745356093,USD,36.804,39.504
1745356093,EUR,42.0303,45.1532
1745356093,XAU,3978.738,4274.604
1745356093,KRW,0.026,0.0277
1745356093,RUB,0.45569,0.48401
1745356093,AED,10.11153,10.79244
1745356093,SAR,9.90648,10.57485
1745356093,CNY,5.08115,5.39819
1745356093,KWD,121.2716,129.8586
1745356093,GBP,49.0599,52.7025
1745356093,AUD,23.6465,25.1525
1745356093,SEK,3.85141,4.15123
1745356093,CAD,26.8715,28.5605
1745356093,DKK,5.68051,6.03691
1745356093,NOK,3.55633,3.80239
1745356093,PLN,9.8887,10.5258
1745356093,JPY,26.2375,27.882
1745356093,CHF,45.3138,48.2495
1745356093,ZAR,1.992,2.1261
1745356093,RON,8.5172,9.0617
1745356093,XAG,38.411,41.3
1745356093,XPT,1130.625,1223.793
1745356093,HKD,4.7867,5.0842
