zaman,kur,alis,satis
1745529373,USD,36.927,39.627
1745529373,EUR,42.0264,45.1389
1745529373,XAU,3954.992,4247.323
1745529373,KRW,0.026,0.0276
1745529373,RUB,0.44854,0.4744
1745529373,AED,10.12999,10.81205
1745529373,SAR,9.93918,10.60758
1745529373,CNY,5.10103,5.41788
1745529373,KWD,121.6019,129.8398
1745529373,GBP,49.1865,52.882
1745529373,AUD,23.8247,25.378
1745529373,SEK,3.87363,4.12655
1745529373,CAD,26.8864,28.5727
1745529373,DKK,5.67998,6.03619
1745529373,NOK,3.51541,3.82704
1745529373,PLN,9.9124,10.571
1745529373,JPY,26.1156,27.7549
1745529373,CHF,45.0511,47.9072
1745529373,ZAR,1.9788,2.1116
1745529373,RON,8.5187,9.0586
1745529373,XAG,39.755,42.732
1745529373,XPT,1153.323,1248.266
1745529373,HKD,4.8024,5.0995
1745530214,USD,36.933,39.633
1745530214,EUR,42.0631,45.1698
1745530214,XAU,3955.763,4248.094
1745530214,KRW,0.026,0.0276
1745530214,RUB,0.44953,0.47539
1745530214,AED,10.15247,10.83453
1745530214,SAR,9.9411,10.6095
1745530214,CNY,5.10103,5.41788
1745530214,KWD,121.6302,129.8644
1745530214,GBP,49.2613,52.8903
1745530214,AUD,23.8699,25.3804
1745530214,SEK,3.8774,4.12985
1745530214,CAD,26.8947,28.5731
1745530214,DKK,5.68518,6.03991
1745530214,NOK,3.50412,3.83055
1745530214,PLN,9.9249,10.5644
1745530214,JPY,26.1164,27.7437
1745530214,CHF,45.0424,47.9206
1745530214,ZAR,1.9792,2.1127
1745530214,RON,8.5237,9.0648
1745530214,XAG,39.755,42.732
1745530214,XPT,1153.548,1248.493
1745530214,HKD,4.8033,5.1004
1745530813,USD,36.932,39.632
1745530813,EUR,42.0507,45.1526
1745530813,XAU,3955.64,4247.971
1745530813,KRW,0.026,0.0276
1745530813,RUB,0.44952,0.47538
1745530813,AED,10.15215,10.83421
1745530813,SAR,9.9408,10.60919
1745530813,CNY,5.1122,5.42905
1745530813,KWD,121.6106,129.8437
1745530813,GBP,49.2376,52.869
1745530813,AUD,23.8646,25.3748
1745530813,SEK,3.87595,4.1283
1745530813,CAD,26.9056,28.5764
1745530813,DKK,5.6837,6.03807
1745530813,NOK,3.52119,3.82818
1745530813,PLN,9.9254,10.5667
1745530813,JPY,26.1101,27.737
1745530813,CHF,45.041,47.9018
1745530813,ZAR,1.9779,2.1135
1745530813,RON,8.5199,9.064
1745530813,XAG,39.843,42.82
1745530813,XPT,1153.512,1248.456
1745530813,HKD,4.8031,5.1002
