zaman,kur,alis,satis
1750453812,USD,38.185,40.885
1750453812,EUR,43.9895,47.1163
1750453812,XAU,4112.845,4407.527
1750453812,KRW,0.0281,0.0298
1750453812,RUB,0.48977,0.52112
1750453812,AED,10.49453,11.17823
1750453812,SAR,10.27191,10.93901
1750453812,CNY,5.36196,5.68608
1750453812,KWD,125.6449,134.2316
1750453812,GBP,51.3173,55.0317
1750453812,AUD,24.8294,26.3476
1750453812,SEK,3.97338,4.23298
1750453812,CAD,28.025,29.7416
1750453812,DKK,5.94881,6.30703
1750453812,NOK,3.80621,4.04522
1750453812,PLN,10.3873,11.0394
1750453812,JPY,26.3585,27.9477
1750453812,CHF,47.0506,49.9454
1750453812,ZAR,2.1389,2.2707
1750453812,RON,8.8111,9.364
1750453812,XAG,44.209,47.378
1750453812,XPT,1552.963,1672.129
1750453812,HKD,4.9068,5.2004
1750454653,USD,38.185,40.885
1750454653,EUR,43.9895,47.1163
1750454653,XAU,4112.845,4407.527
1750454653,KRW,0.0281,0.0298
1750454653,RUB,0.48977,0.52112
1750454653,AED,10.49453,11.17823
1750454653,SAR,10.27191,10.93901
1750454653,CNY,5.36196,5.68608
1750454653,KWD,125.6449,134.2316
1750454653,GBP,51.3173,55.0317
1750454653,AUD,24.8294,26.3476
1750454653,SEK,3.97338,4.23298
1750454653,CAD,28.025,29.7416
1750454653,DKK,5.94881,6.30703
1750454653,NOK,3.80621,4.04522
1750454653,PLN,10.3873,11.0394
1750454653,JPY,26.3585,27.9477
1750454653,CHF,47.0506,49.9454
1750454653,ZAR,2.1389,2.2707
1750454653,RON,8.8111,9.364
1750454653,XAG,44.209,47.378
1750454653,XPT,1552.963,1672.129
1750454653,HKD,4.9068,5.2004
