{"GetCurrencyRatesResult":"{\u000d\u000a  \"cur\": [\u000d\u000a    {\u000d\u000a      \"Title\": \"AED\",\u000d\u000a      \"DovizAlis\": 8.65339,\u000d\u000a      \"DovizSatis\": 9.14426,\u000d\u000a      \"USDCaprazKur\": 3.6384,\u000d\u000a      \"KurTuru\": \"08\",\u000d\u000a      \"Desc\": null\u000d\u000a    },\u000d\u000a    {\u000d\u000a      \"Title\": \"AED\",\u000d\u000a      \"DovizAlis\": 8.49819,\u000d\u000a      \"DovizSatis\": 9.15242,\u000d\u000a      \"USDCaprazKur\": 3.6734,\u000d\u000a      \"KurTuru\": \"01\",\u000d\u000a      \"Desc\": null\u000d\u000a    },\u000d\u000a    {\u000d\u000a      \"Title\": \"AUD\",\u000d\u000a      \"DovizAlis\": 20.5547,\u000d\u000a      \"DovizSatis\": 21.8498,\u000d\u000a      \"USDCaprazKur\": 1.5287,\u000d\u000a      \"KurTuru\": \"01\",\u000d\u000a      \"Desc\": null\u000d\u000a    },\u000d\u000a    {\u000d\u000a      \"Title\": \"AUD\",\u000d\u000a      \"DovizAlis\": 20.5702,\u000d\u000a      \"DovizSatis\": 21.7361,\u000d\u000a      \"USDCaprazKur\": 1.5306,\u000d\u000a      \"KurTuru\": \"08\",\u000d\u000a      \"Desc\": null\u000d\u000a    },\u000d\u000a    {\u000d\u000a      \"Title\": \"CAD\",\u000d\u000a      \"DovizAlis\": 23.1197,\u000d\u000a      \"DovizSatis\": 24.5751,\u000d\u000a      \"USDCaprazKur\": 1.3591,\u000d\u000a      \"KurTuru\": \"01\",\u000d\u000a      \"Desc\": null\u000d\u000a    },\u000d\u000a    {\u000d\u000a      \"Title\": \"CAD\",\u000d\u000a      \"DovizAlis\": 23.1372,\u000d\u000a      \"DovizSatis\": 24.4472,\u000d\u000a      \"USDCaprazKur\": 1.3608,\u000d\u000a      \"KurTuru\": \"08\",\u000d\u000a      \"Desc\": null\u000d\u000a    },\u000d\u000a    {\u000d\u000a      \"Title\": \"CHF\",\u000d\u000a      \"DovizAlis\": 34.4018,\u000d\u000a      \"DovizSatis\": 36.4834,\u000d\u000a      \"USDCaprazKur\": 0.9144,\u000d\u000a      \"KurTuru\": \"01\",\u000d\u000a      \"Desc\": null\u000d\u000a    },\u000d\u000a    {\u000d\u000a      \"Title\": \"CHF\",\u000d\u000a      \"DovizAlis\": 34.474,\u000d\u000a      \"DovizSatis\": 36.3369,\u000d\u000a      \"USDCaprazKur\": 1.0936,\u000d\u000a      \"KurTuru\": \"08\",\u000d\u000a      \"Desc\": null\u000d\u000a    },\u000d\u000a    {\u000d\u000a      \"Title\": \"CNY\",\u000d\u000a      \"DovizAlis\": 4.27011,\u000d\u000a      \"DovizSatis\": 4.6846,\u000d\u000a      \"USDCaprazKur\": 7.2443,\u000d\u000a      \"KurTuru\": \"01\",\u000d\u000a      \"Desc\": null\u000d\u000a    },\u000d\u000a    {\u000d\u000a      \"Title\": \"CNY\",\u000d\u000a      \"DovizAlis\": 4.37372,\u000d\u000a      \"DovizSatis\": 4.581,\u000d\u000a      \"USDCaprazKur\": 7.2305,\u000d\u000a      \"KurTuru\": \"08\",\u000d\u000a      \"Desc\": null\u000d\u000a    },\u000d\u000a    {\u000d\u000a      \"Title\": \"DKK\",\u000d\u000a      \"DovizAlis\": 4.5163,\u000d\u000a      \"DovizSatis\": 4.85868,\u000d\u000a      \"USDCaprazKur\": 6.916,\u000d\u000a      \"KurTuru\": \"01\",\u000d\u000a      \"Desc\": null\u000d\u000a    },\u000d\u000a    {\u000d\u000a      \"Title\": \"DKK\",\u000d\u000a      \"DovizAlis\": 4.53683,\u000d\u000a      \"DovizSatis\": 4.79369,\u000d\u000a      \"USDCaprazKur\": 6.94,\u000d\u000a      \"KurTuru\": \"08\",\u000d\u000a      \"Desc\": null\u000d\u000a    },\u000d\u000a    {\u000d\u000a      \"Title\": \"EUR\",\u000d\u000a      \"DovizAlis\": 33.4488,\u000d\u000a      \"DovizSatis\": 35.4722,\u000d\u000a      \"USDCaprazKur\": 1.0633,\u000d\u000a      \"KurTuru\": \"01\",\u000d\u000a      \"Desc\": null\u000d\u000a    },\u000d\u000a    {\u000d\u000a      \"Title\": \"EUR\",\u000d\u000a      \"DovizAlis\": 33.5189,\u000d\u000a      \"DovizSatis\": 35.3297,\u000d\u000a      \"USDCaprazKur\": 1.0633,\u000d\u000a      \"KurTuru\": \"08\",\u000d\u000a      \"Desc\": null\u000d\u000a    },\u000d\u000a    {\u000d\u000a      \"Title\": \"GBP\",\u000d\u000a      \"DovizAlis\": 39.206,\u000d\u000a      \"DovizSatis\": 41.5771,\u000d\u000a      \"USDCaprazKur\": 1.2463,\u000d\u000a      \"KurTuru\": \"01\",\u000d\u000a      \"Desc\": null\u000d\u000a    },\u000d\u000a    {\u000d\u000a      \"Title\": \"GBP\",\u000d\u000a      \"DovizAlis\": 39.2883,\u000d\u000a      \"DovizSatis\": 41.4101,\u000d\u000a      \"USDCaprazKur\": 1.2463,\u000d\u000a      \"KurTuru\": \"08\",\u000d\u000a      \"Desc\": null\u000d\u000a    },\u000d\u000a    {\u000d\u000a      \"Title\": \"JPY\",\u000d\u000a      \"DovizAlis\": 20.6093,\u000d\u000a      \"DovizSatis\": 21.9051,\u000d\u000a      \"USDCaprazKur\": 152.4714,\u000d\u000a      \"KurTuru\": \"01\",\u000d\u000a      \"Desc\": null\u000d\u000a    },\u000d\u000a    {\u000d\u000a      \"Title\": \"JPY\",\u000d\u000a      \"DovizAlis\": 20.6248,\u000d\u000a      \"DovizSatis\": 21.791,\u000d\u000a      \"USDCaprazKur\": 152.6653,\u000d\u000a      \"KurTuru\": \"08\",\u000d\u000a      \"Desc\": null\u000d\u000a    },\u000d\u000a    {\u000d\u000a      \"Title\": \"KWD\",\u000d\u000a      \"DovizAlis\": 103.113,\u000d\u000a      \"DovizSatis\": 108.9885,\u000d\u000a      \"USDCaprazKur\": 3.2755,\u000d\u000a      \"KurTuru\": \"08\",\u000d\u000a      \"Desc\": null\u000d\u000a    },\u000d\u000a    {\u000d\u000a      \"Title\": \"KWD\",\u000d\u000a      \"DovizAlis\": 100.2902,\u000d\u000a      \"DovizSatis\": 110.0596,\u000d\u000a      \"USDCaprazKur\": 3.2435,\u000d\u000a      \"KurTuru\": \"01\",\u000d\u000a      \"Desc\": null\u000d\u000a    },\u000d\u000a    {\u000d\u000a      \"Title\": \"NOK\",\u000d\u000a      \"DovizAlis\": 2.89181,\u000d\u000a      \"DovizSatis\": 3.11155,\u000d\u000a      \"USDCaprazKur\": 10.8002,\u000d\u000a      \"KurTuru\": \"01\",\u000d\u000a      \"Desc\": null\u000d\u000a    },\u000d\u000a    {\u000d\u000a      \"Title\": \"NOK\",\u000d\u000a      \"DovizAlis\": 2.90495,\u000d\u000a      \"DovizSatis\": 3.06993,\u000d\u000a      \"USDCaprazKur\": 10.8378,\u000d\u000a      \"KurTuru\": \"08\",\u000d\u000a      \"Desc\": null\u000d\u000a    },\u000d\u000a    {\u000d\u000a      \"Title\": \"PLN\",\u000d\u000a      \"DovizAlis\": 7.72,\u000d\u000a      \"DovizSatis\": 8.3174,\u000d\u000a      \"USDCaprazKur\": 4.043,\u000d\u000a      \"KurTuru\": \"01\",\u000d\u000a      \"Desc\": null\u000d\u000a    },\u000d\u000a    {\u000d\u000a      \"Title\": \"PLN\",\u000d\u000a      \"DovizAlis\": 7.8499,\u000d\u000a      \"DovizSatis\": 8.1874,\u000d\u000a      \"USDCaprazKur\": 4.0371,\u000d\u000a      \"KurTuru\": \"08\",\u000d\u000a      \"Desc\": null\u000d\u000a    },\u000d\u000a    {\u000d\u000a      \"Title\": \"RON\",\u000d\u000a      \"DovizAlis\": 6.6672,\u000d\u000a      \"DovizSatis\": 7.1872,\u000d\u000a      \"USDCaprazKur\": 4.6801,\u000d\u000a      \"KurTuru\": \"01\",\u000d\u000a      \"Desc\": null\u000d\u000a    },\u000d\u000a    {\u000d\u000a      \"Title\": \"RON\",\u000d\u000a      \"DovizAlis\": 6.7793,\u000d\u000a      \"DovizSatis\": 7.075,\u000d\u000a      \"USDCaprazKur\": 4.6733,\u000d\u000a      \"KurTuru\": \"08\",\u000d\u000a      \"Desc\": null\u000d\u000a    },\u000d\u000a    {\u000d\u000a      \"Title\": \"RUB\",\u000d\u000a      \"DovizAlis\": 0.33711,\u000d\u000a      \"DovizSatis\": 0.35491,\u000d\u000a      \"USDCaprazKur\": 93.5683,\u000d\u000a      \"KurTuru\": \"08\",\u000d\u000a      \"Desc\": null\u000d\u000a    },\u000d\u000a    {\u000d\u000a      \"Title\": \"RUB\",\u000d\u000a      \"DovizAlis\": 0.32646,\u000d\u000a      \"DovizSatis\": 0.36561,\u000d\u000a      \"USDCaprazKur\": 93.8059,\u000d\u000a      \"KurTuru\": \"01\",\u000d\u000a      \"Desc\": null\u000d\u000a    },\u000d\u000a    {\u000d\u000a      \"Title\": \"SAR\",\u000d\u000a      \"DovizAlis\": 8.47185,\u000d\u000a      \"DovizSatis\": 8.9524,\u000d\u000a      \"USDCaprazKur\": 3.7163,\u000d\u000a      \"KurTuru\": \"08\",\u000d\u000a      \"Desc\": null\u000d\u000a    },\u000d\u000a    {\u000d\u000a      \"Title\": \"SAR\",\u000d\u000a      \"DovizAlis\": 8.23993,\u000d\u000a      \"DovizSatis\": 9.04038,\u000d\u000a      \"USDCaprazKur\": 3.7541,