zaman,kur,alis,satis
1738876235,AED,9.46357,10.14556
1738876235,AUD,21.8321,23.2805
1738876235,CAD,24.2813,25.8925
1738876235,CHF,38.3902,40.9409
1738876235,CNY,4.76725,5.08479
1738876235,DKK,4.83625,5.15709
1738876235,EUR,35.7391,38.5476
1738876235,GBP,42.792,46.154
1738876235,JPY,22.9287,24.4483
1738876235,KWD,112.4911,120.9721
1738876235,NOK,3.0995,3.30581
1738876235,PLN,8.6108,9.1847
1738876235,RON,7.2479,7.7368
1738876235,RUB,0.35537,0.38656
1738876235,SAR,9.26849,9.93819
1738876235,SEK,3.18925,3.40147
1738876235,USD,34.404,37.104
1738876235,XAG,35.648,38.49
1738876235,XAU,3143.19,3390.635
1738876235,XPT,1092.196,1187.334
1738876235,ZAR,1.8853,2.011
1738876955,AED,9.46424,10.14623
1738876955,AUD,21.8279,23.276
1738876955,CAD,24.2761,25.887
1738876955,CHF,38.3857,40.9316
1738876955,CNY,4.76759,5.08513
1738876955,DKK,4.83474,5.15548
1738876955,EUR,35.7286,38.5363
1738876955,GBP,42.7814,46.1426
1738876955,JPY,22.9286,24.4482
1738876955,KWD,112.4905,120.9715
1738876955,NOK,3.09907,3.30549
1738876955,PLN,8.6094,9.1831
1738876955,RON,7.2462,7.7345
1738876955,RUB,0.35536,0.38656
1738876955,SAR,9.26844,9.93814
1738876955,SEK,3.18847,3.4007
1738876955,USD,34.404,37.104
1738876955,XAG,35.627,38.463
1738876955,XAU,3141.962,3389.454
1738876955,XPT,1091.239,1187.316
1738876955,ZAR,1.8843,2.0101
