zaman,kur,alis,satis
1745183293,USD,36.63,39.33
1745183293,EUR,41.7326,44.8402
1745183293,XAU,3897.237,4186.969
1745183293,KRW,0.026,0.0276
1745183293,RUB,0.44954,0.4826
1745183293,AED,10.07053,10.75174
1745183293,SAR,9.85744,10.52563
1745183293,CNY,5.06329,5.37951
1745183293,KWD,120.6263,128.8209
1745183293,GBP,48.6264,52.2972
1745183293,AUD,23.5371,25.0399
1745183293,SEK,3.83204,4.09711
1745183293,CAD,26.6665,28.3728
1745183293,DKK,5.64076,5.99576
1745183293,NOK,3.51696,3.75361
1745183293,PLN,9.8241,10.4905
1745183293,JPY,26.0244,27.6592
1745183293,CHF,45.1289,48.1721
1745183293,ZAR,1.9566,2.0822
1745183293,RON,8.4521,8.9942
1745183293,XAG,38.307,41.201
1745183293,XPT,1139.998,1236.684
1745183293,HKD,4.7613,5.0595
1745184132,USD,36.665,39.365
1745184132,EUR,41.7763,44.896
1745184132,XAU,3900.977,4190.711
1745184132,KRW,0.026,0.0276
1745184132,RUB,0.44996,0.48304
1745184132,AED,10.0801,10.76131
1745184132,SAR,9.86681,10.535
1745184132,CNY,5.0681,5.38433
1745184132,KWD,120.7409,128.9356
1745184132,GBP,48.6804,52.3439
1745184132,AUD,23.576,25.0623
1745184132,SEK,3.838,4.10347
1745184132,CAD,26.6957,28.392
1745184132,DKK,5.64664,6.00434
1745184132,NOK,3.52007,3.75758
1745184132,PLN,9.8337,10.5027
1745184132,JPY,26.0822,27.7348
1745184132,CHF,45.1994,48.2034
1745184132,ZAR,1.9622,2.0946
1745184132,RON,8.4601,9.0022
1745184132,XAG,38.344,41.238
1745184132,XPT,1141.092,1237.79
1745184132,HKD,4.7659,5.0641
