zaman,kur,alis,satis
1738012355,AED,9.42483,10.10656
1738012355,AUD,21.7691,23.218
1738012355,CAD,24.0683,25.6721
1738012355,CHF,38.3476,40.9017
1738012355,CNY,4.77354,5.09408
1738012355,DKK,4.86237,5.18617
1738012355,EUR,35.9302,38.7656
1738012355,GBP,42.799,46.1758
1738012355,JPY,22.3688,23.8591
1738012355,KWD,112.3134,120.4985
1738012355,NOK,3.07614,3.28203
1738012355,PLN,8.6077,9.1838
1738012355,RON,7.29,7.7826
1738012355,RUB,0.35626,0.37917
1738012355,SAR,9.22861,9.89585
1738012355,SEK,3.1619,3.37351
1738012355,USD,34.258,36.958
1738012355,XAG,33.243,35.886
1738012355,XAU,3006.263,3243.916
1738012355,XPT,1042.714,1131.334
1738012355,ZAR,1.8463,1.97
1738013195,AED,9.42421,10.10593
1738013195,AUD,21.7732,23.2238
1738013195,CAD,24.0734,25.6776
1738013195,CHF,38.3578,40.9128
1738013195,CNY,4.77322,5.09376
1738013195,DKK,4.86287,5.18679
1738013195,EUR,35.938,38.7706
1738013195,GBP,42.8166,46.1951
1738013195,JPY,22.3847,23.8746
1738013195,KWD,112.3205,120.5106
1738013195,NOK,3.07673,3.28271
1738013195,PLN,8.6088,9.1846
1738013195,RON,7.2917,7.7842
1738013195,RUB,0.35624,0.37914
1738013195,SAR,9.22799,9.89814
1738013195,SEK,3.16183,3.37382
1738013195,USD,34.256,36.956
1738013195,XAG,33.286,35.953
1738013195,XAU,3006.159,3243.856
1738013195,XPT,1042.016,1131.299
1738013195,ZAR,1.8464,1.9701
