zaman,kur,alis,satis
1745270172,USD,36.756,39.456
1745270172,EUR,42.2986,45.4452
1745270172,XAU,4024.159,4324.346
1745270172,KRW,0.0261,0.0277
1745270172,RUB,0.45493,0.48659
1745270172,AED,10.1045,10.78599
1745270172,SAR,9.89202,10.56
1745270172,CNY,5.08061,5.39696
1745270172,KWD,121.2184,129.4678
1745270172,GBP,49.1536,52.8235
1745270172,AUD,23.7808,25.283
1745270172,SEK,3.86911,4.15056
1745270172,CAD,26.7862,28.4698
1745270172,DKK,5.71499,6.07565
1745270172,NOK,3.56386,3.80551
1745270172,PLN,9.9852,10.6344
1745270172,JPY,26.3093,27.9606
1745270172,CHF,45.8138,48.7511
1745270172,ZAR,1.974,2.1143
1745270172,RON,8.5676,9.1519
1745270172,XAG,38.544,41.488
1745270172,XPT,1137.484,1230.213
1745270172,HKD,4.7786,5.0773
1745270893,USD,36.759,39.459
1745270893,EUR,42.2947,45.4408
1745270893,XAU,4024.482,4324.67
1745270893,KRW,0.0261,0.0277
1745270893,RUB,0.45496,0.48663
1745270893,AED,10.1053,10.78679
1745270893,SAR,9.89281,10.56079
1745270893,CNY,5.08061,5.39696
1745270893,KWD,121.228,129.4774
1745270893,GBP,49.1539,52.8195
1745270893,AUD,23.7918,25.2832
1745270893,SEK,3.8718,4.15345
1745270893,CAD,26.7903,28.4699
1745270893,DKK,5.71571,6.07498
1745270893,NOK,3.56359,3.80672
1745270893,PLN,9.9868,10.6323
1745270893,JPY,26.3226,27.9706
1745270893,CHF,45.8061,48.803
1745270893,ZAR,1.964,2.1075
1745270893,RON,8.5651,9.1316
1745270893,XAG,38.544,41.488
1745270893,XPT,1137.575,1230.305
1745270893,HKD,4.7797,5.0777
1745271492,USD,36.759,39.459
1745271492,EUR,42.3055,45.4405
1745271492,XAU,4024.46,4324.648
1745271492,KRW,0.0261,0.0277
1745271492,RUB,0.45496,0.48663
1745271492,AED,10.10525,10.78674
1745271492,SAR,9.89275,10.56074
1745271492,CNY,5.08654,5.4029
1745271492,KWD,121.2273,129.4768
1745271492,GBP,49.1499,52.8074
1745271492,AUD,23.7719,25.2734
1745271492,SEK,3.87186,4.1484
1745271492,CAD,26.794,28.4677
1745271492,DKK,5.71735,6.0756
1745271492,NOK,3.56621,3.80383
1745271492,PLN,9.991,10.6323
1745271492,JPY,26.3281,27.9764
1745271492,CHF,45.8115,48.8209
1745271492,ZAR,1.9687,2.1099
1745271492,RON,8.574,9.1434
1745271492,XAG,38.59,41.533
1745271492,XPT,1137.569,1230.298
1745271492,HKD,4.7797,5.0778
