{"GetCurrencyRatesResult":"{\u000d\u000a  \"cur\": [\u000d\u000a    {\u000d\u000a      \"Title\": \"AED\",\u000d\u000a      \"DovizAlis\": 9.23458,\u000d\u000a      \"DovizSatis\": 9.91522,\u000d\u000a      \"USDCaprazKur\": 3.6455,\u000d\u000a      \"KurTuru\": \"08\",\u000d\u000a      \"Desc\": null,\u000d\u000a      \"Parite\": \"D\"\u000d\u000a    },\u000d\u000a    {\u000d\u000a      \"Title\": \"AED\",\u000d\u000a      \"DovizAlis\": 9.13248,\u000d\u000a      \"DovizSatis\": 9.94925,\u000d\u000a      \"USDCaprazKur\": 3.673,\u000d\u000a      \"KurTuru\": \"01\",\u000d\u000a      \"Desc\": null,\u000d\u000a      \"Parite\": \"T\"\u000d\u000a    },\u000d\u000a    {\u000d\u000a      \"Title\": \"AUD\",\u000d\u000a      \"DovizAlis\": 21.0355,\u000d\u000a      \"DovizSatis\": 22.5945,\u000d\u000a      \"USDCaprazKur\": 1.606,\u000d\u000a      \"KurTuru\": \"01\",\u000d\u000a      \"Desc\": null,\u000d\u000a      \"Parite\": \"T\"\u000d\u000a    },\u000d\u000a    {\u000d\u000a      \"Title\": \"AUD\",\u000d\u000a      \"DovizAlis\": 21.0978,\u000d\u000a      \"DovizSatis\": 22.5323,\u000d\u000a      \"USDCaprazKur\": 1.5999,\u000d\u000a      \"KurTuru\": \"08\",\u000d\u000a      \"Desc\": null,\u000d\u000a      \"Parite\": \"D\"\u000d\u000a    },\u000d\u000a    {\u000d\u000a      \"Title\": \"CAD\",\u000d\u000a      \"DovizAlis\": 23.3995,\u000d\u000a      \"DovizSatis\": 25.1323,\u000d\u000a      \"USDCaprazKur\": 1.4438,\u000d\u000a      \"KurTuru\": \"01\",\u000d\u000a      \"Desc\": null,\u000d\u000a      \"Parite\": \"T\"\u000d\u000a    },\u000d\u000a    {\u000d\u000a      \"Title\": \"CAD\",\u000d\u000a      \"DovizAlis\": 23.4688,\u000d\u000a      \"DovizSatis\": 25.0631,\u000d\u000a      \"USDCaprazKur\": 1.4383,\u000d\u000a      \"KurTuru\": \"08\",\u000d\u000a      \"Desc\": null,\u000d\u000a      \"Parite\": \"D\"\u000d\u000a    },\u000d\u000a    {\u000d\u000a      \"Title\": \"CHF\",\u000d\u000a      \"DovizAlis\": 37.5526,\u000d\u000a      \"DovizSatis\": 40.3352,\u000d\u000a      \"USDCaprazKur\": 0.8996,\u000d\u000a      \"KurTuru\": \"01\",\u000d\u000a      \"Desc\": null,\u000d\u000a      \"Parite\": \"T\"\u000d\u000a    },\u000d\u000a    {\u000d\u000a      \"Title\": \"CHF\",\u000d\u000a      \"DovizAlis\": 37.6637,\u000d\u000a      \"DovizSatis\": 40.224,\u000d\u000a      \"USDCaprazKur\": 1.1158,\u000d\u000a      \"KurTuru\": \"08\",\u000d\u000a      \"Desc\": null,\u000d\u000a      \"Parite\": \"T\"\u000d\u000a    },\u000d\u000a    {\u000d\u000a      \"Title\": \"CNY\",\u000d\u000a      \"DovizAlis\": 4.5959,\u000d\u000a      \"DovizSatis\": 5.00707,\u000d\u000a      \"USDCaprazKur\": 7.2986,\u000d\u000a      \"KurTuru\": \"01\",\u000d\u000a      \"Desc\": null,\u000d\u000a      \"Parite\": \"T\"\u000d\u000a    },\u000d\u000a    {\u000d\u000a      \"Title\": \"CNY\",\u000d\u000a      \"DovizAlis\": 4.64385,\u000d\u000a      \"DovizSatis\": 4.95911,\u000d\u000a      \"USDCaprazKur\": 7.2691,\u000d\u000a      \"KurTuru\": \"08\",\u000d\u000a      \"Desc\": null,\u000d\u000a      \"Parite\": \"D\"\u000d\u000a    },\u000d\u000a    {\u000d\u000a      \"Title\": \"DKK\",\u000d\u000a      \"DovizAlis\": 4.69969,\u000d\u000a      \"DovizSatis\": 5.04779,\u000d\u000a      \"USDCaprazKur\": 7.1885,\u000d\u000a      \"KurTuru\": \"01\",\u000d\u000a      \"Desc\": null,\u000d\u000a      \"Parite\": \"T\"\u000d\u000a    },\u000d\u000a    {\u000d\u000a      \"Title\": \"DKK\",\u000d\u000a      \"DovizAlis\": 4.7136,\u000d\u000a      \"DovizSatis\": 5.03388,\u000d\u000a      \"USDCaprazKur\": 7.1613,\u000d\u000a      \"KurTuru\": \"08\",\u000d\u000a      \"Desc\": null,\u000d\u000a      \"Parite\": \"D\"\u000d\u000a    },\u000d\u000a    {\u000d\u000a      \"Title\": \"EUR\",\u000d\u000a      \"DovizAlis\": 34.8048,\u000d\u000a      \"DovizSatis\": 37.9213,\u000d\u000a      \"USDCaprazKur\": 1.0376,\u000d\u000a      \"KurTuru\": \"01\",\u000d\u000a      \"Desc\": null,\u000d\u000a      \"Parite\": \"D\"\u000d\u000a    },\u000d\u000a    {\u000d\u000a      \"Title\": \"EUR\",\u000d\u000a      \"DovizAlis\": 34.8204,\u000d\u000a      \"DovizSatis\": 37.6255,\u000d\u000a      \"USDCaprazKur\": 1.0376,\u000d\u000a      \"KurTuru\": \"08\",\u000d\u000a      \"Desc\": null,\u000d\u000a      \"Parite\": \"T\"\u000d\u000a    },\u000d\u000a    {\u000d\u000a      \"Title\": \"GBP\",\u000d\u000a      \"DovizAlis\": 42.2213,\u000d\u000a      \"DovizSatis\": 46.0011,\u000d\u000a      \"USDCaprazKur\": 1.2587,\u000d\u000a      \"KurTuru\": \"01\",\u000d\u000a      \"Desc\": null,\u000d\u000a      \"Parite\": \"D\"\u000d\u000a    },\u000d\u000a    {\u000d\u000a      \"Title\": \"GBP\",\u000d\u000a      \"DovizAlis\": 42.2402,\u000d\u000a      \"DovizSatis\": 45.6423,\u000d\u000a      \"USDCaprazKur\": 1.2587,\u000d\u000a      \"KurTuru\": \"08\",\u000d\u000a      \"Desc\": null,\u000d\u000a      \"Parite\": \"T\"\u000d\u000a    },\u000d\u000a    {\u000d\u000a      \"Title\": \"JPY\",\u000d\u000a      \"DovizAlis\": 21.8601,\u000d\u000a      \"DovizSatis\": 23.4804,\u000d\u000a      \"USDCaprazKur\": 154.5424,\u000d\u000a      \"KurTuru\": \"01\",\u000d\u000a      \"Desc\": null,\u000d\u000a      \"Parite\": \"T\"\u000d\u000a    },\u000d\u000a    {\u000d\u000a      \"Title\": \"JPY\",\u000d\u000a      \"DovizAlis\": 21.9248,\u000d\u000a      \"DovizSatis\": 23.4157,\u000d\u000a      \"USDCaprazKur\": 153.9566,\u000d\u000a      \"KurTuru\": \"08\",\u000d\u000a      \"Desc\": null,\u000d\u000a      \"Parite\": \"D\"\u000d\u000a    },\u000d\u000a    {\u000d\u000a      \"Title\": \"KWD\",\u000d\u000a      \"DovizAlis\": 110.1003,\u000d\u000a      \"DovizSatis\": 118.2921,\u000d\u000a      \"USDCaprazKur\": 3.2716,\u000d\u000a      \"KurTuru\": \"08\",\u000d\u000a      \"Desc\": null,\u000d\u000a      \"Parite\": \"T\"\u000d\u000a    },\u000d\u000a    {\u000d\u000a      \"Title\": \"KWD\",\u000d\u000a      \"DovizAlis\": 108.883,\u000d\u000a      \"DovizSatis\": 118.6982,\u000d\u000a      \"USDCaprazKur\": 3.247,\u000d\u000a      \"KurTuru\": \"01\",\u000d\u000a      \"Desc\": null,\u000d\u000a      \"Parite\": \"D\"\u000d\u000a    },\u000d\u000a    {\u000d\u000a      \"Title\": \"NOK\",\u000d\u000a      \"DovizAlis\": 2.97419,\u000d\u000a      \"DovizSatis\": 3.1959,\u000d\u000a      \"USDCaprazKur\": 11.3565,\u000d\u000a      \"KurTuru\": \"01\",\u000d\u000a      \"Desc\": null,\u000d\u000a      \"Parite\": \"T\"\u000d\u000a    },\u000d\u000a    {\u000d\u000a      \"Title\": \"NOK\",\u000d\u000a      \"DovizAlis\": 2.98299,\u000d\u000a      \"DovizSatis\": 3.18709,\u000d\u000a      \"USDCaprazKur\": 11.3135,\u000d\u000a      \"KurTuru\": \"08\",\u000d\u000a      \"Desc\": null,\u000d\u000a      \"Parite\": \"D\"\u000d\u000a    },\u000d\u000a    {\u000d\u000a      \"Title\": \"PLN\",\u000d\u000a      \"DovizAlis\": 8.2133,\u000d\u000a      \"DovizSatis\": 8.8267,\u000d\u000a      \"USDCaprazKur\": 4.1121,\u000d\u000a      \"KurTuru\": \"01\",\u000d\u000a      \"Desc\": null,\u000d\u000a      \"Parite\": \"T\"\u000d\u000a    },\u000d\u000a    {\u000d\u000a      \"Title\": \"PLN\",\u000d\u000a      \"DovizAlis\": 8.2376,\u000d\u000a      \"DovizSatis\": 8.8024,\u000d\u000a      \"USDCaprazKur\": 4.0965,\u000d\u000a      \"KurTuru\": \"08\",\u000d\u000a      \"Desc\": null,\u000d\u000a      \"Parite\": \"D\"\u000d\u000a    },\u000d\u000a    {\u000d\u000a      \"Title\": \"RON\",\u000d\u000a      \"DovizAlis\": 7.0453,\u000d\u000a      \"DovizSatis\": 7.5757,\u000d\u000a      \"USDCaprazKur\": 4.7925,\u000d\u000a      \"KurTuru\": \"01\",\u000d\u000a      \"Desc\": null,\u000d\u000a      \"Parite\": \"T\"\u000d\u000a    },\u000d\u000a    {\u000d\u000a      \"Title\": \"RON\",\u000d\u000a      \"DovizAlis\": 7.0662,\u000d\u000a      \"DovizSatis\": 7.5548,\u000d\u000a      \"USDCaprazKur\": 4.7743,\u000d\u000a      \"KurTuru\": \"08\",\u000d\u000a      \"Desc\": null,\u000d\u000a      \"Parite\": \"D\"\u000d\u000a    },\u000d\u000a    {\u000d\u000a      \"Title\": 