zaman,kur,alis,satis
1752010092,USD,38.563,41.263
1752010092,EUR,45.1882,48.3892
1752010092,XAU,4072.253,4359.053
1752010092,KRW,0.0283,0.03
1752010092,RUB,0.49597,0.52485
1752010092,AED,10.59586,11.27769
1752010092,SAR,10.37727,11.04526
1752010092,CNY,5.41798,5.73916
1752010092,KWD,127.2078,135.8222
1752010092,GBP,52.3879,56.1136
1752010092,AUD,25.3854,26.9057
1752010092,SEK,4.07681,4.33012
1752010092,CAD,28.4509,30.153
1752010092,DKK,6.10942,6.47544
1752010092,NOK,3.84615,4.08699
1752010092,PLN,10.7338,11.3895
1752010092,JPY,26.5389,28.1158
1752010092,CHF,48.8301,51.7694
1752010092,ZAR,2.1849,2.3203
1752010092,RON,8.972,9.532
1752010092,XAG,45.55,48.794
1752010092,XPT,1697.163,1823.055
1752010092,HKD,4.9552,5.2486
