zaman,kur,alis,satis
1752095652,USD,38.564,41.264
1752095652,EUR,45.178,48.3658
1752095652,XAU,4087.256,4374.812
1752095652,KRW,0.0283,0.03
1752095652,RUB,0.49756,0.52744
1752095652,AED,10.5964,11.27942
1752095652,SAR,10.37731,11.0447
1752095652,CNY,5.41667,5.73813
1752095652,KWD,127.2759,135.8948
1752095652,GBP,52.3703,56.0905
1752095652,AUD,25.3862,26.9329
1752095652,SEK,4.08314,4.33462
1752095652,CAD,28.4185,30.1142
1752095652,DKK,6.10807,6.47248
1752095652,NOK,3.84331,4.08638
1752095652,PLN,10.7264,11.3854
1752095652,JPY,26.5778,28.1608
1752095652,CHF,48.8745,51.9209
1752095652,ZAR,2.1801,2.3128
1752095652,RON,8.9683,9.517
1752095652,XAG,45.096,48.297
1752095652,XPT,1668.753,1797.978
1752095652,HKD,4.9555,5.249
1752096612,USD,38.566,41.266
1752096612,EUR,45.1797,48.3675
1752096612,XAU,4087.256,4374.812
1752096612,KRW,0.0283,0.03
1752096612,RUB,0.49758,0.52746
1752096612,AED,10.5964,11.27942
1752096612,SAR,10.37714,11.04568
1752096612,CNY,5.41667,5.73813
1752096612,KWD,127.2759,135.8948
1752096612,GBP,52.3761,56.0925
1752096612,AUD,25.417,26.9444
1752096612,SEK,4.08136,4.335
1752096612,CAD,28.4133,30.1087
1752096612,DKK,6.1083,6.4727
1752096612,NOK,3.83126,4.08778
1752096612,PLN,10.7306,11.3871
1752096612,JPY,26.5806,28.1618
1752096612,CHF,48.9071,51.9424
1752096612,ZAR,2.1799,2.3129
1752096612,RON,8.966,9.5194
1752096612,XAG,45.096,48.297
1752096612,XPT,1668.815,1798.041
1752096612,HKD,4.9558,5.2492
