{"GetCurrencyRatesResult":"{\u000d\u000a  \"cur\": [\u000d\u000a    {\u000d\u000a      \"Title\": \"AED\",\u000d\u000a      \"DovizAlis\": 8.65316,\u000d\u000a      \"DovizSatis\": 9.14402,\u000d\u000a      \"USDCaprazKur\": 3.6385,\u000d\u000a      \"KurTuru\": \"08\",\u000d\u000a      \"Desc\": null\u000d\u000a    },\u000d\u000a    {\u000d\u000a      \"Title\": \"AED\",\u000d\u000a      \"DovizAlis\": 8.49796,\u000d\u000a      \"DovizSatis\": 9.15219,\u000d\u000a      \"USDCaprazKur\": 3.6735,\u000d\u000a      \"KurTuru\": \"01\",\u000d\u000a      \"Desc\": null\u000d\u000a    },\u000d\u000a    {\u000d\u000a      \"Title\": \"AUD\",\u000d\u000a      \"DovizAlis\": 20.5541,\u000d\u000a      \"DovizSatis\": 21.8493,\u000d\u000a      \"USDCaprazKur\": 1.5287,\u000d\u000a      \"KurTuru\": \"01\",\u000d\u000a      \"Desc\": null\u000d\u000a    },\u000d\u000a    {\u000d\u000a      \"Title\": \"AUD\",\u000d\u000a      \"DovizAlis\": 20.5697,\u000d\u000a      \"DovizSatis\": 21.7356,\u000d\u000a      \"USDCaprazKur\": 1.5306,\u000d\u000a      \"KurTuru\": \"08\",\u000d\u000a      \"Desc\": null\u000d\u000a    },\u000d\u000a    {\u000d\u000a      \"Title\": \"CAD\",\u000d\u000a      \"DovizAlis\": 23.1359,\u000d\u000a      \"DovizSatis\": 24.5942,\u000d\u000a      \"USDCaprazKur\": 1.3581,\u000d\u000a      \"KurTuru\": \"01\",\u000d\u000a      \"Desc\": null\u000d\u000a    },\u000d\u000a    {\u000d\u000a      \"Title\": \"CAD\",\u000d\u000a      \"DovizAlis\": 23.1534,\u000d\u000a      \"DovizSatis\": 24.4661,\u000d\u000a      \"USDCaprazKur\": 1.3598,\u000d\u000a      \"KurTuru\": \"08\",\u000d\u000a      \"Desc\": null\u000d\u000a    },\u000d\u000a    {\u000d\u000a      \"Title\": \"CHF\",\u000d\u000a      \"DovizAlis\": 34.4046,\u000d\u000a      \"DovizSatis\": 36.4865,\u000d\u000a      \"USDCaprazKur\": 0.9144,\u000d\u000a      \"KurTuru\": \"01\",\u000d\u000a      \"Desc\": null\u000d\u000a    },\u000d\u000a    {\u000d\u000a      \"Title\": \"CHF\",\u000d\u000a      \"DovizAlis\": 34.4768,\u000d\u000a      \"DovizSatis\": 36.3399,\u000d\u000a      \"USDCaprazKur\": 1.0937,\u000d\u000a      \"KurTuru\": \"08\",\u000d\u000a      \"Desc\": null\u000d\u000a    },\u000d\u000a    {\u000d\u000a      \"Title\": \"CNY\",\u000d\u000a      \"DovizAlis\": 4.26999,\u000d\u000a      \"DovizSatis\": 4.68449,\u000d\u000a      \"USDCaprazKur\": 7.2445,\u000d\u000a      \"KurTuru\": \"01\",\u000d\u000a      \"Desc\": null\u000d\u000a    },\u000d\u000a    {\u000d\u000a      \"Title\": \"CNY\",\u000d\u000a      \"DovizAlis\": 4.3736,\u000d\u000a      \"DovizSatis\": 4.58088,\u000d\u000a      \"USDCaprazKur\": 7.2307,\u000d\u000a      \"KurTuru\": \"08\",\u000d\u000a      \"Desc\": null\u000d\u000a    },\u000d\u000a    {\u000d\u000a      \"Title\": \"DKK\",\u000d\u000a      \"DovizAlis\": 4.51689,\u000d\u000a      \"DovizSatis\": 4.85939,\u000d\u000a      \"USDCaprazKur\": 6.915,\u000d\u000a      \"KurTuru\": \"01\",\u000d\u000a      \"Desc\": null\u000d\u000a    },\u000d\u000a    {\u000d\u000a      \"Title\": \"DKK\",\u000d\u000a      \"DovizAlis\": 4.53742,\u000d\u000a      \"DovizSatis\": 4.79439,\u000d\u000a      \"USDCaprazKur\": 6.9391,\u000d\u000a      \"KurTuru\": \"08\",\u000d\u000a      \"Desc\": null\u000d\u000a    },\u000d\u000a    {\u000d\u000a      \"Title\": \"EUR\",\u000d\u000a      \"DovizAlis\": 33.4541,\u000d\u000a      \"DovizSatis\": 35.4779,\u000d\u000a      \"USDCaprazKur\": 1.0634,\u000d\u000a      \"KurTuru\": \"01\",\u000d\u000a      \"Desc\": null\u000d\u000a    },\u000d\u000a    {\u000d\u000a      \"Title\": \"EUR\",\u000d\u000a      \"DovizAlis\": 33.5243,\u000d\u000a      \"DovizSatis\": 35.3354,\u000d\u000a      \"USDCaprazKur\": 1.0634,\u000d\u000a      \"KurTuru\": \"08\",\u000d\u000a      \"Desc\": null\u000d\u000a    },\u000d\u000a    {\u000d\u000a      \"Title\": \"GBP\",\u000d\u000a      \"DovizAlis\": 39.2207,\u000d\u000a      \"DovizSatis\": 41.5927,\u000d\u000a      \"USDCaprazKur\": 1.2467,\u000d\u000a      \"KurTuru\": \"01\",\u000d\u000a      \"Desc\": null\u000d\u000a    },\u000d\u000a    {\u000d\u000a      \"Title\": \"GBP\",\u000d\u000a      \"DovizAlis\": 39.303,\u000d\u000a      \"DovizSatis\": 41.4257,\u000d\u000a      \"USDCaprazKur\": 1.2467,\u000d\u000a      \"KurTuru\": \"08\",\u000d\u000a      \"Desc\": null\u000d\u000a    },\u000d\u000a    {\u000d\u000a      \"Title\": \"JPY\",\u000d\u000a      \"DovizAlis\": 20.6007,\u000d\u000a      \"DovizSatis\": 21.8974,\u000d\u000a      \"USDCaprazKur\": 152.5301,\u000d\u000a      \"KurTuru\": \"01\",\u000d\u000a      \"Desc\": null\u000d\u000a    },\u000d\u000a    {\u000d\u000a      \"Title\": \"JPY\",\u000d\u000a      \"DovizAlis\": 20.6163,\u000d\u000a      \"DovizSatis\": 21.7834,\u000d\u000a      \"USDCaprazKur\": 152.7234,\u000d\u000a      \"KurTuru\": \"08\",\u000d\u000a      \"Desc\": null\u000d\u000a    },\u000d\u000a    {\u000d\u000a      \"Title\": \"KWD\",\u000d\u000a      \"DovizAlis\": 103.1102,\u000d\u000a      \"DovizSatis\": 108.9858,\u000d\u000a      \"USDCaprazKur\": 3.2754,\u000d\u000a      \"KurTuru\": \"08\",\u000d\u000a      \"Desc\": null\u000d\u000a    },\u000d\u000a    {\u000d\u000a      \"Title\": \"KWD\",\u000d\u000a      \"DovizAlis\": 100.2875,\u000d\u000a      \"DovizSatis\": 110.0568,\u000d\u000a      \"USDCaprazKur\": 3.2434,\u000d\u000a      \"KurTuru\": \"01\",\u000d\u000a      \"Desc\": null\u000d\u000a    },\u000d\u000a    {\u000d\u000a      \"Title\": \"NOK\",\u000d\u000a      \"DovizAlis\": 2.89213,\u000d\u000a      \"DovizSatis\": 3.11196,\u000d\u000a      \"USDCaprazKur\": 10.7989,\u000d\u000a      \"KurTuru\": \"01\",\u000d\u000a      \"Desc\": null\u000d\u000a    },\u000d\u000a    {\u000d\u000a      \"Title\": \"NOK\",\u000d\u000a      \"DovizAlis\": 2.90527,\u000d\u000a      \"DovizSatis\": 3.07033,\u000d\u000a      \"USDCaprazKur\": 10.8365,\u000d\u000a      \"KurTuru\": \"08\",\u000d\u000a      \"Desc\": null\u000d\u000a    },\u000d\u000a    {\u000d\u000a      \"Title\": \"PLN\",\u000d\u000a      \"DovizAlis\": 7.7217,\u000d\u000a      \"DovizSatis\": 8.3188,\u000d\u000a      \"USDCaprazKur\": 4.0422,\u000d\u000a      \"KurTuru\": \"01\",\u000d\u000a      \"Desc\": null\u000d\u000a    },\u000d\u000a    {\u000d\u000a      \"Title\": \"PLN\",\u000d\u000a      \"DovizAlis\": 7.8516,\u000d\u000a      \"DovizSatis\": 8.1889,\u000d\u000a      \"USDCaprazKur\": 4.0363,\u000d\u000a      \"KurTuru\": \"08\",\u000d\u000a      \"Desc\": null\u000d\u000a    },\u000d\u000a    {\u000d\u000a      \"Title\": \"RON\",\u000d\u000a      \"DovizAlis\": 6.6677,\u000d\u000a      \"DovizSatis\": 7.1885,\u000d\u000a      \"USDCaprazKur\": 4.6795,\u000d\u000a      \"KurTuru\": \"01\",\u000d\u000a      \"Desc\": null\u000d\u000a    },\u000d\u000a    {\u000d\u000a      \"Title\": \"RON\",\u000d\u000a      \"DovizAlis\": 6.7799,\u000d\u000a      \"DovizSatis\": 7.0762,\u000d\u000a      \"USDCaprazKur\": 4.6727,\u000d\u000a      \"KurTuru\": \"08\",\u000d\u000a      \"Desc\": null\u000d\u000a    },\u000d\u000a    {\u000d\u000a      \"Title\": \"RUB\",\u000d\u000a      \"DovizAlis\": 0.33724,\u000d\u000a      \"DovizSatis\": 0.35484,\u000d\u000a      \"USDCaprazKur\": 93.5595,\u000d\u000a      \"KurTuru\": \"08\",\u000d\u000a      \"Desc\": null\u000d\u000a    },\u000d\u000a    {\u000d\u000a      \"Title\": \"RUB\",\u000d\u000a      \"DovizAlis\": 0.32659,\u000d\u000a      \"DovizSatis\": 0.36554,\u000d\u000a      \"USDCaprazKur\": 93.7955,\u000d\u000a      \"KurTuru\": \"01\",\u000d\u000a      \"Desc\": null\u000d\u000a    },\u000d\u000a    {\u000d\u000a      \"Title\": \"SAR\",\u000d\u000a      \"DovizAlis\": 8.4714,\u000d\u000a      \"DovizSatis\": 8.95193,\u000d\u000a      \"USDCaprazKur\": 3.7165,\u000d\u000a      \"KurTuru\": \"08\",\u000d\u000a      \"Desc\": null\u000d\u000a    },\u000d\u000a    {\u000d\u000a      \"Title\": \"SAR\",\u000d\u000a      \"DovizAlis\": 8.23948,\u000d\u000a      \"DovizSatis\": 9.03991,\u000d\u000a      \"USDCaprazKur\": 