{"GetCurrencyRatesResult":"{\u000d\u000a  \"cur\": [\u000d\u000a    {\u000d\u000a      \"Title\": \"AED\",\u000d\u000a      \"DovizAlis\": 8.65313,\u000d\u000a      \"DovizSatis\": 9.144,\u000d\u000a      \"USDCaprazKur\": 3.6385,\u000d\u000a      \"KurTuru\": \"08\",\u000d\u000a      \"Desc\": null\u000d\u000a    },\u000d\u000a    {\u000d\u000a      \"Title\": \"AED\",\u000d\u000a      \"DovizAlis\": 8.49793,\u000d\u000a      \"DovizSatis\": 9.15217,\u000d\u000a      \"USDCaprazKur\": 3.6736,\u000d\u000a      \"KurTuru\": \"01\",\u000d\u000a      \"Desc\": null\u000d\u000a    },\u000d\u000a    {\u000d\u000a      \"Title\": \"AUD\",\u000d\u000a      \"DovizAlis\": 20.5421,\u000d\u000a      \"DovizSatis\": 21.8365,\u000d\u000a      \"USDCaprazKur\": 1.5296,\u000d\u000a      \"KurTuru\": \"01\",\u000d\u000a      \"Desc\": null\u000d\u000a    },\u000d\u000a    {\u000d\u000a      \"Title\": \"AUD\",\u000d\u000a      \"DovizAlis\": 20.5576,\u000d\u000a      \"DovizSatis\": 21.7229,\u000d\u000a      \"USDCaprazKur\": 1.5315,\u000d\u000a      \"KurTuru\": \"08\",\u000d\u000a      \"Desc\": null\u000d\u000a    },\u000d\u000a    {\u000d\u000a      \"Title\": \"CAD\",\u000d\u000a      \"DovizAlis\": 23.1275,\u000d\u000a      \"DovizSatis\": 24.5834,\u000d\u000a      \"USDCaprazKur\": 1.3586,\u000d\u000a      \"KurTuru\": \"01\",\u000d\u000a      \"Desc\": null\u000d\u000a    },\u000d\u000a    {\u000d\u000a      \"Title\": \"CAD\",\u000d\u000a      \"DovizAlis\": 23.1449,\u000d\u000a      \"DovizSatis\": 24.4554,\u000d\u000a      \"USDCaprazKur\": 1.3604,\u000d\u000a      \"KurTuru\": \"08\",\u000d\u000a      \"Desc\": null\u000d\u000a    },\u000d\u000a    {\u000d\u000a      \"Title\": \"CHF\",\u000d\u000a      \"DovizAlis\": 34.4045,\u000d\u000a      \"DovizSatis\": 36.4864,\u000d\u000a      \"USDCaprazKur\": 0.9144,\u000d\u000a      \"KurTuru\": \"01\",\u000d\u000a      \"Desc\": null\u000d\u000a    },\u000d\u000a    {\u000d\u000a      \"Title\": \"CHF\",\u000d\u000a      \"DovizAlis\": 34.4767,\u000d\u000a      \"DovizSatis\": 36.3398,\u000d\u000a      \"USDCaprazKur\": 1.0937,\u000d\u000a      \"KurTuru\": \"08\",\u000d\u000a      \"Desc\": null\u000d\u000a    },\u000d\u000a    {\u000d\u000a      \"Title\": \"CNY\",\u000d\u000a      \"DovizAlis\": 4.26992,\u000d\u000a      \"DovizSatis\": 4.68454,\u000d\u000a      \"USDCaprazKur\": 7.2446,\u000d\u000a      \"KurTuru\": \"01\",\u000d\u000a      \"Desc\": null\u000d\u000a    },\u000d\u000a    {\u000d\u000a      \"Title\": \"CNY\",\u000d\u000a      \"DovizAlis\": 4.37352,\u000d\u000a      \"DovizSatis\": 4.58093,\u000d\u000a      \"USDCaprazKur\": 7.2307,\u000d\u000a      \"KurTuru\": \"08\",\u000d\u000a      \"Desc\": null\u000d\u000a    },\u000d\u000a    {\u000d\u000a      \"Title\": \"DKK\",\u000d\u000a      \"DovizAlis\": 4.5152,\u000d\u000a      \"DovizSatis\": 4.85751,\u000d\u000a      \"USDCaprazKur\": 6.9176,\u000d\u000a      \"KurTuru\": \"01\",\u000d\u000a      \"Desc\": null\u000d\u000a    },\u000d\u000a    {\u000d\u000a      \"Title\": \"DKK\",\u000d\u000a      \"DovizAlis\": 4.53572,\u000d\u000a      \"DovizSatis\": 4.79253,\u000d\u000a      \"USDCaprazKur\": 6.9417,\u000d\u000a      \"KurTuru\": \"08\",\u000d\u000a      \"Desc\": null\u000d\u000a    },\u000d\u000a    {\u000d\u000a      \"Title\": \"EUR\",\u000d\u000a      \"DovizAlis\": 33.4414,\u000d\u000a      \"DovizSatis\": 35.4645,\u000d\u000a      \"USDCaprazKur\": 1.063,\u000d\u000a      \"KurTuru\": \"01\",\u000d\u000a      \"Desc\": null\u000d\u000a    },\u000d\u000a    {\u000d\u000a      \"Title\": \"EUR\",\u000d\u000a      \"DovizAlis\": 33.5116,\u000d\u000a      \"DovizSatis\": 35.322,\u000d\u000a      \"USDCaprazKur\": 1.063,\u000d\u000a      \"KurTuru\": \"08\",\u000d\u000a      \"Desc\": null\u000d\u000a    },\u000d\u000a    {\u000d\u000a      \"Title\": \"GBP\",\u000d\u000a      \"DovizAlis\": 39.1922,\u000d\u000a      \"DovizSatis\": 41.5626,\u000d\u000a      \"USDCaprazKur\": 1.2458,\u000d\u000a      \"KurTuru\": \"01\",\u000d\u000a      \"Desc\": null\u000d\u000a    },\u000d\u000a    {\u000d\u000a      \"Title\": \"GBP\",\u000d\u000a      \"DovizAlis\": 39.2745,\u000d\u000a      \"DovizSatis\": 41.3957,\u000d\u000a      \"USDCaprazKur\": 1.2458,\u000d\u000a      \"KurTuru\": \"08\",\u000d\u000a      \"Desc\": null\u000d\u000a    },\u000d\u000a    {\u000d\u000a      \"Title\": \"JPY\",\u000d\u000a      \"DovizAlis\": 20.6007,\u000d\u000a      \"DovizSatis\": 21.8959,\u000d\u000a      \"USDCaprazKur\": 152.5353,\u000d\u000a      \"KurTuru\": \"01\",\u000d\u000a      \"Desc\": null\u000d\u000a    },\u000d\u000a    {\u000d\u000a      \"Title\": \"JPY\",\u000d\u000a      \"DovizAlis\": 20.6162,\u000d\u000a      \"DovizSatis\": 21.7819,\u000d\u000a      \"USDCaprazKur\": 152.729,\u000d\u000a      \"KurTuru\": \"08\",\u000d\u000a      \"Desc\": null\u000d\u000a    },\u000d\u000a    {\u000d\u000a      \"Title\": \"KWD\",\u000d\u000a      \"DovizAlis\": 103.1065,\u000d\u000a      \"DovizSatis\": 108.9819,\u000d\u000a      \"USDCaprazKur\": 3.2753,\u000d\u000a      \"KurTuru\": \"08\",\u000d\u000a      \"Desc\": null\u000d\u000a    },\u000d\u000a    {\u000d\u000a      \"Title\": \"KWD\",\u000d\u000a      \"DovizAlis\": 100.2839,\u000d\u000a      \"DovizSatis\": 110.0529,\u000d\u000a      \"USDCaprazKur\": 3.2433,\u000d\u000a      \"KurTuru\": \"01\",\u000d\u000a      \"Desc\": null\u000d\u000a    },\u000d\u000a    {\u000d\u000a      \"Title\": \"NOK\",\u000d\u000a      \"DovizAlis\": 2.88964,\u000d\u000a      \"DovizSatis\": 3.10928,\u000d\u000a      \"USDCaprazKur\": 10.8082,\u000d\u000a      \"KurTuru\": \"01\",\u000d\u000a      \"Desc\": null\u000d\u000a    },\u000d\u000a    {\u000d\u000a      \"Title\": \"NOK\",\u000d\u000a      \"DovizAlis\": 2.90277,\u000d\u000a      \"DovizSatis\": 3.06769,\u000d\u000a      \"USDCaprazKur\": 10.8458,\u000d\u000a      \"KurTuru\": \"08\",\u000d\u000a      \"Desc\": null\u000d\u000a    },\u000d\u000a    {\u000d\u000a      \"Title\": \"PLN\",\u000d\u000a      \"DovizAlis\": 7.7184,\u000d\u000a      \"DovizSatis\": 8.3157,\u000d\u000a      \"USDCaprazKur\": 4.0438,\u000d\u000a      \"KurTuru\": \"01\",\u000d\u000a      \"Desc\": null\u000d\u000a    },\u000d\u000a    {\u000d\u000a      \"Title\": \"PLN\",\u000d\u000a      \"DovizAlis\": 7.8483,\u000d\u000a      \"DovizSatis\": 8.1858,\u000d\u000a      \"USDCaprazKur\": 4.038,\u000d\u000a      \"KurTuru\": \"08\",\u000d\u000a      \"Desc\": null\u000d\u000a    },\u000d\u000a    {\u000d\u000a      \"Title\": \"RON\",\u000d\u000a      \"DovizAlis\": 6.6653,\u000d\u000a      \"DovizSatis\": 7.1857,\u000d\u000a      \"USDCaprazKur\": 4.6813,\u000d\u000a      \"KurTuru\": \"01\",\u000d\u000a      \"Desc\": null\u000d\u000a    },\u000d\u000a    {\u000d\u000a      \"Title\": \"RON\",\u000d\u000a      \"DovizAlis\": 6.7774,\u000d\u000a      \"DovizSatis\": 7.0734,\u000d\u000a      \"USDCaprazKur\": 4.6745,\u000d\u000a      \"KurTuru\": \"08\",\u000d\u000a      \"Desc\": null\u000d\u000a    },\u000d\u000a    {\u000d\u000a      \"Title\": \"RUB\",\u000d\u000a      \"DovizAlis\": 0.33724,\u000d\u000a      \"DovizSatis\": 0.35484,\u000d\u000a      \"USDCaprazKur\": 93.5595,\u000d\u000a      \"KurTuru\": \"08\",\u000d\u000a      \"Desc\": null\u000d\u000a    },\u000d\u000a    {\u000d\u000a      \"Title\": \"RUB\",\u000d\u000a      \"DovizAlis\": 0.32659,\u000d\u000a      \"DovizSatis\": 0.36554,\u000d\u000a      \"USDCaprazKur\": 93.7955,\u000d\u000a      \"KurTuru\": \"01\",\u000d\u000a      \"Desc\": null\u000d\u000a    },\u000d\u000a    {\u000d\u000a      \"Title\": \"SAR\",\u000d\u000a      \"DovizAlis\": 8.4716,\u000d\u000a      \"DovizSatis\": 8.95215,\u000d\u000a      \"USDCaprazKur\": 3.7164,\u000d\u000a      \"KurTuru\": \"08\",\u000d\u000a      \"Desc\": null\u000d\u000a    },\u000d\u000a    {\u000d\u000a      \"Title\": \"SAR\",\u000d\u000a      \"DovizAlis\": 8.23968,\u000d\u000a      \"DovizSatis\": 9.04012,\u000d\u000a      \"USDCaprazKur\": 3.7542,