zaman,kur,alis,satis
1738185276,AED,9.43826,10.12103
1738185276,AUD,21.5833,23.019
1738185276,CAD,24.0227,25.6192
1738185276,CHF,38.1979,40.7382
1738185276,CNY,4.78071,5.10126
1738185276,DKK,4.83579,5.15739
1738185276,EUR,35.7378,38.5538
1738185276,GBP,42.6994,46.0633
1738185276,JPY,22.3231,23.8066
1738185276,KWD,112.3586,120.5425
1738185276,NOK,3.06627,3.27116
1738185276,PLN,8.5826,9.1563
1738185276,RON,7.252,7.7417
1738185276,RUB,0.34883,0.37261
1738185276,SAR,9.243,9.91028
1738185276,SEK,3.1473,3.35737
1738185276,USD,34.311,37.011
1738185276,XAG,33.942,36.659
1738185276,XAU,3023.933,3262.76
1738185276,XPT,1044.357,1134.227
1738185276,ZAR,1.8667,1.9918
