zaman,kur,alis,satis
1751836212,USD,38.386,41.086
1751836212,EUR,45.1684,48.4605
1751836212,XAU,4093.921,4390.36
1751836212,KRW,0.0284,0.0301
1751836212,RUB,0.49199,0.52066
1751836212,AED,10.54734,11.23033
1751836212,SAR,10.3308,11.00177
1751836212,CNY,5.40338,5.72498
1751836212,KWD,126.7067,135.3248
1751836212,GBP,52.2889,56.2011
1751836212,AUD,25.3391,26.9306
1751836212,SEK,4.04271,4.30053
1751836212,CAD,28.4251,30.1978
1751836212,DKK,6.10832,6.48199
1751836212,NOK,3.82888,4.08475
1751836212,PLN,10.7372,11.4051
1751836212,JPY,26.7759,28.4234
1751836212,CHF,48.6746,51.7219
1751836212,ZAR,2.199,2.3371
1751836212,RON,9.0065,9.5615
1751836212,XAG,45.557,48.807
1751836212,XPT,1720.756,1851.263
1751836212,HKD,4.9321,5.2266
1751837172,USD,38.456,41.156
1751837172,EUR,45.2931,48.4979
1751837172,XAU,4093.921,4390.36
1751837172,KRW,0.0284,0.0301
1751837172,RUB,0.49199,0.52066
1751837172,AED,10.54734,11.23033
1751837172,SAR,10.3492,11.01693
1751837172,CNY,5.40338,5.72498
1751837172,KWD,126.7067,135.3248
1751837172,GBP,52.4805,56.2681
1751837172,AUD,25.4115,26.95
1751837172,SEK,4.05044,4.3058
1751837172,CAD,28.5121,30.2315
1751837172,DKK,6.12266,6.48958
1751837172,NOK,3.84006,4.10468
1751837172,PLN,10.7546,11.4227
1751837172,JPY,26.8411,28.4581
1751837172,CHF,48.7872,51.7711
1751837172,ZAR,2.2005,2.3371
1751837172,RON,9.024,9.5874
1751837172,XAG,45.557,48.807
1751837172,XPT,1720.756,1851.263
1751837172,HKD,4.9414,5.235
1751837772,USD,38.444,41.144
1751837772,EUR,45.2749,48.4753
1751837772,XAU,4093.921,4390.36
1751837772,KRW,0.0284,0.0301
1751837772,RUB,0.49199,0.52066
1751837772,AED,10.54734,11.23033
1751837772,SAR,10.34594,11.01368
1751837772,CNY,5.40338,5.72498
1751837772,KWD,127.1412,135.3769
1751837772,GBP,52.4754,56.2391
1751837772,AUD,25.4035,26.942
1751837772,SEK,4.04909,4.30322
1751837772,CAD,28.5052,30.2159
1751837772,DKK,6.12083,6.48673
1751837772,NOK,3.83911,4.09642
1751837772,PLN,10.7527,11.4196
1751837772,JPY,26.8326,28.4497
1751837772,CHF,48.7719,51.7427
1751837772,ZAR,2.1994,2.3373
1751837772,RON,9.0216,9.5776
1751837772,XAG,45.557,48.807
1751837772,XPT,1720.756,1851.263
1751837772,HKD,4.9399,5.2335
