zaman,kur,alis,satis
1746479293,USD,37.086,39.786
1746479293,EUR,41.9516,45.0297
1746479293,XAU,3954.059,4245.023
1746479293,KRW,0.0272,0.0289
1746479293,RUB,0.45866,0.50018
1746479293,AED,10.19206,10.87499
1746479293,SAR,9.98186,10.65169
1746479293,CNY,5.14526,5.46383
1746479293,KWD,121.9051,130.4701
1746479293,GBP,49.2761,52.8994
1746479293,AUD,24.1644,25.7077
1746479293,SEK,3.86408,4.11625
1746479293,CAD,27.0656,28.7416
1746479293,DKK,5.67268,6.02444
1746479293,NOK,3.58679,3.85024
1746479293,PLN,9.8987,10.5495
1746479293,JPY,26.0265,27.6454
1746479293,CHF,45.3917,48.34
1746479293,ZAR,2.0449,2.1758
1746479293,RON,8.4949,9.0361
1746479293,XAG,38.696,41.579
1746479293,XPT,1144.051,1239.021
1746479293,HKD,4.8282,5.1254
