zaman,kur,alis,satis
1744924448,USD,36.566,39.266
1744924448,EUR,41.5277,44.6726
1744924448,XAU,3890.391,4180.118
1744924448,KRW,0.026,0.0276
1744924448,RUB,0.44865,0.4771
1744924448,AED,10.05301,10.73422
1744924448,SAR,9.84029,10.5082
1744924448,CNY,5.04763,5.36523
1744924448,KWD,120.0721,128.6308
1744924448,GBP,48.4203,52.1174
1744924448,AUD,23.5576,25.0676
1744924448,SEK,3.82343,4.08307
1744924448,CAD,26.622,28.3447
1744924448,DKK,5.61432,5.97408
1744924448,NOK,3.51348,3.74929
1744924448,PLN,9.7711,10.4374
1744924448,JPY,25.8952,27.5305
1744924448,CHF,44.9351,47.9285
1744924448,ZAR,1.9581,2.0877
1744924448,RON,8.4162,8.96
1744924448,XAG,38.189,41.083
1744924448,XPT,1137.995,1234.661
1744924448,HKD,4.7525,5.0498
