zaman,kur,alis,satis
1740603896,USD,35.49,37.406
1740603896,EUR,36.935685,39.52187
1740603896,XAU,3285.766305,3516.712634
1740604853,USD,35.487500,37.390000
1740604853,EUR,36.918995,39.489897
1740604853,XAU,3286.920741,3515.835056
1740605578,USD,35.487500,37.390000
1740605578,EUR,36.908455,39.482382
1740605578,XAU,3287.450285,3517.257035
1740605934,USD,35.487500,37.390000
1740605934,EUR,36.915482,39.486158
1740605934,XAU,3287.101017,3516.039915
