zaman,kur,alis,satis
1741814021,USD,35.546500,37.650000
1741814021,EUR,38.412756,41.304573
1741814021,XAU,3309.722067,3559.976172
1741815415,USD,35.546500,37.650000
1741815415,EUR,38.409237,41.300770
1741815415,XAU,3310.383516,3559.944734
1741815896,USD,35.546500,37.650000
1741815896,EUR,38.412756,41.304573
1741815896,XAU,3309.149377,3559.387138
