zaman,kur,alis,satis
1745269212,USD,37.2,39.201
1745269212,EUR,42.507138,45.474571
1745269212,XAU,4043.246536,4327.881072
1745270253,USD,37.200000,39.260000
1745270253,EUR,42.496052,45.554870
1745270253,XAU,4044.355579,4335.683596
1745270987,USD,37.200000,39.260000
1745270987,EUR,42.492370,45.543013
1745270987,XAU,4044.452188,4335.782806
1745271523,USD,37.200000,39.260000
1745271523,EUR,42.503455,45.546939
1745271523,XAU,4044.452188,4335.782806
1745271881,USD,37.200000,39.260000
1745271881,EUR,42.496052,45.550905
1745271881,XAU,4044.452188,4335.782806
1745272241,USD,37.200000,39.260000
1745272241,EUR,42.492370,45.550905
1745272241,XAU,4044.452188,4335.782806
1745272590,USD,37.200000,39.260000
1745272590,EUR,42.507138,45.546939
1745272590,XAU,4044.452188,4335.782806
1745273436,USD,37.200000,39.260000
1745273436,EUR,42.518224,45.566726
1745273436,XAU,4049.374454,4339.341411
1745274663,USD,37.200000,39.260000
1745274663,EUR,42.544078,45.582548
1745274663,XAU,4053.413816,4344.061170
1745275298,USD,37.200000,39.260000
1745275298,EUR,42.532992,45.570692
1745275298,XAU,4049.634296,4339.885555
1745275640,USD,37.200000,39.260000
1745275640,EUR,42.536675,45.574657
1745275640,XAU,4052.823266,4344.061170
1745275977,USD,37.200000,39.260000
1745275977,EUR,42.551443,45.590479
1745275977,XAU,4053.027569,4344.711983
1745276323,USD,37.200000,39.260000
1745276323,EUR,42.540358,45.578583
1745276323,XAU,4051.051616,4341.657005
1745277240,USD,37.200000,39.260000
1745277240,EUR,42.529309,45.578583
1745277240,XAU,4055.055564,4345.060808
1745278086,USD,37.200000,39.260000
1745278086,EUR,42.529309,45.566726
1745278086,XAU,4061.563444,4353.045154
1745278600,USD,37.200000,39.260000
1745278600,EUR,42.532992,45.582548
1745278600,XAU,4065.815404,4357.220808
1745279031,USD,37.200000,39.260000
1745279031,EUR,42.510821,45.558835
1745279031,XAU,4065.579184,4357.220808
1745279355,USD,37.200000,39.260000
1745279355,EUR,42.492370,45.539048
1745279355,XAU,4058.138216,4348.742964
1745279699,USD,37.200000,39.260000
1745279699,EUR,42.496052,45.543013
1745279699,XAU,4058.846876,4349.249104
1745280026,USD,37.200000,39.260000
1745280026,EUR,42.503455,45.550905
1745280026,XAU,4055.894126,4346.465335
1745285280,USD,37.200000,39.260000
1745285280,EUR,42.411162,45.440152
1745285280,XAU,4061.090966,4352.159409
