zaman,kur,alis,satis
1752268610,USD,38.980000,41.275000
1752268610,EUR,45.221984,48.616502
1752268610,XAU,4152.805984,4464.886555
1752269525,USD,38.980000,41.275000
1752269525,EUR,45.221984,48.616502
1752269525,XAU,4152.805984,4464.886555
1752270165,USD,38.980000,41.275000
1752270165,EUR,45.221984,48.616502
1752270165,XAU,4152.805984,4464.886555
