zaman,kur,alis,satis
1741726916,USD,35.45,37.6505
1741726916,EUR,38.371824,41.467621
1741726916,XAU,3278.019882,3542.47745
1741728369,USD,35.450000,37.650500
1741728369,EUR,38.361260,41.452410
1741728369,XAU,3278.654933,3542.969618
1741729123,USD,35.450000,37.650500
1741729123,EUR,38.361260,41.444842
1741729123,XAU,3278.809672,3543.337086
1741729488,USD,35.450000,37.650500
1741729488,EUR,38.361260,41.444842
1741729488,XAU,3278.809672,3543.337086
1741730083,USD,35.450000,37.650500
1741730083,EUR,38.347187,41.437237
1741730083,XAU,3278.809672,3543.337086
1741730444,USD,35.450000,37.650500
1741730444,EUR,38.361260,41.444842
1741730444,XAU,3277.642410,3542.491419
1741731292,USD,35.450000,37.650500
1741731292,EUR,38.371824,41.456213
1741731292,XAU,3279.205897,3544.062838
1741732966,USD,35.450000,37.650500
1741732966,EUR,38.354241,41.448645
1741732966,XAU,3277.215698,3541.050459
1741733317,USD,35.450000,37.650500
1741733317,EUR,38.361260,41.452410
1741733317,XAU,3278.070256,3541.973574
1741733674,USD,35.450000,37.650500
1741733674,EUR,38.364770,41.452410
1741733674,XAU,3278.081494,3542.483776
1741734008,USD,35.450000,37.650500
1741734008,EUR,38.364770,41.452410
1741734008,XAU,3280.184140,3544.257227
1741734784,USD,35.450000,37.650500
1741734784,EUR,38.368279,41.460015
1741734784,XAU,3280.244546,3544.885162
1741735666,USD,35.450000,37.650500
1741735666,EUR,38.364770,41.452410
1741735666,XAU,3279.406934,3544.018259
1741736502,USD,35.450000,37.645000
1741736502,EUR,38.361260,41.442590
1741736502,XAU,3279.903021,3543.253672
