zaman,kur,alis,satis
1740344659,USD,35.2,37.55
1740344659,EUR,36.597968,39.682352
1740344659,XAU,3279.660982,3555.953045
