zaman,kur,alis,satis
1745183402,USD,37.000000,39.200000
1745183402,EUR,41.803118,45.063889
1745183402,XAU,3905.097290,4208.874130
