zaman,kur,alis,satis
1743196635,USD,36.800000,39.210000
1743196635,EUR,39.544544,42.778973
1743196635,XAU,3603.386264,3900.553946
1743197477,USD,36.800000,39.210000
1743197477,EUR,39.544544,42.778973
1743197477,XAU,3603.386264,3900.553946
1743197834,USD,36.800000,39.210000
1743197834,EUR,39.544544,42.778973
1743197834,XAU,3603.386264,3900.553946
1743198557,USD,36.800000,39.210000
1743198557,EUR,39.544544,42.778973
1743198557,XAU,3603.386264,3900.553946
1743198925,USD,36.800000,39.210000
1743198925,EUR,39.544544,42.778973
1743198925,XAU,3603.386264,3900.553946
1743199278,USD,36.800000,39.210000
1743199278,EUR,39.544544,42.778973
1743199278,XAU,3603.386264,3900.553946
1743200145,USD,36.800000,39.210000
1743200145,EUR,39.544544,42.778973
1743200145,XAU,3603.386264,3900.553946
