zaman,kur,alis,satis
1744750828,USD,37.0,39.08
1744750828,EUR,41.434006,44.432553
1744750828,XAU,3792.929311,4069.848726
1744751881,USD,37.000000,39.120000
1744751881,EUR,41.430306,44.481983
1744751881,XAU,3793.635678,4072.322836
