zaman,kur,alis,satis
1750194768,USD,38.400000,40.540000
1750194768,EUR,43.771622,46.925739
1750194768,XAU,4131.110131,4428.219794
