zaman,kur,alis,satis
1740085489,USD,35.3,37.3195
1740085489,EUR,36.816064,39.474813
1740085489,XAU,3316.391369,3544.251836
1740086452,USD,35.300000,37.319500
1740086452,EUR,36.809040,39.471044
1740086452,XAU,3318.690105,3546.716341
1740087053,USD,35.300000,37.319500
1740087053,EUR,36.809040,39.474813
1740087053,XAU,3318.384090,3546.976645
1740087408,USD,35.300000,37.319500
1740087408,EUR,36.812570,39.474813
1740087408,XAU,3318.669349,3547.257847
