zaman,kur,alis,satis
1739480523,USD,35.0,37.2
1739480523,EUR,36.335425,39.210548
1739480523,XAU,3253.51348,3511.733047
1739481481,USD,35.000000,37.200000
1739481481,EUR,36.335425,39.206791
1739481481,XAU,3254.546960,3511.769020
1739482200,USD,35.000000,37.209500
1739482200,EUR,36.331960,39.216804
1739482200,XAU,3253.180105,3512.629861
1739482562,USD,35.000000,37.209500
1739482562,EUR,36.342355,39.224283
1739482562,XAU,3254.469190,3512.557935
1739482921,USD,35.000000,37.209500
1739482921,EUR,36.338890,39.231799
1739482921,XAU,3255.080360,3513.217510
1739483646,USD,35.000000,37.209500
1739483646,EUR,36.349320,39.231799
1739483646,XAU,3254.069105,3512.677861
