zaman,kur,alis,satis
1742245356,USD,35.55,37.672
1742245356,EUR,38.520629,41.482108
1742245356,XAU,3385.246297,3646.361899
