zaman,kur,alis,satis
1740690794,USD,35.462500,37.390000
1740690794,EUR,36.589463,39.207977
1740690794,XAU,3235.624990,3467.755142
1740691753,USD,35.462500,37.390000
1740691753,EUR,36.578930,39.192908
1740691753,XAU,3236.099585,3468.475797
1740692106,USD,35.462500,37.390000
1740692106,EUR,36.578930,39.200461
1740692106,XAU,3237.800686,3469.292619
1740692487,USD,35.462500,37.390000
1740692487,EUR,36.578930,39.192908
1740692487,XAU,3238.014489,3469.509631
