zaman,kur,alis,satis
1752354699,USD,38.980000,41.275000
1752354699,EUR,45.221984,48.616502
1752354699,XAU,4152.805984,4464.886555
1752355704,USD,38.980000,41.275000
1752355704,EUR,45.221984,48.616502
1752355704,XAU,4152.805984,4464.886555
