zaman,kur,alis,satis
1746565788,USD,37.950000,39.160000
1746565788,EUR,43.026116,44.640168
1746565788,XAU,4154.687785,4310.823377
1746566822,USD,37.950000,39.160000
1746566822,EUR,43.041258,44.655871
1746566822,XAU,4154.687785,4310.823377
1746567428,USD,37.950000,39.160000
1746567428,EUR,43.033706,44.651955
1746567428,XAU,4154.687785,4310.823377
1746567785,USD,37.950000,39.160000
1746567785,EUR,43.041258,44.644084
1746567785,XAU,4153.802943,4310.359605
1746568121,USD,37.950000,39.160000
1746568121,EUR,43.037501,44.644084
1746568121,XAU,4154.075538,4310.202221
1746568468,USD,37.950000,39.160000
1746568468,EUR,43.045053,44.659787
1746568468,XAU,4151.329741,4306.293348
1746568802,USD,37.950000,39.160000
1746568802,EUR,43.045053,44.651955
1746568802,XAU,4151.329741,4306.293348
1746569876,USD,37.950000,39.160000
1746569876,EUR,42.912570,44.506671
1746569876,XAU,4119.759326,4274.067997
1746570903,USD,37.950000,39.160000
1746570903,EUR,42.939059,44.538078
1746570903,XAU,4111.669942,4264.975593
1746571505,USD,37.950000,39.160000
1746571505,EUR,42.954201,44.565568
1746571505,XAU,4108.848360,4262.049401
1746571850,USD,37.950000,39.160000
1746571850,EUR,42.950406,44.545949
1746571850,XAU,4107.843254,4261.007040
