zaman,kur,alis,satis
1737666042,USD,34.4795,36.79
1737666042,EUR,35.62653,38.63443
1737666042,XAU,3012.963869,3267.073628
1737666991,USD,34.479500,36.790000
1737666991,EUR,35.619703,38.627035
1737666991,XAU,3010.939646,3266.195782
