zaman,kur,alis,satis
1739654647,USD,35.000000,37.325000
1739654647,EUR,36.443120,39.466373
1739654647,XAU,3204.029430,3469.411080
1739655129,USD,35.000000,37.325000
1739655129,EUR,36.443120,39.466373
1739655129,XAU,3204.029430,3469.411080
1739655485,USD,35.000000,37.325000
1739655485,EUR,36.443120,39.466373
1739655485,XAU,3204.029430,3469.411080
1739655851,USD,35.000000,37.325000
1739655851,EUR,36.443120,39.466373
1739655851,XAU,3204.029430,3469.411080
