zaman,kur,alis,satis
1745269212,USD,37.2,39.201
1745269212,EUR,42.507138,45.474571
1745269212,XAU,4043.246536,4327.881072
1745270253,USD,37.200000,39.260000
1745270253,EUR,42.496052,45.554870
1745270253,XAU,4044.355579,4335.683596
1745270987,USD,37.200000,39.260000
1745270987,EUR,42.492370,45.543013
1745270987,XAU,4044.452188,4335.782806
1745271523,USD,37.200000,39.260000
1745271523,EUR,42.503455,45.546939
1745271523,XAU,4044.452188,4335.782806
1745271881,USD,37.200000,39.260000
1745271881,EUR,42.496052,45.550905
1745271881,XAU,4044.452188,4335.782806
1745272241,USD,37.200000,39.260000
1745272241,EUR,42.492370,45.550905
1745272241,XAU,4044.452188,4335.782806
1745272590,USD,37.200000,39.260000
1745272590,EUR,42.507138,45.546939
1745272590,XAU,4044.452188,4335.782806
1745273436,USD,37.200000,39.260000
1745273436,EUR,42.518224,45.566726
1745273436,XAU,4049.374454,4339.341411
1745274663,USD,37.200000,39.260000
1745274663,EUR,42.544078,45.582548
1745274663,XAU,4053.413816,4344.061170
1745275298,USD,37.200000,39.260000
1745275298,EUR,42.532992,45.570692
1745275298,XAU,4049.634296,4339.885555
