zaman,kur,alis,satis
1742072449,USD,35.45,37.827
1742072449,EUR,38.257534,41.492663
1742072449,XAU,3357.386972,3641.0512
1742073170,USD,35.450000,37.827000
1742073170,EUR,38.257534,41.492663
1742073170,XAU,3357.386972,3641.051200
1742074153,USD,35.450000,37.827000
1742074153,EUR,38.257534,41.492663
1742074153,XAU,3357.386972,3641.051200
1742074494,USD,35.450000,37.827000
1742074494,EUR,38.257534,41.492663
1742074494,XAU,3357.386972,3641.051200
1742074851,USD,35.450000,37.827000
1742074851,EUR,38.257534,41.492663
1742074851,XAU,3357.386972,3641.051200
1742075209,USD,35.450000,37.827000
1742075209,EUR,38.257534,41.492663
1742075209,XAU,3357.386972,3641.051200
1742075944,USD,35.450000,37.827000
1742075944,EUR,38.257534,41.492663
1742075944,XAU,3357.386972,3641.051200
1742078149,USD,35.450000,37.827000
1742078149,EUR,38.257534,41.492663
1742078149,XAU,3357.386972,3641.051200
1742078751,USD,35.450000,37.827000
1742078751,EUR,38.257534,41.492663
1742078751,XAU,3357.386972,3641.051200
1742079349,USD,35.450000,37.827000
1742079349,EUR,38.257534,41.492663
1742079349,XAU,3357.386972,3641.051200
