zaman,kur,alis,satis
1745269212,USD,37.2,39.201
1745269212,EUR,42.507138,45.474571
1745269212,XAU,4043.246536,4327.881072
