zaman,kur,alis,satis
1742851725,USD,36.900000,39.405000
1742851725,EUR,39.558387,42.855302
1742851725,XAU,3529.185077,3822.850147
1742852092,USD,36.900000,39.405000
1742852092,EUR,39.569383,42.855302
1742852092,XAU,3529.185077,3822.850147
1742852568,USD,36.900000,39.405000
1742852568,EUR,39.573036,42.867202
1742852568,XAU,3529.275593,3822.936207
