zaman,kur,alis,satis
1737406869,USD,34.415,36.72
1737406869,EUR,35.524918,38.561545
1737406869,XAU,2907.147036,3209.7252
