zaman,kur,alis,satis
1737148122,USD,34.120000,36.889500
1737148122,EUR,34.753540,38.222428
1737148122,XAU,2873.580258,3214.883441
