zaman,kur,alis,satis
1743282238,USD,36.8,39.21
1743282238,EUR,39.544544,42.778973
1743282238,XAU,3603.386264,3900.553946
1743283073,USD,36.800000,39.210000
1743283073,EUR,39.544544,42.778973
1743283073,XAU,3603.386264,3900.553946
1743283790,USD,36.800000,39.210000
1743283790,EUR,39.544544,42.778973
1743283790,XAU,3603.386264,3900.553946
1743284152,USD,36.800000,39.210000
1743284152,EUR,39.544544,42.778973
1743284152,XAU,3603.386264,3900.553946
1743284873,USD,36.800000,39.210000
1743284873,EUR,39.544544,42.778973
1743284873,XAU,3603.386264,3900.553946
1743285231,USD,36.800000,39.210000
1743285231,EUR,39.544544,42.778973
1743285231,XAU,3603.386264,3900.553946
1743285592,USD,36.800000,39.210000
1743285592,EUR,39.544544,42.778973
1743285592,XAU,3603.386264,3900.553946
1743286312,USD,36.800000,39.210000
1743286312,EUR,39.544544,42.778973
1743286312,XAU,3603.386264,3900.553946
1743287393,USD,36.800000,39.210000
1743287393,EUR,39.544544,42.778973
1743287393,XAU,3603.386264,3900.553946
1743287986,USD,36.800000,39.210000
1743287986,EUR,39.544544,42.778973
1743287986,XAU,3603.386264,3900.553946
1743288350,USD,36.800000,39.210000
1743288350,EUR,39.544544,42.778973
1743288350,XAU,3603.386264,3900.553946
1743288707,USD,36.800000,39.210000
1743288707,EUR,39.544544,42.778973
1743288707,XAU,3603.386264,3900.553946
1743289076,USD,36.800000,39.210000
1743289076,EUR,39.544544,42.778973
1743289076,XAU,3603.386264,3900.553946
