zaman,kur,alis,satis
1750281378,USD,38.300000,40.638500
1750281378,EUR,43.612861,47.034431
1750281378,XAU,4094.235990,4415.595155
