zaman,kur,alis,satis
1744406147,USD,37.000000,39.062000
1744406147,EUR,41.695744,44.733373
1744406147,XAU,3799.833289,4079.166224
1744406908,USD,37.000000,39.062000
1744406908,EUR,41.695744,44.733373
1744406908,XAU,3799.833289,4079.166224
1744407379,USD,37.000000,39.062000
1744407379,EUR,41.695744,44.733373
1744407379,XAU,3799.833289,4079.166224
1744407727,USD,37.000000,39.062000
1744407727,EUR,41.695744,44.733373
1744407727,XAU,3799.833289,4079.166224
