zaman,kur,alis,satis
1742936632,USD,36.84,39.4
1742936632,EUR,39.472107,42.818108
1742936632,XAU,3535.458136,3835.502611
1742937615,USD,36.840000,39.400000
1742937615,EUR,39.472107,42.822087
1742937615,XAU,3534.044143,3833.558812
1742938338,USD,36.840000,39.400000
1742938338,EUR,39.472107,42.818108
1742938338,XAU,3534.046906,3833.568425
1742938823,USD,36.840000,39.400000
1742938823,EUR,39.472107,42.818108
1742938823,XAU,3534.050074,3833.818734
