zaman,kur,alis,satis
1745528424,USD,37.28,39.3
1745528424,EUR,42.139746,45.10237
1745528424,XAU,3962.867169,4242.650836
