zaman,kur,alis,satis
1741036850,USD,35.495000,37.450000
1741036850,EUR,36.925803,39.591766
1741036850,XAU,3258.215962,3493.613954
1741037572,USD,35.500000,37.450000
1741037572,EUR,36.938070,39.610640
1741037572,XAU,3260.285885,3495.316693
1741038172,USD,35.500000,37.450000
1741038172,EUR,36.938070,39.610640
1741038172,XAU,3259.914129,3496.029179
1741038536,USD,35.500000,37.450000
1741038536,EUR,36.927491,39.599330
1741038536,XAU,3260.368458,3496.195457
1741038894,USD,35.500000,37.450000
1741038894,EUR,36.923976,39.584238
1741038894,XAU,3258.224293,3494.821567
1741041109,USD,35.547500,37.450000
1741041109,EUR,36.980420,39.595548
1741041109,XAU,3263.510825,3494.915903
1741042132,USD,35.547500,37.450000
1741042132,EUR,36.976901,39.591766
1741042132,XAU,3263.510825,3494.915903
1741042492,USD,35.547500,37.450000
1741042492,EUR,36.983974,39.595548
1741042492,XAU,3263.510825,3494.915903
1741043569,USD,35.547500,37.450000
1741043569,EUR,36.962788,39.584238
1741043569,XAU,3262.696681,3494.821567
