zaman,kur,alis,satis
1743888477,USD,36.750000,39.260500
1743888477,EUR,39.957687,43.340373
1743888477,XAU,3544.032629,3845.036979
1743888835,USD,36.750000,39.260500
1743888835,EUR,39.957687,43.340373
1743888835,XAU,3544.032629,3845.036979
