zaman,kur,alis,satis
1742505475,USD,36.600000,39.300000
1742505475,EUR,39.447553,42.962721
1742505475,XAU,3539.544862,3855.063074
1742506270,USD,36.600000,39.300000
1742506270,EUR,39.447553,42.962721
1742506270,XAU,3539.544862,3855.063074
1742506753,USD,36.600000,39.300000
1742506753,EUR,39.447553,42.962721
1742506753,XAU,3539.544862,3855.063074
1742507110,USD,36.600000,39.300000
1742507110,EUR,39.447553,42.962721
1742507110,XAU,3539.544862,3855.063074
