zaman,kur,alis,satis
1751145048,USD,38.400000,41.180000
1751145048,EUR,44.618458,48.677354
1751145048,XAU,3986.427341,4351.647949
1751146026,USD,38.400000,41.180000
1751146026,EUR,44.618458,48.677354
1751146026,XAU,3986.427341,4351.647949
1751146622,USD,38.400000,41.180000
1751146622,EUR,44.618458,48.677354
1751146622,XAU,3986.427341,4351.647949
1751147058,USD,38.400000,41.180000
1751147058,EUR,44.618458,48.677354
1751147058,XAU,3986.427341,4351.647949
