zaman,kur,alis,satis
1740949232,USD,35.35,37.681
1740949232,EUR,36.437472,39.517534
1740949232,XAU,3204.991383,3475.319271
1740950081,USD,35.350000,37.681000
1740950081,EUR,36.455006,39.540331
1740950081,XAU,3204.991383,3475.319271
1740950792,USD,35.350000,37.681000
1740950792,EUR,36.458505,39.540331
1740950792,XAU,3204.991383,3475.319271
1740951156,USD,35.350000,37.681000
1740951156,EUR,36.462005,39.540331
1740951156,XAU,3204.991383,3475.319271
1740951582,USD,35.350000,37.681000
1740951582,EUR,36.465540,39.544137
1740951582,XAU,3204.991383,3475.319271
1740951945,USD,35.350000,37.681000
1740951945,EUR,36.462005,39.536525
1740951945,XAU,3204.991383,3475.319271
1740952542,USD,35.350000,37.681000
1740952542,EUR,36.465540,39.544137
1740952542,XAU,3204.991383,3475.319271
1740952906,USD,35.350000,37.681000
1740952906,EUR,36.462005,39.540331
1740952906,XAU,3204.924006,3475.452887
1740954771,USD,35.350000,37.681000
1740954771,EUR,36.458505,39.532757
1740954771,XAU,3204.924006,3475.452887
1740955612,USD,35.350000,37.689000
1740955612,EUR,36.458505,39.541151
1740955612,XAU,3204.556896,3476.698351
1740955973,USD,35.350000,37.689000
1740955973,EUR,36.458505,39.541151
1740955973,XAU,3204.556896,3476.698351
1740956315,USD,35.350000,37.689000
1740956315,EUR,36.458505,39.544919
1740956315,XAU,3204.556896,3476.698351
1740956683,USD,35.350000,37.689000
1740956683,EUR,36.451506,39.533537
1740956683,XAU,3220.845646,3494.551254
1740957584,USD,35.350000,37.689000
1740957584,EUR,36.490073,39.586754
1740957584,XAU,3221.742617,3494.539080
