zaman,kur,alis,satis
1745442956,USD,37.250000,39.285000
1745442956,EUR,41.835959,44.804150
1745442956,XAU,3888.614814,4165.451210
1745443800,USD,37.250000,39.285000
1745443800,EUR,41.835959,44.804150
1745443800,XAU,3889.419861,4164.588236
1745444304,USD,37.250000,39.285000
1745444304,EUR,41.839647,44.800182
1745444304,XAU,3888.078936,4164.415618
1745444663,USD,37.250000,39.285000
1745444663,EUR,41.832272,44.823949
1745444663,XAU,3888.078936,4164.415618
1745444999,USD,37.250000,39.285000
1745444999,EUR,41.835959,44.819982
1745444999,XAU,3888.078936,4164.415618
1745445346,USD,37.250000,39.285000
1745445346,EUR,41.843335,44.827917
1745445346,XAU,3887.996352,4164.504127
1745446129,USD,37.250000,39.285000
1745446129,EUR,41.924689,44.911005
1745446129,XAU,3914.893087,4192.154245
1745447438,USD,37.250000,39.285000
1745447438,EUR,41.898800,44.883309
1745447438,XAU,3915.046855,4192.090918
1745448147,USD,37.250000,39.285000
1745448147,EUR,41.924689,44.891244
1745448147,XAU,3919.552913,4196.914959
1745448510,USD,37.250000,39.285000
1745448510,EUR,41.891425,44.879341
1745448510,XAU,3917.045579,4194.230733
1745448839,USD,37.250000,39.285000
1745448839,EUR,41.891425,44.883309
1745448839,XAU,3914.006090,4190.976717
1745449171,USD,37.250000,39.285000
1745449171,EUR,41.891425,44.859581
1745449171,XAU,3913.308323,4190.229673
1745450212,USD,37.250000,39.285000
1745450212,EUR,41.891425,44.851645
1745450212,XAU,3915.046855,4192.863261
1745450994,USD,37.250000,39.285000
1745450994,EUR,41.876636,44.851645
1745450994,XAU,3915.874737,4193.496339
1745451498,USD,37.250000,39.285000
1745451498,EUR,41.869224,44.859581
1745451498,XAU,3917.110505,4195.303803
1745451860,USD,37.250000,39.285000
1745451860,EUR,41.895112,44.855613
1745451860,XAU,3915.082355,4192.128907
1745452200,USD,37.250000,39.285000
1745452200,EUR,41.887700,44.875413
1745452200,XAU,3919.399145,4196.750355
1745452536,USD,37.250000,39.285000
1745452536,EUR,41.876636,44.859581
1745452536,XAU,3917.518654,4194.737195
1745455371,USD,37.250000,39.285000
1745455371,EUR,41.887700,44.855613
1745455371,XAU,3938.700643,4217.933102
1745461243,USD,37.250000,39.300000
1745461243,EUR,41.957953,44.940061
1745461243,XAU,3967.982756,4250.928948
1745464469,USD,37.250000,39.300000
1745464469,EUR,41.939477,44.924223
1745464469,XAU,3941.917590,4222.355569
