zaman,kur,alis,satis
1738271665,USD,34.650000,36.860500
1738271665,EUR,35.705647,38.642189
1738271665,XAU,3073.100496,3325.629358
