zaman,kur,alis,satis
1740949232,USD,35.35,37.681
1740949232,EUR,36.437472,39.517534
1740949232,XAU,3204.991383,3475.319271
1740950081,USD,35.350000,37.681000
1740950081,EUR,36.455006,39.540331
1740950081,XAU,3204.991383,3475.319271
1740950792,USD,35.350000,37.681000
1740950792,EUR,36.458505,39.540331
1740950792,XAU,3204.991383,3475.319271
1740951156,USD,35.350000,37.681000
1740951156,EUR,36.462005,39.540331
1740951156,XAU,3204.991383,3475.319271
1740951582,USD,35.350000,37.681000
1740951582,EUR,36.465540,39.544137
1740951582,XAU,3204.991383,3475.319271
1740951945,USD,35.350000,37.681000
1740951945,EUR,36.462005,39.536525
1740951945,XAU,3204.991383,3475.319271
1740952542,USD,35.350000,37.681000
1740952542,EUR,36.465540,39.544137
1740952542,XAU,3204.991383,3475.319271
