zaman,kur,alis,satis
1738962857,USD,34.750000,36.969500
1738962857,EUR,35.613016,38.502477
1738962857,XAU,3156.901245,3413.097440
1738963512,USD,34.750000,36.969500
1738963512,EUR,35.613016,38.502477
1738963512,XAU,3156.531297,3413.628654
1738963858,USD,34.750000,36.969500
1738963858,EUR,35.606136,38.495009
1738963858,XAU,3156.308098,3413.308203
