zaman,kur,alis,satis
1738184442,USD,34.55,36.99
1738184442,EUR,35.667693,38.845085
1738184442,XAU,3019.016349,3288.206001
