zaman,kur,alis,satis
1743714070,USD,37.0,39.0105
1743714070,EUR,40.568946,43.471117
1743714070,XAU,3655.357058,3917.649241
1743715779,USD,37.000000,39.010500
1743715779,EUR,40.554257,43.455395
1743715779,XAU,3654.200142,3916.221730
