zaman,kur,alis,satis
1746393319,USD,37.500000,39.570500
1746393319,EUR,42.009975,45.124220
1746393319,XAU,3855.781275,4136.332500
1746394078,USD,37.500000,39.570500
1746394078,EUR,42.039713,45.100319
1746394078,XAU,3855.781275,4136.332500
1746394577,USD,37.500000,39.570500
1746394577,EUR,42.032288,45.092326
1746394577,XAU,3855.781275,4136.332500
1746394923,USD,37.500000,39.570500
1746394923,EUR,41.991375,45.080376
1746394923,XAU,3855.781275,4136.332500
1746395256,USD,37.500000,39.570500
1746395256,EUR,41.995088,45.100319
1746395256,XAU,3855.781275,4136.332500
1746395613,USD,37.500000,39.570500
1746395613,EUR,42.032288,45.084333
1746395613,XAU,3855.781275,4136.332500
1746395966,USD,37.500000,39.570500
1746395966,EUR,42.017400,45.104276
1746395966,XAU,3855.781275,4136.332500
1746396929,USD,37.500000,39.570500
1746396929,EUR,42.036000,45.092326
1746396929,XAU,3854.685938,4136.128237
1746397944,USD,37.500000,39.570500
1746397944,EUR,42.065775,45.108273
1746397944,XAU,3855.951525,4138.306078
1746398564,USD,37.500000,39.585000
1746398564,EUR,42.073200,45.136796
1746398564,XAU,3860.188050,4141.494646
1746398902,USD,37.500000,39.585000
1746398902,EUR,42.076913,45.156747
1746398902,XAU,3858.664838,4139.860776
1746399254,USD,37.500000,39.585000
1746399254,EUR,42.065775,45.140755
1746399254,XAU,3856.415663,4137.448307
1746399597,USD,37.500000,39.585000
1746399597,EUR,42.047175,45.120804
1746399597,XAU,3854.316338,4136.594221
1746400635,USD,37.500000,39.600500
1746400635,EUR,42.047175,45.142471
1746400635,XAU,3856.539300,4140.625746
1746401358,USD,37.500000,39.595500
1746401358,EUR,42.076913,45.152728
1746401358,XAU,3859.807238,4143.512475
1746401845,USD,37.500000,39.595500
1746401845,EUR,42.084375,45.176684
1746401845,XAU,3865.590750,4148.389848
