zaman,kur,alis,satis
1737321112,USD,34.120000,36.920500
1737321112,EUR,34.746784,38.247090
1737321112,XAU,2874.973617,3218.779070
1737321789,USD,34.120000,36.920500
1737321789,EUR,34.746784,38.247090
1737321789,XAU,2874.973617,3218.779070
1737322124,USD,34.120000,36.920500
1737322124,EUR,34.746784,38.247090
1737322124,XAU,2874.973617,3218.779070
1737322505,USD,34.120000,36.920500
1737322505,EUR,34.746784,38.247090
1737322505,XAU,2874.973617,3218.779070
1737322850,USD,34.120000,36.920500
1737322850,EUR,34.746784,38.247090
1737322850,XAU,2874.973617,3218.779070
1737323195,USD,34.120000,36.920500
1737323195,EUR,34.746784,38.247090
1737323195,XAU,2874.973617,3218.779070
1737323540,USD,34.120000,36.920500
1737323540,EUR,34.746784,38.247090
1737323540,XAU,2874.973617,3218.779070
1737323869,USD,34.120000,36.920500
1737323869,EUR,34.746784,38.247090
1737323869,XAU,2874.973617,3218.779070
1737324725,USD,34.120000,36.920500
1737324725,EUR,34.746784,38.247090
1737324725,XAU,2874.973617,3218.779070
1737325720,USD,34.120000,36.920500
1737325720,EUR,34.746784,38.247090
1737325720,XAU,2874.973617,3218.779070
