zaman,kur,alis,satis
1741554152,USD,35.35,37.67
1741554152,EUR,37.962153,41.154776
1741554152,XAU,3264.450436,3538.886075
