zaman,kur,alis,satis
1750194768,USD,38.400000,40.540000
1750194768,EUR,43.771622,46.925739
1750194768,XAU,4131.110131,4428.219794
1750195778,USD,38.400000,40.540000
1750195778,EUR,43.760179,46.905307
1750195778,XAU,4131.110131,4428.219794
1750196459,USD,38.400000,40.540000
1750196459,EUR,43.760179,46.901212
1750196459,XAU,4131.110131,4428.219794
1750196910,USD,38.400000,40.540000
1750196910,EUR,43.756378,46.901212
1750196910,XAU,4131.110131,4428.219794
1750197257,USD,38.400000,40.540000
1750197257,EUR,43.756378,46.897158
1750197257,XAU,4131.110131,4428.219794
1750197595,USD,38.400000,40.540000
1750197595,EUR,43.756378,46.901212
1750197595,XAU,4132.526746,4429.797530
1750198665,USD,38.400000,40.540000
1750198665,EUR,43.760179,46.905307
1750198665,XAU,4136.412941,4433.714707
1750199798,USD,38.400000,40.540000
1750199798,EUR,43.756378,46.897158
1750199798,XAU,4133.840410,4430.957785
1750200438,USD,38.400000,40.540000
1750200438,EUR,43.748774,46.893064
1750200438,XAU,4134.267149,4431.415116
1750200792,USD,38.400000,40.540000
1750200792,EUR,43.733530,46.880821
1750200792,XAU,4133.352730,4430.435143
