zaman,kur,alis,satis
1738098866,USD,34.470000,37.000000
1738098866,EUR,35.656871,38.933953
1738098866,XAU,3020.859903,3298.501234
1738099562,USD,34.470000,37.000000
1738099562,EUR,35.650046,38.930216
1738099562,XAU,3020.725676,3299.285486
1738099900,USD,34.470000,37.000000
1738099900,EUR,35.650046,38.926479
1738099900,XAU,3020.892718,3298.525136
1738100264,USD,34.470000,37.000000
1738100264,EUR,35.646599,38.922742
1738100264,XAU,3020.455845,3298.853363
1738100616,USD,34.470000,37.000000
1738100616,EUR,35.643186,38.930216
1738100616,XAU,3021.045799,3299.277124
1738100947,USD,34.470500,37.000000
1738100947,EUR,35.643703,38.930216
1738100947,XAU,3020.406174,3299.103890
1738101285,USD,34.470500,37.000000
1738101285,EUR,35.643703,38.930216
1738101285,XAU,3020.958529,3299.659112
1738101623,USD,34.470500,37.000000
1738101623,EUR,35.647116,38.922742
1738101623,XAU,3020.225755,3300.422940
1738102557,USD,34.470500,37.000000
1738102557,EUR,35.640291,38.922742
1738102557,XAU,3021.276692,3299.854620
1738103436,USD,34.470500,37.000000
1738103436,EUR,35.643703,38.919042
1738103436,XAU,3021.276692,3299.854620
1738103934,USD,34.470500,37.000000
1738103934,EUR,35.636878,38.922742
1738103934,XAU,3021.276692,3299.854620
1738104268,USD,34.470500,37.000000
1738104268,EUR,35.640291,38.919042
1738104268,XAU,3021.276692,3299.854620
1738104611,USD,34.470500,37.000000
1738104611,EUR,35.640291,38.919042
1738104611,XAU,3021.276692,3299.854620
1738104942,USD,34.470500,37.000000
1738104942,EUR,35.643703,38.919042
1738104942,XAU,3021.276692,3299.854620
1738105674,USD,34.470500,37.000000
1738105674,EUR,35.633466,38.919042
1738105674,XAU,3021.218196,3299.960144
1738106554,USD,34.470500,37.000000
1738106554,EUR,35.640291,38.915305
1738106554,XAU,3021.078694,3299.265173
1738106935,USD,34.470500,37.000000
1738106935,EUR,35.640291,38.926479
1738106935,XAU,3020.659498,3299.140335
1738107335,USD,34.470500,37.000000
1738107335,EUR,35.643703,38.919042
1738107335,XAU,3020.665634,3299.024044
1738107688,USD,34.470500,37.000000
1738107688,EUR,35.640291,38.915305
1738107688,XAU,3020.385044,3298.670620
1738108010,USD,34.470500,37.000000
1738108010,EUR,35.640291,38.915305
1738108010,XAU,3021.352010,3298.942903
1738108368,USD,34.470500,37.000000
1738108368,EUR,35.636878,38.911568
1738108368,XAU,3020.460637,3298.897282
