zaman,kur,alis,satis
1745010803,USD,37.000000,39.200000
1745010803,EUR,41.788466,45.044132
1745010803,XAU,3905.097290,4208.874130
