zaman,kur,alis,satis
1739049124,USD,34.750000,36.979000
1739049124,EUR,35.599221,38.497432
1739049124,XAU,3155.048619,3412.114344
1739049830,USD,34.750000,36.979000
1739049830,EUR,35.599221,38.497432
1739049830,XAU,3155.048619,3412.114344
1739050168,USD,34.750000,36.979000
1739050168,EUR,35.599221,38.497432
1739050168,XAU,3155.048619,3412.114344
