zaman,kur,alis,satis
1745961304,USD,37.350000,39.602500
1745961304,EUR,42.168934,45.486679
1745961304,XAU,3927.356011,4237.784162
1745962116,USD,37.350000,39.602500
1745962116,EUR,42.161539,45.478679
1745962116,XAU,3928.160381,4237.862060
