zaman,kur,alis,satis
1745096943,USD,37.000000,39.200000
1745096943,EUR,41.788466,45.044132
1745096943,XAU,3905.097290,4208.874130
