zaman,kur,alis,satis
1742331624,USD,35.6,37.92
1742331624,EUR,38.648962,41.839297
1742331624,XAU,3426.654362,3711.63057
