zaman,kur,alis,satis
1738617048,USD,34.650000,36.970500
1738617048,EUR,35.383367,38.369353
1738617048,XAU,3097.059793,3358.148303
1738617829,USD,34.650000,36.970500
1738617829,EUR,35.414310,38.399151
1738617829,XAU,3095.278471,3356.217038
