zaman,kur,alis,satis
1752268610,USD,38.980000,41.275000
1752268610,EUR,45.221984,48.616502
1752268610,XAU,4152.805984,4464.886555
1752269525,USD,38.980000,41.275000
1752269525,EUR,45.221984,48.616502
1752269525,XAU,4152.805984,4464.886555
1752270165,USD,38.980000,41.275000
1752270165,EUR,45.221984,48.616502
1752270165,XAU,4152.805984,4464.886555
1752270479,USD,38.980000,41.275000
1752270479,EUR,45.221984,48.616502
1752270479,XAU,4152.805984,4464.886555
1752270819,USD,38.980000,41.275000
1752270819,EUR,45.221984,48.616502
1752270819,XAU,4152.805984,4464.886555
1752271151,USD,38.980000,41.275000
1752271151,EUR,45.221984,48.616502
1752271151,XAU,4152.805984,4464.886555
1752272226,USD,38.980000,41.275000
1752272226,EUR,45.221984,48.616502
1752272226,XAU,4152.805984,4464.886555
1752273441,USD,38.980000,41.275000
1752273441,EUR,45.221984,48.616502
1752273441,XAU,4152.805984,4464.886555
1752274138,USD,38.980000,41.275000
1752274138,EUR,45.221984,48.616502
1752274138,XAU,4152.805984,4464.886555
1752274552,USD,38.980000,41.275000
1752274552,EUR,45.221984,48.616502
1752274552,XAU,4152.805984,4464.886555
1752275393,USD,38.980000,41.275000
1752275393,EUR,45.221984,48.616502
1752275393,XAU,4152.805984,4464.886555
1752276511,USD,38.980000,41.275000
1752276511,EUR,45.221984,48.616502
1752276511,XAU,4152.805984,4464.886555
1752277171,USD,38.980000,41.275000
1752277171,EUR,45.221984,48.616502
1752277171,XAU,4152.805984,4464.886555
1752277630,USD,38.980000,41.275000
1752277630,EUR,45.221984,48.616502
1752277630,XAU,4152.805984,4464.886555
1752277969,USD,38.980000,41.275000
1752277969,EUR,45.221984,48.616502
1752277969,XAU,4152.805984,4464.886555
1752278320,USD,38.980000,41.275000
1752278320,EUR,45.221984,48.616502
1752278320,XAU,4152.805984,4464.886555
