zaman,kur,alis,satis
1747084483,USD,37.600000,39.802500
1747084483,EUR,41.385643,44.480050
1747084483,XAU,3860.426517,4150.827873
