zaman,kur,alis,satis
1743541393,USD,36.7095,39.2
1743541393,EUR,39.312461,42.629843
1743541393,XAU,3625.436461,3931.045541
1743542512,USD,36.709500,39.200000
1743542512,EUR,39.316131,42.625884
1743542512,XAU,3625.436461,3931.045541
1743543233,USD,36.709500,39.200000
1743543233,EUR,39.308826,42.621925
1743543233,XAU,3625.436461,3931.045541
1743543949,USD,36.709500,39.200000
1743543949,EUR,39.327034,42.637722
1743543949,XAU,3625.436461,3931.045541
1743544308,USD,36.709500,39.200000
1743544308,EUR,39.323400,42.633763
1743544308,XAU,3625.436461,3931.045541
1743544671,USD,36.709500,39.200000
1743544671,EUR,39.327034,42.637722
1743544671,XAU,3628.895303,3934.308314
1743544974,USD,36.709500,39.200000
1743544974,EUR,39.330705,42.637722
1743544974,XAU,3628.466867,3934.330422
1743547087,USD,36.709500,39.200000
1743547087,EUR,39.352547,42.661438
1743547087,XAU,3627.779187,3933.585034
1743547688,USD,36.709500,39.200000
1743547688,EUR,39.345279,42.665358
1743547688,XAU,3627.814172,3933.382880
1743548284,USD,36.709500,39.200000
1743548284,EUR,39.341608,42.649561
1743548284,XAU,3625.564687,3931.184544
1743548647,USD,36.709500,39.200000
1743548647,EUR,39.337974,42.645641
1743548647,XAU,3628.455193,3934.317800
1743549748,USD,36.709500,39.200000
1743549748,EUR,39.334339,42.653520
1743549748,XAU,3627.925805,3933.495854
1743550472,USD,36.709500,39.200000
1743550472,EUR,39.337974,42.649561
1743550472,XAU,3626.415540,3931.993122
1743550951,USD,36.709500,39.200000
1743550951,EUR,39.330705,42.645641
1743550951,XAU,3627.347961,3933.509222
1743551309,USD,36.709500,39.200000
1743551309,EUR,39.327034,42.641682
1743551309,XAU,3628.163830,3934.140930
1743551668,USD,36.709500,39.200000
1743551668,EUR,39.330705,42.641682
1743551668,XAU,3631.287441,3937.008880
1743552022,USD,36.709500,39.200000
1743552022,EUR,39.327034,42.637722
1743552022,XAU,3630.611436,3936.276114
1743560417,USD,36.709500,39.200000
1743560417,EUR,39.337974,42.653520
1743560417,XAU,3650.541978,3957.766770
1743563541,USD,36.709500,39.200000
1743563541,EUR,39.341608,42.653520
1743563541,XAU,3648.712082,3955.707398
1743565420,USD,36.709500,39.200000
1743565420,EUR,39.334339,42.641682
1743565420,XAU,3645.635129,3952.536235
