zaman,kur,alis,satis
1740430857,USD,35.33,37.535
1740430857,EUR,36.648056,39.606707
1740430857,XAU,3307.315422,3574.363086
1740431625,USD,35.330000,37.535000
1740431625,EUR,36.658585,39.621833
1740431625,XAU,3306.206025,3573.515434
1740432465,USD,35.330000,37.535000
1740432465,EUR,36.658585,39.618042
1740432465,XAU,3306.542190,3574.847476
1740432878,USD,35.330000,37.535000
1740432878,EUR,36.658585,39.618042
1740432878,XAU,3308.223085,3575.937342
1740433592,USD,35.330000,37.535000
1740433592,EUR,36.658585,39.625624
1740433592,XAU,3306.859771,3574.610742
1740434613,USD,35.330000,37.559000
1740434613,EUR,36.665580,39.650961
1740434613,XAU,3308.022517,3578.295057
1740435591,USD,35.330000,37.561500
1740435591,EUR,36.665580,39.661188
1740435591,XAU,3307.985880,3578.591268
1740436555,USD,35.330000,37.561000
1740436555,EUR,36.669078,39.656866
1740436555,XAU,3307.985880,3578.543632
1740437035,USD,35.330000,37.563500
1740437035,EUR,36.669078,39.659506
1740437035,XAU,3307.985880,3578.781814
1740437715,USD,35.330000,37.563500
1740437715,EUR,36.665580,39.655712
1740437715,XAU,3304.848646,3575.315379
1740438066,USD,35.330000,37.563500
1740438066,EUR,36.662082,39.655712
1740438066,XAU,3308.817018,3579.403865
1740438966,USD,35.330000,37.563500
1740438966,EUR,36.644559,39.640536
1740438966,XAU,3305.679361,3575.647064
1740439732,USD,35.330000,37.563500
1740439732,EUR,36.644559,39.636780
1740439732,XAU,3306.990457,3577.064974
1740440137,USD,35.330000,37.563500
1740440137,EUR,36.648056,39.636780
1740440137,XAU,3307.427489,3577.174021
1740440499,USD,35.330000,37.563500
1740440499,EUR,36.644559,39.632986
1740440499,XAU,3306.932516,3577.379080
1740440872,USD,35.330000,37.563500
1740440872,EUR,36.648056,39.640536
1740440872,XAU,3307.774854,3577.549693
1740441862,USD,35.330000,37.563500
1740441862,EUR,36.644559,39.636780
1740441862,XAU,3307.998987,3577.792091
