zaman,kur,alis,satis
1740517251,USD,35.48,37.385
1740517251,EUR,36.9901,39.651989
1740517251,XAU,3278.008483,3513.957278
1740517967,USD,35.480000,37.385000
1740517967,EUR,36.990100,39.648251
1740517967,XAU,3282.014742,3518.251020
1740518932,USD,35.480000,37.385000
1740518932,EUR,36.997160,39.655765
1740518932,XAU,3281.568191,3518.411813
