zaman,kur,alis,satis
1742505475,USD,36.600000,39.300000
1742505475,EUR,39.447553,42.962721
1742505475,XAU,3539.544862,3855.063074
1742506270,USD,36.600000,39.300000
1742506270,EUR,39.447553,42.962721
1742506270,XAU,3539.544862,3855.063074
1742506753,USD,36.600000,39.300000
1742506753,EUR,39.447553,42.962721
1742506753,XAU,3539.544862,3855.063074
1742507110,USD,36.600000,39.300000
1742507110,EUR,39.447553,42.962721
1742507110,XAU,3539.544862,3855.063074
1742507475,USD,36.600000,39.300000
1742507475,EUR,39.447553,42.962721
1742507475,XAU,3539.544862,3855.063074
1742507833,USD,36.600000,39.300000
1742507833,EUR,39.443930,42.962721
1742507833,XAU,3539.544862,3855.063074
1742510029,USD,36.600000,39.300000
1742510029,EUR,39.458460,42.974589
1742510029,XAU,3539.166527,3854.797603
1742510673,USD,36.600000,39.300000
1742510673,EUR,39.458460,42.974589
1742510673,XAU,3538.906924,3854.118145
1742511033,USD,36.600000,39.300000
1742511033,EUR,39.458460,42.974589
1742511033,XAU,3539.896185,3855.564071
1742511392,USD,36.600000,39.300000
1742511392,EUR,39.458460,42.974589
1742511392,XAU,3540.614350,3856.248716
1742511628,USD,36.600000,39.300000
1742511628,EUR,39.454837,42.970659
1742511628,XAU,3540.348671,3856.016925
1742512592,USD,36.600000,39.300000
1742512592,EUR,39.451177,42.970659
1742512592,XAU,3540.895036,3856.283025
1742514628,USD,36.600000,39.300000
1742514628,EUR,39.454837,42.970659
1742514628,XAU,3540.790360,3856.169094
1742514989,USD,36.600000,39.300000
1742514989,EUR,39.454837,42.970659
1742514989,XAU,3541.255399,3856.675514
1742515339,USD,36.600000,39.300000
1742515339,EUR,39.454837,42.966690
1742515339,XAU,3542.708712,3858.257968
1742524821,USD,36.600000,39.300000
1742524821,EUR,39.414833,42.931084
1742524821,XAU,3527.582810,3841.850532
