zaman,kur,alis,satis
1746479414,USD,37.500000,39.560000
1746479414,EUR,42.109275,45.101842
1746479414,XAU,3969.070725,4252.692207
1746480451,USD,37.500000,39.560000
1746480451,EUR,42.120450,45.117784
1746480451,XAU,3969.070725,4252.692207
1746481020,USD,37.500000,39.560000
1746481020,EUR,42.109275,45.109833
1746481020,XAU,3969.070725,4252.692207
1746481430,USD,37.500000,39.560000
1746481430,EUR,42.120450,45.117784
1746481430,XAU,3969.070725,4252.692207
1746481762,USD,37.500000,39.560000
1746481762,EUR,42.120450,45.113789
1746481762,XAU,3969.070725,4252.692207
1746482093,USD,37.500000,39.560000
1746482093,EUR,42.116738,45.109833
1746482093,XAU,3969.070725,4252.692207
1746482432,USD,37.500000,39.560000
1746482432,EUR,42.120450,45.109833
1746482432,XAU,3971.623800,4254.267723
1746483574,USD,37.500000,39.560000
1746483574,EUR,42.120450,45.109833
1746483574,XAU,3964.444350,4246.579395
1746484648,USD,37.500000,39.560000
1746484648,EUR,42.109275,45.109833
1746484648,XAU,3963.587063,4245.929148
1746485187,USD,37.500000,39.560000
1746485187,EUR,42.105563,45.093890
1746485187,XAU,3966.872963,4249.917785
1746485527,USD,37.500000,39.560000
1746485527,EUR,42.105563,45.093890
1746485527,XAU,3965.884988,4248.122196
1746485860,USD,37.500000,39.560000
1746485860,EUR,42.109275,45.097846
1746485860,XAU,3965.670638,4247.892669
1746486783,USD,37.500000,39.560000
1746486783,EUR,42.094388,45.089895
1746486783,XAU,3969.504488,4251.998206
1746487701,USD,37.500000,39.560000
1746487701,EUR,42.105563,45.097846
1746487701,XAU,3967.885238,4249.715950
1746488310,USD,37.500000,39.560000
1746488310,EUR,42.113025,45.101842
1746488310,XAU,3968.778188,4250.659456
1746488710,USD,37.500000,39.560000
1746488710,EUR,42.116738,45.105837
1746488710,XAU,3968.361488,4250.200441
1746489040,USD,37.500000,39.560000
1746489040,EUR,42.109275,45.101842
1746489040,XAU,3969.341138,4252.503862
