zaman,kur,alis,satis
1743888477,USD,36.750000,39.260500
1743888477,EUR,39.957687,43.340373
1743888477,XAU,3544.032629,3845.036979
1743888835,USD,36.750000,39.260500
1743888835,EUR,39.957687,43.340373
1743888835,XAU,3544.032629,3845.036979
1743889555,USD,36.750000,39.260500
1743889555,EUR,39.957687,43.340373
1743889555,XAU,3544.032629,3845.036979
1743889916,USD,36.750000,39.260500
1743889916,EUR,39.957687,43.340373
1743889916,XAU,3544.032629,3845.036979
1743890279,USD,36.750000,39.260500
1743890279,EUR,39.957687,43.340373
1743890279,XAU,3544.032629,3845.036979
1743890637,USD,36.750000,39.260500
1743890637,EUR,39.957687,43.340373
1743890637,XAU,3544.032629,3845.036979
1743891552,USD,36.750000,39.260500
1743891552,EUR,39.957687,43.340373
1743891552,XAU,3544.032629,3845.036979
1743893046,USD,36.750000,39.260500
1743893046,EUR,39.957687,43.340373
1743893046,XAU,3544.032629,3845.036979
1743893420,USD,36.750000,39.260500
1743893420,EUR,39.957687,43.340373
1743893420,XAU,3544.032629,3845.036979
1743893820,USD,36.750000,39.260500
1743893820,EUR,39.957687,43.340373
1743893820,XAU,3544.032629,3845.036979
1743894185,USD,36.750000,39.260500
1743894185,EUR,39.957687,43.340373
1743894185,XAU,3544.032629,3845.036979
1743895192,USD,36.750000,39.260500
1743895192,EUR,39.957687,43.340373
1743895192,XAU,3544.032629,3845.036979
