zaman,kur,alis,satis
1737580093,USD,34.375000,36.700000
1737580093,EUR,35.490434,38.544248
1737580093,XAU,3005.087766,3264.509517
