zaman,kur,alis,satis
1741640459,USD,35.45,37.615
1741640459,EUR,38.118463,41.065311
1741640459,XAU,3251.184834,3503.621716
1741641290,USD,35.450000,37.630000
1741641290,EUR,38.114954,41.077886
1741641290,XAU,3251.582158,3504.445060
1741642133,USD,35.450000,37.630000
1741642133,EUR,38.111444,41.074123
1741642133,XAU,3251.582158,3504.445060
1741642611,USD,35.450000,37.630000
1741642611,EUR,38.114954,41.077886
1741642611,XAU,3251.587688,3504.439152
1741642973,USD,35.450000,37.630000
1741642973,EUR,38.118463,41.077886
1741642973,XAU,3251.665217,3505.253164
1741643330,USD,35.450000,37.630000
1741643330,EUR,38.118463,41.085488
1741643330,XAU,3252.132094,3505.593001
