zaman,kur,alis,satis
1740862967,USD,35.35,37.681
1740862967,EUR,36.363873,39.43392
1740862967,XAU,3204.991383,3475.319271
1740863810,USD,35.350000,37.681000
1740863810,EUR,36.363873,39.433920
1740863810,XAU,3204.991383,3475.319271
1740865372,USD,35.350000,37.681000
1740865372,EUR,36.363873,39.433920
1740865372,XAU,3204.991383,3475.319271
1740865971,USD,35.350000,37.681000
1740865971,EUR,36.363873,39.433920
1740865971,XAU,3204.991383,3475.319271
1740866333,USD,35.350000,37.681000
1740866333,EUR,36.363873,39.433920
1740866333,XAU,3204.991383,3475.319271
1740866695,USD,35.350000,37.681000
1740866695,EUR,36.363873,39.433920
1740866695,XAU,3204.991383,3475.319271
1740868490,USD,35.350000,37.681000
1740868490,EUR,36.363873,39.433920
1740868490,XAU,3204.991383,3475.319271
1740868919,USD,35.350000,37.681000
1740868919,EUR,36.363873,39.433920
1740868919,XAU,3204.991383,3475.319271
1740869572,USD,35.350000,37.681000
1740869572,EUR,36.363873,39.433920
1740869572,XAU,3204.991383,3475.319271
1740869933,USD,35.350000,37.681000
1740869933,EUR,36.363873,39.433920
1740869933,XAU,3204.991383,3475.319271
1740870656,USD,35.350000,37.681000
1740870656,EUR,36.363873,39.433920
1740870656,XAU,3204.991383,3475.319271
1740871740,USD,35.350000,37.681000
1740871740,EUR,36.363873,39.433920
1740871740,XAU,3204.991383,3475.319271
1740872100,USD,35.350000,37.681000
1740872100,EUR,36.363873,39.433920
1740872100,XAU,3204.991383,3475.319271
1740872463,USD,35.350000,37.681000
1740872463,EUR,36.363873,39.433920
1740872463,XAU,3204.991383,3475.319271
1740872747,USD,35.350000,37.681000
1740872747,EUR,36.363873,39.433920
1740872747,XAU,3204.991383,3475.319271
1740873105,USD,35.350000,37.681000
1740873105,EUR,36.363873,39.433920
1740873105,XAU,3204.991383,3475.319271
1740873472,USD,35.350000,37.681000
1740873472,EUR,36.363873,39.433920
1740873472,XAU,3204.991383,3475.319271
1740878784,USD,35.350000,37.681000
1740878784,EUR,36.363873,39.433920
1740878784,XAU,3204.991383,3475.319271
