zaman,kur,alis,satis
1737580093,USD,34.375000,36.700000
1737580093,EUR,35.490434,38.544248
1737580093,XAU,3005.087766,3264.509517
1737580751,USD,34.375000,36.700000
1737580751,EUR,35.480191,38.533128
1737580751,XAU,3003.790109,3262.900222
1737581086,USD,34.375000,36.700000
1737581086,EUR,35.483628,38.536835
1737581086,XAU,3004.106291,3262.592346
1737581426,USD,34.375000,36.700000
1737581426,EUR,35.480191,38.533128
1737581426,XAU,3004.324366,3262.829171
1737581823,USD,34.375000,36.700000
1737581823,EUR,35.473384,38.525752
1737581823,XAU,3004.258916,3262.746302
1737582164,USD,34.375000,36.700000
1737582164,EUR,35.473384,38.525752
1737582164,XAU,3004.431856,3263.774379
1737582504,USD,34.375000,36.700000
1737582504,EUR,35.473384,38.525752
1737582504,XAU,3003.682584,3262.968778
