zaman,kur,alis,satis
1746306616,USD,37.500000,39.570500
1746306616,EUR,42.017400,45.060432
1746306616,XAU,3855.781275,4136.332500
1746307510,USD,37.500000,39.570500
1746307510,EUR,42.017400,45.060432
1746307510,XAU,3855.781275,4136.332500
1746307875,USD,37.500000,39.570500
1746307875,EUR,42.017400,45.060432
1746307875,XAU,3855.781275,4136.332500
1746308285,USD,37.500000,39.570500
1746308285,EUR,42.017400,45.060432
1746308285,XAU,3855.781275,4136.332500
1746308636,USD,37.500000,39.570500
1746308636,EUR,42.017400,45.060432
1746308636,XAU,3855.781275,4136.332500
