zaman,kur,alis,satis
1743714070,USD,37.0,39.0105
1743714070,EUR,40.568946,43.471117
1743714070,XAU,3655.357058,3917.649241
1743715779,USD,37.000000,39.010500
1743715779,EUR,40.554257,43.455395
1743715779,XAU,3654.200142,3916.221730
1743716259,USD,37.000000,39.010500
1743716259,EUR,40.561583,43.463236
1743716259,XAU,3654.858853,3917.114251
1743716687,USD,37.000000,39.010500
1743716687,EUR,40.561583,43.459335
1743716687,XAU,3655.247279,3916.697463
1743717311,USD,37.000000,39.010500
1743717311,EUR,40.557920,43.459335
1743717311,XAU,3655.244430,3917.531000
1743717668,USD,37.000000,39.010500
1743717668,EUR,40.557920,43.467177
1743717668,XAU,3655.948836,3917.719655
1743719634,USD,37.000000,39.010500
1743719634,EUR,40.612976,43.522220
1743719634,XAU,3658.708074,3920.675831
1743720237,USD,37.000000,39.010500
1743720237,EUR,40.620302,43.534041
1743720237,XAU,3658.079444,3920.465760
1743720596,USD,37.000000,39.010500
1743720596,EUR,40.601950,43.510439
1743720596,XAU,3654.411375,3916.583279
1743720956,USD,37.000000,39.010500
1743720956,EUR,40.601950,43.510439
1743720956,XAU,3654.456108,3916.547311
1743722156,USD,37.000000,39.010500
1743722156,EUR,40.554257,43.451455
1743722156,XAU,3651.905957,3913.933803
