zaman,kur,alis,satis
1741208511,USD,35.4895,37.45
1741208511,EUR,37.990339,40.743128
1741208511,XAU,3289.695866,3528.513871
1741209326,USD,35.489500,37.450000
1741209326,EUR,37.972736,40.720509
1741209326,XAU,3286.767699,3525.494877
