zaman,kur,alis,satis
1745356222,USD,37.250000,39.270000
1745356222,EUR,42.238930,45.218305
1745356222,XAU,3998.834510,4282.130902
1745357189,USD,37.250000,39.270000
1745357189,EUR,42.224142,45.202480
1745357189,XAU,3999.260761,4282.510132
1745357698,USD,37.250000,39.290000
1745357698,EUR,42.083672,45.075060
1745357698,XAU,3999.260761,4284.691191
1745358115,USD,37.250000,39.290000
1745358115,EUR,42.072571,45.055297
1745358115,XAU,3999.260761,4284.691191
1745358448,USD,37.250000,39.290000
1745358448,EUR,42.042995,45.019661
1745358448,XAU,3999.260761,4284.691191
1745358777,USD,37.250000,39.290000
1745358777,EUR,42.046683,45.023629
1745358777,XAU,3999.260761,4284.691191
1745359120,USD,37.250000,39.290000
1745359120,EUR,42.017106,44.999859
1745359120,XAU,3999.260761,4284.691191
1745360090,USD,37.250000,39.290000
1745360090,EUR,41.987530,44.960294
1745360090,XAU,3942.035859,4222.142258
1745361202,USD,37.250000,39.290000
1745361202,EUR,41.869224,44.837552
1745361202,XAU,3931.450750,4210.378203
1745361828,USD,37.250000,39.290000
1745361828,EUR,41.891425,44.861322
1745361828,XAU,3937.517955,4216.874372
