zaman,kur,alis,satis
1750799693,USD,38.585000,40.700000
1750799693,EUR,44.449727,47.607116
1750799693,XAU,4070.930721,4359.945701
1750800648,USD,38.585000,40.700000
1750800648,EUR,44.445869,47.615296
1750800648,XAU,4069.547989,4358.223359
1750801260,USD,38.585000,40.700000
1750801260,EUR,44.453547,47.603005
1750801260,XAU,4071.847423,4361.134914
1750801614,USD,38.585000,40.700000
1750801614,EUR,44.449727,47.603005
1750801614,XAU,4071.847423,4361.134914
1750801950,USD,38.585000,40.700000
1750801950,EUR,44.453547,47.619407
1750801950,XAU,4071.847423,4361.134914
1750802297,USD,38.585000,40.700000
1750802297,EUR,44.461187,47.619407
1750802297,XAU,4069.238151,4358.143994
1750803284,USD,38.585000,40.700000
1750803284,EUR,44.442049,47.594784
1750803284,XAU,4070.426376,4359.613304
1750804485,USD,38.585000,40.700000
1750804485,EUR,44.445869,47.594784
1750804485,XAU,4069.985350,4359.141103
