zaman,kur,alis,satis
1745010803,USD,37.000000,39.200000
1745010803,EUR,41.788466,45.044132
1745010803,XAU,3905.097290,4208.874130
1745011666,USD,37.000000,39.200000
1745011666,EUR,41.788466,45.044132
1745011666,XAU,3905.097290,4208.874130
1745012141,USD,37.000000,39.200000
1745012141,EUR,41.788466,45.044132
1745012141,XAU,3905.097290,4208.874130
1745012481,USD,37.000000,39.200000
1745012481,EUR,41.788466,45.044132
1745012481,XAU,3905.097290,4208.874130
1745012807,USD,37.000000,39.200000
1745012807,EUR,41.788466,45.044132
1745012807,XAU,3905.097290,4208.874130
1745013152,USD,37.000000,39.200000
1745013152,EUR,41.788466,45.044132
1745013152,XAU,3905.097290,4208.874130
1745013499,USD,37.000000,39.200000
1745013499,EUR,41.788466,45.044132
1745013499,XAU,3905.097290,4208.874130
1745014413,USD,37.000000,39.200000
1745014413,EUR,41.788466,45.044132
1745014413,XAU,3905.097290,4208.874130
1745015532,USD,37.000000,39.200000
1745015532,EUR,41.788466,45.044132
1745015532,XAU,3905.097290,4208.874130
1745016189,USD,37.000000,39.200000
1745016189,EUR,41.788466,45.044132
1745016189,XAU,3905.097290,4208.874130
