zaman,kur,alis,satis
1741726916,USD,35.45,37.6505
1741726916,EUR,38.371824,41.467621
1741726916,XAU,3278.019882,3542.47745
