zaman,kur,alis,satis
1747257029,USD,37.700000,39.735000
1747257029,EUR,41.817519,44.752895
1747257029,XAU,3803.459542,4071.578536
