zaman,kur,alis,satis
1751490621,USD,38.800000,40.851500
1751490621,EUR,45.425216,48.558095
1751490621,XAU,4135.810418,4421.292728
1751491737,USD,38.800000,40.851500
1751491737,EUR,45.425216,48.553969
1751491737,XAU,4135.473246,4420.923757
1751492342,USD,38.800000,40.851500
1751492342,EUR,45.413654,48.541631
1751492342,XAU,4135.617038,4420.768440
1751492743,USD,38.800000,40.851500
1751492743,EUR,45.409813,48.541631
1751492743,XAU,4135.554803,4420.840828
1751493088,USD,38.800000,40.851500
1751493088,EUR,45.405972,48.537505
1751493088,XAU,4135.589413,4420.798016
1751493421,USD,38.800000,40.851500
1751493421,EUR,45.398250,48.529253
1751493421,XAU,4135.617038,4420.768440
1751494349,USD,38.800000,40.851500
1751494349,EUR,45.429058,48.562180
1751494349,XAU,4138.428952,4423.885572
1751495609,USD,38.800000,40.851500
1751495609,EUR,45.436779,48.566306
1751495609,XAU,4143.245700,4429.310121
1751496366,USD,38.800000,40.851500
1751496366,EUR,45.432899,48.562180
1751496366,XAU,4142.420308,4428.151449
1751496748,USD,38.800000,40.851500
1751496748,EUR,45.432899,48.562180
1751496748,XAU,4142.383370,4428.520175
1751497086,USD,38.800000,40.851500
1751497086,EUR,45.432899,48.562180
1751497086,XAU,4141.915248,4427.611679
1751498107,USD,38.800000,40.851500
1751498107,EUR,45.436779,48.570432
1751498107,XAU,4133.267272,4418.645346
1751499101,USD,38.800000,40.851500
1751499101,EUR,45.436779,48.570432
1751499101,XAU,4126.615012,4411.667134
1751499784,USD,38.800000,40.851500
1751499784,EUR,45.436779,48.566306
1751499784,XAU,4125.715705,4410.297832
