zaman,kur,alis,satis
1744924572,USD,37.000000,39.100000
1744924572,EUR,41.724086,44.766489
1744924572,XAU,3909.035866,4193.974463
