zaman,kur,alis,satis
1736889148,USD,34.125000,36.850000
1736889148,EUR,34.856742,38.292972
1736889148,XAU,2848.216371,3182.210051
