zaman,kur,alis,satis
1747170788,USD,37.600000,39.795000
1747170788,EUR,41.740174,44.860585
1747170788,XAU,3878.971551,4170.009887
1747171705,USD,37.600000,39.795000
1747171705,EUR,41.740174,44.860585
1747171705,XAU,3876.910432,4167.427112
1747172250,USD,37.600000,39.795000
1747172250,EUR,41.736451,44.848567
1747172250,XAU,3876.623582,4167.696763
