zaman,kur,alis,satis
1741036850,USD,35.495000,37.450000
1741036850,EUR,36.925803,39.591766
1741036850,XAU,3258.215962,3493.613954
1741037572,USD,35.500000,37.450000
1741037572,EUR,36.938070,39.610640
1741037572,XAU,3260.285885,3495.316693
1741038172,USD,35.500000,37.450000
1741038172,EUR,36.938070,39.610640
1741038172,XAU,3259.914129,3496.029179
