zaman,kur,alis,satis
1741986121,USD,35.45,37.827
1741986121,EUR,38.257534,41.492663
1741986121,XAU,3357.386972,3641.0512
