zaman,kur,alis,satis
1746565788,USD,37.950000,39.160000
1746565788,EUR,43.026116,44.640168
1746565788,XAU,4154.687785,4310.823377
1746566822,USD,37.950000,39.160000
1746566822,EUR,43.041258,44.655871
1746566822,XAU,4154.687785,4310.823377
1746567428,USD,37.950000,39.160000
1746567428,EUR,43.033706,44.651955
1746567428,XAU,4154.687785,4310.823377
1746567785,USD,37.950000,39.160000
1746567785,EUR,43.041258,44.644084
1746567785,XAU,4153.802943,4310.359605
1746568121,USD,37.950000,39.160000
1746568121,EUR,43.037501,44.644084
1746568121,XAU,4154.075538,4310.202221
