zaman,kur,alis,satis
1741640459,USD,35.45,37.615
1741640459,EUR,38.118463,41.065311
1741640459,XAU,3251.184834,3503.621716
1741641290,USD,35.450000,37.630000
1741641290,EUR,38.114954,41.077886
1741641290,XAU,3251.582158,3504.445060
1741642133,USD,35.450000,37.630000
1741642133,EUR,38.111444,41.074123
1741642133,XAU,3251.582158,3504.445060
1741642611,USD,35.450000,37.630000
1741642611,EUR,38.114954,41.077886
1741642611,XAU,3251.587688,3504.439152
1741642973,USD,35.450000,37.630000
1741642973,EUR,38.118463,41.077886
1741642973,XAU,3251.665217,3505.253164
1741643330,USD,35.450000,37.630000
1741643330,EUR,38.118463,41.085488
1741643330,XAU,3252.132094,3505.593001
1741643695,USD,35.450000,37.630000
1741643695,EUR,38.122008,41.081687
1741643695,XAU,3250.909530,3504.212319
1741644076,USD,35.450000,37.630000
1741644076,EUR,38.118463,41.089288
1741644076,XAU,3250.641067,3503.915305
1741644892,USD,35.450000,37.630000
1741644892,EUR,38.125518,41.096852
1741644892,XAU,3249.611103,3502.943849
1741646012,USD,35.450000,37.630000
1741646012,EUR,38.129027,41.089288
1741646012,XAU,3246.608523,3499.253023
1741646889,USD,35.450000,37.630000
1741646889,EUR,38.129027,41.089288
1741646889,XAU,3247.469426,3500.678448
1741647248,USD,35.450000,37.630000
1741647248,EUR,38.125518,41.093051
1741647248,XAU,3246.817607,3499.958285
1741647608,USD,35.450000,37.630000
1741647608,EUR,38.118463,41.081687
1741647608,XAU,3246.468035,3499.440759
1741648447,USD,35.450000,37.630000
1741648447,EUR,38.143101,41.112017
1741648447,XAU,3246.946184,3499.810926
1741649287,USD,35.450000,37.630000
1741649287,EUR,38.143101,41.108216
1741649287,XAU,3246.180783,3498.428324
1741649769,USD,35.450000,37.630000
1741649769,EUR,38.143101,41.112017
1741649769,XAU,3244.534343,3497.333367
