zaman,kur,alis,satis
1738790128,USD,34.809500,36.950000
1738790128,EUR,35.904502,38.773261
1738790128,XAU,3160.204824,3412.452846
1738790887,USD,34.809500,36.950000
1738790887,EUR,35.907983,38.776993
1738790887,XAU,3159.928820,3412.142910
