zaman,kur,alis,satis
1745528424,USD,37.28,39.3
1745528424,EUR,42.139746,45.10237
1745528424,XAU,3962.867169,4242.650836
1745529509,USD,37.300000,39.420500
1745529509,EUR,42.158661,45.240661
1745529509,XAU,3965.235098,4256.206314
1745530303,USD,37.300000,39.420500
1745530303,EUR,42.173469,45.256547
1745530303,XAU,3965.235098,4256.206314
1745530882,USD,37.300000,39.420500
1745530882,EUR,42.158661,45.244642
1745530882,XAU,3965.235098,4256.206314
1745531212,USD,37.300000,39.420500
1745531212,EUR,42.162353,45.244642
1745531212,XAU,3965.235098,4256.206314
1745531549,USD,37.300000,39.420500
1745531549,EUR,42.151238,45.236719
1745531549,XAU,3965.235098,4256.206314
1745531887,USD,37.300000,39.420500
1745531887,EUR,42.154968,45.240661
1745531887,XAU,3965.235098,4256.206314
1745532803,USD,37.300000,39.420500
1745532803,EUR,42.154968,45.236719
1745532803,XAU,3980.755405,4273.371064
1745534010,USD,37.300000,39.420500
1745534010,EUR,42.154968,45.236719
1745534010,XAU,3987.568921,4279.744728
1745534694,USD,37.300000,39.420500
1745534694,EUR,42.162353,45.236719
1745534694,XAU,3984.783469,4278.078699
1745535027,USD,37.300000,39.420500
1745535027,EUR,42.147545,45.232737
1745535027,XAU,3983.187103,4275.806107
1745535375,USD,37.300000,39.420500
1745535375,EUR,42.154968,45.228756
1745535375,XAU,3982.062024,4275.856920
