zaman,kur,alis,satis
1743022935,USD,37.0,39.51
1743022935,EUR,39.507601,42.794427
1743022935,XAU,3548.518263,3843.312374
