zaman,kur,alis,satis
1744059920,USD,37.0,39.0105
1744059920,EUR,40.04954,42.871798
1744059920,XAU,3503.148271,3751.357583
