zaman,kur,alis,satis
1746738712,USD,37.600000,39.610000
1746738712,EUR,41.885723,44.803663
1746738712,XAU,3946.031753,4222.097871
1746739690,USD,37.600000,39.610000
1746739690,EUR,41.889446,44.799702
1746739690,XAU,3945.824840,4220.238419
1746740229,USD,37.600000,39.610000
1746740229,EUR,41.889446,44.803663
1746740229,XAU,3945.821268,4220.229388
