zaman,kur,alis,satis
1745875485,USD,37.300000,39.410000
1745875485,EUR,42.277126,45.355668
1745875485,XAU,3956.114540,4245.999350
1745875952,USD,37.300000,39.410000
1745875952,EUR,42.273433,45.355668
1745875952,XAU,3956.457700,4245.605841
1745876434,USD,37.300000,39.410000
1745876434,EUR,42.273433,45.347747
1745876434,XAU,3957.103363,4244.900638
1745876773,USD,37.300000,39.410000
1745876773,EUR,42.273433,45.347747
1745876773,XAU,3957.103363,4244.900638
1745877109,USD,37.300000,39.410000
1745877109,EUR,42.277126,45.351727
1745877109,XAU,3957.103363,4244.900638
1745877446,USD,37.300000,39.477500
1745877446,EUR,42.273433,45.425417
1745877446,XAU,3957.109405,4252.177386
1745878375,USD,37.300000,39.477500
1745878375,EUR,42.273433,45.425417
1745878375,XAU,3954.764429,4249.658129
1745879553,USD,37.300000,39.477500
1745879553,EUR,42.240087,45.397585
1745879553,XAU,3952.407740,4247.126121
1745880208,USD,37.300000,39.477500
1745880208,EUR,42.258625,45.405520
1745880208,XAU,3952.372193,4247.087946
1745880545,USD,37.300000,39.477500
1745880545,EUR,42.251202,45.397585
1745880545,XAU,3949.979921,4244.517803
1745880891,USD,37.300000,39.477500
1745880891,EUR,42.254895,45.401533
1745880891,XAU,3952.691929,4247.431480
1745881222,USD,37.300000,39.477500
1745881222,EUR,42.251202,45.409508
1745881222,XAU,3954.646001,4250.434257
1745882278,USD,37.300000,39.477500
1745882278,EUR,42.217893,45.369714
1745882278,XAU,3951.448459,4246.998885
1745883010,USD,37.300000,39.477500
1745883010,EUR,42.225279,45.373701
1745883010,XAU,3952.632734,4248.016773
1745883505,USD,37.300000,39.477500
1745883505,EUR,42.217893,45.369714
1745883505,XAU,3951.874761,4246.553539
1745883844,USD,37.300000,39.477500
1745883844,EUR,42.225279,45.377689
1745883844,XAU,3950.548410,4245.128560
1745884181,USD,37.300000,39.477500
1745884181,EUR,42.225279,45.377689
1745884181,XAU,3954.136744,4248.983774
1745884518,USD,37.300000,39.477500
1745884518,EUR,42.229009,45.377689
1745884518,XAU,3953.213010,4247.991349
