zaman,kur,alis,satis
1751231500,USD,38.400000,41.180000
1751231500,EUR,44.664154,48.727182
1751231500,XAU,3986.427341,4351.647949
1751232467,USD,38.400000,41.180000
1751232467,EUR,44.641306,48.706427
1751232467,XAU,3986.427341,4351.647949
