zaman,kur,alis,satis
1742677326,USD,36.95,39.73
1742677326,EUR,39.678019,43.272764
1742677326,XAU,3549.003123,3870.6614
1742678164,USD,36.950000,39.730000
1742678164,EUR,39.678019,43.272764
1742678164,XAU,3549.003123,3870.661400
1742678880,USD,36.950000,39.730000
1742678880,EUR,39.678019,43.272764
1742678880,XAU,3549.003123,3870.661400
1742679242,USD,36.950000,39.730000
1742679242,EUR,39.678019,43.272764
1742679242,XAU,3549.003123,3870.661400
