zaman,kur,alis,satis
1743973476,USD,36.75,39.2605
1743973476,EUR,39.731528,43.091186
1743973476,XAU,3544.032629,3845.036979
1743974431,USD,36.750000,39.260500
1743974431,EUR,39.698710,43.067434
1743974431,XAU,3544.032629,3845.036979
1743975161,USD,36.750000,39.260500
1743975161,EUR,39.724251,43.091186
1743975161,XAU,3544.032629,3845.036979
1743975640,USD,36.750000,39.260500
1743975640,EUR,39.735166,43.095112
1743975640,XAU,3544.032629,3845.036979
1743976235,USD,36.750000,39.260500
1743976235,EUR,39.782610,43.158400
1743976235,XAU,3544.032629,3845.036979
1743976599,USD,36.750000,39.260500
1743976599,EUR,39.822704,43.194009
1743976599,XAU,3543.640359,3845.462406
1743976959,USD,36.750000,39.260000
1743976959,EUR,39.844607,43.217212
1743976959,XAU,3542.708894,3843.462878
1743978879,USD,36.750000,39.260000
1743978879,EUR,40.052502,43.438717
1743978879,XAU,3514.543841,3813.939829
1743979440,USD,36.750000,39.260500
1743979440,EUR,40.056140,43.447161
1743979440,XAU,3515.578463,3816.295780
1743980395,USD,36.750000,39.260500
1743980395,EUR,40.052502,43.439270
1743980395,XAU,3511.109553,3811.449464
1743981236,USD,36.750000,39.265000
1743981236,EUR,40.110861,43.511470
1743981236,XAU,3506.465639,3806.849611
1743982075,USD,36.750000,39.260500
1743982075,EUR,40.114499,43.506484
1743982075,XAU,3487.792781,3784.765241
1743982437,USD,36.750000,39.260500
1743982437,EUR,40.074405,43.474840
1743982437,XAU,3480.083954,3776.854446
1743982857,USD,36.750000,39.260500
1743982857,EUR,40.070730,43.470914
1743982857,XAU,3480.728365,3776.767367
1743983144,USD,36.750000,39.260500
1743983144,EUR,40.096271,43.498592
1743983144,XAU,3486.058034,3783.333057
1743983505,USD,36.750000,39.260500
1743983505,EUR,40.107223,43.506484
1743983505,XAU,3490.235259,3787.863091
