zaman,kur,alis,satis
1742160822,USD,35.450000,37.820000
1742160822,EUR,38.261043,41.481165
1742160822,XAU,3357.386972,3640.377413
1742161184,USD,35.450000,37.820000
1742161184,EUR,38.261043,41.481165
1742161184,XAU,3357.386972,3640.377413
1742161541,USD,35.450000,37.820000
1742161541,EUR,38.261043,41.481165
1742161541,XAU,3357.386972,3640.377413
1742161904,USD,35.450000,37.820000
1742161904,EUR,38.254024,41.477345
1742161904,XAU,3357.386972,3640.377413
1742162248,USD,35.450000,37.820000
1742162248,EUR,38.254024,41.481165
1742162248,XAU,3357.386972,3640.377413
1742162599,USD,35.450000,37.820000
1742162599,EUR,38.254024,41.473525
1742162599,XAU,3357.920211,3643.852541
1742163471,USD,35.450000,37.820000
1742163471,EUR,38.264553,41.484985
1742163471,XAU,3363.173830,3646.620890
1742164431,USD,35.450000,37.820000
1742164431,EUR,38.243460,41.473525
1742164431,XAU,3361.002624,3644.267162
1742164914,USD,35.450000,37.820000
1742164914,EUR,38.261043,41.481165
1742164914,XAU,3361.857607,3645.572065
1742165272,USD,35.450000,37.820000
1742165272,EUR,38.268062,41.500226
1742165272,XAU,3363.860072,3647.364809
1742165632,USD,35.450000,37.820000
1742165632,EUR,38.271607,41.496407
1742165632,XAU,3362.802563,3646.218409
1742165869,USD,35.450000,37.820000
1742165869,EUR,38.268062,41.500226
1742165869,XAU,3363.567574,3647.047726
1742166231,USD,35.450000,37.820000
1742166231,EUR,38.271607,41.492587
1742166231,XAU,3362.195127,3645.376952
1742168033,USD,35.450000,37.820000
1742168033,EUR,38.268062,41.496407
1742168033,XAU,3367.167486,3650.767323
1742168513,USD,35.450000,37.820000
1742168513,EUR,38.261043,41.488767
1742168513,XAU,3365.063776,3648.486777
1742169470,USD,35.450000,37.820000
1742169470,EUR,38.261043,41.488767
1742169470,XAU,3364.445067,3648.498993
1742169859,USD,35.450000,37.820000
1742169859,EUR,38.261043,41.484985
1742169859,XAU,3363.353810,3646.633068
1742174989,USD,35.450000,37.830000
1742174989,EUR,38.257534,41.492133
1742174989,XAU,3365.345037,3649.756422
1742179494,USD,35.450000,37.830000
1742179494,EUR,38.264553,41.495954
1742179494,XAU,3361.407641,3646.048061
