zaman,kur,alis,satis
1740259116,USD,35.200000,37.550000
1740259116,EUR,36.517677,39.591518
1740259116,XAU,3279.660982,3555.953045
1740259714,USD,35.200000,37.550000
1740259714,EUR,36.517677,39.591518
1740259714,XAU,3279.660982,3555.953045
1740260085,USD,35.200000,37.550000
1740260085,EUR,36.517677,39.591518
1740260085,XAU,3279.660982,3555.953045
1740260486,USD,35.200000,37.550000
1740260486,EUR,36.517677,39.591518
1740260486,XAU,3279.660982,3555.953045
1740261086,USD,35.200000,37.550000
1740261086,EUR,36.517677,39.591518
1740261086,XAU,3279.660982,3555.953045
1740261447,USD,35.200000,37.550000
1740261447,EUR,36.517677,39.591518
1740261447,XAU,3279.660982,3555.953045
1740261812,USD,35.200000,37.550000
1740261812,EUR,36.517677,39.591518
1740261812,XAU,3279.660982,3555.953045
