zaman,kur,alis,satis
1751317901,USD,38.700000,40.925000
1751317901,EUR,45.246686,48.587715
1751317901,XAU,4058.250809,4357.423077
