zaman,kur,alis,satis
1752181228,USD,38.98,41.2
1752181228,EUR,45.264551,48.569691
1752181228,XAU,4112.396042,4415.617828
