zaman,kur,alis,satis
1745701220,USD,37.0,39.4225
1745701220,EUR,41.731449,45.14369
1745701220,XAU,3898.063664,4219.227951
1745702175,USD,37.000000,39.422500
1745702175,EUR,41.731449,45.143690
1745702175,XAU,3898.063664,4219.227951
1745702847,USD,37.000000,39.422500
1745702847,EUR,41.731449,45.143690
1745702847,XAU,3898.063664,4219.227951
1745703239,USD,37.000000,39.422500
1745703239,EUR,41.731449,45.143690
1745703239,XAU,3898.063664,4219.227951
1745703594,USD,37.000000,39.422500
1745703594,EUR,41.731449,45.143690
1745703594,XAU,3898.063664,4219.227951
1745703927,USD,37.000000,39.422500
1745703927,EUR,41.731449,45.143690
1745703927,XAU,3898.063664,4219.227951
