zaman,kur,alis,satis
1752095761,USD,38.900000,41.150000
1752095761,EUR,45.241128,48.589509
1752095761,XAU,4092.240906,4395.359065
1752096675,USD,38.900000,41.150000
1752096675,EUR,45.241128,48.593665
1752096675,XAU,4092.240906,4395.359065
