zaman,kur,alis,satis
1750540308,USD,38.580500,40.800000
1750540308,EUR,44.119039,47.366434
1750540308,XAU,4125.551408,4429.499042
1750541200,USD,38.580500,40.800000
1750541200,EUR,44.119039,47.366434
1750541200,XAU,4125.551408,4429.499042
1750541780,USD,38.580500,40.800000
1750541780,EUR,44.119039,47.366434
1750541780,XAU,4125.551408,4429.499042
1750542201,USD,38.580500,40.800000
1750542201,EUR,44.119039,47.366434
1750542201,XAU,4125.551408,4429.499042
1750542557,USD,38.580500,40.800000
1750542557,EUR,44.119039,47.366434
1750542557,XAU,4125.551408,4429.499042
1750542918,USD,38.580500,40.800000
1750542918,EUR,44.119039,47.366434
1750542918,XAU,4125.551408,4429.499042
1750543661,USD,38.580500,40.800000
1750543661,EUR,44.119039,47.366434
1750543661,XAU,4125.551408,4429.499042
1750544921,USD,38.580500,40.800000
1750544921,EUR,44.119039,47.366434
1750544921,XAU,4125.551408,4429.499042
