zaman,kur,alis,satis
1740171888,USD,35.2,37.5595
1740171888,EUR,36.528131,39.609122
1740171888,XAU,3278.320531,3554.9512
1740172718,USD,35.200000,37.559500
1740172718,EUR,36.521162,39.605328
1740172718,XAU,3277.717344,3555.786861
