zaman,kur,alis,satis
1750799693,USD,38.585000,40.700000
1750799693,EUR,44.449727,47.607116
1750799693,XAU,4070.930721,4359.945701
1750800648,USD,38.585000,40.700000
1750800648,EUR,44.445869,47.615296
1750800648,XAU,4069.547989,4358.223359
1750801260,USD,38.585000,40.700000
1750801260,EUR,44.453547,47.603005
1750801260,XAU,4071.847423,4361.134914
1750801614,USD,38.585000,40.700000
1750801614,EUR,44.449727,47.603005
1750801614,XAU,4071.847423,4361.134914
1750801950,USD,38.585000,40.700000
1750801950,EUR,44.453547,47.619407
1750801950,XAU,4071.847423,4361.134914
1750802297,USD,38.585000,40.700000
1750802297,EUR,44.461187,47.619407
1750802297,XAU,4069.238151,4358.143994
1750803284,USD,38.585000,40.700000
1750803284,EUR,44.442049,47.594784
1750803284,XAU,4070.426376,4359.613304
1750804485,USD,38.585000,40.700000
1750804485,EUR,44.445869,47.594784
1750804485,XAU,4069.985350,4359.141103
1750805212,USD,38.585000,40.700000
1750805212,EUR,44.449727,47.598894
1750805212,XAU,4069.936347,4359.088600
1750805563,USD,38.585000,40.700000
1750805563,EUR,44.445869,47.594784
1750805563,XAU,4069.006988,4357.906306
1750805886,USD,38.585000,40.700000
1750805886,EUR,44.442049,47.611186
1750805886,XAU,4069.323810,4358.432719
1750806852,USD,38.585000,40.700000
1750806852,EUR,44.453547,47.611186
1750806852,XAU,4070.683622,4359.495274
1750807799,USD,38.585000,40.700000
1750807799,EUR,44.468865,47.619407
1750807799,XAU,4070.414106,4359.206671
1750808433,USD,38.585000,40.700000
1750808433,EUR,44.465045,47.623518
1750808433,XAU,4070.732664,4359.547737
1750808864,USD,38.585000,40.700000
1750808864,EUR,44.476505,47.627588
1750808864,XAU,4071.614678,4360.492180
1750809206,USD,38.585000,40.700000
1750809206,EUR,44.468865,47.623518
1750809206,XAU,4072.361993,4361.292342
1750809541,USD,38.585000,40.700000
1750809541,EUR,44.465045,47.619407
1750809541,XAU,4071.675951,4360.557788
