zaman,kur,alis,satis
1745875485,USD,37.300000,39.410000
1745875485,EUR,42.277126,45.355668
1745875485,XAU,3956.114540,4245.999350
