zaman,kur,alis,satis
1745356222,USD,37.250000,39.270000
1745356222,EUR,42.238930,45.218305
1745356222,XAU,3998.834510,4282.130902
1745357189,USD,37.250000,39.270000
1745357189,EUR,42.224142,45.202480
1745357189,XAU,3999.260761,4282.510132
