zaman,kur,alis,satis
1738444303,USD,34.750000,36.962000
1738444303,EUR,35.701872,38.636748
1738444303,XAU,3087.271072,3340.522658
