zaman,kur,alis,satis
1742245356,USD,35.55,37.672
1742245356,EUR,38.520629,41.482108
1742245356,XAU,3385.246297,3646.361899
1742246320,USD,35.550000,37.672000
1742246320,EUR,38.506516,41.470731
1742246320,XAU,3385.543460,3646.400400
1742247524,USD,35.550000,37.690000
1742247524,EUR,38.517074,41.498122
1742247524,XAU,3386.096582,3648.561379
1742247884,USD,35.550000,37.690000
1742247884,EUR,38.513555,41.498122
1742247884,XAU,3386.096582,3648.561379
