zaman,kur,alis,satis
1739394264,USD,35.0,37.2
1739394264,EUR,36.04202,38.975593
1739394264,XAU,3219.373675,3481.734632
1739395229,USD,34.999000,37.200000
1739395229,EUR,36.051385,38.979350
1739395229,XAU,3221.945957,3483.666875
