zaman,kur,alis,satis
1751663468,USD,38.600000,41.090000
1751663468,EUR,45.099391,48.791252
1751663468,XAU,4085.152796,4422.129345
1751664501,USD,38.600000,41.090000
1751664501,EUR,45.099391,48.791252
1751664501,XAU,4085.152796,4422.129345
1751665069,USD,38.600000,41.090000
1751665069,EUR,45.099391,48.791252
1751665069,XAU,4085.152796,4422.129345
1751665531,USD,38.600000,41.090000
1751665531,EUR,45.099391,48.791252
1751665531,XAU,4085.152796,4422.129345
1751665888,USD,38.600000,41.090000
1751665888,EUR,45.099391,48.791252
1751665888,XAU,4085.152796,4422.129345
