zaman,kur,alis,satis
1737062039,USD,34.270500,36.620000
1737062039,EUR,34.995184,38.039208
1737062039,XAU,2900.881202,3207.302863
