zaman,kur,alis,satis
1744232410,USD,36.975,39.0
1744232410,EUR,40.176628,43.021368
1744232410,XAU,3618.457766,3875.065077
1744233189,USD,36.975000,39.000000
1744233189,EUR,40.180289,43.033146
1744233189,XAU,3618.353755,3876.012582
1744234029,USD,36.975000,39.000000
1744234029,EUR,40.187647,43.044924
1744234029,XAU,3618.353755,3876.012582
1744234509,USD,36.975000,39.000000
1744234509,EUR,40.180289,43.037085
1744234509,XAU,3618.353755,3876.012582
1744234871,USD,36.975000,39.000000
1744234871,EUR,40.180289,43.033146
1744234871,XAU,3618.353755,3876.012582
1744235229,USD,36.975000,39.000000
1744235229,EUR,40.183949,43.041024
1744235229,XAU,3618.353755,3876.012582
1744235594,USD,36.975000,39.000000
1744235594,EUR,40.187647,43.044924
1744235594,XAU,3618.353755,3876.012582
1744235936,USD,36.975000,39.000000
1744235936,EUR,40.191307,43.044924
1744235936,XAU,3618.353755,3876.012582
1744237253,USD,36.975000,39.000000
1744237253,EUR,40.217005,43.064580
1744237253,XAU,3616.133333,3874.348647
1744238209,USD,36.975000,39.000000
1744238209,EUR,40.205986,43.064580
1744238209,XAU,3623.177070,3880.118112
1744239050,USD,36.975000,39.000000
1744239050,EUR,40.224326,43.072458
1744239050,XAU,3620.476971,3878.370912
1744239409,USD,36.975000,39.000000
1744239409,EUR,40.202326,43.060641
1744239409,XAU,3617.366005,3873.896130
1744239769,USD,36.975000,39.000000
1744239769,EUR,40.187647,43.044924
1744239769,XAU,3615.003820,3872.440806
1744240729,USD,36.975000,39.000000
1744240729,EUR,40.172968,43.025307
1744240729,XAU,3616.401106,3873.890826
1744241931,USD,36.975000,39.000000
1744241931,EUR,40.172968,43.021368
1744241931,XAU,3622.578334,3879.477069
1744242656,USD,36.975000,39.000000
1744242656,EUR,40.169270,43.025307
1744242656,XAU,3618.774272,3876.561273
