zaman,kur,alis,satis
1744750828,USD,37.0,39.08
1744750828,EUR,41.434006,44.432553
1744750828,XAU,3792.929311,4069.848726
1744751881,USD,37.000000,39.120000
1744751881,EUR,41.430306,44.481983
1744751881,XAU,3793.635678,4072.322836
1744752604,USD,37.000000,39.120000
1744752604,EUR,41.430306,44.481983
1744752604,XAU,3793.653771,4072.303784
1744753094,USD,37.000000,39.120000
1744753094,EUR,41.422980,44.474081
1744753094,XAU,3792.905816,4073.106566
1744753428,USD,37.000000,39.120000
1744753428,EUR,41.426643,44.478032
1744753428,XAU,3792.001499,4071.038917
1744753760,USD,37.000000,39.120000
1744753760,EUR,41.434006,44.478032
1744753760,XAU,3791.636975,4071.429531
1744754091,USD,37.000000,39.120000
1744754091,EUR,41.430306,44.478032
1744754091,XAU,3792.137178,4072.709146
