zaman,kur,alis,satis
1742505475,USD,36.600000,39.300000
1742505475,EUR,39.447553,42.962721
1742505475,XAU,3539.544862,3855.063074
1742506270,USD,36.600000,39.300000
1742506270,EUR,39.447553,42.962721
1742506270,XAU,3539.544862,3855.063074
1742506753,USD,36.600000,39.300000
1742506753,EUR,39.447553,42.962721
1742506753,XAU,3539.544862,3855.063074
1742507110,USD,36.600000,39.300000
1742507110,EUR,39.447553,42.962721
1742507110,XAU,3539.544862,3855.063074
1742507475,USD,36.600000,39.300000
1742507475,EUR,39.447553,42.962721
1742507475,XAU,3539.544862,3855.063074
1742507833,USD,36.600000,39.300000
1742507833,EUR,39.443930,42.962721
1742507833,XAU,3539.544862,3855.063074
1742510029,USD,36.600000,39.300000
1742510029,EUR,39.458460,42.974589
1742510029,XAU,3539.166527,3854.797603
1742510673,USD,36.600000,39.300000
1742510673,EUR,39.458460,42.974589
1742510673,XAU,3538.906924,3854.118145
1742511033,USD,36.600000,39.300000
1742511033,EUR,39.458460,42.974589
1742511033,XAU,3539.896185,3855.564071
