zaman,kur,alis,satis
1751490621,USD,38.800000,40.851500
1751490621,EUR,45.425216,48.558095
1751490621,XAU,4135.810418,4421.292728
1751491737,USD,38.800000,40.851500
1751491737,EUR,45.425216,48.553969
1751491737,XAU,4135.473246,4420.923757
