zaman,kur,alis,satis
1751577271,USD,38.700000,40.904500
1751577271,EUR,45.127915,48.480259
1751577271,XAU,4085.004313,4388.340335
