zaman,kur,alis,satis
1746652261,USD,37.600000,39.645500
1746652261,EUR,42.202917,45.183342
1746652261,XAU,4015.107051,4300.488880
