zaman,kur,alis,satis
1751577271,USD,38.700000,40.904500
1751577271,EUR,45.127915,48.480259
1751577271,XAU,4085.004313,4388.340335
1751578209,USD,38.700000,40.904500
1751578209,EUR,45.124084,48.467906
1751578209,XAU,4086.557731,4389.936960
1751578800,USD,38.700000,40.904500
1751578800,EUR,45.135578,48.480259
1751578800,XAU,4086.758623,4389.898960
1751579219,USD,38.700000,40.940000
1751579219,EUR,45.135578,48.526469
1751579219,XAU,4085.066930,4391.896840
