zaman,kur,alis,satis
1744232410,USD,36.975,39.0
1744232410,EUR,40.176628,43.021368
1744232410,XAU,3618.457766,3875.065077
1744233189,USD,36.975000,39.000000
1744233189,EUR,40.180289,43.033146
1744233189,XAU,3618.353755,3876.012582
1744234029,USD,36.975000,39.000000
1744234029,EUR,40.187647,43.044924
1744234029,XAU,3618.353755,3876.012582
1744234509,USD,36.975000,39.000000
1744234509,EUR,40.180289,43.037085
1744234509,XAU,3618.353755,3876.012582
1744234871,USD,36.975000,39.000000
1744234871,EUR,40.180289,43.033146
1744234871,XAU,3618.353755,3876.012582
1744235229,USD,36.975000,39.000000
1744235229,EUR,40.183949,43.041024
1744235229,XAU,3618.353755,3876.012582
