zaman,kur,alis,satis
1746738712,USD,37.600000,39.610000
1746738712,EUR,41.885723,44.803663
1746738712,XAU,3946.031753,4222.097871
1746739690,USD,37.600000,39.610000
1746739690,EUR,41.889446,44.799702
1746739690,XAU,3945.824840,4220.238419
1746740229,USD,37.600000,39.610000
1746740229,EUR,41.889446,44.803663
1746740229,XAU,3945.821268,4220.229388
1746740635,USD,37.600000,39.610000
1746740635,EUR,41.893168,44.807664
1746740635,XAU,3945.813748,4220.250183
1746740968,USD,37.600000,39.610000
1746740968,EUR,41.893168,44.807664
1746740968,XAU,3945.805250,4220.260521
1746741320,USD,37.600000,39.610000
1746741320,EUR,41.889446,44.807664
1746741320,XAU,3945.089459,4221.050265
1746742097,USD,37.600000,39.610000
1746742097,EUR,41.896928,44.811664
1746742097,XAU,3956.679396,4232.337690
1746743405,USD,37.600000,39.610000
1746743405,EUR,41.900650,44.811664
1746743405,XAU,3957.144959,4232.835587
