zaman,kur,alis,satis
1744147798,USD,37.000000,39.010500
1744147798,EUR,40.229508,43.060453
1744147798,XAU,3502.931229,3751.136784
1744148289,USD,37.000000,39.010500
1744148289,EUR,40.240497,43.076174
1744148289,XAU,3504.195704,3753.354531
1744148770,USD,37.000000,39.010500
1744148770,EUR,40.236834,43.080114
1744148770,XAU,3505.205878,3752.273159
1744149109,USD,37.000000,39.010500
1744149109,EUR,40.236834,43.076174
1744149109,XAU,3505.205878,3752.273159
1744149433,USD,37.000000,39.010500
1744149433,EUR,40.236834,43.076174
1744149433,XAU,3505.205878,3752.273159
1744149779,USD,37.000000,39.010500
1744149779,EUR,40.251523,43.095836
1744149779,XAU,3504.180904,3752.691313
1744150652,USD,36.990000,39.000000
1744150652,EUR,40.273676,43.119609
1744150652,XAU,3501.423316,3749.333835
