zaman,kur,alis,satis
1742677326,USD,36.95,39.73
1742677326,EUR,39.678019,43.272764
1742677326,XAU,3549.003123,3870.6614
