zaman,kur,alis,satis
1738184442,USD,34.55,36.99
1738184442,EUR,35.667693,38.845085
1738184442,XAU,3019.016349,3288.206001
1738185386,USD,34.550000,37.010500
1738185386,EUR,35.681374,38.881529
1738185386,XAU,3018.965975,3290.640640
1738186000,USD,34.550000,37.010500
1738186000,EUR,35.681374,38.881529
1738186000,XAU,3020.495780,3291.568641
