zaman,kur,alis,satis
1739221794,USD,34.750000,37.097000
1739221794,EUR,35.533752,38.549236
1739221794,XAU,3205.367557,3477.406784
1739222647,USD,34.750000,37.097000
1739222647,EUR,35.526836,38.541780
1739222647,XAU,3204.397094,3476.330192
1739223001,USD,34.750000,37.097000
1739223001,EUR,35.523396,38.538033
1739223001,XAU,3204.595620,3476.545503
1739223390,USD,34.750000,37.097000
1739223390,EUR,35.523396,38.541780
1739223390,XAU,3204.882308,3476.856488
1739223723,USD,34.750000,37.095000
1739223723,EUR,35.526836,38.539702
1739223723,XAU,3205.599096,3479.276671
1739224060,USD,34.750000,37.095000
1739224060,EUR,35.523396,38.543411
1739224060,XAU,3205.830670,3477.685815
