zaman,kur,alis,satis
1738444303,USD,34.750000,36.962000
1738444303,EUR,35.701872,38.636748
1738444303,XAU,3087.271072,3340.522658
1738445072,USD,34.750000,36.962000
1738445072,EUR,35.701872,38.636748
1738445072,XAU,3087.271072,3340.522658
1738445398,USD,34.750000,36.962000
1738445398,EUR,35.701872,38.636748
1738445398,XAU,3087.271072,3340.522658
1738445757,USD,34.750000,36.962000
1738445757,EUR,35.701872,38.636748
1738445757,XAU,3087.271072,3340.522658
1738446095,USD,34.750000,36.962000
1738446095,EUR,35.701872,38.636748
1738446095,XAU,3087.271072,3340.522658
1738446438,USD,34.750000,36.962000
1738446438,EUR,35.701872,38.636748
1738446438,XAU,3087.271072,3340.522658
1738446768,USD,34.750000,36.962000
1738446768,EUR,35.701872,38.636748
1738446768,XAU,3087.271072,3340.522658
1738447097,USD,34.750000,36.962000
1738447097,EUR,35.701872,38.636748
1738447097,XAU,3087.271072,3340.522658
