zaman,kur,alis,satis
1741296941,USD,35.436500,37.450000
1741296941,EUR,37.898451,40.701634
1741296941,XAU,3272.112716,3514.985021
1741297298,USD,35.436500,37.450000
1741297298,EUR,37.898451,40.709161
1741297298,XAU,3272.063778,3515.024531
1741297658,USD,35.436500,37.450000
1741297658,EUR,37.909011,40.712944
1741297658,XAU,3273.087787,3516.196266
1741298019,USD,35.436500,37.450000
1741298019,EUR,37.909011,40.720509
1741298019,XAU,3272.782395,3515.776976
1741298283,USD,35.436500,37.450000
1741298283,EUR,37.909011,40.720509
1741298283,XAU,3272.622576,3515.676161
1741300600,USD,35.550000,37.459500
1741300600,EUR,38.037469,40.738367
1741300600,XAU,3283.521678,3517.141006
1741301179,USD,35.550000,37.459500
1741301179,EUR,38.040989,40.738367
1741301179,XAU,3283.521678,3517.141006
1741301486,USD,35.550000,37.459500
1741301486,EUR,38.051582,40.749718
1741301486,XAU,3283.521678,3517.141006
1741301821,USD,35.550000,37.459500
1741301821,EUR,38.051582,40.753464
1741301821,XAU,3283.521678,3517.141006
