zaman,kur,alis,satis
1737062039,USD,34.270500,36.620000
1737062039,EUR,34.995184,38.039208
1737062039,XAU,2900.881202,3207.302863
1737062708,USD,34.270500,36.620000
1737062708,EUR,34.995184,38.039208
1737062708,XAU,2899.937907,3205.375992
1737063053,USD,34.270500,36.620000
1737063053,EUR,34.995184,38.050304
1737063053,XAU,2899.861792,3205.281439
1737063423,USD,34.270500,36.620000
1737063423,EUR,35.001970,38.053966
1737063423,XAU,2899.670734,3205.923571
1737063761,USD,34.270500,36.620000
1737063761,EUR,34.998577,38.050304
1737063761,XAU,2901.111843,3206.640114
1737064105,USD,34.270500,36.620000
1737064105,EUR,34.998577,38.050304
1737064105,XAU,2900.090068,3206.640114
1737064438,USD,34.270500,36.620000
1737064438,EUR,35.005362,38.050304
1737064438,XAU,2901.698828,3207.278071
1737064786,USD,34.270500,36.620000
1737064786,EUR,35.001970,38.046605
1737064786,XAU,2901.717643,3208.113923
1737065686,USD,34.270500,36.620000
1737065686,EUR,34.995184,38.050304
1737065686,XAU,2901.470552,3207.384159
1737066576,USD,34.270500,36.620000
1737066576,EUR,35.005362,38.053966
1737066576,XAU,2901.470552,3207.384159
1737067047,USD,34.270500,36.620000
1737067047,EUR,34.998577,38.050304
1737067047,XAU,2901.470552,3207.384159
1737067376,USD,34.270500,36.620000
1737067376,EUR,35.001970,38.046605
1737067376,XAU,2901.470552,3207.384159
1737067730,USD,34.320000,36.710000
1737067730,EUR,35.052526,38.140111
1737067730,XAU,2905.661410,3215.266862
1737068062,USD,34.320000,36.710000
1737068062,EUR,35.052526,38.140111
1737068062,XAU,2905.336159,3215.632934
1737068396,USD,34.320000,36.710000
1737068396,EUR,35.052526,38.140111
1737068396,XAU,2907.174407,3217.777863
