zaman,kur,alis,satis
1741123709,USD,35.494500,37.450000
1741123709,EUR,37.397112,40.097640
1741123709,XAU,3283.029348,3520.193455
1741124067,USD,35.495000,37.450000
1741124067,EUR,37.390610,40.101385
1741124067,XAU,3283.244551,3520.362542
1741124511,USD,35.490000,37.450000
1741124511,EUR,37.374767,40.090075
1741124511,XAU,3282.444192,3520.000250
1741124872,USD,35.490000,37.450000
1741124872,EUR,37.388857,40.101385
1741124872,XAU,3285.451225,3523.224583
1741125230,USD,35.490000,37.450000
1741125230,EUR,37.395884,40.108950
1741125230,XAU,3285.012000,3523.804197
