zaman,kur,alis,satis
1742677326,USD,36.95,39.73
1742677326,EUR,39.678019,43.272764
1742677326,XAU,3549.003123,3870.6614
1742678164,USD,36.950000,39.730000
1742678164,EUR,39.678019,43.272764
1742678164,XAU,3549.003123,3870.661400
1742678880,USD,36.950000,39.730000
1742678880,EUR,39.678019,43.272764
1742678880,XAU,3549.003123,3870.661400
1742679242,USD,36.950000,39.730000
1742679242,EUR,39.678019,43.272764
1742679242,XAU,3549.003123,3870.661400
1742679613,USD,36.950000,39.730000
1742679613,EUR,39.678019,43.272764
1742679613,XAU,3549.003123,3870.661400
1742679964,USD,36.950000,39.730000
1742679964,EUR,39.678019,43.272764
1742679964,XAU,3549.003123,3870.661400
1742680326,USD,36.950000,39.730000
1742680326,EUR,39.678019,43.272764
1742680326,XAU,3549.003123,3870.661400
1742680683,USD,36.950000,39.730000
1742680683,EUR,39.678019,43.272764
1742680683,XAU,3549.003123,3870.661400
1742681032,USD,36.950000,39.730000
1742681032,EUR,39.678019,43.272764
1742681032,XAU,3549.003123,3870.661400
1742681870,USD,36.950000,39.730000
1742681870,EUR,39.678019,43.272764
1742681870,XAU,3549.003123,3870.661400
1742682835,USD,36.950000,39.730000
1742682835,EUR,39.678019,43.272764
1742682835,XAU,3549.003123,3870.661400
1742683670,USD,36.950000,39.730000
1742683670,EUR,39.678019,43.272764
1742683670,XAU,3549.003123,3870.661400
1742684034,USD,36.950000,39.730000
1742684034,EUR,39.678019,43.272764
1742684034,XAU,3549.003123,3870.661400
1742684394,USD,36.950000,39.730000
1742684394,EUR,39.678019,43.272764
1742684394,XAU,3549.003123,3870.661400
1742685113,USD,36.950000,39.730000
1742685113,EUR,39.678019,43.272764
1742685113,XAU,3549.003123,3870.661400
