zaman,kur,alis,satis
1739567691,USD,35.000000,37.325000
1739567691,EUR,36.450050,39.462640
1739567691,XAU,3204.396160,3470.120852
