zaman,kur,alis,satis
1740862967,USD,35.35,37.681
1740862967,EUR,36.363873,39.43392
1740862967,XAU,3204.991383,3475.319271
