zaman,kur,alis,satis
1741123709,USD,35.494500,37.450000
1741123709,EUR,37.397112,40.097640
1741123709,XAU,3283.029348,3520.193455
1741124067,USD,35.495000,37.450000
1741124067,EUR,37.390610,40.101385
1741124067,XAU,3283.244551,3520.362542
1741124511,USD,35.490000,37.450000
1741124511,EUR,37.374767,40.090075
1741124511,XAU,3282.444192,3520.000250
1741124872,USD,35.490000,37.450000
1741124872,EUR,37.388857,40.101385
1741124872,XAU,3285.451225,3523.224583
1741125230,USD,35.490000,37.450000
1741125230,EUR,37.395884,40.108950
1741125230,XAU,3285.012000,3523.804197
1741125594,USD,35.490000,37.450000
1741125594,EUR,37.402946,40.120260
1741125594,XAU,3285.834162,3524.311419
1741126310,USD,35.490000,37.450000
1741126310,EUR,37.399433,40.112732
1741126310,XAU,3285.692273,3524.367107
1741127992,USD,35.490000,37.450000
1741127992,EUR,37.381830,40.090075
1741127992,XAU,3285.846938,3524.641841
1741128348,USD,35.490000,37.450000
1741128348,EUR,37.381830,40.090075
1741128348,XAU,3285.846938,3524.641841
1741128712,USD,35.490000,37.450000
1741128712,EUR,37.385343,40.090075
1741128712,XAU,3285.846938,3524.641841
1741129071,USD,35.490000,37.450000
1741129071,EUR,37.388857,40.093858
1741129071,XAU,3285.846938,3524.641841
1741130267,USD,35.490000,37.450000
1741130267,EUR,37.434639,40.154265
1741130267,XAU,3284.561526,3523.200390
1741131029,USD,35.490000,37.450000
1741131029,EUR,37.406460,40.124042
1741131029,XAU,3283.435286,3522.838136
1741131514,USD,35.490000,37.450000
1741131514,EUR,37.406460,40.112732
1741131514,XAU,3282.759521,3522.234330
1741131835,USD,35.490000,37.450000
1741131835,EUR,37.399433,40.116515
1741131835,XAU,3284.156088,3521.968622
1741132196,USD,35.490000,37.450000
1741132196,EUR,37.399433,40.116515
1741132196,XAU,3283.052384,3520.785202
1741132558,USD,35.490000,37.450000
1741132558,EUR,37.402946,40.116515
1741132558,XAU,3282.646911,3521.872039
1741132816,USD,35.490000,37.450000
1741132816,EUR,37.399433,40.108950
1741132816,XAU,3282.117578,3519.782890
1741136360,USD,35.490000,37.450000
1741136360,EUR,37.388857,40.101385
1741136360,XAU,3281.836036,3519.480969
