zaman,kur,alis,satis
1739135443,USD,34.750000,36.979000
1739135443,EUR,35.526836,38.426617
1739135443,XAU,3155.048619,3412.114344
1739136198,USD,34.750000,36.979000
1739136198,EUR,35.530277,38.430352
1739136198,XAU,3155.048619,3412.114344
1739136540,USD,34.750000,36.979000
1739136540,EUR,35.533752,38.434087
1739136540,XAU,3155.048619,3412.114344
1739136926,USD,34.750000,36.979000
1739136926,EUR,35.488924,38.389342
1739136926,XAU,3155.048619,3412.114344
1739137256,USD,34.750000,36.979000
1739137256,EUR,35.461333,38.359537
1739137256,XAU,3155.048619,3412.114344
1739137608,USD,34.750000,36.979000
1739137608,EUR,35.457892,38.352067
1739137608,XAU,3155.048619,3412.114344
1739137947,USD,34.750000,36.979000
1739137947,EUR,35.437216,38.333430
1739137947,XAU,3155.048619,3412.114344
1739138279,USD,34.750000,36.979000
1739138279,EUR,35.468248,38.363272
1739138279,XAU,3155.048619,3412.114344
1739139116,USD,34.750000,36.979000
1739139116,EUR,35.475128,38.374440
1739139116,XAU,3155.070789,3412.209824
1739140109,USD,34.750000,36.979000
1739140109,EUR,35.488924,38.381909
1739140109,XAU,3154.254790,3413.104161
1739140582,USD,34.750000,36.979000
1739140582,EUR,35.488924,38.385607
1739140582,XAU,3154.254790,3413.104161
1739140926,USD,34.750000,36.979000
1739140926,EUR,35.495805,38.393077
1739140926,XAU,3154.254790,3413.104161
1739141270,USD,34.750000,36.979000
1739141270,EUR,35.488924,38.389342
1739141270,XAU,3154.177436,3413.616764
1739141602,USD,34.750000,36.979000
1739141602,EUR,35.485484,38.378174
1739141602,XAU,3154.876154,3412.885208
1739141931,USD,34.750000,36.979000
1739141931,EUR,35.482044,38.378174
1739141931,XAU,3154.876154,3412.885208
1739142806,USD,34.750000,36.979000
1739142806,EUR,35.526836,38.430352
1739142806,XAU,3156.085246,3415.095406
1739143578,USD,34.750000,36.979000
1739143578,EUR,35.537192,38.430352
1739143578,XAU,3160.805026,3418.338760
1739143941,USD,34.750000,36.979000
1739143941,EUR,35.533752,38.434087
1739143941,XAU,3161.830602,3419.447723
1739144342,USD,34.750000,36.979000
1739144342,EUR,35.537192,38.441519
1739144342,XAU,3162.348899,3420.008140
1739144678,USD,34.750000,36.979000
1739144678,EUR,35.537192,38.441519
1739144678,XAU,3163.992018,3421.784870
1739145009,USD,34.750000,36.979000
1739145009,EUR,35.540632,38.441519
1739145009,XAU,3162.657652,3420.342060
