zaman,kur,alis,satis
1742160822,USD,35.450000,37.820000
1742160822,EUR,38.261043,41.481165
1742160822,XAU,3357.386972,3640.377413
