zaman,kur,alis,satis
1741123709,USD,35.494500,37.450000
1741123709,EUR,37.397112,40.097640
1741123709,XAU,3283.029348,3520.193455
