zaman,kur,alis,satis
1745961304,USD,37.350000,39.602500
1745961304,EUR,42.168934,45.486679
1745961304,XAU,3927.356011,4237.784162
1745962116,USD,37.350000,39.602500
1745962116,EUR,42.161539,45.478679
1745962116,XAU,3928.160381,4237.862060
1745962626,USD,37.350000,39.602500
1745962626,EUR,42.143013,45.482679
1745962626,XAU,3927.295579,4238.245531
1745962971,USD,37.350000,39.602500
1745962971,EUR,42.150409,45.494639
1745962971,XAU,3928.223203,4239.217178
1745963314,USD,37.350000,39.602500
1745963314,EUR,42.146711,45.490679
1745963314,XAU,3928.704607,4239.357490
1745963643,USD,37.350000,39.602500
1745963643,EUR,42.150409,45.490679
1745963643,XAU,3927.141099,4238.003124
1745963984,USD,37.350000,39.602500
1745963984,EUR,42.157841,45.490679
1745963984,XAU,3928.239040,4237.363939
1745965013,USD,37.350000,39.602500
1745965013,EUR,42.176330,45.498639
1745965013,XAU,3933.715185,4245.010826
1745966030,USD,37.350000,39.602500
1745966030,EUR,42.191158,45.506639
1745966030,XAU,3929.065259,4238.994335
