zaman,kur,alis,satis
1739826232,USD,35.1,37.345
1739826232,EUR,36.497471,39.465711
1739826232,XAU,3227.599159,3490.087544
1739827118,USD,35.100000,37.336500
1739827118,EUR,36.500981,39.456728
1739827118,XAU,3227.599159,3489.293174
1739829164,USD,35.100000,37.340000
1739829164,EUR,36.497471,39.467969
1739829164,XAU,3227.599159,3489.620267
1739829524,USD,35.100000,37.340000
1739829524,EUR,36.500981,39.464198
1739829524,XAU,3227.599159,3489.620267
1739829905,USD,35.100000,37.345000
1739829905,EUR,36.483572,39.450660
1739829905,XAU,3227.599159,3490.087544
1739830794,USD,35.100000,37.345000
1739830794,EUR,36.493997,39.461939
1739830794,XAU,3227.972553,3490.442022
1739831631,USD,35.100000,37.345000
1739831631,EUR,36.497471,39.465711
1739831631,XAU,3227.983434,3490.442022
1739832113,USD,35.100000,37.345000
1739832113,EUR,36.500981,39.465711
1739832113,XAU,3227.214884,3491.417436
