zaman,kur,alis,satis
1750886234,USD,38.600000,40.880000
1750886234,EUR,44.658540,48.015359
1750886234,XAU,4083.599918,4391.150096
