zaman,kur,alis,satis
1746479414,USD,37.500000,39.560000
1746479414,EUR,42.109275,45.101842
1746479414,XAU,3969.070725,4252.692207
