zaman,kur,alis,satis
1736975362,USD,34.310000,36.620000
1736975362,EUR,35.015105,38.017053
1736975362,XAU,2884.931441,3186.194253
1736976174,USD,34.310000,36.620000
1736976174,EUR,35.008311,38.009656
1736976174,XAU,2884.309160,3185.649127
1736976530,USD,34.310000,36.620000
1736976530,EUR,35.004880,38.005957
1736976530,XAU,2883.466953,3184.840338
1736976920,USD,34.310000,36.620000
1736976920,EUR,35.001484,38.002295
1736976920,XAU,2882.538353,3184.192896
1736977258,USD,34.310000,36.620000
1736977258,EUR,34.994690,38.005957
1736977258,XAU,2882.691684,3183.936996
1736977596,USD,34.310000,36.620000
1736977596,EUR,35.001484,38.002295
1736977596,XAU,2884.279551,3185.728776
1736977938,USD,34.310000,36.620000
1736977938,EUR,35.004880,38.005957
1736977938,XAU,2884.986920,3185.480675
1736978287,USD,34.310000,36.620000
1736978287,EUR,35.001484,38.009656
1736978287,XAU,2885.846626,3186.413973
1736979106,USD,34.320000,36.640000
1736979106,EUR,35.008288,38.030415
1736979106,XAU,2885.541585,3187.803184
