zaman,kur,alis,satis
1740778042,USD,35.350000,37.681000
1740778042,EUR,36.360374,39.430152
1740778042,XAU,3203.242265,3473.447128
