zaman,kur,alis,satis
1738098866,USD,34.470000,37.000000
1738098866,EUR,35.656871,38.933953
1738098866,XAU,3020.859903,3298.501234
1738099562,USD,34.470000,37.000000
1738099562,EUR,35.650046,38.930216
1738099562,XAU,3020.725676,3299.285486
1738099900,USD,34.470000,37.000000
1738099900,EUR,35.650046,38.926479
1738099900,XAU,3020.892718,3298.525136
1738100264,USD,34.470000,37.000000
1738100264,EUR,35.646599,38.922742
1738100264,XAU,3020.455845,3298.853363
1738100616,USD,34.470000,37.000000
1738100616,EUR,35.643186,38.930216
1738100616,XAU,3021.045799,3299.277124
1738100947,USD,34.470500,37.000000
1738100947,EUR,35.643703,38.930216
1738100947,XAU,3020.406174,3299.103890
1738101285,USD,34.470500,37.000000
1738101285,EUR,35.643703,38.930216
1738101285,XAU,3020.958529,3299.659112
1738101623,USD,34.470500,37.000000
1738101623,EUR,35.647116,38.922742
1738101623,XAU,3020.225755,3300.422940
1738102557,USD,34.470500,37.000000
1738102557,EUR,35.640291,38.922742
1738102557,XAU,3021.276692,3299.854620
1738103436,USD,34.470500,37.000000
1738103436,EUR,35.643703,38.919042
1738103436,XAU,3021.276692,3299.854620
1738103934,USD,34.470500,37.000000
1738103934,EUR,35.636878,38.922742
1738103934,XAU,3021.276692,3299.854620
1738104268,USD,34.470500,37.000000
1738104268,EUR,35.640291,38.919042
1738104268,XAU,3021.276692,3299.854620
1738104611,USD,34.470500,37.000000
1738104611,EUR,35.640291,38.919042
1738104611,XAU,3021.276692,3299.854620
1738104942,USD,34.470500,37.000000
1738104942,EUR,35.643703,38.919042
1738104942,XAU,3021.276692,3299.854620
