zaman,kur,alis,satis
1741467711,USD,35.35,37.67
1741467711,EUR,37.965653,41.162386
1741467711,XAU,3264.450436,3538.886075
1741469454,USD,35.350000,37.670000
1741469454,EUR,37.965653,41.162386
1741469454,XAU,3264.450436,3538.886075
1741469813,USD,35.350000,37.670000
1741469813,EUR,37.965653,41.162386
1741469813,XAU,3264.450436,3538.886075
1741470173,USD,35.350000,37.670000
1741470173,EUR,37.965653,41.162386
1741470173,XAU,3264.450436,3538.886075
1741470769,USD,35.350000,37.670000
1741470769,EUR,37.965653,41.162386
1741470769,XAU,3264.450436,3538.886075
