zaman,kur,alis,satis
1738098866,USD,34.470000,37.000000
1738098866,EUR,35.656871,38.933953
1738098866,XAU,3020.859903,3298.501234
