zaman,kur,alis,satis
1736975362,USD,34.310000,36.620000
1736975362,EUR,35.015105,38.017053
1736975362,XAU,2884.931441,3186.194253
