zaman,kur,alis,satis
1751145048,USD,38.400000,41.180000
1751145048,EUR,44.618458,48.677354
1751145048,XAU,3986.427341,4351.647949
1751146026,USD,38.400000,41.180000
1751146026,EUR,44.618458,48.677354
1751146026,XAU,3986.427341,4351.647949
1751146622,USD,38.400000,41.180000
1751146622,EUR,44.618458,48.677354
1751146622,XAU,3986.427341,4351.647949
1751147058,USD,38.400000,41.180000
1751147058,EUR,44.618458,48.677354
1751147058,XAU,3986.427341,4351.647949
1751147408,USD,38.400000,41.180000
1751147408,EUR,44.618458,48.677354
1751147408,XAU,3986.427341,4351.647949
1751147745,USD,38.400000,41.180000
1751147745,EUR,44.618458,48.677354
1751147745,XAU,3986.427341,4351.647949
1751148519,USD,38.400000,41.180000
1751148519,EUR,44.618458,48.677354
1751148519,XAU,3986.427341,4351.647949
1751149796,USD,38.400000,41.180000
1751149796,EUR,44.618458,48.677354
1751149796,XAU,3986.427341,4351.647949
1751150530,USD,38.400000,41.180000
1751150530,EUR,44.618458,48.677354
1751150530,XAU,3986.427341,4351.647949
1751150953,USD,38.400000,41.180000
1751150953,EUR,44.618458,48.677354
1751150953,XAU,3986.427341,4351.647949
1751151283,USD,38.400000,41.180000
1751151283,EUR,44.618458,48.677354
1751151283,XAU,3986.427341,4351.647949
1751151625,USD,38.400000,41.180000
1751151625,EUR,44.618458,48.677354
1751151625,XAU,3986.427341,4351.647949
1751152734,USD,38.400000,41.180000
1751152734,EUR,44.618458,48.677354
1751152734,XAU,3986.427341,4351.647949
