zaman,kur,alis,satis
1742936632,USD,36.84,39.4
1742936632,EUR,39.472107,42.818108
1742936632,XAU,3535.458136,3835.502611
