zaman,kur,alis,satis
1746738712,USD,37.600000,39.610000
1746738712,EUR,41.885723,44.803663
1746738712,XAU,3946.031753,4222.097871
