zaman,kur,alis,satis
1751231500,USD,38.400000,41.180000
1751231500,EUR,44.664154,48.727182
1751231500,XAU,3986.427341,4351.647949
1751232467,USD,38.400000,41.180000
1751232467,EUR,44.641306,48.706427
1751232467,XAU,3986.427341,4351.647949
1751233015,USD,38.400000,41.180000
1751233015,EUR,44.633664,48.714746
1751233015,XAU,3986.427341,4351.647949
1751233443,USD,38.400000,41.180000
1751233443,EUR,44.652710,48.723023
1751233443,XAU,3986.427341,4351.647949
1751233773,USD,38.400000,41.180000
1751233773,EUR,44.664154,48.723023
1751233773,XAU,3986.427341,4351.647949
1751234110,USD,38.400000,41.180000
1751234110,EUR,44.660314,48.723023
1751234110,XAU,3986.427341,4351.647949
1751234868,USD,38.400000,41.180000
1751234868,EUR,44.637504,48.723023
1751234868,XAU,3986.709542,4350.627220
1751236175,USD,38.400000,41.180000
1751236175,EUR,44.633664,48.689791
1751236175,XAU,3956.235802,4316.975171
1751236932,USD,38.400000,41.180000
1751236932,EUR,44.637504,48.718864
1751236932,XAU,3973.141325,4335.030130
1751237368,USD,38.400000,41.180000
1751237368,EUR,44.645107,48.718864
1751237368,XAU,3975.942682,4338.763303
1751237697,USD,38.400000,41.180000
1751237697,EUR,44.645107,48.727182
1751237697,XAU,3973.774656,4335.521655
1751238035,USD,38.400000,41.180000
1751238035,EUR,44.648909,48.723023
1751238035,XAU,3977.160653,4339.560425
1751239148,USD,38.400000,41.210500
1751239148,EUR,44.687002,48.788204
1751239148,XAU,3980.570957,4346.364246
1751239908,USD,38.400000,41.210500
1751239908,EUR,44.664154,48.763272
1751239908,XAU,3981.654950,4347.334836
1751240536,USD,38.400000,41.210500
1751240536,EUR,44.656512,48.759110
1751240536,XAU,3979.840166,4345.699480
1751240948,USD,38.400000,41.210500
1751240948,EUR,44.648909,48.767434
1751240948,XAU,3977.099712,4342.362418
1751241281,USD,38.400000,41.210500
1751241281,EUR,44.645107,48.759110
1751241281,XAU,3979.859904,4345.495158
