zaman,kur,alis,satis
1750368405,USD,38.350000,40.720000
1750368405,EUR,43.745078,47.166913
1750368405,XAU,4106.138949,4426.968904
