zaman,kur,alis,satis
1739394264,USD,35.0,37.2
1739394264,EUR,36.04202,38.975593
1739394264,XAU,3219.373675,3481.734632
1739395229,USD,34.999000,37.200000
1739395229,EUR,36.051385,38.979350
1739395229,XAU,3221.945957,3483.666875
1739395826,USD,34.999000,37.200000
1739395826,EUR,36.044455,38.971836
1739395826,XAU,3222.265708,3484.501568
1739396183,USD,34.999000,37.200000
1739396183,EUR,36.034060,38.960564
1739396183,XAU,3222.223499,3483.966930
1739396542,USD,34.999000,37.200000
1739396542,EUR,36.027096,38.953087
1739396542,XAU,3222.290102,3484.026934
1739397207,USD,34.999000,37.200000
1739397207,EUR,36.027096,38.953087
1739397207,XAU,3223.382211,3486.202576
1739397568,USD,34.992500,37.200000
1739397568,EUR,36.020405,38.953087
1739397568,XAU,3222.563603,3485.781992
1739398289,USD,35.000000,37.210000
1739398289,EUR,36.035090,38.982312
1739398289,XAU,3223.570560,3487.153755
1739399973,USD,35.000000,37.210000
1739399973,EUR,36.038555,38.978554
1739399973,XAU,3222.926910,3486.553520
1739400360,USD,35.000000,37.210000
1739400360,EUR,36.038555,38.982312
1739400360,XAU,3222.926910,3486.553520
1739400736,USD,35.000000,37.210000
1739400736,EUR,36.031590,38.978554
1739400736,XAU,3222.926910,3486.553520
1739401356,USD,35.000000,37.210000
1739401356,EUR,36.035090,38.982312
1739401356,XAU,3224.572575,3488.149271
1739402918,USD,35.000000,37.210000
1739402918,EUR,36.045485,38.982312
1739402918,XAU,3221.571780,3484.255208
1739403276,USD,35.000000,37.210000
1739403276,EUR,36.042020,38.982312
1739403276,XAU,3219.584655,3482.106405
1739403635,USD,35.000000,37.210000
1739403635,EUR,36.042020,38.986071
1739403635,XAU,3220.758590,3483.972263
1739403997,USD,35.000000,37.210000
1739403997,EUR,36.045485,38.986071
1739403997,XAU,3221.149890,3484.831442
1739404362,USD,35.000000,37.210000
1739404362,EUR,36.052415,38.993550
1739404362,XAU,3223.814230,3487.712538
1739404731,USD,35.000000,37.210000
1739404731,EUR,36.059380,39.001066
1739404731,XAU,3226.411930,3489.489278
1739405062,USD,35.000000,37.210000
1739405062,EUR,36.069775,39.008583
1739405062,XAU,3226.467475,3489.549260
1739415870,USD,35.000000,37.221000
1739415870,EUR,36.104495,39.061392
1739415870,XAU,3227.810705,3492.033835
