zaman,kur,alis,satis
1752095761,USD,38.900000,41.150000
1752095761,EUR,45.241128,48.589509
1752095761,XAU,4092.240906,4395.359065
1752096675,USD,38.900000,41.150000
1752096675,EUR,45.241128,48.593665
1752096675,XAU,4092.240906,4395.359065
1752097320,USD,38.900000,41.150000
1752097320,EUR,45.248869,48.597821
1752097320,XAU,4092.240906,4395.359065
1752097696,USD,38.900000,41.150000
1752097696,EUR,45.248869,48.593665
1752097696,XAU,4092.240906,4395.359065
1752098045,USD,38.900000,41.150000
1752098045,EUR,45.248869,48.593665
1752098045,XAU,4092.240906,4395.359065
1752098379,USD,38.900000,41.150000
1752098379,EUR,45.256571,48.606092
1752098379,XAU,4092.240906,4395.359065
1752099520,USD,38.900000,41.150000
1752099520,EUR,45.264312,48.610248
1752099520,XAU,4099.679519,4403.544870
1752100674,USD,38.900000,41.150000
1752100674,EUR,45.264312,48.610248
1752100674,XAU,4099.667188,4403.133699
1752101323,USD,38.900000,41.150000
1752101323,EUR,45.260461,48.618519
1752101323,XAU,4100.679949,4404.221252
1752101662,USD,38.900000,41.150000
1752101662,EUR,45.264312,48.610248
1752101662,XAU,4099.531310,4402.987822
1752101995,USD,38.900000,41.150000
1752101995,EUR,45.260461,48.614404
1752101995,XAU,4099.827767,4403.306118
1752103150,USD,38.900000,41.150000
1752103150,EUR,45.252720,48.610248
1752103150,XAU,4098.185098,4401.542182
1752104007,USD,38.900000,41.150000
1752104007,EUR,45.272015,48.618519
1752104007,XAU,4097.295844,4400.587337
1752104676,USD,38.900000,41.150000
1752104676,EUR,45.275905,48.630988
1752104676,XAU,4096.616533,4400.136374
