zaman,kur,alis,satis
1745528424,USD,37.28,39.3
1745528424,EUR,42.139746,45.10237
1745528424,XAU,3962.867169,4242.650836
1745529509,USD,37.300000,39.420500
1745529509,EUR,42.158661,45.240661
1745529509,XAU,3965.235098,4256.206314
