zaman,kur,alis,satis
1737406869,USD,34.415,36.72
1737406869,EUR,35.524918,38.561545
1737406869,XAU,2907.147036,3209.7252
1737407800,USD,34.415000,36.720000
1737407800,EUR,35.548802,38.587469
1737407800,XAU,2907.147036,3209.725200
1737408386,USD,34.415000,36.720000
1737408386,EUR,35.531732,38.568962
1737408386,XAU,2907.147036,3209.725200
