zaman,kur,alis,satis
1746393319,USD,37.500000,39.570500
1746393319,EUR,42.009975,45.124220
1746393319,XAU,3855.781275,4136.332500
