zaman,kur,alis,satis
1750713397,USD,38.600000,41.300000
1750713397,EUR,44.307396,48.227745
1750713397,XAU,4123.999335,4489.017431
1750714296,USD,38.600000,41.300000
1750714296,EUR,44.311217,48.227745
1750714296,XAU,4124.533481,4489.655640
1750714892,USD,38.600000,41.300000
1750714892,EUR,44.307396,48.227745
1750714892,XAU,4124.645537,4489.533061
1750715252,USD,38.600000,41.300000
1750715252,EUR,44.311217,48.227745
1750715252,XAU,4124.073176,4489.156653
1750715601,USD,38.600000,41.300000
1750715601,EUR,44.307396,48.227745
1750715601,XAU,4124.124823,4489.253543
1750715932,USD,38.600000,41.300000
1750715932,EUR,44.311217,48.227745
1750715932,XAU,4124.013038,4489.169043
1750717048,USD,38.600000,41.300000
1750717048,EUR,44.364794,48.298574
1750717048,XAU,4111.442716,4475.654485
1750718190,USD,38.600000,41.300000
1750718190,EUR,44.364794,48.294403
1750718190,XAU,4109.410349,4473.855747
1750718865,USD,38.600000,41.300000
1750718865,EUR,44.338006,48.265245
1750718865,XAU,4107.586113,4471.457373
1750719203,USD,38.600000,41.300000
1750719203,EUR,44.349470,48.277718
1750719203,XAU,4110.879542,4475.321401
1750719543,USD,38.600000,41.300000
1750719543,EUR,44.357113,48.286060
1750719543,XAU,4108.124814,4471.843776
1750720413,USD,38.600000,41.300000
1750720413,EUR,44.360973,48.286060
1750720413,XAU,4107.659569,4471.337479
1750721281,USD,38.600000,41.300000
1750721281,EUR,44.395404,48.319389
1750721281,XAU,4103.778493,4467.726620
1750721849,USD,38.600000,41.300000
1750721849,EUR,44.399225,48.331862
1750721849,XAU,4093.249378,4455.868110
1750722280,USD,38.600000,41.300000
1750722280,EUR,44.418371,48.356890
1750722280,XAU,4101.231935,4464.342250
1750722617,USD,38.600000,41.300000
1750722617,EUR,44.418371,48.344376
1750722617,XAU,4098.624119,4461.504197
1750722952,USD,38.600000,41.300000
1750722952,EUR,44.383940,48.306875
1750722952,XAU,4094.277759,4456.774149
