zaman,kur,alis,satis
1745788264,USD,37.000000,39.422500
1745788264,EUR,41.724086,45.155596
1745788264,XAU,3898.063664,4219.227951
1745789126,USD,37.000000,39.422500
1745789126,EUR,41.724086,45.155596
1745789126,XAU,3898.063664,4219.227951
1745789468,USD,37.000000,39.422500
1745789468,EUR,41.716760,45.139709
1745789468,XAU,3898.063664,4219.227951
1745789847,USD,37.000000,39.422500
1745789847,EUR,41.716760,45.135727
1745789847,XAU,3898.063664,4219.227951
1745790188,USD,37.000000,39.422500
1745790188,EUR,41.705734,45.131745
1745790188,XAU,3898.063664,4219.227951
1745790534,USD,37.000000,39.422500
1745790534,EUR,41.709397,45.127803
1745790534,XAU,3898.063664,4219.227951
1745790862,USD,37.000000,39.422500
1745790862,EUR,41.716760,45.131745
1745790862,XAU,3898.063664,4219.227951
1745791215,USD,37.000000,39.422500
1745791215,EUR,41.720423,45.127803
1745791215,XAU,3898.063664,4219.227951
1745792224,USD,37.000000,39.422500
1745792224,EUR,41.687382,45.111916
1745792224,XAU,3903.808210,4224.056143
1745793162,USD,37.000000,39.422500
1745793162,EUR,41.669030,45.088065
1745793162,XAU,3889.828648,4208.669384
1745793725,USD,37.000000,39.422500
1745793725,EUR,41.669030,45.092047
1745793725,XAU,3887.493356,4207.795348
1745794073,USD,37.000000,39.422500
1745794073,EUR,41.669030,45.092047
1745794073,XAU,3892.401369,4211.451942
1745794405,USD,37.000000,39.422500
1745794405,EUR,41.669030,45.096029
1745794405,XAU,3889.123798,4208.046784
1745794743,USD,37.000000,39.422500
1745794743,EUR,41.672693,45.088065
1745794743,XAU,3890.040103,4208.516898
1745795706,USD,37.000000,39.422500
1745795706,EUR,41.665330,45.092047
1745795706,XAU,3886.061456,4206.246635
1745796635,USD,37.000000,39.422500
1745796635,EUR,41.669030,45.092047
1745796635,XAU,3885.846227,4203.980945
1745797157,USD,37.000000,39.422500
1745797157,EUR,41.691045,45.107934
1745797157,XAU,3884.694972,4202.735785
1745797497,USD,37.000000,39.422500
1745797497,EUR,41.683719,45.111916
1745797497,XAU,3883.391018,4201.325406
1745797830,USD,37.000000,39.422500
1745797830,EUR,41.661667,45.088065
1745797830,XAU,3878.219269,4197.764726
1745798169,USD,37.000000,39.422500
1745798169,EUR,41.654341,45.080141
1745798169,XAU,3876.286574,4195.674348
1745801455,USD,37.000000,39.422500
1745801455,EUR,41.724086,45.131745
1745801455,XAU,3892.100041,4212.777839
1745807148,USD,37.000000,39.452500
1745807148,EUR,41.669030,45.114447
1745807148,XAU,3846.950162,4165.346068
