zaman,kur,alis,satis
1745701220,USD,37.0,39.4225
1745701220,EUR,41.731449,45.14369
1745701220,XAU,3898.063664,4219.227951
1745702175,USD,37.000000,39.422500
1745702175,EUR,41.731449,45.143690
1745702175,XAU,3898.063664,4219.227951
1745702847,USD,37.000000,39.422500
1745702847,EUR,41.731449,45.143690
1745702847,XAU,3898.063664,4219.227951
1745703239,USD,37.000000,39.422500
1745703239,EUR,41.731449,45.143690
1745703239,XAU,3898.063664,4219.227951
1745703594,USD,37.000000,39.422500
1745703594,EUR,41.731449,45.143690
1745703594,XAU,3898.063664,4219.227951
1745703927,USD,37.000000,39.422500
1745703927,EUR,41.731449,45.143690
1745703927,XAU,3898.063664,4219.227951
1745704284,USD,37.000000,39.422500
1745704284,EUR,41.731449,45.143690
1745704284,XAU,3898.063664,4219.227951
1745704605,USD,37.000000,39.422500
1745704605,EUR,41.731449,45.143690
1745704605,XAU,3898.063664,4219.227951
1745705408,USD,37.000000,39.422500
1745705408,EUR,41.731449,45.143690
1745705408,XAU,3898.063664,4219.227951
1745706534,USD,37.000000,39.422500
1745706534,EUR,41.731449,45.143690
1745706534,XAU,3898.063664,4219.227951
1745707135,USD,37.000000,39.422500
1745707135,EUR,41.731449,45.143690
1745707135,XAU,3898.063664,4219.227951
1745707522,USD,37.000000,39.422500
1745707522,EUR,41.731449,45.143690
1745707522,XAU,3898.063664,4219.227951
1745707853,USD,37.000000,39.422500
1745707853,EUR,41.731449,45.143690
1745707853,XAU,3898.063664,4219.227951
1745708200,USD,37.000000,39.422500
1745708200,EUR,41.731449,45.143690
1745708200,XAU,3898.063664,4219.227951
1745709004,USD,37.000000,39.422500
1745709004,EUR,41.731449,45.143690
1745709004,XAU,3898.063664,4219.227951
