zaman,kur,alis,satis
1751317901,USD,38.700000,40.925000
1751317901,EUR,45.246686,48.587715
1751317901,XAU,4058.250809,4357.423077
1751318951,USD,38.700000,40.925000
1751318951,EUR,45.242854,48.575356
1751318951,XAU,4058.250809,4357.423077
1751319564,USD,38.700000,40.925000
1751319564,EUR,45.238984,48.600075
1751319564,XAU,4058.225616,4357.404333
1751319965,USD,38.700000,40.925000
1751319965,EUR,45.246686,48.587715
1751319965,XAU,4058.870590,4358.096702
1751320305,USD,38.700000,40.925000
1751320305,EUR,45.254348,48.587715
1751320305,XAU,4058.890366,4358.134435
1751320634,USD,38.700000,40.925000
1751320634,EUR,45.250517,48.587715
1751320634,XAU,4058.234362,4357.414359
1751321564,USD,38.700000,40.925000
1751321564,EUR,45.246686,48.600075
1751321564,XAU,4059.052480,4358.481724
1751322838,USD,38.700000,40.925000
1751322838,EUR,45.281245,48.612475
1751322838,XAU,4062.345463,4362.016662
1751323597,USD,38.700000,40.925000
1751323597,EUR,45.262049,48.616567
1751323597,XAU,4063.660179,4363.428002
1751323988,USD,38.700000,40.925000
1751323988,EUR,45.262049,48.616567
1751323988,XAU,4071.745190,4372.107089
1751324322,USD,38.700000,40.925000
1751324322,EUR,45.254348,48.608341
1751324322,XAU,4067.813270,4367.886248
