zaman,kur,alis,satis
1746134207,USD,37.400000,39.667500
1746134207,EUR,41.896789,45.116505
1746134207,XAU,3847.686792,4144.466469
