zaman,kur,alis,satis
1742851725,USD,36.900000,39.405000
1742851725,EUR,39.558387,42.855302
1742851725,XAU,3529.185077,3822.850147
1742852092,USD,36.900000,39.405000
1742852092,EUR,39.569383,42.855302
1742852092,XAU,3529.185077,3822.850147
