zaman,kur,alis,satis
1750713397,USD,38.600000,41.300000
1750713397,EUR,44.307396,48.227745
1750713397,XAU,4123.999335,4489.017431
1750714296,USD,38.600000,41.300000
1750714296,EUR,44.311217,48.227745
1750714296,XAU,4124.533481,4489.655640
1750714892,USD,38.600000,41.300000
1750714892,EUR,44.307396,48.227745
1750714892,XAU,4124.645537,4489.533061
1750715252,USD,38.600000,41.300000
1750715252,EUR,44.311217,48.227745
1750715252,XAU,4124.073176,4489.156653
1750715601,USD,38.600000,41.300000
1750715601,EUR,44.307396,48.227745
1750715601,XAU,4124.124823,4489.253543
