zaman,kur,alis,satis
1738531253,USD,34.750000,36.990000
1738531253,EUR,35.350445,38.289237
1738531253,XAU,3087.271072,3343.053220
1738531616,USD,34.750000,36.990000
1738531616,EUR,35.350445,38.289237
1738531616,XAU,3087.271072,3343.053220
1738531985,USD,34.750000,36.990000
1738531985,EUR,35.350445,38.289237
1738531985,XAU,3087.271072,3343.053220
1738532330,USD,34.750000,36.990000
1738532330,EUR,35.350445,38.289237
1738532330,XAU,3087.271072,3343.053220
