zaman,kur,alis,satis
1743629534,USD,36.970000,39.000000
1743629534,EUR,39.654207,42.556683
1743629534,XAU,3674.479909,3944.185986
1743630018,USD,36.970000,39.000000
1743630018,EUR,39.650547,42.552744
1743630018,XAU,3674.479909,3944.185986
1743630374,USD,36.970000,39.000000
1743630374,EUR,39.705521,42.615690
1743630374,XAU,3674.479909,3944.185986
1743630736,USD,36.955000,39.000000
1743630736,EUR,39.685753,42.603873
1743630736,XAU,3672.989047,3944.185986
1743631097,USD,36.955000,39.000000
1743631097,EUR,39.682057,42.603873
1743631097,XAU,3672.989047,3944.185986
1743631333,USD,36.955000,39.000000
1743631333,EUR,39.689411,42.607812
1743631333,XAU,3672.378033,3943.935840
1743633375,USD,36.955000,39.000000
1743633375,EUR,39.645435,42.564561
1743633375,XAU,3682.692875,3954.253212
