zaman,kur,alis,satis
1744059920,USD,37.0,39.0105
1744059920,EUR,40.04954,42.871798
1744059920,XAU,3503.148271,3751.357583
1744061001,USD,37.000000,39.010500
1744061001,EUR,40.053240,42.883579
1744061001,XAU,3504.152932,3751.086499
1744061717,USD,37.000000,39.010500
1744061717,EUR,40.060566,42.883579
1744061717,XAU,3503.514016,3751.817361
1744062245,USD,37.000000,39.010500
1744062245,EUR,40.064229,42.891460
1744062245,XAU,3504.115710,3751.051819
1744062600,USD,37.000000,39.010500
1744062600,EUR,40.060566,42.891460
1744062600,XAU,3503.761509,3752.084661
1744062859,USD,37.000000,39.010500
1744062859,EUR,40.067929,42.895400
1744062859,XAU,3504.048666,3752.116376
1744063224,USD,37.000000,39.010500
1744063224,EUR,40.071592,42.899301
1744063224,XAU,3501.972374,3751.207666
1744064092,USD,37.000000,39.010500
1744064092,EUR,40.071592,42.895400
1744064092,XAU,3504.506319,3752.456041
1744066581,USD,37.000000,39.010500
1744066581,EUR,40.086281,42.907181
1744066581,XAU,3508.997416,3756.714700
1744066936,USD,37.000000,39.010500
1744066936,EUR,40.086281,42.918962
1744066936,XAU,3506.929819,3754.124637
1744067897,USD,37.000000,39.010500
1744067897,EUR,40.064229,42.887520
1744067897,XAU,3504.474610,3751.496851
1744068808,USD,37.000000,39.010500
1744068808,EUR,40.078918,42.899301
1744068808,XAU,3502.888679,3749.610927
1744069391,USD,37.000000,39.010500
1744069391,EUR,40.086281,42.907181
1744069391,XAU,3500.421704,3746.970579
1744069742,USD,37.000000,39.010500
1744069742,EUR,40.089944,42.911121
1744069742,XAU,3503.523044,3750.289866
1744073237,USD,37.000000,39.010500
1744073237,EUR,40.170752,43.001508
1744073237,XAU,3511.781555,3759.128709
1744078819,USD,37.000000,39.010500
1744078819,EUR,40.266212,43.111557
1744078819,XAU,3525.866826,3774.643848
1744083701,USD,37.000000,39.010500
1744083701,EUR,40.251523,43.095836
1744083701,XAU,3518.900540,3766.936582
