zaman,kur,alis,satis
1739221794,USD,34.750000,37.097000
1739221794,EUR,35.533752,38.549236
1739221794,XAU,3205.367557,3477.406784
1739222647,USD,34.750000,37.097000
1739222647,EUR,35.526836,38.541780
1739222647,XAU,3204.397094,3476.330192
