zaman,kur,alis,satis
1736889148,USD,34.125000,36.850000
1736889148,EUR,34.856742,38.292972
1736889148,XAU,2848.216371,3182.210051
1736889914,USD,34.125000,36.850000
1736889914,EUR,34.866912,38.304138
1736889914,XAU,2849.352904,3184.456980
1736890267,USD,34.125000,36.850000
1736890267,EUR,34.866912,38.307860
1736890267,XAU,2847.762645,3183.070904
1736890634,USD,34.125000,36.850000
1736890634,EUR,34.873668,38.307860
1736890634,XAU,2848.952379,3183.018466
1736890971,USD,34.125000,36.850000
1736890971,EUR,34.870290,38.304138
1736890971,XAU,2848.286634,3183.619232
1736891296,USD,34.120000,36.850000
1736891296,EUR,34.861803,38.311582
1736891296,XAU,2847.862138,3183.424701
1736891633,USD,34.120000,36.850000
1736891633,EUR,34.865181,38.311582
1736891633,XAU,2849.303332,3183.862552
