zaman,kur,alis,satis
1747257029,USD,37.700000,39.735000
1747257029,EUR,41.817519,44.752895
1747257029,XAU,3803.459542,4071.578536
1747257272,USD,37.700000,39.735000
1747257272,EUR,41.813786,44.744908
1747257272,XAU,3803.459542,4071.578536
1747257916,USD,37.700000,39.735000
1747257916,EUR,41.821251,44.748921
1747257916,XAU,3804.587186,4071.210908
1747258264,USD,37.700000,39.735000
1747258264,EUR,41.821251,44.748921
1747258264,XAU,3804.576668,4071.222153
1747258645,USD,37.700000,39.735000
1747258645,EUR,41.817519,44.744908
1747258645,XAU,3804.587186,4071.210908
1747258982,USD,37.700000,39.735000
1747258982,EUR,41.817519,44.744908
1747258982,XAU,3804.587186,4071.210908
1747259336,USD,37.700000,39.735000
1747259336,EUR,41.813786,44.744908
1747259336,XAU,3804.587186,4071.210908
1747259679,USD,37.700000,39.735000
1747259679,EUR,41.817519,44.748921
1747259679,XAU,3804.587186,4071.210908
1747260017,USD,37.700000,39.735000
1747260017,EUR,41.817519,44.748921
1747260017,XAU,3804.233975,4071.332656
1747260962,USD,37.700000,39.735000
1747260962,EUR,41.832486,44.760921
1747260962,XAU,3807.022946,4074.316596
1747261773,USD,37.700000,39.735000
1747261773,EUR,41.836218,44.772921
1747261773,XAU,3809.298254,4077.666415
1747262239,USD,37.700000,39.735000
1747262239,EUR,41.843720,44.780948
1747262239,XAU,3809.955516,4077.454190
1747262565,USD,37.700000,39.735000
1747262565,EUR,41.843720,44.772921
1747262565,XAU,3805.891757,4074.233987
1747262896,USD,37.700000,39.735000
1747262896,EUR,41.839950,44.768908
1747262896,XAU,3807.932609,4075.943029
