zaman,kur,alis,satis
1741814021,USD,35.546500,37.650000
1741814021,EUR,38.412756,41.304573
1741814021,XAU,3309.722067,3559.976172
