zaman,kur,alis,satis
1750713397,USD,38.600000,41.300000
1750713397,EUR,44.307396,48.227745
1750713397,XAU,4123.999335,4489.017431
1750714296,USD,38.600000,41.300000
1750714296,EUR,44.311217,48.227745
1750714296,XAU,4124.533481,4489.655640
1750714892,USD,38.600000,41.300000
1750714892,EUR,44.307396,48.227745
1750714892,XAU,4124.645537,4489.533061
1750715252,USD,38.600000,41.300000
1750715252,EUR,44.311217,48.227745
1750715252,XAU,4124.073176,4489.156653
1750715601,USD,38.600000,41.300000
1750715601,EUR,44.307396,48.227745
1750715601,XAU,4124.124823,4489.253543
1750715932,USD,38.600000,41.300000
1750715932,EUR,44.311217,48.227745
1750715932,XAU,4124.013038,4489.169043
1750717048,USD,38.600000,41.300000
1750717048,EUR,44.364794,48.298574
1750717048,XAU,4111.442716,4475.654485
1750718190,USD,38.600000,41.300000
1750718190,EUR,44.364794,48.294403
1750718190,XAU,4109.410349,4473.855747
1750718865,USD,38.600000,41.300000
1750718865,EUR,44.338006,48.265245
1750718865,XAU,4107.586113,4471.457373
1750719203,USD,38.600000,41.300000
1750719203,EUR,44.349470,48.277718
1750719203,XAU,4110.879542,4475.321401
