zaman,kur,alis,satis
1750713397,USD,38.600000,41.300000
1750713397,EUR,44.307396,48.227745
1750713397,XAU,4123.999335,4489.017431
