zaman,kur,alis,satis
1738012484,USD,34.440000,36.945000
1738012484,EUR,35.813433,39.092317
1738012484,XAU,2996.197516,3271.125558
1738013294,USD,34.440000,36.945000
1738013294,EUR,35.816877,39.096049
1738013294,XAU,2996.900368,3270.989896
1738013656,USD,34.440000,36.945000
1738013656,EUR,35.806614,39.092317
1738013656,XAU,2996.135800,3270.155456
1738013998,USD,34.440000,36.945000
1738013998,EUR,35.816877,39.092317
1738013998,XAU,2994.648371,3269.716698
1738014343,USD,34.440000,36.945000
1738014343,EUR,35.813433,39.099780
1738014343,XAU,2995.043535,3268.963426
1738014683,USD,34.440000,36.945000
1738014683,EUR,35.820286,39.096049
1738014683,XAU,2993.954198,3268.676031
1738015040,USD,34.440000,36.945000
1738015040,EUR,35.816877,39.103512
1738015040,XAU,2993.295912,3267.437634
1738015828,USD,34.440000,36.957000
1738015828,EUR,35.827105,39.119945
1738015828,XAU,2992.897269,3268.844839
1738016877,USD,34.440000,36.957000
1738016877,EUR,35.823696,39.116213
1738016877,XAU,2992.897269,3268.844839
1738017397,USD,34.440000,36.957000
1738017397,EUR,35.827105,39.116213
1738017397,XAU,2992.984643,3268.940003
1738017728,USD,34.440000,36.957000
1738017728,EUR,35.823696,39.116213
1738017728,XAU,2992.984643,3268.940003
1738018086,USD,34.440000,36.957000
1738018086,EUR,35.823696,39.112480
1738018086,XAU,2992.984643,3268.940003
1738018435,USD,34.440000,36.957000
1738018435,EUR,35.823696,39.112480
1738018435,XAU,2992.984643,3268.940003
1738018770,USD,34.440000,36.957000
1738018770,EUR,35.813433,39.101282
1738018770,XAU,2992.520426,3267.544988
1738019677,USD,34.440000,36.957000
1738019677,EUR,35.755401,39.037938
1738019677,XAU,2993.055624,3268.236564
1738020348,USD,34.440000,36.957000
1738020348,EUR,35.680288,38.955930
1738020348,XAU,2992.349501,3268.203820
1738020717,USD,34.440000,36.957000
1738020717,EUR,35.663205,38.937304
1738020717,XAU,2994.160976,3270.163908
1738021100,USD,34.440000,36.957000
1738021100,EUR,35.639304,38.911212
1738021100,XAU,2992.994562,3268.850937
1738021433,USD,34.440000,36.957000
1738021433,EUR,35.639304,38.922373
1738021433,XAU,2994.257098,3269.285884
1738021780,USD,34.440000,36.957000
1738021780,EUR,35.639304,38.911212
1738021780,XAU,2994.956161,3270.037146
1738022110,USD,34.440000,36.957000
1738022110,EUR,35.656386,38.941000
1738022110,XAU,2995.076322,3271.289212
1738024492,USD,34.440000,36.957000
1738024492,EUR,35.666615,38.941000
1738024492,XAU,2995.829973,3271.003017
