zaman,kur,alis,satis
1743973476,USD,36.75,39.2605
1743973476,EUR,39.731528,43.091186
1743973476,XAU,3544.032629,3845.036979
