zaman,kur,alis,satis
1750972511,USD,38.600000,40.990000
1750972511,EUR,44.815604,48.313847
1750972511,XAU,4077.125309,4398.306152
