zaman,kur,alis,satis
1751145048,USD,38.400000,41.180000
1751145048,EUR,44.618458,48.677354
1751145048,XAU,3986.427341,4351.647949
