zaman,kur,alis,satis
1738012484,USD,34.440000,36.945000
1738012484,EUR,35.813433,39.092317
1738012484,XAU,2996.197516,3271.125558
1738013294,USD,34.440000,36.945000
1738013294,EUR,35.816877,39.096049
1738013294,XAU,2996.900368,3270.989896
