zaman,kur,alis,satis
1751851647,USD,38.600000,41.100000
1751851647,EUR,45.091709,48.798975
1751851647,XAU,4057.597762,4390.755251
