zaman,kur,alis,satis
1743368667,USD,36.792,39.2
1743368667,EUR,39.510377,42.744346
1743368667,XAU,3602.602919,3899.55916
1743369625,USD,36.792000,39.200000
1743369625,EUR,39.532268,42.772022
1743369625,XAU,3602.602919,3899.559160
1743370347,USD,36.792000,39.200000
1743370347,EUR,39.517662,42.756224
1743370347,XAU,3602.602919,3899.559160
1743370707,USD,36.792000,39.200000
1743370707,EUR,39.495770,42.732508
1743370707,XAU,3602.602919,3899.559160
1743371089,USD,36.792000,39.200000
1743371089,EUR,39.492128,42.720670
1743371089,XAU,3602.602919,3899.559160
1743371408,USD,36.792000,39.200000
1743371408,EUR,39.492128,42.720670
1743371408,XAU,3602.602919,3899.559160
1743371765,USD,36.792000,39.200000
1743371765,EUR,39.488449,42.716710
1743371765,XAU,3602.602919,3899.559160
1743372126,USD,36.792000,39.200000
1743372126,EUR,39.495770,42.724629
1743372126,XAU,3609.333427,3906.522726
1743372968,USD,36.792000,39.200000
1743372968,EUR,39.466558,42.689074
1743372968,XAU,3607.931652,3904.577074
