zaman,kur,alis,satis
1744318816,USD,36.93,39.0
1744318816,EUR,41.034363,44.037318
1744318816,XAU,3720.1533,3995.155827
1744319864,USD,37.000000,39.050000
1744319864,EUR,41.104817,44.085888
1744319864,XAU,3728.083370,3998.858159
1744320565,USD,37.000000,39.042000
1744320565,EUR,41.093791,44.072913
1744320565,XAU,3726.309812,3997.547119
1744321010,USD,37.000000,39.060500
1744321010,EUR,41.097454,44.089852
1744321010,XAU,3726.772793,3999.500137
1744321358,USD,37.000000,39.060500
1744321358,EUR,41.093791,44.093797
1744321358,XAU,3726.969929,3999.740828
1744321706,USD,37.000000,39.060500
1744321706,EUR,41.086465,44.089852
1744321706,XAU,3726.846164,3998.852748
1744322045,USD,37.000000,39.060500
1744322045,EUR,41.093791,44.089852
1744322045,XAU,3727.554455,3999.315264
1744322402,USD,37.000000,39.060500
1744322402,EUR,41.079102,44.074110
1744322402,XAU,3727.389361,4000.235099
1744323503,USD,37.000000,39.060500
1744323503,EUR,41.170862,44.176488
1744323503,XAU,3732.762390,4004.951303
1744324496,USD,37.000000,39.060500
1744324496,EUR,41.145184,44.145005
1744324496,XAU,3737.787804,4010.342121
1744325064,USD,37.000000,39.060500
1744325064,EUR,41.178225,44.176488
1744325064,XAU,3741.439445,4014.259303
1744325401,USD,37.000000,39.060500
1744325401,EUR,41.174562,44.184378
1744325401,XAU,3743.470782,4016.438332
1744325746,USD,37.000000,39.060500
1744325746,EUR,41.200240,44.200120
1744325746,XAU,3740.781955,4013.717729
1744326533,USD,37.000000,39.057000
1744326533,EUR,41.167199,44.172530
1744326533,XAU,3744.703622,4017.400833
1744327608,USD,37.000000,39.060500
1744327608,EUR,41.189214,44.200120
1744327608,XAU,3740.241792,4012.974564
1744328116,USD,37.000000,39.050000
1744328116,EUR,41.229618,44.223656
1744328116,XAU,3740.594069,4012.261017
1744328601,USD,37.000000,39.050000
1744328601,EUR,41.233281,44.223656
1744328601,XAU,3744.245710,4016.189720
1744328932,USD,37.000000,39.050000
1744328932,EUR,41.207566,44.200031
1744328932,XAU,3742.155691,4014.716481
1744329277,USD,37.000000,39.050000
1744329277,EUR,41.295663,44.302381
1744329277,XAU,3745.138076,4017.146719
1744334832,USD,37.000000,39.060500
1744334832,EUR,41.501198,44.526900
1744334832,XAU,3769.631077,4044.689815
