zaman,kur,alis,satis
1751058058,USD,38.4,41.18
1751058058,EUR,44.618458,48.677354
1751058058,XAU,3986.427341,4351.647949
1751059095,USD,38.400000,41.180000
1751059095,EUR,44.618458,48.677354
1751059095,XAU,3986.427341,4351.647949
1751059882,USD,38.400000,41.180000
1751059882,EUR,44.618458,48.677354
1751059882,XAU,3986.427341,4351.647949
