zaman,kur,alis,satis
1750972511,USD,38.600000,40.990000
1750972511,EUR,44.815604,48.313847
1750972511,XAU,4077.125309,4398.306152
1750973446,USD,38.600000,40.949500
1750973446,EUR,44.807961,48.257880
1750973446,XAU,4077.787723,4392.364089
1750974064,USD,38.600000,40.949500
1750974064,EUR,44.800279,48.249608
1750974064,XAU,4078.906158,4393.547325
1750974430,USD,38.600000,40.949500
1750974430,EUR,44.796458,48.249608
1750974430,XAU,4078.385290,4392.736934
1750974780,USD,38.600000,40.949500
1750974780,EUR,44.800279,48.257880
1750974780,XAU,4078.375370,4392.746312
1750975129,USD,38.600000,40.949500
1750975129,EUR,44.811782,48.274383
1750975129,XAU,4078.087491,4392.884885
