zaman,kur,alis,satis
1746046820,USD,37.3995,39.6
1746046820,EUR,42.044705,45.203321
1746046820,XAU,3904.600364,4197.472646
1746047845,USD,37.399500,39.600000
1746047845,EUR,42.048407,45.211280
1746047845,XAU,3903.958551,4198.347648
1746048634,USD,37.399500,39.600000
1746048634,EUR,42.048407,45.207281
1746048634,XAU,3903.958551,4198.347648
1746049165,USD,37.399500,39.600000
1746049165,EUR,42.052110,45.207281
1746049165,XAU,3903.958551,4198.347648
1746049505,USD,37.399500,39.600000
1746049505,EUR,42.055813,45.211280
1746049505,XAU,3903.958551,4198.347648
1746049851,USD,37.399500,39.600000
1746049851,EUR,42.044705,45.207281
1746049851,XAU,3903.958551,4198.347648
1746050188,USD,37.399500,39.600000
1746050188,EUR,42.040965,45.203321
1746050188,XAU,3903.958551,4198.347648
1746051020,USD,37.399500,39.600000
1746051020,EUR,42.044705,45.199321
1746051020,XAU,3899.910953,4194.127951
1746052270,USD,37.399500,39.600000
1746052270,EUR,42.033560,45.183362
1746052270,XAU,3890.267978,4183.343921
1746052933,USD,37.399500,39.600000
1746052933,EUR,42.033560,45.183362
1746052933,XAU,3888.368083,4181.046566
1746053267,USD,37.399500,39.600000
1746053267,EUR,42.040965,45.195322
1746053267,XAU,3892.333178,4185.510080
1746053609,USD,37.399500,39.600000
1746053609,EUR,42.037262,45.199321
1746053609,XAU,3893.913457,4186.292180
1746053947,USD,37.399500,39.600000
1746053947,EUR,42.040965,45.195322
1746053947,XAU,3889.318030,4181.429459
1746054930,USD,37.399500,39.600000
1746054930,EUR,42.015010,45.163404
1746054930,XAU,3892.939723,4185.245592
1746055753,USD,37.399500,39.600000
1746055753,EUR,42.022415,45.183362
1746055753,XAU,3892.761589,4185.054166
1746056285,USD,37.400000,39.620000
1746056285,EUR,42.030419,45.214146
1746056285,XAU,3889.013792,4183.081621
