zaman,kur,alis,satis
1737925767,USD,34.240000,37.070000
1737925767,EUR,35.595493,39.205751
1737925767,XAU,3009.652207,3314.596256
