zaman,kur,alis,satis
1739998975,USD,35.1895,37.4
1739998975,EUR,36.369756,39.320901
1739998975,XAU,3276.717622,3542.684482
