zaman,kur,alis,satis
1739912566,USD,35.17,37.3745
1739912566,EUR,36.429789,39.380801
1739912566,XAU,3273.685921,3538.894456
1739913530,USD,35.170000,37.377500
1739913530,EUR,36.426308,39.380186
1739913530,XAU,3273.005452,3538.430893
