zaman,kur,alis,satis
1745961304,USD,37.350000,39.602500
1745961304,EUR,42.168934,45.486679
1745961304,XAU,3927.356011,4237.784162
