zaman,kur,alis,satis
1740430857,USD,35.33,37.535
1740430857,EUR,36.648056,39.606707
1740430857,XAU,3307.315422,3574.363086
