zaman,kur,alis,satis
1745096943,USD,37.000000,39.200000
1745096943,EUR,41.788466,45.044132
1745096943,XAU,3905.097290,4208.874130
1745097862,USD,37.000000,39.200000
1745097862,EUR,41.788466,45.044132
1745097862,XAU,3905.097290,4208.874130
1745098296,USD,37.000000,39.200000
1745098296,EUR,41.788466,45.044132
1745098296,XAU,3905.097290,4208.874130
1745098680,USD,37.000000,39.200000
1745098680,EUR,41.788466,45.044132
1745098680,XAU,3905.097290,4208.874130
1745099011,USD,37.000000,39.200000
1745099011,EUR,41.788466,45.044132
1745099011,XAU,3905.097290,4208.874130
1745099346,USD,37.000000,39.200000
1745099346,EUR,41.788466,45.044132
1745099346,XAU,3905.097290,4208.874130
1745099689,USD,37.000000,39.200000
1745099689,EUR,41.788466,45.044132
1745099689,XAU,3905.097290,4208.874130
1745100025,USD,37.000000,39.200000
1745100025,EUR,41.788466,45.044132
1745100025,XAU,3905.097290,4208.874130
