zaman,kur,alis,satis
1745788264,USD,37.000000,39.422500
1745788264,EUR,41.724086,45.155596
1745788264,XAU,3898.063664,4219.227951
1745789126,USD,37.000000,39.422500
1745789126,EUR,41.724086,45.155596
1745789126,XAU,3898.063664,4219.227951
1745789468,USD,37.000000,39.422500
1745789468,EUR,41.716760,45.139709
1745789468,XAU,3898.063664,4219.227951
1745789847,USD,37.000000,39.422500
1745789847,EUR,41.716760,45.135727
1745789847,XAU,3898.063664,4219.227951
1745790188,USD,37.000000,39.422500
1745790188,EUR,41.705734,45.131745
1745790188,XAU,3898.063664,4219.227951
