zaman,kur,alis,satis
1750626554,USD,38.600000,40.830000
1750626554,EUR,43.919157,47.175023
1750626554,XAU,4127.636613,4432.756027
