zaman,kur,alis,satis
1737925767,USD,34.240000,37.070000
1737925767,EUR,35.595493,39.205751
1737925767,XAU,3009.652207,3314.596256
1737926503,USD,34.240000,37.070000
1737926503,EUR,35.595493,39.205751
1737926503,XAU,3009.652207,3314.596256
1737926840,USD,34.240000,37.070000
1737926840,EUR,35.595493,39.205751
1737926840,XAU,3009.652207,3314.596256
1737927228,USD,34.240000,37.070000
1737927228,EUR,35.595493,39.205751
1737927228,XAU,3009.652207,3314.596256
1737927550,USD,34.240000,37.070000
1737927550,EUR,35.595493,39.205751
1737927550,XAU,3009.652207,3314.596256
1737927895,USD,34.240000,37.070000
1737927895,EUR,35.578510,39.194519
1737927895,XAU,3009.652207,3314.596256
