zaman,kur,alis,satis
1739567691,USD,35.000000,37.325000
1739567691,EUR,36.450050,39.462640
1739567691,XAU,3204.396160,3470.120852
1739568527,USD,35.000000,37.325000
1739568527,EUR,36.450050,39.462640
1739568527,XAU,3203.751600,3468.617140
1739569253,USD,35.000000,37.325000
1739569253,EUR,36.450050,39.462640
1739569253,XAU,3203.751600,3468.605084
1739569489,USD,35.000000,37.325000
1739569489,EUR,36.450050,39.462640
1739569489,XAU,3203.518255,3469.037792
