zaman,kur,alis,satis
1747170788,USD,37.600000,39.795000
1747170788,EUR,41.740174,44.860585
1747170788,XAU,3878.971551,4170.009887
