zaman,kur,alis,satis
1742505475,USD,36.600000,39.300000
1742505475,EUR,39.447553,42.962721
1742505475,XAU,3539.544862,3855.063074
