zaman,kur,alis,satis
1738357843,USD,34.750000,36.960000
1738357843,EUR,35.688111,38.619763
1738357843,XAU,3086.100761,3340.439552
1738358609,USD,34.750000,36.965500
1738358609,EUR,35.698432,38.636673
1738358609,XAU,3087.756078,3341.387546
