zaman,kur,alis,satis
1740430857,USD,35.33,37.535
1740430857,EUR,36.648056,39.606707
1740430857,XAU,3307.315422,3574.363086
1740431625,USD,35.330000,37.535000
1740431625,EUR,36.658585,39.621833
1740431625,XAU,3306.206025,3573.515434
