zaman,kur,alis,satis
1738703692,USD,34.832500,37.050000
1738703692,EUR,35.855705,38.799723
1738703692,XAU,3140.704722,3398.284131
1738704381,USD,34.832500,37.050000
1738704381,EUR,35.841911,38.781050
1738704381,XAU,3139.279480,3396.730254
