zaman,kur,alis,satis
1737148122,USD,34.120000,36.889500
1737148122,EUR,34.753540,38.222428
1737148122,XAU,2873.580258,3214.883441
1737148947,USD,34.120000,36.889500
1737148947,EUR,34.743372,38.211251
1737148947,XAU,2873.729056,3214.172249
1737149291,USD,34.120000,36.889500
1737149291,EUR,34.743372,38.211251
1737149291,XAU,2874.908686,3215.457553
1737149705,USD,34.120000,36.920000
1737149705,EUR,34.746784,38.246573
1737149705,XAU,2875.547208,3218.818844
