zaman,kur,alis,satis
1750799693,USD,38.585000,40.700000
1750799693,EUR,44.449727,47.607116
1750799693,XAU,4070.930721,4359.945701
