zaman,kur,alis,satis
1743629534,USD,36.970000,39.000000
1743629534,EUR,39.654207,42.556683
1743629534,XAU,3674.479909,3944.185986
