zaman,kur,alis,satis
1751231500,USD,38.400000,41.180000
1751231500,EUR,44.664154,48.727182
1751231500,XAU,3986.427341,4351.647949
1751232467,USD,38.400000,41.180000
1751232467,EUR,44.641306,48.706427
1751232467,XAU,3986.427341,4351.647949
1751233015,USD,38.400000,41.180000
1751233015,EUR,44.633664,48.714746
1751233015,XAU,3986.427341,4351.647949
1751233443,USD,38.400000,41.180000
1751233443,EUR,44.652710,48.723023
1751233443,XAU,3986.427341,4351.647949
1751233773,USD,38.400000,41.180000
1751233773,EUR,44.664154,48.723023
1751233773,XAU,3986.427341,4351.647949
1751234110,USD,38.400000,41.180000
1751234110,EUR,44.660314,48.723023
1751234110,XAU,3986.427341,4351.647949
1751234868,USD,38.400000,41.180000
1751234868,EUR,44.637504,48.723023
1751234868,XAU,3986.709542,4350.627220
