zaman,kur,alis,satis
1744492504,USD,37.000000,39.062000
1744492504,EUR,41.695744,44.733373
1744492504,XAU,3799.833289,4079.166224
1744493231,USD,37.000000,39.062000
1744493231,EUR,41.695744,44.733373
1744493231,XAU,3799.833289,4079.166224
