zaman,kur,alis,satis
1739912566,USD,35.17,37.3745
1739912566,EUR,36.429789,39.380801
1739912566,XAU,3273.685921,3538.894456
1739913530,USD,35.170000,37.377500
1739913530,EUR,36.426308,39.380186
1739913530,XAU,3273.005452,3538.430893
1739914231,USD,35.170000,37.377500
1739914231,EUR,36.419344,39.380186
1739914231,XAU,3271.954502,3538.094196
1739914591,USD,35.170000,37.377500
1739914591,EUR,36.419344,39.376411
1739914591,XAU,3272.414209,3537.779702
