zaman,kur,alis,satis
1737062039,USD,34.270500,36.620000
1737062039,EUR,34.995184,38.039208
1737062039,XAU,2900.881202,3207.302863
1737062708,USD,34.270500,36.620000
1737062708,EUR,34.995184,38.039208
1737062708,XAU,2899.937907,3205.375992
1737063053,USD,34.270500,36.620000
1737063053,EUR,34.995184,38.050304
1737063053,XAU,2899.861792,3205.281439
1737063423,USD,34.270500,36.620000
1737063423,EUR,35.001970,38.053966
1737063423,XAU,2899.670734,3205.923571
1737063761,USD,34.270500,36.620000
1737063761,EUR,34.998577,38.050304
1737063761,XAU,2901.111843,3206.640114
1737064105,USD,34.270500,36.620000
1737064105,EUR,34.998577,38.050304
1737064105,XAU,2900.090068,3206.640114
1737064438,USD,34.270500,36.620000
1737064438,EUR,35.005362,38.050304
1737064438,XAU,2901.698828,3207.278071
