zaman,kur,alis,satis
1744318816,USD,36.93,39.0
1744318816,EUR,41.034363,44.037318
1744318816,XAU,3720.1533,3995.155827
1744319864,USD,37.000000,39.050000
1744319864,EUR,41.104817,44.085888
1744319864,XAU,3728.083370,3998.858159
1744320565,USD,37.000000,39.042000
1744320565,EUR,41.093791,44.072913
1744320565,XAU,3726.309812,3997.547119
1744321010,USD,37.000000,39.060500
1744321010,EUR,41.097454,44.089852
1744321010,XAU,3726.772793,3999.500137
1744321358,USD,37.000000,39.060500
1744321358,EUR,41.093791,44.093797
1744321358,XAU,3726.969929,3999.740828
1744321706,USD,37.000000,39.060500
1744321706,EUR,41.086465,44.089852
1744321706,XAU,3726.846164,3998.852748
