zaman,kur,alis,satis
1741640459,USD,35.45,37.615
1741640459,EUR,38.118463,41.065311
1741640459,XAU,3251.184834,3503.621716
1741641290,USD,35.450000,37.630000
1741641290,EUR,38.114954,41.077886
1741641290,XAU,3251.582158,3504.445060
1741642133,USD,35.450000,37.630000
1741642133,EUR,38.111444,41.074123
1741642133,XAU,3251.582158,3504.445060
