zaman,kur,alis,satis
1744147798,USD,37.000000,39.010500
1744147798,EUR,40.229508,43.060453
1744147798,XAU,3502.931229,3751.136784
1744148289,USD,37.000000,39.010500
1744148289,EUR,40.240497,43.076174
1744148289,XAU,3504.195704,3753.354531
1744148770,USD,37.000000,39.010500
1744148770,EUR,40.236834,43.080114
1744148770,XAU,3505.205878,3752.273159
1744149109,USD,37.000000,39.010500
1744149109,EUR,40.236834,43.076174
1744149109,XAU,3505.205878,3752.273159
1744149433,USD,37.000000,39.010500
1744149433,EUR,40.236834,43.076174
1744149433,XAU,3505.205878,3752.273159
1744149779,USD,37.000000,39.010500
1744149779,EUR,40.251523,43.095836
1744149779,XAU,3504.180904,3752.691313
1744150652,USD,36.990000,39.000000
1744150652,EUR,40.273676,43.119609
1744150652,XAU,3501.423316,3749.333835
1744151736,USD,36.990000,39.000000
1744151736,EUR,40.266352,43.111731
1744151736,XAU,3501.683577,3749.657535
1744152723,USD,37.000000,39.010500
1744152723,EUR,40.280901,43.123338
1744152723,XAU,3502.160334,3750.289866
1744153086,USD,37.000000,39.010500
1744153086,EUR,40.277238,43.115497
1744153086,XAU,3503.241104,3750.176735
1744154429,USD,37.000000,39.010500
1744154429,EUR,40.284564,43.131218
1744154429,XAU,3502.277809,3750.289866
