zaman,kur,alis,satis
1743973476,USD,36.75,39.2605
1743973476,EUR,39.731528,43.091186
1743973476,XAU,3544.032629,3845.036979
1743974431,USD,36.750000,39.260500
1743974431,EUR,39.698710,43.067434
1743974431,XAU,3544.032629,3845.036979
1743975161,USD,36.750000,39.260500
1743975161,EUR,39.724251,43.091186
1743975161,XAU,3544.032629,3845.036979
1743975640,USD,36.750000,39.260500
1743975640,EUR,39.735166,43.095112
1743975640,XAU,3544.032629,3845.036979
1743976235,USD,36.750000,39.260500
1743976235,EUR,39.782610,43.158400
1743976235,XAU,3544.032629,3845.036979
1743976599,USD,36.750000,39.260500
1743976599,EUR,39.822704,43.194009
1743976599,XAU,3543.640359,3845.462406
