zaman,kur,alis,satis
1750540308,USD,38.580500,40.800000
1750540308,EUR,44.119039,47.366434
1750540308,XAU,4125.551408,4429.499042
