zaman,kur,alis,satis
1750886234,USD,38.600000,40.880000
1750886234,EUR,44.658540,48.015359
1750886234,XAU,4083.599918,4391.150096
1750887096,USD,38.600000,40.880000
1750887096,EUR,44.650897,48.007101
1750887096,XAU,4083.619913,4391.082889
1750887727,USD,38.600000,40.880000
1750887727,EUR,44.647037,48.007101
1750887727,XAU,4083.791336,4391.313493
