zaman,kur,alis,satis
1739826232,USD,35.1,37.345
1739826232,EUR,36.497471,39.465711
1739826232,XAU,3227.599159,3490.087544
