zaman,kur,alis,satis
1740690794,USD,35.462500,37.390000
1740690794,EUR,36.589463,39.207977
1740690794,XAU,3235.624990,3467.755142
1740691753,USD,35.462500,37.390000
1740691753,EUR,36.578930,39.192908
1740691753,XAU,3236.099585,3468.475797
