zaman,kur,alis,satis
1750886234,USD,38.600000,40.880000
1750886234,EUR,44.658540,48.015359
1750886234,XAU,4083.599918,4391.150096
1750887096,USD,38.600000,40.880000
1750887096,EUR,44.650897,48.007101
1750887096,XAU,4083.619913,4391.082889
1750887727,USD,38.600000,40.880000
1750887727,EUR,44.647037,48.007101
1750887727,XAU,4083.791336,4391.313493
1750888113,USD,38.600000,40.880000
1750888113,EUR,44.650897,48.007101
1750888113,XAU,4083.791336,4391.313493
1750888455,USD,38.600000,40.880000
1750888455,EUR,44.647037,48.011230
1750888455,XAU,4083.689625,4391.271305
1750888800,USD,38.600000,40.880000
1750888800,EUR,44.654719,48.011230
1750888800,XAU,4083.758989,4391.328210
1750889899,USD,38.600000,40.880000
1750889899,EUR,44.654719,48.019447
1750889899,XAU,4083.712785,4391.476809
1750891018,USD,38.600000,40.880000
1750891018,EUR,44.662362,48.019447
1750891018,XAU,4084.325560,4392.135590
1750891674,USD,38.600000,40.880000
1750891674,EUR,44.658540,48.019447
1750891674,XAU,4084.043703,4391.832588
1750892020,USD,38.600000,40.880000
1750892020,EUR,44.658540,48.027704
1750892020,XAU,4085.293764,4393.176518
1750892347,USD,38.600000,40.880000
1750892347,EUR,44.666222,48.023576
1750892347,XAU,4084.631967,4392.478205
1750893408,USD,38.600000,40.880000
1750893408,EUR,44.708334,48.077128
1750893408,XAU,4089.166502,4397.484902
1750894285,USD,38.600000,40.880000
1750894285,EUR,44.719837,48.081257
1750894285,XAU,4089.191013,4397.366350
