zaman,kur,alis,satis
1751490621,USD,38.800000,40.851500
1751490621,EUR,45.425216,48.558095
1751490621,XAU,4135.810418,4421.292728
1751491737,USD,38.800000,40.851500
1751491737,EUR,45.425216,48.553969
1751491737,XAU,4135.473246,4420.923757
1751492342,USD,38.800000,40.851500
1751492342,EUR,45.413654,48.541631
1751492342,XAU,4135.617038,4420.768440
1751492743,USD,38.800000,40.851500
1751492743,EUR,45.409813,48.541631
1751492743,XAU,4135.554803,4420.840828
