zaman,kur,alis,satis
1739480523,USD,35.0,37.2
1739480523,EUR,36.335425,39.210548
1739480523,XAU,3253.51348,3511.733047
1739481481,USD,35.000000,37.200000
1739481481,EUR,36.335425,39.206791
1739481481,XAU,3254.546960,3511.769020
1739482200,USD,35.000000,37.209500
1739482200,EUR,36.331960,39.216804
1739482200,XAU,3253.180105,3512.629861
1739482562,USD,35.000000,37.209500
1739482562,EUR,36.342355,39.224283
1739482562,XAU,3254.469190,3512.557935
1739482921,USD,35.000000,37.209500
1739482921,EUR,36.338890,39.231799
1739482921,XAU,3255.080360,3513.217510
1739483646,USD,35.000000,37.209500
1739483646,EUR,36.349320,39.231799
1739483646,XAU,3254.069105,3512.677861
1739484249,USD,35.000000,37.295000
1739484249,EUR,36.345855,39.318179
1739484249,XAU,3253.827395,3520.860209
1739485209,USD,35.000000,37.281000
1739485209,EUR,36.349320,39.307185
1739485209,XAU,3251.768485,3517.289217
1739487611,USD,35.000000,37.292500
1739487611,EUR,36.356250,39.330572
1739487611,XAU,3251.201730,3517.989442
1739488428,USD,35.000000,37.292500
1739488428,EUR,36.352785,39.326806
1739488428,XAU,3253.013435,3519.551737
1739490719,USD,35.000000,37.296000
1739490719,EUR,36.328460,39.311737
1739490719,XAU,3257.447340,3523.956980
1739491084,USD,35.000000,37.296000
1739491084,EUR,36.335425,39.311737
1739491084,XAU,3256.847230,3524.281529
1739491461,USD,35.000000,37.296000
1739491461,EUR,36.331960,39.311737
1739491461,XAU,3256.725010,3523.175628
1739496016,USD,35.000000,37.296000
1739496016,EUR,36.338890,39.323000
1739496016,XAU,3258.180730,3525.483579
