zaman,kur,alis,satis
1746046820,USD,37.3995,39.6
1746046820,EUR,42.044705,45.203321
1746046820,XAU,3904.600364,4197.472646
