zaman,kur,alis,satis
1738444303,USD,34.750000,36.962000
1738444303,EUR,35.701872,38.636748
1738444303,XAU,3087.271072,3340.522658
1738445072,USD,34.750000,36.962000
1738445072,EUR,35.701872,38.636748
1738445072,XAU,3087.271072,3340.522658
1738445398,USD,34.750000,36.962000
1738445398,EUR,35.701872,38.636748
1738445398,XAU,3087.271072,3340.522658
1738445757,USD,34.750000,36.962000
1738445757,EUR,35.701872,38.636748
1738445757,XAU,3087.271072,3340.522658
1738446095,USD,34.750000,36.962000
1738446095,EUR,35.701872,38.636748
1738446095,XAU,3087.271072,3340.522658
1738446438,USD,34.750000,36.962000
1738446438,EUR,35.701872,38.636748
1738446438,XAU,3087.271072,3340.522658
1738446768,USD,34.750000,36.962000
1738446768,EUR,35.701872,38.636748
1738446768,XAU,3087.271072,3340.522658
1738447097,USD,34.750000,36.962000
1738447097,EUR,35.701872,38.636748
1738447097,XAU,3087.271072,3340.522658
1738447952,USD,34.750000,36.962000
1738447952,EUR,35.701872,38.636748
1738447952,XAU,3087.271072,3340.522658
1738448941,USD,34.750000,36.962000
1738448941,EUR,35.701872,38.636748
1738448941,XAU,3087.271072,3340.522658
1738449404,USD,34.750000,36.962000
1738449404,EUR,35.701872,38.636748
1738449404,XAU,3087.271072,3340.522658
1738449742,USD,34.750000,36.962000
1738449742,EUR,35.701872,38.636748
1738449742,XAU,3087.271072,3340.522658
1738450070,USD,34.750000,36.962000
1738450070,EUR,35.701872,38.636748
1738450070,XAU,3087.271072,3340.522658
1738450409,USD,34.750000,36.962000
1738450409,EUR,35.701872,38.636748
1738450409,XAU,3087.271072,3340.522658
1738450745,USD,34.750000,36.962000
1738450745,EUR,35.701872,38.636748
1738450745,XAU,3087.271072,3340.522658
1738451572,USD,34.750000,36.962000
1738451572,EUR,35.701872,38.636748
1738451572,XAU,3087.271072,3340.522658
1738452246,USD,34.750000,36.962000
1738452246,EUR,35.701872,38.636748
1738452246,XAU,3087.271072,3340.522658
1738452577,USD,34.750000,36.962000
1738452577,EUR,35.701872,38.636748
1738452577,XAU,3087.271072,3340.522658
1738452984,USD,34.750000,36.962000
1738452984,EUR,35.701872,38.636748
1738452984,XAU,3087.271072,3340.522658
