zaman,kur,alis,satis
1745528424,USD,37.28,39.3
1745528424,EUR,42.139746,45.10237
1745528424,XAU,3962.867169,4242.650836
1745529509,USD,37.300000,39.420500
1745529509,EUR,42.158661,45.240661
1745529509,XAU,3965.235098,4256.206314
1745530303,USD,37.300000,39.420500
1745530303,EUR,42.173469,45.256547
1745530303,XAU,3965.235098,4256.206314
1745530882,USD,37.300000,39.420500
1745530882,EUR,42.158661,45.244642
1745530882,XAU,3965.235098,4256.206314
1745531212,USD,37.300000,39.420500
1745531212,EUR,42.162353,45.244642
1745531212,XAU,3965.235098,4256.206314
1745531549,USD,37.300000,39.420500
1745531549,EUR,42.151238,45.236719
1745531549,XAU,3965.235098,4256.206314
1745531887,USD,37.300000,39.420500
1745531887,EUR,42.154968,45.240661
1745531887,XAU,3965.235098,4256.206314
1745532803,USD,37.300000,39.420500
1745532803,EUR,42.154968,45.236719
1745532803,XAU,3980.755405,4273.371064
1745534010,USD,37.300000,39.420500
1745534010,EUR,42.154968,45.236719
1745534010,XAU,3987.568921,4279.744728
1745534694,USD,37.300000,39.420500
1745534694,EUR,42.162353,45.236719
1745534694,XAU,3984.783469,4278.078699
1745535027,USD,37.300000,39.420500
1745535027,EUR,42.147545,45.232737
1745535027,XAU,3983.187103,4275.806107
1745535375,USD,37.300000,39.420500
1745535375,EUR,42.154968,45.228756
1745535375,XAU,3982.062024,4275.856920
1745536213,USD,37.300000,39.420500
1745536213,EUR,42.147545,45.220832
1745536213,XAU,3980.107988,4272.807666
1745537169,USD,37.300000,39.420500
1745537169,EUR,42.106814,45.185078
1745537169,XAU,3970.669298,4260.966457
1745537648,USD,37.300000,39.420500
1745537648,EUR,42.106814,45.185078
1745537648,XAU,3969.307363,4259.505336
1745538210,USD,37.300000,39.420500
1745538210,EUR,42.099428,45.177115
1745538210,XAU,3969.887639,4260.127904
1745538555,USD,37.300000,39.420500
1745538555,EUR,42.095736,45.173173
1745538555,XAU,3970.160041,4260.813979
1745538890,USD,37.300000,39.420500
1745538890,EUR,42.103121,45.173173
1745538890,XAU,3970.598204,4260.890218
1745539231,USD,37.300000,39.420500
1745539231,EUR,42.088313,45.169192
1745539231,XAU,3965.493960,4255.414277
1745545136,USD,37.300000,39.420500
1745545136,EUR,42.021695,45.093741
1745545136,XAU,3967.507228,4257.701178
