zaman,kur,alis,satis
1744837227,USD,37.1,39.132
1744837227,EUR,41.954683,44.929288
1744837227,XAU,3935.897448,4217.365718
