zaman,kur,alis,satis
1739739793,USD,35.0,37.325
1739739793,EUR,36.41183,39.425016
1739739793,XAU,3204.02943,3469.41108
1739741360,USD,35.000000,37.325000
1739741360,EUR,36.425725,39.440058
1739741360,XAU,3204.029430,3469.411080
1739741716,USD,35.000000,37.325000
1739741716,EUR,36.425725,39.440058
1739741716,XAU,3204.029430,3469.411080
1739742076,USD,35.000000,37.325000
1739742076,EUR,36.425725,39.440058
1739742076,XAU,3204.029430,3469.411080
1739742352,USD,35.000000,37.325000
1739742352,EUR,36.418795,39.440058
1739742352,XAU,3204.029430,3469.411080
1739742710,USD,35.000000,37.325000
1739742710,EUR,36.422260,39.440058
1739742710,XAU,3204.029430,3469.411080
1739743073,USD,35.000000,37.325000
1739743073,EUR,36.422260,39.443828
1739743073,XAU,3204.029430,3469.411080
1739743373,USD,35.000000,37.325000
1739743373,EUR,36.425725,39.443828
1739743373,XAU,3204.029430,3469.411080
1739744220,USD,35.000000,37.325000
1739744220,EUR,36.425725,39.440058
1739744220,XAU,3204.029430,3469.411080
1739745176,USD,35.000000,37.325000
1739745176,EUR,36.422260,39.440058
1739745176,XAU,3204.029430,3469.411080
1739745590,USD,35.000000,37.325000
1739745590,EUR,36.432690,39.455100
1739745590,XAU,3204.029430,3469.411080
1739745966,USD,35.000000,37.325000
1739745966,EUR,36.432690,39.451331
1739745966,XAU,3204.029430,3469.411080
1739746248,USD,35.000000,37.325000
1739746248,EUR,36.425725,39.447598
1739746248,XAU,3204.029430,3469.411080
1739746607,USD,35.000000,37.325000
1739746607,EUR,36.432690,39.447598
1739746607,XAU,3204.029430,3469.411080
1739746971,USD,35.000000,37.325000
1739746971,EUR,36.425725,39.447598
1739746971,XAU,3207.151815,3474.804318
1739747883,USD,35.000000,37.325000
1739747883,EUR,36.439620,39.462640
1739747883,XAU,3213.648970,3481.136057
1739748509,USD,35.000000,37.325000
1739748509,EUR,36.418795,39.436289
1739748509,XAU,3202.262525,3470.205057
