zaman,kur,alis,satis
1743629534,USD,36.970000,39.000000
1743629534,EUR,39.654207,42.556683
1743629534,XAU,3674.479909,3944.185986
1743630018,USD,36.970000,39.000000
1743630018,EUR,39.650547,42.552744
1743630018,XAU,3674.479909,3944.185986
1743630374,USD,36.970000,39.000000
1743630374,EUR,39.705521,42.615690
1743630374,XAU,3674.479909,3944.185986
1743630736,USD,36.955000,39.000000
1743630736,EUR,39.685753,42.603873
1743630736,XAU,3672.989047,3944.185986
1743631097,USD,36.955000,39.000000
1743631097,EUR,39.682057,42.603873
1743631097,XAU,3672.989047,3944.185986
1743631333,USD,36.955000,39.000000
1743631333,EUR,39.689411,42.607812
1743631333,XAU,3672.378033,3943.935840
1743633375,USD,36.955000,39.000000
1743633375,EUR,39.645435,42.564561
1743633375,XAU,3682.692875,3954.253212
1743633978,USD,36.955000,39.000000
1743633978,EUR,39.678399,42.599934
1743633978,XAU,3684.474550,3956.165694
1743634335,USD,36.955000,39.000000
1743634335,EUR,39.704045,42.627468
1743634335,XAU,3682.388144,3955.825965
1743634696,USD,36.955000,39.000000
1743634696,EUR,39.696728,42.627468
1743634696,XAU,3686.361694,3958.191432
1743635076,USD,36.955000,39.000000
1743635076,EUR,39.718717,42.643224
1743635076,XAU,3690.323528,3962.444187
1743636015,USD,36.955000,39.000000
1743636015,EUR,39.791998,42.729726
1743636015,XAU,3702.009771,3974.988576
1743636748,USD,36.955000,39.000000
1743636748,EUR,39.901903,42.839862
1743636748,XAU,3700.274993,3973.126404
