zaman,kur,alis,satis
1744924572,USD,37.000000,39.100000
1744924572,EUR,41.724086,44.766489
1744924572,XAU,3909.035866,4193.974463
1744925332,USD,37.000000,39.100000
1744925332,EUR,41.742475,44.790145
1744925332,XAU,3909.035866,4193.974463
1744925804,USD,37.000000,39.100000
1744925804,EUR,41.742475,44.786196
1744925804,XAU,3909.035866,4193.974463
1744926202,USD,37.000000,39.100000
1744926202,EUR,41.738775,44.786196
1744926202,XAU,3909.035866,4193.974463
1744926531,USD,37.000000,39.100000
1744926531,EUR,41.742475,44.786196
1744926531,XAU,3909.035866,4193.974463
1744926885,USD,37.000000,39.100000
1744926885,EUR,41.742475,44.794055
1744926885,XAU,3909.035866,4193.974463
1744927246,USD,37.000000,39.100000
1744927246,EUR,41.742475,44.794055
1744927246,XAU,3909.035866,4193.974463
1744928265,USD,37.000000,39.100000
1744928265,EUR,41.749801,44.801953
1744928265,XAU,3909.035866,4193.974463
1744929215,USD,37.000000,39.100000
1744929215,EUR,41.749801,44.794055
1744929215,XAU,3909.035866,4193.974463
1744929786,USD,37.000000,39.100000
1744929786,EUR,41.749801,44.801953
1744929786,XAU,3909.035866,4193.974463
1744930125,USD,37.000000,39.100000
1744930125,EUR,41.746138,44.798004
1744930125,XAU,3909.035866,4193.974463
1744930472,USD,37.000000,39.100000
1744930472,EUR,41.746138,44.798004
1744930472,XAU,3909.035866,4193.974463
1744930823,USD,37.000000,39.100000
1744930823,EUR,41.753464,44.794055
1744930823,XAU,3909.035866,4193.974463
1744931873,USD,37.000000,39.100000
1744931873,EUR,41.746138,44.794055
1744931873,XAU,3909.035866,4193.974463
1744932599,USD,37.000000,39.100000
1744932599,EUR,41.757164,44.798004
1744932599,XAU,3909.035866,4193.974463
1744933105,USD,37.000000,39.100000
1744933105,EUR,41.757164,44.801953
1744933105,XAU,3909.035866,4193.974463
1744933444,USD,37.000000,39.100000
1744933444,EUR,41.760827,44.801953
1744933444,XAU,3909.035866,4193.974463
1744933801,USD,37.000000,39.100000
1744933801,EUR,41.757164,44.798004
1744933801,XAU,3909.035866,4193.974463
1744934134,USD,37.000000,39.100000
1744934134,EUR,41.760827,44.805902
1744934134,XAU,3909.035866,4193.974463
1744936959,USD,37.000000,39.100000
1744936959,EUR,41.790205,44.833468
1744936959,XAU,3909.035866,4193.974463
1744942495,USD,37.000000,39.100000
1744942495,EUR,41.760827,44.821659
1744942495,XAU,3909.035866,4193.974463
