zaman,kur,alis,satis
1743109226,USD,37.0,39.01
1743109226,EUR,39.636657,42.475726
1743109226,XAU,3584.735972,3841.565729
1743110064,USD,37.000000,39.010000
1743110064,EUR,39.632994,42.475726
1743110064,XAU,3588.537685,3845.656591
1743111025,USD,37.000000,39.010000
1743111025,EUR,39.625631,42.456065
1743111025,XAU,3588.271988,3845.060830
1743111504,USD,37.000000,39.010000
1743111504,EUR,39.629294,42.459966
1743111504,XAU,3588.410368,3845.025487
1743111867,USD,37.000000,39.010000
1743111867,EUR,39.629294,42.459966
1743111867,XAU,3588.338181,3844.964749
1743112229,USD,37.000000,39.010000
1743112229,EUR,39.629294,42.459966
1743112229,XAU,3588.349355,3844.952656
