zaman,kur,alis,satis
1747343535,USD,37.600000,39.830500
1747343535,EUR,41.743896,44.900604
1747343535,XAU,3867.683204,4161.792237
1747344521,USD,37.600000,39.830500
1747344521,EUR,41.732729,44.884552
1747344521,XAU,3867.683204,4161.792237
1747345056,USD,37.600000,39.830500
1747345056,EUR,41.747656,44.904627
1747345056,XAU,3867.683204,4161.792237
1747345419,USD,37.600000,39.830500
1747345419,EUR,41.751378,44.900604
1747345419,XAU,3867.683204,4161.792237
1747345751,USD,37.600000,39.830500
1747345751,EUR,41.755101,44.908610
1747345751,XAU,3867.683204,4161.792237
1747346100,USD,37.600000,39.830500
1747346100,EUR,41.751378,44.900604
1747346100,XAU,3867.683204,4161.792237
1747346444,USD,37.600000,39.830500
1747346444,EUR,41.743896,44.892558
1747346444,XAU,3865.149829,4158.755997
1747347550,USD,37.600000,39.830500
1747347550,EUR,41.743896,44.900604
1747347550,XAU,3872.873734,4166.711263
1747348595,USD,37.600000,39.830500
1747348595,EUR,41.758823,44.908610
1747348595,XAU,3874.049711,4167.734549
1747349156,USD,37.600000,39.830500
1747349156,EUR,41.758823,44.908610
1747349156,XAU,3876.680771,4170.718172
1747349498,USD,37.600000,39.830500
1747349498,EUR,41.751378,44.912633
1747349498,XAU,3879.383986,4173.475916
1747349842,USD,37.600000,39.830500
1747349842,EUR,41.758823,44.920679
1747349842,XAU,3880.523830,4174.649363
