zaman,kur,alis,satis
1738271665,USD,34.650000,36.860500
1738271665,EUR,35.705647,38.642189
1738271665,XAU,3073.100496,3325.629358
1738272270,USD,34.650000,36.860500
1738272270,EUR,35.702217,38.638466
1738272270,XAU,3069.858365,3322.109328
1738272605,USD,34.650000,36.860500
1738272605,EUR,35.702217,38.638466
1738272605,XAU,3070.957393,3323.286615
1738273016,USD,34.650000,36.860500
1738273016,EUR,35.698786,38.642189
1738273016,XAU,3070.550776,3322.846611
1738273357,USD,34.650000,36.880000
1738273357,EUR,35.702217,38.655182
1738273357,XAU,3069.880367,3323.866795
1738273711,USD,34.650000,36.880000
1738273711,EUR,35.702217,38.666357
1738273711,XAU,3069.400084,3324.053334
1738274041,USD,34.650000,36.880000
1738274041,EUR,35.702217,38.655182
1738274041,XAU,3071.814634,3325.960878
1738274381,USD,34.650000,36.880000
1738274381,EUR,35.695321,38.658907
1738274381,XAU,3069.983105,3325.737644
1738275264,USD,34.650000,36.952000
1738275264,EUR,35.691891,38.730648
1738275264,XAU,3071.609888,3333.123352
1738276172,USD,34.650000,36.956500
1738276172,EUR,35.691891,38.727899
1738276172,XAU,3071.609888,3333.529259
1738276649,USD,34.650000,36.960500
1738276649,EUR,35.688461,38.724662
1738276649,XAU,3071.609888,3333.890064
1738276998,USD,34.650000,36.960500
1738276998,EUR,35.685030,38.728395
1738276998,XAU,3071.609888,3333.890064
1738277334,USD,34.650000,36.960500
1738277334,EUR,35.685030,38.724662
1738277334,XAU,3071.609888,3333.890064
