zaman,kur,alis,satis
1743196635,USD,36.800000,39.210000
1743196635,EUR,39.544544,42.778973
1743196635,XAU,3603.386264,3900.553946
