zaman,kur,alis,satis
1736975362,USD,34.310000,36.620000
1736975362,EUR,35.015105,38.017053
1736975362,XAU,2884.931441,3186.194253
1736976174,USD,34.310000,36.620000
1736976174,EUR,35.008311,38.009656
1736976174,XAU,2884.309160,3185.649127
1736976530,USD,34.310000,36.620000
1736976530,EUR,35.004880,38.005957
1736976530,XAU,2883.466953,3184.840338
