zaman,kur,alis,satis
1751404078,USD,38.7,40.91
1751404078,EUR,45.28167,48.700614
1751404078,XAU,4097.586805,4406.849091
1751405268,USD,38.700000,40.910000
1751405268,EUR,45.285502,48.700614
1751405268,XAU,4098.483368,4407.488719
1751405913,USD,38.700000,40.910000
1751405913,EUR,45.281670,48.692391
1751405913,XAU,4097.099495,4406.007164
1751406395,USD,38.700000,40.910000
1751406395,EUR,45.289333,48.704746
1751406395,XAU,4098.387857,4407.686642
