zaman,kur,alis,satis
1747343535,USD,37.600000,39.830500
1747343535,EUR,41.743896,44.900604
1747343535,XAU,3867.683204,4161.792237
1747344521,USD,37.600000,39.830500
1747344521,EUR,41.732729,44.884552
1747344521,XAU,3867.683204,4161.792237
