zaman,kur,alis,satis
1738790128,USD,34.809500,36.950000
1738790128,EUR,35.904502,38.773261
1738790128,XAU,3160.204824,3412.452846
1738790887,USD,34.809500,36.950000
1738790887,EUR,35.907983,38.776993
1738790887,XAU,3159.928820,3412.142910
1738791377,USD,34.809500,36.950000
1738791377,EUR,35.904502,38.769529
1738791377,XAU,3160.673290,3413.691299
1738791716,USD,34.809500,36.950000
1738791716,EUR,35.894164,38.769529
1738791716,XAU,3162.372829,3415.583620
1738792055,USD,34.809500,36.950000
1738792055,EUR,35.883826,38.747174
1738792055,XAU,3163.196910,3415.659552
1738792402,USD,34.809500,36.950000
1738792402,EUR,35.887272,38.750906
1738792402,XAU,3164.367240,3416.923131
