zaman,kur,alis,satis
1742590826,USD,36.95,39.73
1742590826,EUR,39.678019,43.272764
1742590826,XAU,3549.003123,3870.6614
1742591667,USD,36.950000,39.730000
1742591667,EUR,39.678019,43.272764
1742591667,XAU,3549.003123,3870.661400
