zaman,kur,alis,satis
1746219627,USD,37.5,39.5705
1746219627,EUR,42.0174,45.060432
1746219627,XAU,3855.781275,4136.3325
