zaman,kur,alis,satis
1740603896,USD,35.49,37.406
1740603896,EUR,36.935685,39.52187
1740603896,XAU,3285.766305,3516.712634
1740604853,USD,35.487500,37.390000
1740604853,EUR,36.918995,39.489897
1740604853,XAU,3286.920741,3515.835056
1740605578,USD,35.487500,37.390000
1740605578,EUR,36.908455,39.482382
1740605578,XAU,3287.450285,3517.257035
1740605934,USD,35.487500,37.390000
1740605934,EUR,36.915482,39.486158
1740605934,XAU,3287.101017,3516.039915
1740606295,USD,35.487500,37.390000
1740606295,EUR,36.911968,39.486158
1740606295,XAU,3285.422175,3515.690431
1740606947,USD,35.487500,37.390000
1740606947,EUR,36.918995,39.489897
1740606947,XAU,3285.737694,3514.569741
1740607305,USD,35.490000,37.413500
1740607305,EUR,36.925145,39.522275
1740607305,XAU,3285.814429,3516.980268
1740608134,USD,35.490000,37.413500
1740608134,EUR,36.925145,39.526053
1740608134,XAU,3285.801475,3517.705678
1740609270,USD,35.490000,37.413500
1740609270,EUR,36.935685,39.533573
1740609270,XAU,3285.801475,3517.705678
1740609845,USD,35.490000,37.413500
1740609845,EUR,36.939234,39.537352
1740609845,XAU,3285.801475,3517.705678
1740610131,USD,35.490000,37.413500
1740610131,EUR,36.939234,39.533573
1740610131,XAU,3285.801475,3517.705678
1740610493,USD,35.490000,37.413500
1740610493,EUR,36.939234,39.541131
1740610493,XAU,3285.801475,3517.705678
1740610854,USD,35.490000,37.413500
1740610854,EUR,36.935685,39.533573
1740610854,XAU,3286.228314,3517.779495
