zaman,kur,alis,satis
1737148122,USD,34.120000,36.889500
1737148122,EUR,34.753540,38.222428
1737148122,XAU,2873.580258,3214.883441
1737148947,USD,34.120000,36.889500
1737148947,EUR,34.743372,38.211251
1737148947,XAU,2873.729056,3214.172249
1737149291,USD,34.120000,36.889500
1737149291,EUR,34.743372,38.211251
1737149291,XAU,2874.908686,3215.457553
1737149705,USD,34.120000,36.920000
1737149705,EUR,34.746784,38.246573
1737149705,XAU,2875.547208,3218.818844
1737150057,USD,34.120000,36.920500
1737150057,EUR,34.746784,38.247090
1737150057,XAU,2875.514726,3219.017281
1737150387,USD,34.120000,36.920500
1737150387,EUR,34.746784,38.247090
1737150387,XAU,2874.151120,3219.493740
1737150713,USD,34.120000,36.920500
1737150713,EUR,34.739995,38.239669
1737150713,XAU,2874.973617,3218.779070
1737151057,USD,34.120000,36.920500
1737151057,EUR,34.743372,38.243362
1737151057,XAU,2874.973617,3218.779070
1737151845,USD,34.120000,36.920500
1737151845,EUR,34.746784,38.247090
1737151845,XAU,2874.973617,3218.779070
1737152868,USD,34.120000,36.920500
1737152868,EUR,34.746784,38.247090
1737152868,XAU,2874.973617,3218.779070
