zaman,kur,alis,satis
1752181228,USD,38.98,41.2
1752181228,EUR,45.264551,48.569691
1752181228,XAU,4112.396042,4415.617828
1752182457,USD,38.980000,41.251000
1752182457,EUR,45.260691,48.629814
1752182457,XAU,4112.179079,4418.531481
1752183323,USD,38.980000,41.251000
1752183323,EUR,45.264551,48.629814
1752183323,XAU,4112.222620,4418.577599
1752183938,USD,38.980000,41.251000
1752183938,EUR,45.268410,48.633980
1752183938,XAU,4112.222620,4418.577599
1752184268,USD,38.980000,41.251000
1752184268,EUR,45.260691,48.629814
1752184268,XAU,4112.222620,4418.577599
1752184600,USD,38.980000,41.251000
1752184600,EUR,45.272269,48.642272
1752184600,XAU,4111.353327,4417.437546
1752185512,USD,38.980000,41.251000
1752185512,EUR,45.272269,48.650604
1752185512,XAU,4116.142877,4422.582783
1752186828,USD,38.980000,41.251000
1752186828,EUR,45.280026,48.654729
1752186828,XAU,4114.682492,4421.013966
1752187621,USD,38.980000,41.251000
1752187621,EUR,45.280026,48.658896
1752187621,XAU,4113.172601,4419.391935
1752188081,USD,38.980000,41.251000
1752188081,EUR,45.287744,48.654729
1752188081,XAU,4111.019190,4417.078579
1752188420,USD,38.980000,41.251000
1752188420,EUR,45.283885,48.654729
1752188420,XAU,4112.652842,4418.833562
1752189556,USD,38.980000,41.251000
1752189556,EUR,45.276167,48.650604
1752189556,XAU,4112.912683,4419.112749
1752190397,USD,38.980000,41.251000
1752190397,EUR,45.280026,48.646438
1752190397,XAU,4114.571126,4421.439388
1752191031,USD,38.980000,41.251000
1752191031,EUR,45.268410,48.633980
1752191031,XAU,4116.365687,4422.822121
1752191426,USD,38.980000,41.251000
1752191426,EUR,45.280026,48.646438
1752191426,XAU,4115.932502,4422.768907
1752191771,USD,38.980000,41.251000
1752191771,EUR,45.260691,48.629814
1752191771,XAU,4114.397860,4420.708131
1752195272,USD,38.980000,41.251000
1752195272,EUR,45.144609,48.500987
1752195272,XAU,4124.509194,4431.570344
1752202012,USD,38.980000,41.251000
1752202012,EUR,45.160084,48.525903
1752202012,XAU,4126.291359,4433.365175
