zaman,kur,alis,satis
1741036850,USD,35.495000,37.450000
1741036850,EUR,36.925803,39.591766
1741036850,XAU,3258.215962,3493.613954
