zaman,kur,alis,satis
1741554152,USD,35.35,37.67
1741554152,EUR,37.962153,41.154776
1741554152,XAU,3264.450436,3538.886075
1741554861,USD,35.350000,37.670000
1741554861,EUR,37.976152,41.169957
1741554861,XAU,3264.450436,3538.886075
1741555586,USD,35.350000,37.670000
1741555586,EUR,37.965653,41.166190
1741555586,XAU,3264.450436,3538.886075
1741555891,USD,35.350000,37.670000
1741555891,EUR,37.962153,41.162386
1741555891,XAU,3264.450436,3538.886075
1741556247,USD,35.350000,37.670000
1741556247,EUR,37.965653,41.162386
1741556247,XAU,3264.450436,3538.886075
1741556607,USD,35.350000,37.670000
1741556607,EUR,37.976152,41.173762
1741556607,XAU,3264.450436,3538.886075
1741556975,USD,35.350000,37.670000
1741556975,EUR,37.990185,41.185176
1741556975,XAU,3264.450436,3538.886075
1741557334,USD,35.350000,37.670000
1741557334,EUR,37.990185,41.181371
1741557334,XAU,3264.450436,3538.886075
1741558289,USD,35.350000,37.670000
1741558289,EUR,38.056785,41.253547
1741558289,XAU,3266.659246,3542.191731
1741559255,USD,35.350000,37.670000
1741559255,EUR,38.021718,41.219380
1741559255,XAU,3264.114081,3539.432968
1741559611,USD,35.350000,37.670000
1741559611,EUR,38.032252,41.226952
1741559611,XAU,3265.694969,3541.146539
1741559972,USD,35.350000,37.670000
1741559972,EUR,38.035752,41.242171
1741559972,XAU,3266.317836,3541.886566
1741560571,USD,35.350000,37.670000
1741560571,EUR,38.021718,41.219380
1741560571,XAU,3264.214970,3539.542362
1741560929,USD,35.350000,37.655000
1741560929,EUR,38.021718,41.202967
1741560929,XAU,3264.275701,3538.193446
1741561293,USD,35.350000,37.655000
1741561293,EUR,38.032252,41.221945
1741561293,XAU,3264.315435,3538.226583
1741562019,USD,35.350000,37.655000
1741562019,EUR,38.053285,41.233317
1741562019,XAU,3266.591975,3540.356048
1741562610,USD,35.350000,37.650000
1741562610,EUR,38.070783,41.246855
1741562610,XAU,3269.821162,3542.825430
1741562973,USD,35.350000,37.650000
1741562973,EUR,38.067284,41.250620
1741562973,XAU,3268.722307,3542.436731
1741563333,USD,35.350000,37.650000
1741563333,EUR,38.063784,41.243052
1741563333,XAU,3268.273822,3541.586444
1741563693,USD,35.350000,37.650000
1741563693,EUR,38.056785,41.239250
1741563693,XAU,3267.695036,3541.505459
1741564649,USD,35.350000,37.650000
1741564649,EUR,38.049750,41.231645
1741564649,XAU,3269.843539,3543.529899
1741565064,USD,35.350000,37.650000
1741565064,EUR,38.049750,41.231645
1741565064,XAU,3269.439912,3542.412409
