zaman,kur,alis,satis
1744750828,USD,37.0,39.08
1744750828,EUR,41.434006,44.432553
1744750828,XAU,3792.929311,4069.848726
1744751881,USD,37.000000,39.120000
1744751881,EUR,41.430306,44.481983
1744751881,XAU,3793.635678,4072.322836
1744752604,USD,37.000000,39.120000
1744752604,EUR,41.430306,44.481983
1744752604,XAU,3793.653771,4072.303784
1744753094,USD,37.000000,39.120000
1744753094,EUR,41.422980,44.474081
1744753094,XAU,3792.905816,4073.106566
1744753428,USD,37.000000,39.120000
1744753428,EUR,41.426643,44.478032
1744753428,XAU,3792.001499,4071.038917
1744753760,USD,37.000000,39.120000
1744753760,EUR,41.434006,44.478032
1744753760,XAU,3791.636975,4071.429531
1744754091,USD,37.000000,39.120000
1744754091,EUR,41.430306,44.478032
1744754091,XAU,3792.137178,4072.709146
1744754432,USD,37.000000,39.120000
1744754432,EUR,41.434006,44.478032
1744754432,XAU,3794.439355,4074.764159
1744755515,USD,37.000000,39.110000
1744755515,EUR,41.489062,44.529707
1744755515,XAU,3796.588537,4074.693419
1744756508,USD,37.000000,39.110000
1744756508,EUR,41.467047,44.502135
1744756508,XAU,3801.099577,4079.344693
1744757039,USD,37.000000,39.110000
1744757039,EUR,41.478073,44.509996
1744757039,XAU,3803.484338,4082.924588
1744757392,USD,37.000000,39.110000
1744757392,EUR,41.474373,44.513946
1744757392,XAU,3804.189188,4082.659852
1744757720,USD,37.000000,39.110000
1744757720,EUR,41.474373,44.506046
1744757720,XAU,3806.056356,4085.680787
1744758480,USD,37.000000,39.120000
1744758480,EUR,41.437669,44.485895
1744758480,XAU,3804.529403,4085.346510
1744759545,USD,37.000000,39.120000
1744759545,EUR,41.448695,44.497748
1744759545,XAU,3808.602622,4089.730414
1744760023,USD,37.000000,39.120000
1744760023,EUR,41.474373,44.517426
1744760023,XAU,3808.797279,4089.901877
1744760480,USD,37.000000,39.120000
1744760480,EUR,41.474373,44.525328
1744760480,XAU,3810.067082,4091.065110
1744760832,USD,37.000000,39.120000
1744760832,EUR,41.481736,44.525328
1744760832,XAU,3808.881972,4089.805564
1744761161,USD,37.000000,39.120000
1744761161,EUR,41.481736,44.525328
1744761161,XAU,3806.914645,4086.628902
1744761491,USD,37.000000,39.120000
1744761491,EUR,41.463384,44.505611
1744761491,XAU,3814.879450,4095.442130
1744765778,USD,37.000000,39.120000
1744765778,EUR,41.569870,44.627783
1744765778,XAU,3840.373079,4123.475287
1744771412,USD,37.000000,39.110000
1744771412,EUR,41.602911,44.651848
1744771412,XAU,3842.674109,4123.840805
