zaman,kur,alis,satis
1738790128,USD,34.809500,36.950000
1738790128,EUR,35.904502,38.773261
1738790128,XAU,3160.204824,3412.452846
1738790887,USD,34.809500,36.950000
1738790887,EUR,35.907983,38.776993
1738790887,XAU,3159.928820,3412.142910
1738791377,USD,34.809500,36.950000
1738791377,EUR,35.904502,38.769529
1738791377,XAU,3160.673290,3413.691299
1738791716,USD,34.809500,36.950000
1738791716,EUR,35.894164,38.769529
1738791716,XAU,3162.372829,3415.583620
1738792055,USD,34.809500,36.950000
1738792055,EUR,35.883826,38.747174
1738792055,XAU,3163.196910,3415.659552
1738792402,USD,34.809500,36.950000
1738792402,EUR,35.887272,38.750906
1738792402,XAU,3164.367240,3416.923131
1738792731,USD,34.792500,36.950000
1738792731,EUR,35.883523,38.765834
1738792731,XAU,3163.870252,3418.639754
1738793645,USD,34.839000,36.950000
1738793645,EUR,35.938414,38.776993
1738793645,XAU,3167.931975,3418.694440
1738794691,USD,34.839000,36.950000
1738794691,EUR,35.938414,38.773261
1738794691,XAU,3168.544375,3419.018455
1738795338,USD,34.839000,36.950000
1738795338,EUR,35.931481,38.769529
1738795338,XAU,3168.638544,3418.904021
1738795699,USD,34.839000,36.950000
1738795699,EUR,35.934930,38.769529
1738795699,XAU,3168.654779,3418.898182
1738796033,USD,34.839000,36.950000
1738796033,EUR,35.934930,38.769529
1738796033,XAU,3168.653908,3418.899143
1738796379,USD,34.839000,36.950000
1738796379,EUR,35.934930,38.769529
1738796379,XAU,3168.653908,3418.899143
1738797318,USD,34.839000,36.950000
1738797318,EUR,35.910752,38.754638
1738797318,XAU,3166.864403,3417.650898
