zaman,kur,alis,satis
1737753001,USD,34.240000,37.088000
1737753001,EUR,35.632815,39.262173
1737753001,XAU,3009.858537,3316.456989
