zaman,kur,alis,satis
1737493958,USD,34.450000,36.775000
1737493958,EUR,35.595187,38.652695
1737493958,XAU,2996.378182,3254.590773
