zaman,kur,alis,satis
1751750830,USD,38.600000,41.090000
1751750830,EUR,45.099391,48.791252
1751750830,XAU,4085.152796,4422.129345
1751751410,USD,38.600000,41.090000
1751751410,EUR,45.099391,48.791252
1751751410,XAU,4085.152796,4422.129345
1751751830,USD,38.600000,41.090000
1751751830,EUR,45.099391,48.791252
1751751830,XAU,4085.152796,4422.129345
1751752176,USD,38.600000,41.090000
1751752176,EUR,45.099391,48.791252
1751752176,XAU,4085.152796,4422.129345
1751752497,USD,38.600000,41.090000
1751752497,EUR,45.099391,48.791252
1751752497,XAU,4085.152796,4422.129345
1751752843,USD,38.600000,41.090000
1751752843,EUR,45.099391,48.791252
1751752843,XAU,4085.152796,4422.129345
1751753916,USD,38.600000,41.090000
1751753916,EUR,45.099391,48.791252
1751753916,XAU,4085.152796,4422.129345
1751754893,USD,38.600000,41.090000
1751754893,EUR,45.099391,48.791252
1751754893,XAU,4085.152796,4422.129345
1751755517,USD,38.600000,41.090000
1751755517,EUR,45.099391,48.791252
1751755517,XAU,4085.152796,4422.129345
1751755861,USD,38.600000,41.090000
1751755861,EUR,45.099391,48.791252
1751755861,XAU,4085.152796,4422.129345
1751756207,USD,38.600000,41.090000
1751756207,EUR,45.099391,48.791252
1751756207,XAU,4085.152796,4422.129345
1751757090,USD,38.600000,41.090000
1751757090,EUR,45.099391,48.791252
1751757090,XAU,4085.152796,4422.129345
1751758146,USD,38.600000,41.090000
1751758146,EUR,45.099391,48.791252
1751758146,XAU,4085.152796,4422.129345
1751758801,USD,38.600000,41.090000
1751758801,EUR,45.099391,48.791252
1751758801,XAU,4085.152796,4422.129345
1751759244,USD,38.600000,41.090000
1751759244,EUR,45.099391,48.791252
1751759244,XAU,4085.152796,4422.129345
1751759578,USD,38.600000,41.090000
1751759578,EUR,45.099391,48.791252
1751759578,XAU,4085.152796,4422.129345
