zaman,kur,alis,satis
1744406147,USD,37.000000,39.062000
1744406147,EUR,41.695744,44.733373
1744406147,XAU,3799.833289,4079.166224
1744406908,USD,37.000000,39.062000
1744406908,EUR,41.695744,44.733373
1744406908,XAU,3799.833289,4079.166224
1744407379,USD,37.000000,39.062000
1744407379,EUR,41.695744,44.733373
1744407379,XAU,3799.833289,4079.166224
1744407727,USD,37.000000,39.062000
1744407727,EUR,41.695744,44.733373
1744407727,XAU,3799.833289,4079.166224
1744408064,USD,37.000000,39.062000
1744408064,EUR,41.695744,44.733373
1744408064,XAU,3799.833289,4079.166224
1744408413,USD,37.000000,39.062000
1744408413,EUR,41.695744,44.733373
1744408413,XAU,3799.833289,4079.166224
1744408752,USD,37.000000,39.062000
1744408752,EUR,41.695744,44.733373
1744408752,XAU,3799.833289,4079.166224
1744409775,USD,37.000000,39.062000
1744409775,EUR,41.695744,44.733373
1744409775,XAU,3799.833289,4079.166224
1744410836,USD,37.000000,39.062000
1744410836,EUR,41.695744,44.733373
1744410836,XAU,3799.833289,4079.166224
1744411499,USD,37.000000,39.062000
1744411499,EUR,41.695744,44.733373
1744411499,XAU,3799.833289,4079.166224
1744412034,USD,37.000000,39.062000
1744412034,EUR,41.695744,44.733373
1744412034,XAU,3799.833289,4079.166224
1744412188,USD,37.000000,39.062000
1744412188,EUR,41.695744,44.733373
1744412188,XAU,3799.833289,4079.166224
1744413023,USD,37.000000,39.062000
1744413023,EUR,41.695744,44.733373
1744413023,XAU,3799.833289,4079.166224
1744413968,USD,37.000000,39.062000
1744413968,EUR,41.695744,44.733373
1744413968,XAU,3799.833289,4079.166224
1744414419,USD,37.000000,39.062000
1744414419,EUR,41.695744,44.733373
1744414419,XAU,3799.833289,4079.166224
