zaman,kur,alis,satis
1743714070,USD,37.0,39.0105
1743714070,EUR,40.568946,43.471117
1743714070,XAU,3655.357058,3917.649241
