zaman,kur,alis,satis
1738876405,USD,34.774500,37.050000
1738876405,EUR,35.813249,38.818434
1738876405,XAU,3149.218432,3414.046350
1738877144,USD,34.774500,37.050000
1738877144,EUR,35.802921,38.807207
1738877144,XAU,3149.063790,3412.998317
1738877484,USD,34.774500,37.050000
1738877484,EUR,35.809806,38.810949
1738877484,XAU,3149.509286,3414.349827
