zaman,kur,alis,satis
1738357843,USD,34.750000,36.960000
1738357843,EUR,35.688111,38.619763
1738357843,XAU,3086.100761,3340.439552
