zaman,kur,alis,satis
1745616378,USD,37.000000,39.422500
1745616378,EUR,41.731449,45.143690
1745616378,XAU,3898.063664,4219.227951
