zaman,kur,alis,satis
1752010129,USD,38.900000,41.150000
1752010129,EUR,45.256571,48.610248
1752010129,XAU,4076.299413,4377.934797
