zaman,kur,alis,satis
1741123709,USD,35.494500,37.450000
1741123709,EUR,37.397112,40.097640
1741123709,XAU,3283.029348,3520.193455
1741124067,USD,35.495000,37.450000
1741124067,EUR,37.390610,40.101385
1741124067,XAU,3283.244551,3520.362542
