zaman,kur,alis,satis
1741381377,USD,35.3195,37.65
1741381377,EUR,37.981919,41.186088
1741381377,XAU,3258.403227,3534.210319
1741382164,USD,35.319500,37.650000
1741382164,EUR,37.988912,41.197496
1741382164,XAU,3260.322666,3536.372521
1741382888,USD,35.350000,37.669500
1741382888,EUR,38.000684,41.196006
1741382888,XAU,3264.284256,3539.382373
