zaman,kur,alis,satis
1741899698,USD,35.55,37.73
1741899698,EUR,38.240353,41.288807
1741899698,XAU,3370.110458,3639.338834
1741900540,USD,35.550000,37.732500
1741900540,EUR,38.247427,41.299165
1741900540,XAU,3367.989794,3637.828020
1741901379,USD,35.550000,37.732500
1741901379,EUR,38.250947,41.299165
1741901379,XAU,3368.494213,3637.496615
1741901863,USD,35.550000,37.732500
1741901863,EUR,38.250947,41.302976
1741901863,XAU,3369.141081,3638.436645
1741902588,USD,35.550000,37.734500
1741902588,EUR,38.250947,41.301354
1741902588,XAU,3368.939903,3638.748099
