zaman,kur,alis,satis
1751922574,USD,38.892500,41.100000
1751922574,EUR,45.197674,48.489081
1751922574,XAU,4119.807424,4420.401873
