zaman,kur,alis,satis
1741814021,USD,35.546500,37.650000
1741814021,EUR,38.412756,41.304573
1741814021,XAU,3309.722067,3559.976172
1741815415,USD,35.546500,37.650000
1741815415,EUR,38.409237,41.300770
1741815415,XAU,3310.383516,3559.944734
1741815896,USD,35.546500,37.650000
1741815896,EUR,38.412756,41.304573
1741815896,XAU,3309.149377,3559.387138
1741816191,USD,35.546500,37.650000
1741816191,EUR,38.412756,41.304573
1741816191,XAU,3309.394399,3559.685175
1741816541,USD,35.546500,37.650000
1741816541,EUR,38.412756,41.304573
1741816541,XAU,3309.765469,3560.038671
1741816888,USD,35.546500,37.650000
1741816888,EUR,38.412756,41.312140
1741816888,XAU,3309.732091,3561.009062
