zaman,kur,alis,satis
1739912566,USD,35.17,37.3745
1739912566,EUR,36.429789,39.380801
1739912566,XAU,3273.685921,3538.894456
1739913530,USD,35.170000,37.377500
1739913530,EUR,36.426308,39.380186
1739913530,XAU,3273.005452,3538.430893
1739914231,USD,35.170000,37.377500
1739914231,EUR,36.419344,39.380186
1739914231,XAU,3271.954502,3538.094196
1739914591,USD,35.170000,37.377500
1739914591,EUR,36.419344,39.376411
1739914591,XAU,3272.414209,3537.779702
1739914949,USD,35.170000,37.377500
1739914949,EUR,36.415827,39.380186
1739914949,XAU,3274.109825,3539.612620
1739915304,USD,35.170000,37.377500
1739915304,EUR,36.422826,39.376411
1739915304,XAU,3273.607809,3540.553187
1739916048,USD,35.170000,37.400000
1739916048,EUR,36.415827,39.396337
1739916048,XAU,3273.580376,3542.527028
1739916832,USD,35.170000,37.400000
1739916832,EUR,36.429789,39.411447
1739916832,XAU,3273.760411,3542.374436
1739917965,USD,35.170000,37.400000
1739917965,EUR,36.440235,39.418964
1739917965,XAU,3273.760411,3542.374436
1739918513,USD,35.170000,37.400000
1739918513,EUR,36.433271,39.411447
1739918513,XAU,3273.760411,3542.374436
1739918817,USD,35.170000,37.400000
1739918817,EUR,36.436753,39.415224
1739918817,XAU,3273.760411,3542.374436
1739919175,USD,35.170000,37.400000
1739919175,EUR,36.436753,39.415224
1739919175,XAU,3273.760411,3542.374436
1739919544,USD,35.170000,37.400000
1739919544,EUR,36.440235,39.418964
1739919544,XAU,3273.760411,3542.374436
1739920796,USD,35.170000,37.415000
1739920796,EUR,36.422826,39.419696
1739920796,XAU,3272.327656,3542.212669
