zaman,kur,alis,satis
1743109226,USD,37.0,39.01
1743109226,EUR,39.636657,42.475726
1743109226,XAU,3584.735972,3841.565729
