zaman,kur,alis,satis
1742418086,USD,37.0,39.7
1742418086,EUR,40.055053,43.59191
1742418086,XAU,3581.094728,3897.70364
1742418930,USD,37.000000,39.700000
1742418930,EUR,40.055053,43.591910
1742418930,XAU,3580.846236,3897.316525
1742419886,USD,37.000000,39.700000
1742419886,EUR,40.058716,43.591910
1742419886,XAU,3580.950946,3897.201673
1742420372,USD,37.000000,39.700000
1742420372,EUR,40.062379,43.595920
1742420372,XAU,3581.509128,3897.809163
1742420726,USD,37.000000,39.700000
1742420726,EUR,40.058716,43.595920
1742420726,XAU,3581.485485,3897.809163
1742421086,USD,37.000000,39.700000
1742421086,EUR,40.062379,43.595920
1742421086,XAU,3581.485485,3897.809163
1742421446,USD,37.000000,39.700000
1742421446,EUR,40.066042,43.599890
1742421446,XAU,3579.623534,3896.036994
1742421808,USD,37.000000,39.700000
1742421808,EUR,40.062379,43.599890
1742421808,XAU,3582.132060,3898.678791
1742422669,USD,37.000000,39.700000
1742422669,EUR,40.088094,43.631888
1742422669,XAU,3583.354392,3900.008860
1742423750,USD,37.000000,39.700000
1742423750,EUR,40.077068,43.619899
1742423750,XAU,3584.003779,3900.713496
