zaman,kur,alis,satis
1737666042,USD,34.4795,36.79
1737666042,EUR,35.62653,38.63443
1737666042,XAU,3012.963869,3267.073628
