zaman,kur,alis,satis
1744059920,USD,37.0,39.0105
1744059920,EUR,40.04954,42.871798
1744059920,XAU,3503.148271,3751.357583
1744061001,USD,37.000000,39.010500
1744061001,EUR,40.053240,42.883579
1744061001,XAU,3504.152932,3751.086499
1744061717,USD,37.000000,39.010500
1744061717,EUR,40.060566,42.883579
1744061717,XAU,3503.514016,3751.817361
