zaman,kur,alis,satis
1741381377,USD,35.3195,37.65
1741381377,EUR,37.981919,41.186088
1741381377,XAU,3258.403227,3534.210319
1741382164,USD,35.319500,37.650000
1741382164,EUR,37.988912,41.197496
1741382164,XAU,3260.322666,3536.372521
