zaman,kur,alis,satis
1744924572,USD,37.000000,39.100000
1744924572,EUR,41.724086,44.766489
1744924572,XAU,3909.035866,4193.974463
1744925332,USD,37.000000,39.100000
1744925332,EUR,41.742475,44.790145
1744925332,XAU,3909.035866,4193.974463
1744925804,USD,37.000000,39.100000
1744925804,EUR,41.742475,44.786196
1744925804,XAU,3909.035866,4193.974463
