zaman,kur,alis,satis
1739049124,USD,34.750000,36.979000
1739049124,EUR,35.599221,38.497432
1739049124,XAU,3155.048619,3412.114344
1739049830,USD,34.750000,36.979000
1739049830,EUR,35.599221,38.497432
1739049830,XAU,3155.048619,3412.114344
1739050168,USD,34.750000,36.979000
1739050168,EUR,35.599221,38.497432
1739050168,XAU,3155.048619,3412.114344
1739050617,USD,34.750000,36.979000
1739050617,EUR,35.599221,38.497432
1739050617,XAU,3155.048619,3412.114344
1739050954,USD,34.750000,36.979000
1739050954,EUR,35.599221,38.497432
1739050954,XAU,3155.048619,3412.114344
1739051297,USD,34.750000,36.979000
1739051297,EUR,35.599221,38.497432
1739051297,XAU,3155.048619,3412.114344
1739051636,USD,34.750000,36.979000
1739051636,EUR,35.599221,38.497432
1739051636,XAU,3155.048619,3412.114344
1739051978,USD,34.750000,36.979000
1739051978,EUR,35.599221,38.497432
1739051978,XAU,3155.048619,3412.114344
1739052799,USD,34.750000,36.979000
1739052799,EUR,35.599221,38.497432
1739052799,XAU,3155.048619,3412.114344
1739053654,USD,34.750000,36.979000
1739053654,EUR,35.599221,38.497432
1739053654,XAU,3155.048619,3412.114344
1739054076,USD,34.750000,36.979000
1739054076,EUR,35.599221,38.497432
1739054076,XAU,3155.048619,3412.114344
1739054411,USD,34.750000,36.979000
1739054411,EUR,35.599221,38.497432
1739054411,XAU,3155.048619,3412.114344
1739054748,USD,34.750000,36.979000
1739054748,EUR,35.599221,38.497432
1739054748,XAU,3155.048619,3412.114344
1739055098,USD,34.750000,36.979000
1739055098,EUR,35.599221,38.497432
1739055098,XAU,3155.048619,3412.114344
1739055430,USD,34.750000,36.979000
1739055430,EUR,35.599221,38.497432
1739055430,XAU,3155.048619,3412.114344
1739056295,USD,34.750000,36.979000
1739056295,EUR,35.599221,38.497432
1739056295,XAU,3155.048619,3412.114344
1739057111,USD,34.750000,36.979000
1739057111,EUR,35.599221,38.497432
1739057111,XAU,3155.048619,3412.114344
1739057460,USD,34.750000,36.979000
1739057460,EUR,35.599221,38.497432
1739057460,XAU,3155.048619,3412.114344
1739057839,USD,34.750000,36.979000
1739057839,EUR,35.599221,38.497432
1739057839,XAU,3155.048619,3412.114344
1739058173,USD,34.750000,36.979000
1739058173,EUR,35.599221,38.497432
1739058173,XAU,3155.048619,3412.114344
