zaman,kur,alis,satis
1751922574,USD,38.892500,41.100000
1751922574,EUR,45.197674,48.489081
1751922574,XAU,4119.807424,4420.401873
1751923646,USD,38.892500,41.100000
1751923646,EUR,45.193824,48.484930
1751923646,XAU,4118.487257,4419.003199
1751924230,USD,38.892500,41.100000
1751924230,EUR,45.197674,48.489081
1751924230,XAU,4118.487257,4419.003199
1751924717,USD,38.892500,41.100000
1751924717,EUR,45.193824,48.493191
1751924717,XAU,4118.487257,4419.003199
1751925090,USD,38.892500,41.100000
1751925090,EUR,45.197674,48.493191
1751925090,XAU,4118.487257,4419.003199
1751925421,USD,38.892500,41.100000
1751925421,EUR,45.197674,48.489081
1751925421,XAU,4118.487257,4419.003199
1751926351,USD,38.892500,41.100000
1751926351,EUR,45.228555,48.530469
1751926351,XAU,4128.265959,4429.707653
1751927637,USD,38.892500,41.100000
1751927637,EUR,45.236295,48.534620
1751927637,XAU,4125.833311,4426.978900
1751928292,USD,38.892500,41.100000
1751928292,EUR,45.290316,48.596722
1751928292,XAU,4123.511818,4424.607800
1751928735,USD,38.892500,41.100000
1751928735,EUR,45.282616,48.584310
1751928735,XAU,4123.919294,4425.044899
1751929071,USD,38.892500,41.100000
1751929071,EUR,45.301906,48.609134
1751929071,XAU,4123.882269,4425.005196
1751930046,USD,38.892500,41.100000
1751930046,EUR,45.294167,48.605024
1751930046,XAU,4120.400029,4421.415358
1751931016,USD,38.892500,41.100000
1751931016,EUR,45.298056,48.596722
1751931016,XAU,4119.375095,4419.574119
1751931628,USD,38.892500,41.100000
1751931628,EUR,45.301906,48.600873
1751931628,XAU,4120.807544,4421.110683
1751932064,USD,38.892500,41.100000
1751932064,EUR,45.301906,48.605024
1751932064,XAU,4117.584601,4417.653351
1751932418,USD,38.892500,41.100000
1751932418,EUR,45.301906,48.600873
1751932418,XAU,4117.152388,4417.189743
