zaman,kur,alis,satis
1741554152,USD,35.35,37.67
1741554152,EUR,37.962153,41.154776
1741554152,XAU,3264.450436,3538.886075
1741554861,USD,35.350000,37.670000
1741554861,EUR,37.976152,41.169957
1741554861,XAU,3264.450436,3538.886075
1741555586,USD,35.350000,37.670000
1741555586,EUR,37.965653,41.166190
1741555586,XAU,3264.450436,3538.886075
1741555891,USD,35.350000,37.670000
1741555891,EUR,37.962153,41.162386
1741555891,XAU,3264.450436,3538.886075
1741556247,USD,35.350000,37.670000
1741556247,EUR,37.965653,41.162386
1741556247,XAU,3264.450436,3538.886075
1741556607,USD,35.350000,37.670000
1741556607,EUR,37.976152,41.173762
1741556607,XAU,3264.450436,3538.886075
1741556975,USD,35.350000,37.670000
1741556975,EUR,37.990185,41.185176
1741556975,XAU,3264.450436,3538.886075
1741557334,USD,35.350000,37.670000
1741557334,EUR,37.990185,41.181371
1741557334,XAU,3264.450436,3538.886075
1741558289,USD,35.350000,37.670000
1741558289,EUR,38.056785,41.253547
1741558289,XAU,3266.659246,3542.191731
