zaman,kur,alis,satis
1746565788,USD,37.950000,39.160000
1746565788,EUR,43.026116,44.640168
1746565788,XAU,4154.687785,4310.823377
