zaman,kur,alis,satis
1740171888,USD,35.2,37.5595
1740171888,EUR,36.528131,39.609122
1740171888,XAU,3278.320531,3554.9512
