zaman,kur,alis,satis
1737321112,USD,34.120000,36.920500
1737321112,EUR,34.746784,38.247090
1737321112,XAU,2874.973617,3218.779070
1737321789,USD,34.120000,36.920500
1737321789,EUR,34.746784,38.247090
1737321789,XAU,2874.973617,3218.779070
1737322124,USD,34.120000,36.920500
1737322124,EUR,34.746784,38.247090
1737322124,XAU,2874.973617,3218.779070
