zaman,kur,alis,satis
1742072449,USD,35.45,37.827
1742072449,EUR,38.257534,41.492663
1742072449,XAU,3357.386972,3641.0512
