zaman,kur,alis,satis
1741899698,USD,35.55,37.73
1741899698,EUR,38.240353,41.288807
1741899698,XAU,3370.110458,3639.338834
