zaman,kur,alis,satis
1743282238,USD,36.8,39.21
1743282238,EUR,39.544544,42.778973
1743282238,XAU,3603.386264,3900.553946
