zaman,kur,alis,satis
1740085489,USD,35.3,37.3195
1740085489,EUR,36.816064,39.474813
1740085489,XAU,3316.391369,3544.251836
