zaman,kur,alis,satis
1740778042,USD,35.350000,37.681000
1740778042,EUR,36.360374,39.430152
1740778042,XAU,3203.242265,3473.447128
1740778876,USD,35.350000,37.681000
1740778876,EUR,36.353374,39.422540
1740778876,XAU,3203.903805,3474.140081
