zaman,kur,alis,satis
1742763618,USD,37.002,39.53
1742763618,EUR,39.730194,43.058922
1742763618,XAU,3553.997661,3851.17657
1742765216,USD,37.004000,39.530000
1742765216,EUR,39.732342,43.058922
1742765216,XAU,3554.189758,3851.176570
1742765616,USD,37.005000,39.530000
1742765616,EUR,39.733416,43.058922
1742765616,XAU,3554.285807,3851.176570
