zaman,kur,alis,satis
1740603896,USD,35.49,37.406
1740603896,EUR,36.935685,39.52187
1740603896,XAU,3285.766305,3516.712634
