zaman,kur,alis,satis
1745442956,USD,37.250000,39.285000
1745442956,EUR,41.835959,44.804150
1745442956,XAU,3888.614814,4165.451210
1745443800,USD,37.250000,39.285000
1745443800,EUR,41.835959,44.804150
1745443800,XAU,3889.419861,4164.588236
