zaman,kur,alis,satis
1750194768,USD,38.400000,40.540000
1750194768,EUR,43.771622,46.925739
1750194768,XAU,4131.110131,4428.219794
1750195778,USD,38.400000,40.540000
1750195778,EUR,43.760179,46.905307
1750195778,XAU,4131.110131,4428.219794
1750196459,USD,38.400000,40.540000
1750196459,EUR,43.760179,46.901212
1750196459,XAU,4131.110131,4428.219794
1750196910,USD,38.400000,40.540000
1750196910,EUR,43.756378,46.901212
1750196910,XAU,4131.110131,4428.219794
1750197257,USD,38.400000,40.540000
1750197257,EUR,43.756378,46.897158
1750197257,XAU,4131.110131,4428.219794
1750197595,USD,38.400000,40.540000
1750197595,EUR,43.756378,46.901212
1750197595,XAU,4132.526746,4429.797530
1750198665,USD,38.400000,40.540000
1750198665,EUR,43.760179,46.905307
1750198665,XAU,4136.412941,4433.714707
1750199798,USD,38.400000,40.540000
1750199798,EUR,43.756378,46.897158
1750199798,XAU,4133.840410,4430.957785
1750200438,USD,38.400000,40.540000
1750200438,EUR,43.748774,46.893064
1750200438,XAU,4134.267149,4431.415116
1750200792,USD,38.400000,40.540000
1750200792,EUR,43.733530,46.880821
1750200792,XAU,4133.352730,4430.435143
1750201116,USD,38.400000,40.540000
1750201116,EUR,43.729690,46.876726
1750201116,XAU,4133.352730,4430.435143
1750202116,USD,38.400000,40.540000
1750202116,EUR,43.741133,46.888969
1750202116,XAU,4132.608998,4429.638127
1750202999,USD,38.400000,40.540000
1750202999,EUR,43.744934,46.893064
1750202999,XAU,4132.669978,4429.703477
1750203622,USD,38.400000,40.540000
1750203622,EUR,43.737331,46.880821
1750203622,XAU,4130.572954,4427.456102
1750204026,USD,38.400000,40.540000
1750204026,EUR,43.741133,46.884875
1750204026,XAU,4128.134554,4424.842893
1750204355,USD,38.400000,40.540000
1750204355,EUR,43.756378,46.905307
1750204355,XAU,4128.987994,4425.757516
