zaman,kur,alis,satis
1746046820,USD,37.3995,39.6
1746046820,EUR,42.044705,45.203321
1746046820,XAU,3904.600364,4197.472646
1746047845,USD,37.399500,39.600000
1746047845,EUR,42.048407,45.211280
1746047845,XAU,3903.958551,4198.347648
1746048634,USD,37.399500,39.600000
1746048634,EUR,42.048407,45.207281
1746048634,XAU,3903.958551,4198.347648
1746049165,USD,37.399500,39.600000
1746049165,EUR,42.052110,45.207281
1746049165,XAU,3903.958551,4198.347648
1746049505,USD,37.399500,39.600000
1746049505,EUR,42.055813,45.211280
1746049505,XAU,3903.958551,4198.347648
1746049851,USD,37.399500,39.600000
1746049851,EUR,42.044705,45.207281
1746049851,XAU,3903.958551,4198.347648
1746050188,USD,37.399500,39.600000
1746050188,EUR,42.040965,45.203321
1746050188,XAU,3903.958551,4198.347648
1746051020,USD,37.399500,39.600000
1746051020,EUR,42.044705,45.199321
1746051020,XAU,3899.910953,4194.127951
