zaman,kur,alis,satis
1741296941,USD,35.436500,37.450000
1741296941,EUR,37.898451,40.701634
1741296941,XAU,3272.112716,3514.985021
1741297298,USD,35.436500,37.450000
1741297298,EUR,37.898451,40.709161
1741297298,XAU,3272.063778,3515.024531
1741297658,USD,35.436500,37.450000
1741297658,EUR,37.909011,40.712944
1741297658,XAU,3273.087787,3516.196266
1741298019,USD,35.436500,37.450000
1741298019,EUR,37.909011,40.720509
1741298019,XAU,3272.782395,3515.776976
