zaman,kur,alis,satis
1743455016,USD,36.77,39.2
1743455016,EUR,39.479434,42.728549
1743455016,XAU,3646.933575,3947.576573
1743456095,USD,36.770000,39.200000
1743456095,EUR,39.475794,42.728549
1743456095,XAU,3646.328452,3946.702413
1743456821,USD,36.770000,39.200000
1743456821,EUR,39.475794,42.724629
1743456821,XAU,3646.328452,3946.702413
