zaman,kur,alis,satis
1740949232,USD,35.35,37.681
1740949232,EUR,36.437472,39.517534
1740949232,XAU,3204.991383,3475.319271
