zaman,kur,alis,satis
1739479816,USD,35.157,37.157
1739479816,GMS,36.699,38.574
1739479816,EUR,36.776,38.868
1739479816,XAU,3277.413,3511.4719999999998
1739479816,GBP,44.16,46.673
1739479816,CHF,38.918,41.132
1739479816,AUD,22.212,23.476
1739479816,CAD,24.769,26.178
1739479816,CNY,4.8345,5.1096
1739479816,DKK,4.9302,5.2106
1739479816,JPY,23.011,24.32
1739479816,NOK,3.1532,3.3326
1739479816,SAR,9.3736,9.9069
1739479816,SEK,3.2739,3.4602
1739479816,USD,35.157,37.157
1739479816,GMS,36.699,38.574
1739479816,EUR,36.776,38.868
1739479816,XAU,3277.413,3511.4719999999998
1739479816,GBP,44.16,46.673
1739479816,CHF,38.918,41.132
1739479816,AUD,22.212,23.476
1739479816,CAD,24.769,26.178
1739479816,CNY,4.8345,5.1096
1739479816,DKK,4.9302,5.2106
1739479816,JPY,23.011,24.32
1739479816,NOK,3.1532,3.3326
1739479816,SAR,9.3736,9.9069
1739479816,SEK,3.2739,3.4602
1739479816,USD,35.157,37.157
1739479816,GMS,36.699,38.574
1739479816,EUR,36.776,38.868
1739479816,XAU,3277.413,3511.4719999999998
1739479816,GBP,44.16,46.673
1739479816,CHF,38.918,41.132
1739479816,AUD,22.212,23.476
1739479816,CAD,24.769,26.178
1739479816,CNY,4.8345,5.1096
1739479816,DKK,4.9302,5.2106
1739479816,JPY,23.011,24.32
1739479816,NOK,3.1532,3.3326
1739479816,SAR,9.3736,9.9069
1739479816,SEK,3.2739,3.4602
1739479816,USD,35.157,37.157
1739479816,GMS,36.699,38.574
1739479816,EUR,36.776,38.868
1739479816,XAU,3277.413,3511.4719999999998
1739479816,GBP,44.16,46.673
1739479816,CHF,38.918,41.132
1739479816,AUD,22.212,23.476
1739479816,CAD,24.769,26.178
1739479816,CNY,4.8345,5.1096
1739479816,DKK,4.9302,5.2106
1739479816,JPY,23.011,24.32
1739479816,NOK,3.1532,3.3326
1739479816,SAR,9.3736,9.9069
1739479816,SEK,3.2739,3.4602
