zaman,kur,alis,satis
1739386725,USD,35.166,37.166
1739386725,GMS,36.556,38.424
1739386725,EUR,36.532,38.609
1739386725,XAU,3250.132,3482.2309999999998
1739386725,GBP,43.758,46.247
1739386725,CHF,38.512,40.703
1739386725,AUD,22.103,23.36
1739386725,CAD,24.616,26.016
1739386725,CNY,4.8094,5.0829
1739386725,DKK,4.8973,5.1759
1739386725,JPY,22.781,24.076
1739386725,NOK,3.123,3.3006
1739386725,SAR,9.376,9.9092
1739386725,SEK,3.2333,3.4172
1739386725,USD,35.166,37.166
1739386725,GMS,36.556,38.424
1739386725,EUR,36.532,38.609
1739386725,XAU,3250.132,3482.2309999999998
1739386725,GBP,43.758,46.247
1739386725,CHF,38.512,40.703
1739386725,AUD,22.103,23.36
1739386725,CAD,24.616,26.016
1739386725,CNY,4.8094,5.0829
1739386725,DKK,4.8973,5.1759
1739386725,JPY,22.781,24.076
1739386725,NOK,3.123,3.3006
1739386725,SAR,9.376,9.9092
1739386725,SEK,3.2333,3.4172
