zaman,kur,alis,satis
1745442895,USD,37.122,39.122
1745442895,GMS,40.138,42.158
1745442895,EUR,42.015,44.279
1745442895,XAU,3903.9210000000003,4158.306
1745442895,GBP,49.202,51.853
1745442895,CHF,44.707,47.115
1745442895,AUD,23.636,24.909
1745442895,CAD,26.744,28.185
1745442895,CNY,4.9914,5.4815
1745442895,DKK,5.6293,5.9326
1745442895,JPY,25.884,27.279
1745442895,NOK,3.5261,3.7161
1745442895,SAR,9.8572,10.472
1745442895,SEK,3.828,4.0343
1745442895,USD,37.122,39.122
1745442895,GMS,40.138,42.158
1745442895,EUR,42.015,44.279
1745442895,XAU,3903.9210000000003,4158.306
1745442895,GBP,49.202,51.853
1745442895,CHF,44.707,47.115
1745442895,AUD,23.636,24.909
1745442895,CAD,26.744,28.185
1745442895,CNY,4.9914,5.4815
1745442895,DKK,5.6293,5.9326
1745442895,JPY,25.884,27.279
1745442895,NOK,3.5261,3.7161
1745442895,SAR,9.8572,10.472
1745442895,SEK,3.828,4.0343
1745442895,USD,37.122,39.122
1745442895,GMS,40.138,42.158
1745442895,EUR,42.015,44.279
1745442895,XAU,3903.9210000000003,4158.306
1745442895,GBP,49.202,51.853
1745442895,CHF,44.707,47.115
1745442895,AUD,23.636,24.909
1745442895,CAD,26.744,28.185
1745442895,CNY,4.9914,5.4815
1745442895,DKK,5.6293,5.9326
1745442895,JPY,25.884,27.279
1745442895,NOK,3.5261,3.7161
1745442895,SAR,9.8572,10.472
1745442895,SEK,3.828,4.0343
1745444648,USD,37.122,39.122
1745444648,GMS,40.138,42.158
1745444648,EUR,42.022,44.286
1745444648,XAU,3903.725,4158.097
1745444648,GBP,49.209,51.86
1745444648,CHF,44.712,47.121
1745444648,AUD,23.63,24.903
1745444648,CAD,26.737,28.178
1745444648,CNY,4.9914,5.4814
1745444648,DKK,5.6278,5.931
1745444648,JPY,25.942,27.34
1745444648,NOK,3.5107,3.6998
1745444648,SAR,9.8572,10.472
1745444648,SEK,3.8277,4.034
1745444648,USD,37.122,39.122
1745444648,GMS,40.138,42.158
1745444648,EUR,42.022,44.286
1745444648,XAU,3903.725,4158.097
1745444648,GBP,49.209,51.86
1745444648,CHF,44.712,47.121
1745444648,AUD,23.63,24.903
1745444648,CAD,26.737,28.178
1745444648,CNY,4.9914,5.4814
1745444648,DKK,5.6278,5.931
1745444648,JPY,25.942,27.34
1745444648,NOK,3.5107,3.6998
1745444648,SAR,9.8572,10.472
1745444648,SEK,3.8277,4.034
