zaman,kur,alis,satis
1744233123,USD,37.324,39.324
1744233123,GMS,37.33,39.207
1744233123,EUR,40.873,43.063
1744233123,XAU,3679.38,3918.8630000000003
1744233123,GBP,47.854,50.419
1744233123,CHF,43.549,45.882
1744233123,AUD,22.967,24.198
1744233123,CAD,26.488,27.908
1744233123,CNY,4.9802,5.4658
1744233123,DKK,5.4752,5.7686
1744233123,JPY,25.264,26.618
1744233123,NOK,3.4646,3.6502
1744233123,SAR,9.902,10.516
1744233123,SEK,3.7387,3.939
1744233123,USD,37.324,39.324
1744233123,GMS,37.33,39.207
1744233123,EUR,40.873,43.063
1744233123,XAU,3679.38,3918.8630000000003
1744233123,GBP,47.854,50.419
1744233123,CHF,43.549,45.882
1744233123,AUD,22.967,24.198
1744233123,CAD,26.488,27.908
1744233123,CNY,4.9802,5.4658
1744233123,DKK,5.4752,5.7686
1744233123,JPY,25.264,26.618
1744233123,NOK,3.4646,3.6502
1744233123,SAR,9.902,10.516
1744233123,SEK,3.7387,3.939
1744233123,USD,37.324,39.324
1744233123,GMS,37.33,39.207
1744233123,EUR,40.873,43.063
1744233123,XAU,3679.38,3918.8630000000003
1744233123,GBP,47.854,50.419
1744233123,CHF,43.549,45.882
1744233123,AUD,22.967,24.198
1744233123,CAD,26.488,27.908
1744233123,CNY,4.9802,5.4658
1744233123,DKK,5.4752,5.7686
1744233123,JPY,25.264,26.618
1744233123,NOK,3.4646,3.6502
1744233123,SAR,9.902,10.516
1744233123,SEK,3.7387,3.939
1744234768,USD,37.324,39.324
1744234768,GMS,37.33,39.207
1744234768,EUR,40.869,43.059
1744234768,XAU,3679.38,3918.8630000000003
1744234768,GBP,47.836,50.399
1744234768,CHF,43.554,45.888
1744234768,AUD,22.965,24.196
1744234768,CAD,26.492,27.912
1744234768,CNY,4.9787,5.4641
1744234768,DKK,5.4745,5.7678
1744234768,JPY,25.293,26.648
1744234768,NOK,3.4615,3.647
1744234768,SAR,9.902,10.516
1744234768,SEK,3.7391,3.9395
1744234768,USD,37.324,39.324
1744234768,GMS,37.33,39.207
1744234768,EUR,40.869,43.059
1744234768,XAU,3679.38,3918.8630000000003
1744234768,GBP,47.836,50.399
1744234768,CHF,43.554,45.888
1744234768,AUD,22.965,24.196
1744234768,CAD,26.492,27.912
1744234768,CNY,4.9787,5.4641
1744234768,DKK,5.4745,5.7678
1744234768,JPY,25.293,26.648
1744234768,NOK,3.4615,3.647
1744234768,SAR,9.902,10.516
1744234768,SEK,3.7391,3.9395
