zaman,kur,alis,satis
1744059742,USD,37.341,39.341
1744059742,GMS,36.205,38.025
1744059742,EUR,40.719,42.9
1744059742,XAU,3561.593,3793.3869999999997
1744059742,GBP,47.507,50.052
1744059742,CHF,43.433,45.759
1744059742,AUD,22.356,23.554
1744059742,CAD,26.21,27.614
1744059742,CNY,4.982,5.4677
1744059742,DKK,5.456,5.7482
1744059742,JPY,25.254,26.606
1744059742,NOK,3.3966,3.5785
1744059742,SAR,9.9054,10.52
1744059742,SEK,3.7058,3.9043
1744060699,USD,37.356,39.356
1744060699,GMS,36.267,38.09
1744060699,EUR,40.743,42.924
1744060699,XAU,3563.401,3795.294
1744060699,GBP,47.528,50.073
1744060699,CHF,43.281,45.599
1744060699,AUD,22.354,23.551
1744060699,CAD,26.223,27.627
1744060699,CNY,4.9853,5.4712
1744060699,DKK,5.4575,5.7497
1744060699,JPY,25.254,26.606
1744060699,NOK,3.4018,3.5839
1744060699,SAR,9.9093,10.524
1744060699,SEK,3.7093,3.9079
1744060966,USD,37.356,39.356
1744060966,GMS,36.267,38.09
1744060966,EUR,40.752,42.934
1744060966,XAU,3563.401,3795.294
1744060966,GBP,47.53,50.075
1744060966,CHF,43.359,45.681
1744060966,AUD,22.365,23.563
1744060966,CAD,26.22,27.623
1744060966,CNY,4.9853,5.4712
1744060966,DKK,5.4586,5.7508
1744060966,JPY,25.254,26.606
1744060966,NOK,3.4023,3.5844
1744060966,SAR,9.9093,10.524
1744060966,SEK,3.7083,3.9068
1744060966,USD,37.356,39.356
1744060966,GMS,36.267,38.09
1744060966,EUR,40.752,42.934
1744060966,XAU,3563.401,3795.294
1744060966,GBP,47.53,50.075
1744060966,CHF,43.359,45.681
1744060966,AUD,22.365,23.563
1744060966,CAD,26.22,27.623
1744060966,CNY,4.9853,5.4712
1744060966,DKK,5.4586,5.7508
1744060966,JPY,25.254,26.606
1744060966,NOK,3.4023,3.5844
1744060966,SAR,9.9093,10.524
1744060966,SEK,3.7083,3.9068
1744062512,USD,37.361,39.361
1744062512,GMS,36.272,38.095
1744062512,EUR,40.765,42.947
1744062512,XAU,3564.1440000000002,3796.078
1744062512,GBP,47.544,50.089
1744062512,CHF,43.426,45.75
1744062512,AUD,22.379,23.577
1744062512,CAD,26.234,27.638
1744062512,CNY,4.9847,5.4705
1744062512,DKK,5.4601,5.7523
1744062512,JPY,25.285,26.639
1744062512,NOK,3.4028,3.585
1744062512,SAR,9.9107,10.525
1744062512,SEK,3.7047,3.903
1744062512,USD,37.361,39.361
1744062512,GMS,36.272,38.095
1744062512,EUR,40.765,42.947
1744062512,XAU,3564.1440000000002,3796.078
1744062512,GBP,47.544,50.089
1744062512,CHF,43.426,45.75
1744062512,AUD,22.379,23.577
1744062512,CAD,26.234,27.638
1744062512,CNY,4.9847,5.4705
1744062512,DKK,5.4601,5.7523
1744062512,JPY,25.285,26.639
1744062512,NOK,3.4028,3.585
1744062512,SAR,9.9107,10.525
1744062512,SEK,3.7047,3.903
