zaman,kur,alis,satis
1744837751,USD,36.992,38.992
1744837751,GMS,39.038,41.005
1744837751,EUR,42.167,44.447
1744837751,XAU,3954.7219999999998,4212.606
1744837751,GBP,48.99,51.639
1744837751,CHF,45.501,47.961
1744837751,AUD,23.557,24.83
1744837751,CAD,26.694,28.137
1744837751,CNY,4.9665,5.4547
1744837751,DKK,5.6471,5.9524
1744837751,JPY,26.085,27.495
1744837751,NOK,3.5024,3.6918
1744837751,SAR,9.819,10.433
1744837751,SEK,3.7945,3.9997
1744837751,USD,36.992,38.992
1744837751,GMS,39.038,41.005
1744837751,EUR,42.167,44.447
1744837751,XAU,3954.7219999999998,4212.606
1744837751,GBP,48.99,51.639
1744837751,CHF,45.501,47.961
1744837751,AUD,23.557,24.83
1744837751,CAD,26.694,28.137
1744837751,CNY,4.9665,5.4547
1744837751,DKK,5.6471,5.9524
1744837751,JPY,26.085,27.495
1744837751,NOK,3.5024,3.6918
1744837751,SAR,9.819,10.433
1744837751,SEK,3.7945,3.9997
