zaman,kur,alis,satis
1742245230,USD,35.703,37.703
1742245230,GMS,38.974,40.957
1742245230,EUR,38.991,41.175
1742245230,XAU,3411.879,3654.7889999999998
1742245230,GBP,46.397,48.996
1742245230,CHF,40.532,42.802
1742245230,AUD,22.792,24.069
1742245230,CAD,24.989,26.388
1742245230,CNY,4.8411,5.3291
1742245230,DKK,5.2257,5.5184
1742245230,JPY,23.927,25.267
1742245230,NOK,3.3863,3.576
1742245230,SAR,9.4815,10.093
1742245230,SEK,3.5399,3.7382
1742245230,USD,35.703,37.703
1742245230,GMS,38.974,40.957
1742245230,EUR,38.991,41.175
1742245230,XAU,3411.879,3654.7889999999998
1742245230,GBP,46.397,48.996
1742245230,CHF,40.532,42.802
1742245230,AUD,22.792,24.069
1742245230,CAD,24.989,26.388
1742245230,CNY,4.8411,5.3291
1742245230,DKK,5.2257,5.5184
1742245230,JPY,23.927,25.267
1742245230,NOK,3.3863,3.576
1742245230,SAR,9.4815,10.093
1742245230,SEK,3.5399,3.7382
1742245230,USD,35.703,37.703
1742245230,GMS,38.974,40.957
1742245230,EUR,38.991,41.175
1742245230,XAU,3411.879,3654.7889999999998
1742245230,GBP,46.397,48.996
1742245230,CHF,40.532,42.802
1742245230,AUD,22.792,24.069
1742245230,CAD,24.989,26.388
1742245230,CNY,4.8411,5.3291
1742245230,DKK,5.2257,5.5184
1742245230,JPY,23.927,25.267
1742245230,NOK,3.3863,3.576
1742245230,SAR,9.4815,10.093
1742245230,SEK,3.5399,3.7382
1742245230,USD,35.703,37.703
1742245230,GMS,38.974,40.957
1742245230,EUR,38.991,41.175
1742245230,XAU,3411.879,3654.7889999999998
1742245230,GBP,46.397,48.996
1742245230,CHF,40.532,42.802
1742245230,AUD,22.792,24.069
1742245230,CAD,24.989,26.388
1742245230,CNY,4.8411,5.3291
1742245230,DKK,5.2257,5.5184
1742245230,JPY,23.927,25.267
1742245230,NOK,3.3863,3.576
1742245230,SAR,9.4815,10.093
1742245230,SEK,3.5399,3.7382
1742245230,USD,35.703,37.703
1742245230,GMS,38.974,40.957
1742245230,EUR,38.991,41.175
1742245230,XAU,3411.879,3654.7889999999998
1742245230,GBP,46.397,48.996
1742245230,CHF,40.532,42.802
1742245230,AUD,22.792,24.069
1742245230,CAD,24.989,26.388
1742245230,CNY,4.8411,5.3291
1742245230,DKK,5.2257,5.5184
1742245230,JPY,23.927,25.267
1742245230,NOK,3.3863,3.576
1742245230,SAR,9.4815,10.093
1742245230,SEK,3.5399,3.7382
