zaman,kur,alis,satis
1741123569,USD,35.499,37.499
1741123569,GMS,36.57,38.434
1741123569,EUR,37.703,39.827
1741123569,XAU,3294.2219999999998,3529.024
1741123569,GBP,45.422,47.981
1741123569,CHF,39.915,42.164
1741123569,AUD,22.238,23.491
1741123569,CAD,24.661,26.051
1741123569,CNY,4.7966,5.2809
1741123569,DKK,5.0543,5.3391
1741123569,JPY,23.712,25.047
1741123569,NOK,3.1952,3.3753
1741123569,SAR,9.4276,10.039
1741123569,SEK,3.4041,3.5959
1741123569,USD,35.499,37.499
1741123569,GMS,36.57,38.434
1741123569,EUR,37.703,39.827
1741123569,XAU,3294.2219999999998,3529.024
1741123569,GBP,45.422,47.981
1741123569,CHF,39.915,42.164
1741123569,AUD,22.238,23.491
1741123569,CAD,24.661,26.051
1741123569,CNY,4.7966,5.2809
1741123569,DKK,5.0543,5.3391
1741123569,JPY,23.712,25.047
1741123569,NOK,3.1952,3.3753
1741123569,SAR,9.4276,10.039
1741123569,SEK,3.4041,3.5959
1741123569,USD,35.499,37.499
1741123569,GMS,36.57,38.434
1741123569,EUR,37.703,39.827
1741123569,XAU,3294.2219999999998,3529.024
1741123569,GBP,45.422,47.981
1741123569,CHF,39.915,42.164
1741123569,AUD,22.238,23.491
1741123569,CAD,24.661,26.051
1741123569,CNY,4.7966,5.2809
1741123569,DKK,5.0543,5.3391
1741123569,JPY,23.712,25.047
1741123569,NOK,3.1952,3.3753
1741123569,SAR,9.4276,10.039
1741123569,SEK,3.4041,3.5959
1741123569,USD,35.499,37.499
1741123569,GMS,36.57,38.434
1741123569,EUR,37.703,39.827
1741123569,XAU,3294.2219999999998,3529.024
1741123569,GBP,45.422,47.981
1741123569,CHF,39.915,42.164
1741123569,AUD,22.238,23.491
1741123569,CAD,24.661,26.051
1741123569,CNY,4.7966,5.2809
1741123569,DKK,5.0543,5.3391
1741123569,JPY,23.712,25.047
1741123569,NOK,3.1952,3.3753
1741123569,SAR,9.4276,10.039
1741123569,SEK,3.4041,3.5959
