zaman,kur,alis,satis
1747256557,USD,37.624,39.624
1747256557,GMS,39.051,41.01
1747256557,EUR,42.03,44.264
1747256557,XAU,3823.132,4071.558
1747256557,GBP,49.944,52.599
1747256557,CHF,44.708,47.085
1747256557,AUD,24.185,25.47
1747256557,CAD,26.907,28.337
1747256557,CNY,5.1112,5.6116
1747256557,DKK,5.6344,5.9339
1747256557,JPY,25.639,27.002
1747256557,NOK,3.6238,3.8165
1747256557,SAR,9.991,10.607
1747256557,SEK,3.8543,4.0592
1747256557,USD,37.624,39.624
1747256557,GMS,39.051,41.01
1747256557,EUR,42.03,44.264
1747256557,XAU,3823.132,4071.558
1747256557,GBP,49.944,52.599
1747256557,CHF,44.708,47.085
1747256557,AUD,24.185,25.47
1747256557,CAD,26.907,28.337
1747256557,CNY,5.1112,5.6116
1747256557,DKK,5.6344,5.9339
1747256557,JPY,25.639,27.002
1747256557,NOK,3.6238,3.8165
1747256557,SAR,9.991,10.607
1747256557,SEK,3.8543,4.0592
1747257296,USD,37.624,39.624
1747257296,GMS,39.063,41.023
1747257296,EUR,42.049,44.284
1747257296,XAU,3823.3450000000003,4071.786
1747257296,GBP,49.888,52.54
1747257296,CHF,44.687,47.062
1747257296,AUD,24.191,25.476
1747257296,CAD,26.927,28.359
1747257296,CNY,5.1114,5.6119
1747257296,DKK,5.6358,5.9354
1747257296,JPY,25.651,27.015
1747257296,NOK,3.6252,3.8179
1747257296,SAR,9.991,10.607
1747257296,SEK,3.8555,4.0604
1747257296,USD,37.624,39.624
1747257296,GMS,39.063,41.023
1747257296,EUR,42.049,44.284
1747257296,XAU,3823.3450000000003,4071.786
1747257296,GBP,49.888,52.54
1747257296,CHF,44.687,47.062
1747257296,AUD,24.191,25.476
1747257296,CAD,26.927,28.359
1747257296,CNY,5.1114,5.6119
1747257296,DKK,5.6358,5.9354
1747257296,JPY,25.651,27.015
1747257296,NOK,3.6252,3.8179
1747257296,SAR,9.991,10.607
1747257296,SEK,3.8555,4.0604
