zaman,kur,alis,satis
1740085481,USD,35.188886,37.423408
1740085481,EUR,36.925544,39.203028
1740085481,GBP,44.688827,47.124559
1740085481,AUD,22.731375,24.013219
1740085481,DKK,4.991785,5.272153
1740085481,SEK,3.338892,3.527374
1740085481,CHF,39.480779,41.673316
1740085481,JPY,23.779191,25.17887
1740085481,CAD,25.146183,26.566711
1740085481,NOK,3.180175,3.388155
1740085481,SAR,9.544713,10.055141
1740085481,PLN,8.950981,9.451807
1740085481,RUB,0.264101,0.299487
1740085481,XAU,3315.205037,3540.626188
1740086444,USD,35.188886,37.423408
1740086444,EUR,36.951383,39.228076
1740086444,GBP,44.72021,47.15496
1740086444,AUD,22.731375,24.013219
1740086444,DKK,4.991785,5.272153
1740086444,SEK,3.338892,3.527374
1740086444,CHF,39.480779,41.673316
1740086444,JPY,23.779191,25.17887
1740086444,CAD,25.146183,26.566711
1740086444,NOK,3.180175,3.388155
1740086444,SAR,9.544713,10.055141
1740086444,PLN,8.950981,9.451807
1740086444,RUB,0.264101,0.299487
1740086444,XAU,3315.205037,3540.626188
