zaman,kur,alis,satis
1738184433,USD,34.676957,36.907904
1738184433,EUR,36.164333,38.429166
1738184433,GBP,43.317479,45.722376
1738184433,AUD,21.870471,23.133004
1738184433,DKK,4.907665,5.184344
1738184433,SEK,3.193867,3.380146
1738184433,CHF,38.73224,40.903696
1738184433,JPY,22.638117,24.015653
1738184433,CAD,24.379626,25.794465
1738184433,NOK,3.107905,3.285135
1738184433,SAR,9.407152,9.91877
1738184433,PLN,8.713579,9.201327
1738184433,RUB,0.262616,0.299487
1738184433,XAU,3060.116192,3277.899554
