zaman,kur,alis,satis
1746134200,USD,37.258877,39.553629
1746134200,EUR,42.150071,44.550574
1746134200,GBP,49.701197,52.251117
1746134200,AUD,24.156084,25.479133
1746134200,DKK,5.714317,6.015837
1746134200,SEK,3.876888,4.080773
1746134200,CHF,45.416918,47.758162
1746134200,JPY,26.068794,27.56654
1746134200,CAD,27.251022,28.735989
1746134200,NOK,3.604489,3.797104
1746134200,SAR,10.115675,10.649778
1746134200,PLN,9.935833,10.462312
1746134200,RUB,0.263111,0.299487
1746134200,XAU,3863.581426,4097.966056
