zaman,kur,alis,satis
1752095753,USD,38.871785,41.219594
1752095753,EUR,45.681599,48.154254
1752095753,GBP,53.130755,55.757635
1752095753,AUD,25.723056,27.074327
1752095753,DKK,6.181854,6.487345
1752095753,SEK,4.141079,4.347322
1752095753,CHF,49.523735,51.927543
1752095753,JPY,26.889177,28.360673
1752095753,CAD,28.774236,30.286541
1752095753,NOK,3.89743,4.096872
1752095753,SAR,10.533733,11.075695
1752095753,PLN,10.871185,11.409995
1752095753,RUB,0.263111,0.299487
1752095753,XAU,4141.501761,4380.864495
