zaman,kur,alis,satis
1740430847,USD,35.32511,37.572484
1740430847,EUR,37.030088,39.31231
1740430847,GBP,44.837921,47.279897
1740430847,AUD,22.732068,24.018269
1740430847,DKK,5.025544,5.30514
1740430847,SEK,3.362117,3.550271
1740430847,CHF,39.848465,42.052672
1740430847,JPY,23.902446,25.311382
1740430847,CAD,25.178259,26.610646
1740430847,NOK,3.203737,3.403406
1740430847,SAR,9.560513,10.071543
1740430847,PLN,9.016123,9.56826
1740430847,RUB,0.262616,0.299487
1740430847,XAU,3322.652301,3567.628137
