zaman,kur,alis,satis
1739826224,USD,35.132555,37.37311
1739826224,EUR,36.860897,39.132025
1739826224,GBP,44.528447,46.954879
1739826224,AUD,22.651977,23.934035
1739826224,DKK,4.999349,5.276931
1739826224,SEK,3.329724,3.51689
1739826224,CHF,39.513647,41.698364
1739826224,JPY,23.492883,24.884758
1739826224,CAD,25.114107,26.536411
1739826224,NOK,3.203143,3.382095
1739826224,SAR,9.507538,10.016559
1739826224,PLN,8.972761,9.473118
1739826224,RUB,0.262616,0.299487
1739826224,XAU,3268.100162,3490.640158
1739827108,USD,35.128595,37.377251
1739827108,EUR,36.855353,39.12849
1739827108,GBP,44.53013,46.956798
1739827108,AUD,22.651878,23.935146
1739827108,DKK,4.998626,5.276193
1739827108,SEK,3.325863,3.514416
1739827108,CHF,39.461573,41.651096
1739827108,JPY,23.509624,24.906332
1739827108,CAD,25.114107,26.543885
1739827108,NOK,3.20245,3.38159
1739827108,SAR,9.507509,10.016852
1739827108,PLN,8.975731,9.467563
1739827108,RUB,0.262616,0.299487
1739827108,XAU,3267.002396,3488.844159
1739829155,USD,35.127704,37.377655
1739829155,EUR,36.85565,39.128692
1739829155,GBP,44.537555,46.964373
1739829155,AUD,22.644651,23.927369
1739829155,DKK,5.002883,5.281415
1739829155,SEK,3.330328,3.517638
1739829155,CHF,39.504539,41.690587
1739829155,JPY,23.512812,24.909402
1739829155,CAD,25.114701,26.542168
1739829155,NOK,3.203341,3.382196
1739829155,SAR,9.507479,10.016852
1739829155,PLN,8.97484,9.469179
1739829155,RUB,0.262616,0.299487
1739829155,XAU,3267.415212,3488.96398
1739829516,USD,35.12909,37.37715
1739829516,EUR,36.861392,39.13253
1739829516,GBP,44.545178,46.971847
1739829516,AUD,22.641285,23.920097
1739829516,DKK,5.003279,5.281779
1739829516,SEK,3.330427,3.517728
1739829516,CHF,39.50048,41.686042
1739829516,JPY,23.513,24.909402
1739829516,CAD,25.116285,26.538633
1739829516,NOK,3.203539,3.382499
1739829516,SAR,9.507588,10.016852
1739829516,PLN,8.976424,9.469381
1739829516,RUB,0.262616,0.299487
1739829516,XAU,3267.348372,3489.818629
