zaman,kur,alis,satis
1745788256,USD,37.143443,39.612987
1745788256,EUR,42.260753,44.900135
1745788256,GBP,49.127789,51.646127
1745788256,AUD,24.072231,25.493071
1745788256,DKK,5.737968,6.044591
1745788256,SEK,3.889777,4.107609
1745788256,CHF,45.478397,47.957637
1745788256,JPY,26.229134,27.735281
1745788256,CAD,27.204888,28.727101
1745788256,NOK,3.608607,3.809658
1745788256,SAR,10.078184,10.607429
1745788256,PLN,10.020577,10.58735
1745788256,RUB,0.263606,0.299487
1745788256,XAU,3985.189856,4226.908372
1745789116,USD,37.143443,39.612987
1745789116,EUR,42.260753,44.900135
1745789116,GBP,49.127789,51.646127
1745789116,AUD,24.072231,25.493071
1745789116,DKK,5.737968,6.044591
1745789116,SEK,3.889777,4.107609
1745789116,CHF,45.478397,47.957637
1745789116,JPY,26.229134,27.735281
1745789116,CAD,27.204888,28.727101
1745789116,NOK,3.608607,3.809658
1745789116,SAR,10.078184,10.607429
1745789116,PLN,10.020577,10.58735
1745789116,RUB,0.263606,0.299487
1745789116,XAU,3985.189856,4226.908372
1745789460,USD,37.143443,39.612987
1745789460,EUR,42.260753,44.900135
1745789460,GBP,49.127789,51.646127
1745789460,AUD,24.072231,25.493071
1745789460,DKK,5.737968,6.044591
1745789460,SEK,3.889777,4.107609
1745789460,CHF,45.478397,47.957637
1745789460,JPY,26.229134,27.735281
1745789460,CAD,27.204888,28.727101
1745789460,NOK,3.608607,3.809658
1745789460,SAR,10.078184,10.607429
1745789460,PLN,10.020577,10.58735
1745789460,RUB,0.263606,0.299487
1745789460,XAU,3985.189856,4226.908372
1745789841,USD,37.143443,39.612987
1745789841,EUR,42.260753,44.900135
1745789841,GBP,49.127789,51.646127
1745789841,AUD,24.072231,25.493071
1745789841,DKK,5.737968,6.044591
1745789841,SEK,3.889777,4.107609
1745789841,CHF,45.478397,47.957637
1745789841,JPY,26.229134,27.735281
1745789841,CAD,27.204888,28.727101
1745789841,NOK,3.608607,3.809658
1745789841,SAR,10.078184,10.607429
1745789841,PLN,10.020577,10.58735
1745789841,RUB,0.263606,0.299487
1745789841,XAU,3985.189856,4226.908372
1745790180,USD,37.143443,39.612987
1745790180,EUR,42.260753,44.900135
1745790180,GBP,49.127789,51.646127
1745790180,AUD,24.072231,25.493071
1745790180,DKK,5.737968,6.044591
1745790180,SEK,3.889777,4.107609
1745790180,CHF,45.478397,47.957637
1745790180,JPY,26.229134,27.735281
1745790180,CAD,27.204888,28.727101
1745790180,NOK,3.608607,3.809658
1745790180,SAR,10.078184,10.607429
1745790180,PLN,10.020577,10.58735
1745790180,RUB,0.263606,0.299487
1745790180,XAU,3985.189856,4226.908372
