zaman,kur,alis,satis
1747084477,USD,37.621168,39.917179
1747084477,EUR,41.733083,44.118193
1747084477,GBP,49.770101,52.315757
1747084477,AUD,24.22281,25.540137
1747084477,DKK,5.659134,5.951722
1747084477,SEK,3.876046,4.075703
1747084477,CHF,45.013988,47.318004
1747084477,JPY,25.64543,27.0898
1747084477,CAD,27.201423,28.679126
1747084477,NOK,3.638743,3.827909
1747084477,SAR,10.174907,10.698864
1747084477,PLN,9.941872,10.457161
1747084477,RUB,0.262616,0.299487
1747084477,XAU,3902.790319,4137.097785
1747085350,USD,37.621217,39.917815
1747085350,EUR,41.719718,44.103245
1747085350,GBP,49.752875,52.298991
1747085350,AUD,24.222612,25.536501
1747085350,DKK,5.657877,5.950591
1747085350,SEK,3.87669,4.076561
1747085350,CHF,44.997455,47.307601
1747085350,JPY,25.64549,27.088386
1747085350,CAD,27.203403,28.68155
1747085350,NOK,3.635872,3.829929
1747085350,SAR,10.174373,10.698814
1747085350,PLN,9.936031,10.459585
1747085350,RUB,0.262616,0.299487
1747085350,XAU,3901.337666,4136.329509
1747085885,USD,37.623573,39.914512
1747085885,EUR,41.722292,44.099609
1747085885,GBP,49.763666,52.302425
1747085885,AUD,24.226869,25.541147
1747085885,DKK,5.657649,5.950702
1747085885,SEK,3.878462,4.078581
1747085885,CHF,44.998445,47.303662
1747085885,JPY,25.650836,27.097567
1747085885,CAD,27.212907,28.681146
1747085885,NOK,3.636664,3.830131
1747085885,SAR,10.17458,10.699399
1747085885,PLN,9.941278,10.462514
1747085885,RUB,0.262616,0.299487
1747085885,XAU,3901.166111,4135.31445
1747086245,USD,37.624741,39.915825
1747086245,EUR,41.750507,44.128394
1747086245,GBP,49.788218,52.327675
1747086245,AUD,24.234393,25.551954
1747086245,DKK,5.661005,5.953651
1747086245,SEK,3.880689,4.081723
1747086245,CHF,45.003395,47.307298
1747086245,JPY,25.662874,27.10594
1747086245,CAD,27.22548,28.700134
1747086245,NOK,3.640723,3.830131
1747086245,SAR,10.174501,10.698723
1747086245,PLN,9.952069,10.468271
1747086245,RUB,0.262616,0.299487
1747086245,XAU,3902.148656,4136.275607
