zaman,kur,alis,satis
1740778034,USD,35.285609,37.579958
1740778034,EUR,36.615872,38.929722
1740778034,GBP,44.544584,47.01558
1740778034,AUD,22.122426,23.43358
1740778034,DKK,4.96457,5.253206
1740778034,SEK,3.319735,3.516648
1740778034,CHF,39.543644,41.802899
1740778034,JPY,23.75157,25.192202
1740778034,CAD,24.753351,26.205939
1740778034,NOK,3.170968,3.352502
1740778034,SAR,9.576116,10.087622
1740778034,PLN,8.857822,9.357574
1740778034,RUB,0.263606,0.299487
1740778034,XAU,3223.926628,3448.047019
1740778866,USD,35.283629,37.581473
1740778866,EUR,36.660323,38.98507
1740778866,GBP,44.582006,47.066282
1740778866,AUD,22.153116,23.463072
1740778866,DKK,4.972074,5.260629
1740778866,SEK,3.325656,3.520991
1740778866,CHF,39.560672,41.818352
1740778866,JPY,23.731671,25.1718
1740778866,CAD,24.778596,26.236946
1740778866,NOK,3.173245,3.359673
1740778866,SAR,9.576116,10.087622
1740778866,PLN,8.876731,9.392621
1740778866,RUB,0.263606,0.299487
1740778866,XAU,3223.843237,3453.178166
1740780184,USD,35.290064,37.579251
1740780184,EUR,36.597755,38.915986
1740780184,GBP,44.530724,47.005177
1740780184,AUD,22.122525,23.429843
1740780184,DKK,4.963392,5.251408
1740780184,SEK,3.311261,3.505679
1740780184,CHF,39.509786,41.767246
1740780184,JPY,23.75355,25.192202
1740780184,CAD,24.749688,26.203313
1740780184,NOK,3.162751,3.353916
1740780184,SAR,9.564087,10.083259
1740780184,PLN,8.870494,9.377269
1740780184,RUB,0.263606,0.299487
1740780184,XAU,3222.489571,3452.27286
