zaman,kur,alis,satis
1738357834,USD,34.647059,36.900127
1738357834,EUR,36.120773,38.406643
1738357834,GBP,43.340645,45.761968
1738357834,AUD,21.941058,23.227237
1738357834,DKK,4.903705,5.185849
1738357834,SEK,3.185739,3.373026
1738357834,CHF,38.606312,40.807847
1738357834,JPY,22.648314,24.042923
1738357834,CAD,24.406554,25.827694
1738357834,NOK,3.114142,3.294225
1738357834,SAR,9.397005,9.907701
1738357834,PLN,8.688928,9.181935
1738357834,RUB,0.263606,0.299487
1738357834,XAU,3122.858727,3346.402456
1738358600,USD,34.645673,36.900935
1738358600,EUR,36.027812,38.313016
1738358600,GBP,43.234418,45.659453
1738358600,AUD,21.868293,23.151184
1738358600,DKK,4.885994,5.168639
1738358600,SEK,3.171186,3.361956
1738358600,CHF,38.545922,40.752398
1738358600,JPY,22.619505,24.015754
1738358600,CAD,24.286566,25.711544
1738358600,NOK,3.105133,3.286448
1738358600,SAR,9.397163,9.90762
1738358600,PLN,8.659426,9.156988
1738358600,RUB,0.263606,0.299487
1738358600,XAU,3113.428898,3337.578002
1738358931,USD,34.646465,36.90144
1738358931,EUR,35.985539,38.271808
1738358931,GBP,43.183235,45.605923
1738358931,AUD,21.836415,23.120379
1738358931,DKK,4.880529,5.163296
1738358931,SEK,3.169869,3.357633
1738358931,CHF,38.506817,40.722805
1738358931,JPY,22.610694,24.006765
1738358931,CAD,24.259341,25.681648
1738358931,NOK,3.100678,3.281903
1738358931,SAR,9.397163,9.90762
1738358931,PLN,8.646556,9.143757
1738358931,RUB,0.263606,0.299487
1738358931,XAU,3113.062551,3337.352649
1738359363,USD,34.644188,36.903258
1738359363,EUR,35.93792,38.224035
1738359363,GBP,43.125518,45.547141
1738359363,AUD,21.800973,23.082706
1738359363,DKK,4.874609,5.156781
1738359363,SEK,3.163088,3.352705
1738359363,CHF,38.491076,40.694929
1738359363,JPY,22.612872,24.008583
1738359363,CAD,24.230037,25.657509
1738359363,NOK,3.097807,3.278469
1738359363,SAR,9.397163,9.90762
1738359363,PLN,8.634973,9.13093
1738359363,RUB,0.263606,0.299487
1738359363,XAU,3109.583378,3334.034387
