zaman,kur,alis,satis
1741123702,USD,35.332337,37.576726
1741123702,EUR,37.365995,39.64662
1741123702,GBP,45.269165,47.706117
1741123702,AUD,22.246671,23.51337
1741123702,DKK,5.066807,5.345086
1741123702,SEK,3.40239,3.592721
1741123702,CHF,40.233872,42.428594
1741123702,JPY,24.011643,25.410968
1741123702,CAD,24.63762,26.051005
1741123702,NOK,3.197698,3.380479
1741123702,SAR,9.56179,10.070392
1741123702,PLN,9.04711,9.540182
1741123702,RUB,0.262616,0.299487
1741123702,XAU,3300.385082,3522.653161
1741124060,USD,35.333822,37.575716
1741124060,EUR,37.40015,39.683283
1741124060,GBP,45.281738,47.718843
1741124060,AUD,22.244889,23.511552
1741124060,DKK,5.071579,5.349954
1741124060,SEK,3.405945,3.595408
1741124060,CHF,40.21823,42.413141
1741124060,JPY,24.016494,25.416826
1741124060,CAD,24.640986,26.056156
1741124060,NOK,3.199183,3.381994
1741124060,SAR,9.56179,10.070573
1741124060,PLN,9.052654,9.551494
1741124060,RUB,0.262616,0.299487
1741124060,XAU,3299.080432,3521.321504
1741124504,USD,35.332634,37.575817
1741124504,EUR,37.416287,39.698433
1741124504,GBP,45.30332,47.741366
1741124504,AUD,22.25568,23.522561
1741124504,DKK,5.073272,5.351681
1741124504,SEK,3.409855,3.600993
1741124504,CHF,40.214369,42.413646
1741124504,JPY,24.015702,25.416018
1741124504,CAD,24.654549,26.072114
1741124504,NOK,3.203044,3.381893
1741124504,SAR,9.561939,10.070462
1741124504,PLN,9.059089,9.552201
1741124504,RUB,0.262616,0.299487
1741124504,XAU,3299.683582,3521.939437
1741124864,USD,35.332733,37.57612
1741124864,EUR,37.423514,39.705301
1741124864,GBP,45.31223,47.750557
1741124864,AUD,22.25568,23.522561
1741124864,DKK,5.074232,5.352913
1741124864,SEK,3.411122,3.601195
1741124864,CHF,40.217735,42.414555
1741124864,JPY,24.010059,25.409352
1741124864,CAD,24.668211,26.084335
1741124864,NOK,3.203143,3.382499
1741124864,SAR,9.561889,10.070513
1741124864,PLN,9.061564,9.554827
1741124864,RUB,0.262616,0.299487
1741124864,XAU,3298.9528,3521.203308
