zaman,kur,alis,satis
1742590818,USD,36.025108,39.364262
1742590818,EUR,39.04635,42.533606
1742590818,GBP,46.74376,50.611802
1742590818,AUD,22.905088,24.794318
1742590818,DKK,5.299554,5.72551
1742590818,SEK,3.613811,3.904159
1742590818,CHF,41.33924,44.655938
1742590818,JPY,24.465738,26.52285
1742590818,CAD,25.455832,27.650562
1742590818,NOK,3.479776,3.73905
1742590818,SAR,9.809413,10.589781
1742590818,PLN,9.461292,10.165726
1742590818,RUB,0.260792,0.302303
1742590818,XAU,3503.82855,3807.314792
