zaman,kur,alis,satis
1746479407,USD,37.414426,39.70216
1746479407,EUR,42.376088,44.768128
1746479407,GBP,49.91375,52.457157
1746479407,AUD,24.489516,25.806777
1746479407,DKK,5.743017,6.039683
1746479407,SEK,3.92021,4.120193
1746479407,CHF,46.003196,48.324873
1746479407,JPY,26.330896,27.794659
1746479407,CAD,27.431994,28.912032
1746479407,NOK,3.643,3.830939
1746479407,SAR,10.120031,10.643981
1746479407,PLN,10.045228,10.561292
1746479407,RUB,0.262616,0.299487
1746479407,XAU,3996.889052,4232.061661
