zaman,kur,alis,satis
1743714058,USD,36.827039,39.138085
1743714058,EUR,40.707443,43.087084
1743714058,GBP,48.462707,51.017099
1743714058,AUD,23.585646,24.913634
1743714058,DKK,5.498467,5.795869
1743714058,SEK,3.810033,4.012669
1743714058,CHF,43.177637,45.492732
1743714058,JPY,25.534332,27.009283
1743714058,CAD,26.40774,27.8988
1743714058,NOK,3.59944,3.792963
1743714058,SAR,9.980768,10.52069
1743714058,PLN,9.713974,10.239708
1743714058,RUB,0.264101,0.299487
1743714058,XAU,3675.739505,3913.967584
