zaman,kur,alis,satis
1745701212,USD,37.143443,39.612987
1745701212,EUR,42.260753,44.900135
1745701212,GBP,49.653578,52.474933
1745701212,AUD,24.072231,25.493071
1745701212,DKK,5.737968,6.044591
1745701212,SEK,3.889777,4.107609
1745701212,CHF,45.478397,47.957637
1745701212,JPY,26.229134,27.735281
1745701212,CAD,27.204888,28.727101
1745701212,NOK,3.608607,3.809658
1745701212,SAR,10.078184,10.607429
1745701212,PLN,10.020577,10.58735
1745701212,RUB,0.263606,0.299487
1745701212,XAU,3985.189856,4226.908372
