zaman,kur,alis,satis
1742677314,USD,35.293538,39.90323
1742677314,EUR,39.097114,42.641726
1742677314,GBP,46.814026,50.751134
1742677314,AUD,23.057282,25.027796
1742677314,DKK,5.286931,5.776765
1742677314,SEK,3.594848,3.939319
1742677314,CHF,41.222914,45.059348
1742677314,JPY,24.427587,26.756287
1742677314,CAD,25.319906,27.70911
1742677314,NOK,3.452444,3.786511
1742677314,SAR,9.837726,10.629918
1742677314,PLN,9.392496,10.30159
1742677314,RUB,0.260792,0.302303
1742677314,XAU,3525.22651,3864.615958
