zaman,kur,alis,satis
1738271656,USD,34.654682,36.895077
1738271656,EUR,36.139385,38.406643
1738271656,GBP,43.307183,45.715407
1738271656,AUD,21.809091,23.086948
1738271656,DKK,4.889518,5.170911
1738271656,SEK,3.181531,3.368531
1738271656,CHF,38.490779,40.681395
1738271656,JPY,22.672767,24.064032
1738271656,CAD,24.383487,25.798707
1738271656,NOK,3.098698,3.284125
1738271656,SAR,9.393926,9.906782
1738271656,PLN,8.692789,9.188298
1738271656,RUB,0.262616,0.299487
1738271656,XAU,3099.804071,3322.758334
1738272261,USD,34.655474,36.900228
1738272261,EUR,36.14186,38.415329
1738272261,GBP,43.313321,45.731163
1738272261,AUD,21.816516,23.093311
1738272261,DKK,4.890062,5.171608
1738272261,SEK,3.181878,3.368693
1738272261,CHF,38.490977,40.686849
1738272261,JPY,22.668609,24.060396
1738272261,CAD,24.387348,25.802646
1738272261,NOK,3.100381,3.285539
1738272261,SAR,9.392817,9.909781
1738272261,PLN,8.694175,9.189712
1738272261,RUB,0.262616,0.299487
1738272261,XAU,3101.992918,3324.936847
