zaman,kur,alis,satis
1743282224,USD,36.353238,39.306258
1743282224,EUR,39.467414,42.447988
1743282224,GBP,47.299937,50.552357
1743282224,AUD,23.210457,24.828011
1743282224,DKK,5.361447,5.724033
1743282224,SEK,3.694031,3.947138
1743282224,CHF,41.886035,44.738301
1743282224,JPY,24.650232,26.401385
1743282224,CAD,25.805735,27.600709
1743282224,NOK,3.518189,3.764858
1743282224,SAR,9.917203,10.559741
1743282224,PLN,9.566851,10.234758
1743282224,RUB,0.263184,0.300895
1743282224,XAU,3626.427591,3904.763388
1743283063,USD,36.353238,39.306258
1743283063,EUR,39.467414,42.447988
1743283063,GBP,47.299937,50.552357
1743283063,AUD,23.210457,24.828011
1743283063,DKK,5.361447,5.724033
1743283063,SEK,3.694031,3.947138
1743283063,CHF,41.886035,44.738301
1743283063,JPY,24.650232,26.401385
1743283063,CAD,25.805735,27.600709
1743283063,NOK,3.518189,3.764858
1743283063,SAR,9.917203,10.559741
1743283063,PLN,9.566851,10.234758
1743283063,RUB,0.263184,0.300895
1743283063,XAU,3626.427591,3904.763388
