zaman,kur,alis,satis
1738098860,USD,34.641317,36.868413
1738098860,EUR,36.157007,38.416036
1738098860,GBP,43.23719,45.633597
1738098860,AUD,21.919674,23.178151
1738098860,DKK,4.903299,5.178143
1738098860,SEK,3.190649,3.37543
1738098860,CHF,38.764811,40.928946
1738098860,JPY,22.533375,23.901624
1738098860,CAD,24.408138,25.819816
1738098860,NOK,3.107113,3.283822
1738098860,SAR,9.376502,9.882734
1738098860,PLN,8.71645,9.202236
1738098860,RUB,0.262616,0.299487
1738098860,XAU,3066.054117,3283.540828
