zaman,kur,alis,satis
1742590818,USD,36.025108,39.364262
1742590818,EUR,39.04635,42.533606
1742590818,GBP,46.74376,50.611802
1742590818,AUD,22.905088,24.794318
1742590818,DKK,5.299554,5.72551
1742590818,SEK,3.613811,3.904159
1742590818,CHF,41.33924,44.655938
1742590818,JPY,24.465738,26.52285
1742590818,CAD,25.455832,27.650562
1742590818,NOK,3.479776,3.73905
1742590818,SAR,9.809413,10.589781
1742590818,PLN,9.461292,10.165726
1742590818,RUB,0.260792,0.302303
1742590818,XAU,3503.82855,3807.314792
1742591659,USD,36.030988,39.367934
1742591659,EUR,38.99147,42.540848
1742591659,GBP,46.682412,50.62496
1742591659,AUD,22.903226,24.79238
1742591659,DKK,5.296653,5.722817
1742591659,SEK,3.614291,3.904486
1742591659,CHF,41.313564,44.626562
1742591659,JPY,24.45829,26.515098
1742591659,CAD,25.425746,27.655152
1742591659,NOK,3.480952,3.740478
1742591659,SAR,9.809698,10.590291
1742591659,PLN,9.462762,10.16746
1742591659,RUB,0.260792,0.302303
1742591659,XAU,3509.152918,3812.906983
1742592549,USD,36.043042,39.332948
1742592549,EUR,39.004994,42.580118
1742592549,GBP,46.697994,50.66831
1742592549,AUD,22.908812,24.798194
1742592549,DKK,5.298387,5.724622
1742592549,SEK,3.614467,3.905373
1742592549,CHF,41.318366,44.63156
1742592549,JPY,24.459956,26.516832
1742592549,CAD,25.416828,27.667902
1742592549,NOK,3.45949,3.757308
1742592549,SAR,9.80812,10.591076
1742592549,PLN,9.407294,10.215808
1742592549,RUB,0.260792,0.302303
1742592549,XAU,3490.854598,3833.750213
