zaman,kur,alis,satis
1745010796,USD,36.772668,39.245236
1745010796,EUR,42.008006,44.617436
1745010796,GBP,49.087199,51.871256
1745010796,AUD,23.79315,25.231279
1745010796,DKK,5.699675,6.028542
1745010796,SEK,3.882194,4.109801
1745010796,CHF,45.693425,48.27003
1745010796,JPY,26.237579,27.80283
1745010796,CAD,26.922243,28.545604
1745010796,NOK,3.562711,3.758926
1745010796,SAR,9.967601,10.526659
1745010796,PLN,9.969394,10.507762
1745010796,RUB,0.263606,0.299487
1745010796,XAU,3952.508699,4217.532225
1745011658,USD,36.742929,39.266678
1745011658,EUR,41.970287,44.63804
1745011658,GBP,49.047698,51.899738
1745011658,AUD,23.79315,25.231683
1745011658,DKK,5.699585,6.029007
1745011658,SEK,3.883085,4.110275
1745011658,CHF,45.693425,48.276696
1745011658,JPY,26.235698,27.805173
1745011658,CAD,26.904621,28.556815
1745011658,NOK,3.5638,3.757815
1745011658,SAR,9.967314,10.527568
1745011658,PLN,9.970087,10.508368
1745011658,RUB,0.263606,0.299487
1745011658,XAU,3952.508699,4217.532225
1745012132,USD,36.741681,39.280222
1745012132,EUR,41.970584,44.657432
1745012132,GBP,49.047797,51.919837
1745012132,AUD,23.79315,25.230976
1745012132,DKK,5.699496,6.028462
1745012132,SEK,3.881541,4.110659
1745012132,CHF,45.693425,48.275181
1745012132,JPY,26.237559,27.806234
1745012132,CAD,26.898087,28.556916
1745012132,NOK,3.563305,3.758522
1745012132,SAR,9.965681,10.523639
1745012132,PLN,9.966622,10.504833
1745012132,RUB,0.263606,0.299487
1745012132,XAU,3952.508699,4217.532225
1745012471,USD,36.745285,39.279889
1745012471,EUR,41.976722,44.660765
1745012471,GBP,49.054628,51.92115
1745012471,AUD,23.79315,25.231178
1745012471,DKK,5.700288,6.02932
1745012471,SEK,3.881372,4.109023
1745012471,CHF,45.715997,48.298815
1745012471,JPY,26.235688,27.804527
1745012471,CAD,26.902641,28.560754
1745012471,NOK,3.563206,3.759128
1745012471,SAR,9.967443,10.527245
1745012471,PLN,9.964147,10.502308
1745012471,RUB,0.263606,0.299487
1745012471,XAU,3952.508699,4217.532225
