zaman,kur,alis,satis
1747170778,USD,37.648789,39.946307
1747170778,EUR,42.172544,44.565926
1747170778,GBP,50.307473,52.865601
1747170778,AUD,24.683754,26.015342
1747170778,DKK,5.717811,6.012716
1747170778,SEK,3.924338,4.125627
1747170778,CHF,45.340688,47.657364
1747170778,JPY,25.831431,27.282852
1747170778,CAD,27.336954,28.816183
1747170778,NOK,3.679135,3.870026
1747170778,SAR,10.180837,10.706823
1747170778,PLN,10.066513,10.587653
1747170778,RUB,0.262616,0.299487
1747170778,XAU,3936.044099,4171.733186
