zaman,kur,alis,satis
1745270245,USD,37.042958,39.332712
1745270245,EUR,42.779909,45.193237
1745270245,GBP,49.780694,52.33424
1745270245,AUD,24.056886,25.374093
1745270245,DKK,5.800219,6.096596
1745270245,SEK,3.941772,4.144959
1745270245,CHF,46.545815,48.888352
1745270245,JPY,26.724807,28.193771
1745270245,CAD,27.120441,28.59469
1745270245,NOK,3.608944,3.800437
1745270245,SAR,10.027813,10.550738
1745270245,PLN,10.117894,10.642193
1745270245,RUB,0.262616,0.299487
1745270245,XAU,4082.179883,4321.617409
