zaman,kur,alis,satis
1746306605,USD,37.295309,39.67591
1746306605,EUR,42.153041,44.795095
1746306605,GBP,49.647638,52.477559
1746306605,AUD,24.352995,25.742844
1746306605,DKK,5.730879,6.037239
1746306605,SEK,3.917022,4.134071
1746306605,CHF,45.713126,48.172767
1746306605,JPY,26.086871,27.603173
1746306605,CAD,27.372198,28.903043
1746306605,NOK,3.631823,3.832313
1746306605,SAR,10.118616,10.648182
1746306605,PLN,9.992758,10.557757
1746306605,RUB,0.264101,0.299487
1746306605,XAU,3908.419017,4151.68662
