zaman,kur,alis,satis
1744147790,USD,36.87543,39.154053
1744147790,EUR,40.459547,42.814182
1744147790,GBP,47.376578,49.870143
1744147790,AUD,22.259739,23.532661
1744147790,DKK,5.476707,5.765286
1744147790,SEK,3.734516,3.935636
1744147790,CHF,43.92776,46.227406
1744147790,JPY,25.48011,26.917484
1744147790,CAD,26.265972,27.724373
1744147790,NOK,3.412132,3.601366
1744147790,SAR,9.963908,10.487299
1744147790,PLN,9.573394,10.079118
1744147790,RUB,0.262616,0.299487
1744147790,XAU,3535.417866,3762.953625
1744148281,USD,36.875302,39.153962
1744148281,EUR,40.466873,42.821757
1744148281,GBP,47.385785,49.879637
1744148281,AUD,22.278549,23.551851
1744148281,DKK,5.477806,5.76574
1744148281,SEK,3.740188,3.940383
1744148281,CHF,43.961024,46.266998
1744148281,JPY,25.50288,26.939805
1744148281,CAD,26.262111,27.720535
1744148281,NOK,3.412726,3.597932
1744148281,SAR,9.965423,10.486057
1744148281,PLN,9.580027,10.0874
1744148281,RUB,0.262616,0.299487
1744148281,XAU,3541.00345,3769.41513
1744148762,USD,36.872341,39.153609
1744148762,EUR,40.459943,42.817515
1744148762,GBP,47.372618,49.869638
1744148762,AUD,22.263501,23.536499
1744148762,DKK,5.47737,5.765044
1744148762,SEK,3.739149,3.93704
1744148762,CHF,43.985576,46.285178
1744148762,JPY,25.509909,26.947885
1744148762,CAD,26.258151,27.718414
1744148762,NOK,3.411439,3.59672
1744148762,SAR,9.965067,10.486128
1744148762,PLN,9.580027,10.086188
1744148762,RUB,0.262616,0.299487
1744148762,XAU,3537.604802,3765.070767
