zaman,kur,alis,satis
1740517243,USD,35.331149,37.582281
1740517243,EUR,37.142354,39.427854
1740517243,GBP,44.931674,47.370797
1740517243,AUD,22.674747,23.958275
1740517243,DKK,5.035731,5.316301
1740517243,SEK,3.374878,3.564441
1740517243,CHF,40.05092,42.266186
1740517243,JPY,23.990655,25.404706
1740517243,CAD,25.060053,26.487325
1740517243,NOK,3.216409,3.396033
1740517243,SAR,9.563998,10.074735
1740517243,PLN,9.072652,9.574926
1740517243,RUB,0.262616,0.299487
1740517243,XAU,3296.784642,3520.258712
1740517960,USD,35.330753,37.58218
1740517960,EUR,37.158194,39.444014
1740517960,GBP,44.951375,47.390896
1740517960,AUD,22.664847,23.953528
1740517960,DKK,5.037632,5.318553
1740517960,SEK,3.380789,3.569238
1740517960,CHF,40.114577,42.315373
1740517960,JPY,23.998733,25.406655
1740517960,CAD,25.073319,26.504495
1740517960,NOK,3.21829,3.397447
1740517960,SAR,9.563998,10.075028
1740517960,PLN,9.076909,9.578865
1740517960,RUB,0.262616,0.299487
1740517960,XAU,3299.129766,3521.740712
1740518922,USD,35.327981,37.582483
1740518922,EUR,37.160174,39.443509
1740518922,GBP,44.944247,47.382816
1740518922,AUD,22.65762,23.944337
1740518922,DKK,5.044423,5.32428
1740518922,SEK,3.380234,3.568865
1740518922,CHF,40.124279,42.326786
1740518922,JPY,23.97927,25.392283
1740518922,CAD,25.071636,26.498637
1740518922,NOK,3.216904,3.396639
1740518922,SAR,9.564077,10.075432
1740518922,PLN,9.07978,9.574724
1740518922,RUB,0.262616,0.299487
1740518922,XAU,3296.815834,3519.409907
