zaman,kur,alis,satis
1745961293,USD,37.69113,39.21165
1745961293,EUR,43.0021,44.5291
1745961293,GBP,50.7444,52.2692
1745961293,AUD,24.3947,25.2177
1745961293,DKK,5.83209,6.01052
1745961293,SEK,3.97298,4.0949
1745961293,CHF,46.3776,47.7773
1745961293,JPY,26.87014,27.7945
1745961293,CAD,27.5452,28.4705
1745961293,NOK,3.6793,3.7948
1745961293,SAR,10.23081,10.56602
1745961293,PLN,10.1808,10.4935
1745961293,RUB,0.26592,0.29667
1745961293,XAU,4027.837631,4181.618352
1745962109,USD,37.69099,39.21219
1745962109,EUR,42.977,44.5027
1745962109,GBP,50.7308,52.2565
1745962109,AUD,24.3293,25.1572
1745962109,DKK,5.83001,6.00801
1745962109,SEK,3.97168,4.09324
1745962109,CHF,46.3576,47.7489
1745962109,JPY,26.86408,27.78688
1745962109,CAD,27.537,28.4629
1745962109,NOK,3.6742,3.7945
1745962109,SAR,10.22937,10.56712
1745962109,PLN,10.1728,10.4926
1745962109,RUB,0.26592,0.29667
1745962109,XAU,4025.811538,4180.705613
1745962619,USD,37.6902,39.2166
1745962619,EUR,43.0035,44.5288
1745962619,GBP,50.7552,52.2804
1745962619,AUD,24.3521,25.176
1745962619,DKK,5.8191,5.9979
1745962619,SEK,3.97336,4.09514
1745962619,CHF,46.379,47.77
1745962619,JPY,26.87287,27.7974
1745962619,CAD,27.5548,28.4804
1745962619,NOK,3.677,3.7933
1745962619,SAR,10.1823,10.4985
1745962619,PLN,10.1811,10.4944
1745962619,RUB,0.26592,0.29667
1745962619,XAU,4028.937482,4182.978297
