zaman,kur,alis,satis
1743455006,USD,36.460209,39.124675
1743455006,EUR,39.492137,42.256356
1743455006,GBP,47.279744,50.272217
1743455006,AUD,23.070095,24.609989
1743455006,DKK,5.359428,5.706636
1743455006,SEK,3.684585,3.921499
1743455006,CHF,41.745278,44.43035
1743455006,JPY,24.626198,26.308614
1743455006,CAD,25.703689,27.428768
1743455006,NOK,3.515559,3.741564
1743455006,SAR,9.906801,10.539167
1743455006,PLN,9.564388,10.177106
1743455006,RUB,0.263184,0.300895
1743455006,XAU,3664.194816,3937.949356
