zaman,kur,alis,satis
1745875479,USD,37.284469,39.578465
1745875479,EUR,42.638042,45.047595
1745875479,GBP,50.280743,52.847724
1745875479,AUD,24.245778,25.577204
1745875479,DKK,5.774756,6.073255
1745875479,SEK,3.94197,4.145757
1745875479,CHF,45.984584,48.334973
1745875479,JPY,26.591939,28.100416
1745875479,CAD,27.257457,28.743261
1745875479,NOK,3.643792,3.833666
1745875479,SAR,10.082273,10.610429
1745875479,PLN,10.103341,10.623912
1745875479,RUB,0.263111,0.299487
1745875479,XAU,4010.677476,4247.446658
