zaman,kur,alis,satis
1738703679,USD,34.820804,37.056071
1738703679,EUR,36.169382,38.433913
1738703679,GBP,43.643486,46.054565
1738703679,AUD,22.040157,23.308037
1738703679,DKK,4.906665,5.182819
1738703679,SEK,3.213894,3.400043
1738703679,CHF,38.930339,41.112564
1738703679,JPY,22.858095,24.240277
1738703679,CAD,24.61188,26.035148
1738703679,NOK,3.136813,3.315132
1738703679,SAR,9.42516,9.93283
1738703679,PLN,8.701798,9.189813
1738703679,RUB,0.262616,0.299487
1738703679,XAU,3177.183006,3397.486893
1738704371,USD,34.82021,37.054657
1738704371,EUR,36.171659,38.436337
1738704371,GBP,43.646852,46.060322
1738704371,AUD,22.066095,23.338943
1738704371,DKK,4.906694,5.183374
1738704371,SEK,3.214488,3.400356
1738704371,CHF,38.934695,41.116402
1738704371,JPY,22.85265,24.234924
1738704371,CAD,24.618315,26.042117
1738704371,NOK,3.138001,3.316142
1738704371,SAR,9.424556,9.932921
1738704371,PLN,8.698531,9.18648
1738704371,RUB,0.262616,0.299487
1738704371,XAU,3175.819155,3395.917221
1738704737,USD,34.820507,37.054253
1738704737,EUR,36.170075,38.435226
1738704737,GBP,43.650614,46.062645
1738704737,AUD,22.066293,23.338236
1738704737,DKK,4.911318,5.188212
1738704737,SEK,3.217864,3.402962
1738704737,CHF,38.972315,41.153772
1738704737,JPY,22.84968,24.231894
1738704737,CAD,24.625938,26.039087
1738704737,NOK,3.138496,3.316243
1738704737,SAR,9.424715,9.932708
1738704737,PLN,8.699818,9.190015
1738704737,RUB,0.262616,0.299487
1738704737,XAU,3176.596088,3396.386758
1738705100,USD,34.82021,37.054152
1738705100,EUR,36.169778,38.435024
1738705100,GBP,43.646753,46.058807
1738705100,AUD,22.046394,23.315309
1738705100,DKK,4.911248,5.188101
1738705100,SEK,3.214488,3.400195
1738705100,CHF,38.971721,41.153469
1738705100,JPY,22.842255,24.224218
1738705100,CAD,24.61881,26.042521
1738705100,NOK,3.138595,3.316041
1738705100,SAR,9.424616,9.932567
1738705100,PLN,8.701501,9.187793
1738705100,RUB,0.262616,0.299487
1738705100,XAU,3177.129216,3397.091715
1738705432,USD,34.81922,37.059404
1738705432,EUR,36.181856,38.448962
1738705432,GBP,43.653881,46.067897
1738705432,AUD,22.07055,23.343791
1738705432,DKK,4.907655,5.18498
1738705432,SEK,3.214538,3.401407
1738705432,CHF,38.942318,41.129128
1738705432,JPY,22.848987,24.234823
1738705432,CAD,24.618117,26.042723
1738705432,NOK,3.13909,3.316748
1738705432,SAR,9.425012,9.933456
1738705432,PLN,8.704768,9.191227
1738705432,RUB,0.262616,0.299487
1738705432,XAU,3177.138446,3398.213281
