zaman,kur,alis,satis
1745356208,USD,37.075064,39.360679
1745356208,EUR,42.508748,44.90872
1745356208,GBP,49.720403,52.263641
1745356208,AUD,23.969568,25.283395
1745356208,DKK,5.759253,6.052964
1745356208,SEK,3.941158,4.142585
1745356208,CHF,45.955082,48.282554
1745356208,JPY,26.605394,28.06542
1745356208,CAD,27.197463,28.67549
1745356208,NOK,3.616666,3.809931
1745356208,SAR,10.029991,10.547627
1745356208,PLN,10.032457,10.552404
1745356208,RUB,0.263111,0.299487
1745356208,XAU,4058.644298,4297.143314
1745357179,USD,37.07444,39.359618
1745357179,EUR,42.509936,44.911346
1745357179,GBP,49.71773,52.260308
1745357179,AUD,23.978973,25.290869
1745357179,DKK,5.756758,6.050409
1745357179,SEK,3.941426,4.142444
1745357179,CHF,45.906275,48.228519
1745357179,JPY,26.5919,28.054582
1745357179,CAD,27.206967,28.684782
1745357179,NOK,3.618349,3.810638
1745357179,SAR,10.029991,10.547627
1745357179,PLN,10.029289,10.546344
1745357179,RUB,0.263111,0.299487
1745357179,XAU,4050.93098,4288.345162
1745357691,USD,37.075004,39.359427
1745357691,EUR,42.500927,44.899226
1745357691,GBP,49.716542,52.258086
1745357691,AUD,23.971647,25.280971
1745357691,DKK,5.756718,6.050813
1745357691,SEK,3.941327,4.14305
1745357691,CHF,45.912215,48.230034
1745357691,JPY,26.594009,28.053512
1745357691,CAD,27.201324,28.678419
1745357691,NOK,3.61924,3.807709
1745357691,SAR,10.028892,10.549879
1745357691,PLN,10.027408,10.552101
1745357691,RUB,0.263111,0.299487
1745357691,XAU,4053.175208,4291.273116
1745358108,USD,37.074519,39.358275
1745358108,EUR,42.49865,44.898216
1745358108,GBP,49.702682,52.243037
1745358108,AUD,23.967093,25.277234
1745358108,DKK,5.756194,6.051459
1745358108,SEK,3.941049,4.143504
1745358108,CHF,45.939143,48.259122
1745358108,JPY,26.583762,28.043988
1745358108,CAD,27.201027,28.673672
1745358108,NOK,3.617458,3.81084
1745358108,SAR,10.028892,10.549879
1745358108,PLN,10.03018,10.54796
1745358108,RUB,0.263111,0.299487
1745358108,XAU,4048.735768,4286.268609
1745358440,USD,37.071985,39.360729
1745358440,EUR,42.47489,44.877814
1745358440,GBP,49.68605,52.232735
1745358440,AUD,23.950857,25.264508
1745358440,DKK,5.753253,6.048429
1745358440,SEK,3.938248,4.139697
1745358440,CHF,45.903107,48.229832
1745358440,JPY,26.567338,28.033524
1745358440,CAD,27.193305,28.67347
1745358440,NOK,3.618052,3.807002
1745358440,SAR,10.028892,10.549879
1745358440,PLN,10.025824,10.543213
1745358440,RUB,0.263111,0.299487
1745358440,XAU,4041.337552,4278.619622
