zaman,kur,alis,satis
1742936624,USD,36.843077,39.138085
1742936624,EUR,39.886337,42.232523
1742936624,GBP,47.955233,50.466851
1742936624,AUD,23.504664,24.80213
1742936624,DKK,5.403397,5.68999
1742936624,SEK,3.724734,3.922809
1742936624,CHF,42.294854,44.544746
1742936624,JPY,24.900861,26.326533
1742936624,CAD,26.087673,27.541058
1742936624,NOK,3.555682,3.743372
1742936624,SAR,9.964225,10.481229
1742936624,PLN,9.689026,10.200419
1742936624,RUB,0.262616,0.299487
1742936624,XAU,3578.166724,3806.507324
