zaman,kur,alis,satis
1747170778,USD,37.648789,39.946307
1747170778,EUR,42.172544,44.565926
1747170778,GBP,50.307473,52.865601
1747170778,AUD,24.683754,26.015342
1747170778,DKK,5.717811,6.012716
1747170778,SEK,3.924338,4.125627
1747170778,CHF,45.340688,47.657364
1747170778,JPY,25.831431,27.282852
1747170778,CAD,27.336954,28.816183
1747170778,NOK,3.679135,3.870026
1747170778,SAR,10.180837,10.706823
1747170778,PLN,10.066513,10.587653
1747170778,RUB,0.262616,0.299487
1747170778,XAU,3936.044099,4171.733186
1747171698,USD,37.646749,39.946075
1747171698,EUR,42.174128,44.569562
1747171698,GBP,50.3048,52.865298
1747171698,AUD,24.679992,26.011403
1747171698,DKK,5.718435,6.013332
1747171698,SEK,3.923625,4.124829
1747171698,CHF,45.35534,47.674938
1747171698,JPY,25.836787,27.290033
1747171698,CAD,27.341409,28.824061
1747171698,NOK,3.680125,3.869319
1747171698,SAR,10.180867,10.70649
1747171698,PLN,10.068592,10.585431
1747171698,RUB,0.262616,0.299487
1747171698,XAU,3935.714675,4169.849839
