zaman,kur,alis,satis
1744750820,USD,36.901269,39.217552
1744750820,EUR,41.688731,44.110517
1744750820,GBP,49.00394,51.580275
1744750820,AUD,23.720088,25.056852
1744750820,DKK,5.641829,5.941137
1744750820,SEK,3.768928,3.971895
1744750820,CHF,45.430877,47.820378
1744750820,JPY,26.099058,27.585801
1744750820,CAD,26.776614,28.264925
1744750820,NOK,3.507568,3.695599
1744750820,SAR,9.979046,10.508338
1744750820,PLN,9.818221,10.33384
1744750820,RUB,0.263111,0.299487
1744750820,XAU,3833.344721,4068.876069
1744751872,USD,36.94876,39.249306
1744751872,EUR,41.726252,44.13203
1744751872,GBP,49.027205,51.581386
1744751872,AUD,23.709693,25.016149
1744751872,DKK,5.647274,5.939602
1744751872,SEK,3.776214,3.975602
1744751872,CHF,45.487703,47.81856
1744751872,JPY,26.122422,27.5756
1744751872,CAD,26.797206,28.277651
1744751872,NOK,3.507964,3.694993
1744751872,SAR,9.989302,10.513741
1744751872,PLN,9.824953,10.338688
1744751872,RUB,0.263111,0.299487
1744751872,XAU,3835.412116,4072.2395
