zaman,kur,alis,satis
1752268600,USD,38.921087,41.244036
1752268600,EUR,45.61121,48.07608
1752268600,GBP,52.852466,55.464634
1752268600,AUD,25.896702,27.262591
1752268600,DKK,6.170271,6.477851
1752268600,SEK,4.134258,4.341232
1752268600,CHF,49.402262,51.826644
1752268600,JPY,26.690385,28.157259
1752268600,CAD,28.84215,30.353807
1752268600,NOK,3.885253,4.081318
1752268600,SAR,10.547919,11.08023
1752268600,PLN,10.803073,11.341719
1752268600,RUB,0.264596,0.299487
1752268600,XAU,4191.567512,4434.940762
