zaman,kur,alis,satis
1747084477,USD,37.621168,39.917179
1747084477,EUR,41.733083,44.118193
1747084477,GBP,49.770101,52.315757
1747084477,AUD,24.22281,25.540137
1747084477,DKK,5.659134,5.951722
1747084477,SEK,3.876046,4.075703
1747084477,CHF,45.013988,47.318004
1747084477,JPY,25.64543,27.0898
1747084477,CAD,27.201423,28.679126
1747084477,NOK,3.638743,3.827909
1747084477,SAR,10.174907,10.698864
1747084477,PLN,9.941872,10.457161
1747084477,RUB,0.262616,0.299487
1747084477,XAU,3902.790319,4137.097785
