zaman,kur,alis,satis
1744750820,USD,36.901269,39.217552
1744750820,EUR,41.688731,44.110517
1744750820,GBP,49.00394,51.580275
1744750820,AUD,23.720088,25.056852
1744750820,DKK,5.641829,5.941137
1744750820,SEK,3.768928,3.971895
1744750820,CHF,45.430877,47.820378
1744750820,JPY,26.099058,27.585801
1744750820,CAD,26.776614,28.264925
1744750820,NOK,3.507568,3.695599
1744750820,SAR,9.979046,10.508338
1744750820,PLN,9.818221,10.33384
1744750820,RUB,0.263111,0.299487
1744750820,XAU,3833.344721,4068.876069
