zaman,kur,alis,satis
1741554143,USD,35.106122,37.640558
1741554143,EUR,38.170667,40.706817
1741554143,GBP,45.682193,48.337367
1741554143,AUD,22.500012,23.860507
1741554143,DKK,5.186191,5.488354
1741554143,SEK,3.539159,3.750281
1741554143,CHF,40.521665,42.917636
1741554143,JPY,24.110752,25.597323
1741554143,CAD,24.832254,26.362186
1741554143,NOK,3.285135,3.482873
1741554143,SAR,9.548297,10.082077
1741554143,PLN,9.264316,9.8349
1741554143,RUB,0.263606,0.299487
1741554143,XAU,3292.243043,3531.734569
1741554854,USD,35.106122,37.640558
1741554854,EUR,38.170667,40.706817
1741554854,GBP,45.682193,48.337367
1741554854,AUD,22.500012,23.860507
1741554854,DKK,5.186191,5.488354
1741554854,SEK,3.539159,3.750281
1741554854,CHF,40.521665,42.917636
1741554854,JPY,24.110752,25.597323
1741554854,CAD,24.832254,26.362186
1741554854,NOK,3.285135,3.482873
1741554854,SAR,9.548297,10.082077
1741554854,PLN,9.264316,9.8349
1741554854,RUB,0.263606,0.299487
1741554854,XAU,3292.243043,3531.734569
1741555577,USD,35.106122,37.640558
1741555577,EUR,38.170667,40.706817
1741555577,GBP,45.682193,48.337367
1741555577,AUD,22.500012,23.860507
1741555577,DKK,5.186191,5.488354
1741555577,SEK,3.539159,3.750281
1741555577,CHF,40.521665,42.917636
1741555577,JPY,24.110752,25.597323
1741555577,CAD,24.832254,26.362186
1741555577,NOK,3.285135,3.482873
1741555577,SAR,9.548297,10.082077
1741555577,PLN,9.264316,9.8349
1741555577,RUB,0.263606,0.299487
1741555577,XAU,3292.243043,3531.734569
