zaman,kur,alis,satis
1737752991,USD,34.488065,36.720549
1737752991,EUR,36.263432,38.538751
1737752991,GBP,43.243031,45.650666
1737752991,AUD,22.062729,23.342074
1737752991,DKK,4.918466,5.199545
1737752991,SEK,3.201321,3.38963
1737752991,CHF,38.559782,40.745126
1737752991,JPY,22.408437,23.791736
1737752991,CAD,24.396357,25.814362
1737752991,NOK,3.12226,3.305537
1737752991,SAR,9.352059,9.859231
1737752991,PLN,8.724964,9.217184
1737752991,RUB,0.263606,0.299487
1737752991,XAU,3068.629328,3289.802359
1737753770,USD,34.488263,36.72065
1737753770,EUR,36.248879,38.525015
1737753770,GBP,43.242734,45.651272
1737753770,AUD,22.057383,23.338438
1737753770,DKK,4.916396,5.197615
1737753770,SEK,3.2005,3.389236
1737753770,CHF,38.551268,40.742601
1737753770,JPY,22.405566,23.788807
1737753770,CAD,24.396258,25.81113
1737753770,NOK,3.122854,3.302709
1737753770,SAR,9.352029,9.85912
1737753770,PLN,8.718133,9.217992
1737753770,RUB,0.263606,0.299487
1737753770,XAU,3067.669381,3288.955177
1737754129,USD,34.488164,36.720145
1737754129,EUR,36.245711,38.520571
1737754129,GBP,43.232042,45.639859
1737754129,AUD,22.060947,23.340256
1737754129,DKK,4.920426,5.201251
1737754129,SEK,3.20343,3.390095
1737754129,CHF,38.593343,40.770174
1737754129,JPY,22.419901,23.799634
1737754129,CAD,24.397941,25.812645
1737754129,NOK,3.120577,3.303012
1737754129,SAR,9.352108,9.858877
1737754129,PLN,8.715064,9.219709
1737754129,RUB,0.263606,0.299487
1737754129,XAU,3067.542067,3288.319385
1737754516,USD,34.488857,36.720549
1737754516,EUR,36.247394,38.524308
1737754516,GBP,43.239368,45.64703
1737754516,AUD,22.060947,23.340256
1737754516,DKK,4.916159,5.197373
1737754516,SEK,3.199777,3.388499
1737754516,CHF,38.557604,40.744823
1737754516,JPY,22.414288,23.793504
1737754516,CAD,24.403188,25.821331
1737754516,NOK,3.122854,3.302608
1737754516,SAR,9.352108,9.858857
1737754516,PLN,8.720113,9.215164
1737754516,RUB,0.263606,0.299487
1737754516,XAU,3069.222294,3290.135841
