zaman,kur,alis,satis
1752181216,USD,38.912078,41.229492
1752181216,EUR,45.598835,48.059213
1752181216,GBP,53.066801,55.677744
1752181216,AUD,25.831263,27.189871
1752181216,DKK,6.159282,6.465529
1752181216,SEK,4.143089,4.34915
1752181216,CHF,49.288313,51.68383
1752181216,JPY,26.84235,28.311486
1752181216,CAD,28.81641,30.321689
1752181216,NOK,3.896539,4.092226
1752181216,SAR,10.550078,11.086987
1752181216,PLN,10.805845,11.34384
1752181216,RUB,0.264101,0.299487
1752181216,XAU,4153.826667,4392.49392
