zaman,kur,alis,satis
1751404070,USD,38.673488,40.988708
1751404070,EUR,45.680906,48.153345
1751404070,GBP,53.385482,56.015387
1751404070,AUD,25.713651,27.072711
1751404070,DKK,6.181953,6.48583
1751404070,SEK,4.128961,4.332859
1751404070,CHF,49.373057,51.792708
1751404070,JPY,27.234489,28.71892
1751404070,CAD,28.698501,30.209074
1751404070,NOK,3.882283,4.076672
1751404070,SAR,10.455186,10.983836
1751404070,PLN,10.856236,11.395552
1751404070,RUB,0.263111,0.299487
1751404070,XAU,4156.317785,4396.133409
