zaman,kur,alis,satis
1745442947,USD,37.092022,39.380344
1745442947,EUR,42.103838,44.498054
1745442947,GBP,49.462706,52.003667
1745442947,AUD,24.041541,25.361771
1745442947,DKK,5.710842,6.004777
1745442947,SEK,3.881976,4.082026
1745442947,CHF,45.355934,47.668474
1745442947,JPY,26.251587,27.709556
1745442947,CAD,27.077475,28.556613
1745442947,NOK,3.57469,3.761754
1745442947,SAR,10.079313,10.603167
1745442947,PLN,9.947218,10.461403
1745442947,RUB,0.263111,0.299487
1745442947,XAU,3928.74487,4164.038739
