zaman,kur,alis,satis
1743541385,USD,36.375597,39.10742
1743541385,EUR,39.319368,42.115271
1743541385,GBP,47.220447,50.257702
1743541385,AUD,23.108608,24.688245
1743541385,DKK,5.336319,5.691512
1743541385,SEK,3.689234,3.932979
1743541385,CHF,41.709129,44.460597
1743541385,JPY,24.686775,26.413057
1743541385,CAD,25.740725,27.488348
1743541385,NOK,3.526394,3.759428
1743541385,SAR,9.890155,10.526926
1743541385,PLN,9.530504,10.15975
1743541385,RUB,0.263184,0.300895
1743541385,XAU,3652.462231,3932.606804
1743542502,USD,36.380424,39.103664
1743542502,EUR,39.311488,42.107658
1743542502,GBP,47.208726,50.246233
1743542502,AUD,23.099251,24.680531
1743542502,DKK,5.34483,5.701195
1743542502,SEK,3.697065,3.93979
1743542502,CHF,41.786845,44.540884
1743542502,JPY,24.689829,26.405648
1743542502,CAD,25.724079,27.476067
1743542502,NOK,3.52472,3.757195
1743542502,SAR,9.889672,10.528316
1743542502,PLN,9.525382,10.160562
1743542502,RUB,0.263184,0.300895
1743542502,XAU,3653.652938,3933.901652
1743543223,USD,36.378749,39.105491
1743543223,EUR,39.318974,42.119737
1743543223,GBP,47.21434,50.257195
1743543223,AUD,23.112351,24.692001
1743543223,DKK,5.33431,5.689005
1743543223,SEK,3.690613,3.933872
1743543223,CHF,41.718585,44.472371
1743543223,JPY,24.694852,26.411839
1743543223,CAD,25.731368,27.485608
1743543223,NOK,3.530433,3.756079
1743543223,SAR,9.890155,10.528387
1743543223,PLN,9.540256,10.150716
1743543223,RUB,0.263184,0.300895
1743543223,XAU,3661.716814,3934.510569
