zaman,kur,alis,satis
1742763609,USD,35.293538,39.90323
1742763609,EUR,39.097114,42.641726
1742763609,GBP,46.814026,50.751134
1742763609,AUD,23.057282,25.027796
1742763609,DKK,5.286931,5.776765
1742763609,SEK,3.594848,3.939319
1742763609,CHF,41.222914,45.059348
1742763609,JPY,24.427587,26.756287
1742763609,CAD,25.319906,27.70911
1742763609,NOK,3.452444,3.786511
1742763609,SAR,9.695606,10.419706
1742763609,PLN,9.392496,10.30159
1742763609,RUB,0.260792,0.302303
1742763609,XAU,3525.22651,3864.615958
