zaman,kur,alis,satis
1745010796,USD,36.772668,39.245236
1745010796,EUR,42.008006,44.617436
1745010796,GBP,49.087199,51.871256
1745010796,AUD,23.79315,25.231279
1745010796,DKK,5.699675,6.028542
1745010796,SEK,3.882194,4.109801
1745010796,CHF,45.693425,48.27003
1745010796,JPY,26.237579,27.80283
1745010796,CAD,26.922243,28.545604
1745010796,NOK,3.562711,3.758926
1745010796,SAR,9.967601,10.526659
1745010796,PLN,9.969394,10.507762
1745010796,RUB,0.263606,0.299487
1745010796,XAU,3952.508699,4217.532225
