zaman,kur,alis,satis
1743973469,USD,36.516575,39.279586
1743973469,EUR,40.129184,43.047896
1743973469,GBP,47.60804,50.157084
1743973469,AUD,22.418931,23.82647
1743973469,DKK,5.463985,5.777325
1743973469,SEK,3.7192,3.945453
1743973469,CHF,43.189715,45.666048
1743973469,JPY,25.311642,26.848905
1743973469,CAD,26.10678,27.697709
1743973469,NOK,3.452405,3.665986
1743973469,SAR,9.93799,10.492319
1743973469,PLN,9.526963,10.174967
1743973469,RUB,0.263606,0.299487
1743973469,XAU,3587.295724,3834.767485
