zaman,kur,alis,satis
1738617041,USD,34.830011,37.106571
1738617041,EUR,35.82803,38.111622
1738617041,GBP,43.35203,45.788632
1738617041,AUD,21.780183,23.067253
1738617041,DKK,4.858491,5.138621
1738617041,SEK,3.162612,3.352836
1738617041,CHF,38.568692,40.782294
1738617041,JPY,22.799586,24.205331
1738617041,CAD,24.219741,25.641551
1738617041,NOK,3.089293,3.269379
1738617041,SAR,9.428863,9.944758
1738617041,PLN,8.565574,9.066694
1738617041,RUB,0.262616,0.299487
1738617041,XAU,3151.168299,3374.519801
1738617821,USD,34.830209,37.102834
1738617821,EUR,35.841791,38.128994
1738617821,GBP,43.363811,45.803681
1738617821,AUD,21.781371,23.065738
1738617821,DKK,4.860669,5.141298
1738617821,SEK,3.163236,3.354624
1738617821,CHF,38.574038,40.791384
1738617821,JPY,22.820505,24.225046
1738617821,CAD,24.217761,25.649126
1738617821,NOK,3.090877,3.271298
1738617821,SAR,9.42915,9.944869
1738617821,PLN,8.571811,9.067199
1738617821,RUB,0.262616,0.299487
1738617821,XAU,3143.473124,3379.621399
