zaman,kur,alis,satis
1751231492,USD,38.60003,41.155156
1751231492,EUR,45.301637,48.169404
1751231492,GBP,53.149169,56.243647
1751231492,AUD,25.618215,27.021908
1751231492,DKK,6.166034,6.480921
1751231492,SEK,4.137386,4.356049
1751231492,CHF,49.115063,51.609797
1751231492,JPY,27.132628,28.640726
1751231492,CAD,28.671078,30.2218
1751231492,NOK,3.890787,4.098266
1751231492,SAR,10.460829,11.006854
1751231492,PLN,10.83901,11.411611
1751231492,RUB,0.262616,0.299487
1751231492,XAU,4082.259985,4326.772948
