zaman,kur,alis,satis
1750194756,USD,38.290061,40.638682
1750194756,EUR,44.08463,46.564817
1750194756,GBP,51.732182,54.370703
1750194756,AUD,25.106583,26.467721
1750194756,DKK,5.973974,6.281588
1750194756,SEK,4.079887,4.291368
1750194756,CHF,47.536706,49.953902
1750194756,JPY,26.689593,28.195094
1750194756,CAD,28.455951,29.988591
1750194756,NOK,3.895945,4.096367
1750194756,SAR,10.381896,10.929296
1750194756,PLN,10.405588,10.946809
1750194756,RUB,0.262616,0.299487
1750194756,XAU,4168.638289,4414.088435
1750195765,USD,38.334037,40.64555
1750195765,EUR,44.108984,46.546334
1750195765,GBP,51.752279,54.339999
1750195765,AUD,25.1049,26.448632
1750195765,DKK,5.979033,6.281204
1750195765,SEK,4.081867,4.290318
1750195765,CHF,47.556011,49.925925
1750195765,JPY,26.71964,28.191993
1750195765,CAD,28.470504,29.973542
1750195765,NOK,3.897034,4.09869
1750195765,SAR,10.392054,10.932134
1750195765,PLN,10.415488,10.943375
1750195765,RUB,0.262616,0.299487
1750195765,XAU,4172.455163,4414.341388
1750196452,USD,38.333443,40.643924
1750196452,EUR,44.10641,46.540476
1750196452,GBP,51.757328,54.343837
1750196452,AUD,25.114602,26.460752
1750196452,DKK,5.977478,6.2798
1750196452,SEK,4.080679,4.290479
1750196452,CHF,47.541953,49.913098
1750196452,JPY,26.718382,28.191538
1750196452,CAD,28.474266,29.976572
1750196452,NOK,3.900598,4.096468
1750196452,SAR,10.390747,10.933295
1750196452,PLN,10.432912,10.963878
1750196452,RUB,0.262616,0.299487
1750196452,XAU,4172.378774,4414.382626
1750196904,USD,38.331443,40.646136
1750196904,EUR,44.092352,46.530982
1750196904,GBP,51.754655,54.346766
1750196904,AUD,25.104306,26.450147
1750196904,DKK,5.97634,6.279699
1750196904,SEK,4.078947,4.291005
1750196904,CHF,47.542943,49.916734
1750196904,JPY,26.713521,28.187064
1750196904,CAD,28.457634,29.962432
1750196904,NOK,3.89743,4.097983
1750196904,SAR,10.388658,10.936103
1750196904,PLN,10.411132,10.939941
1750196904,RUB,0.262616,0.299487
1750196904,XAU,4170.914027,4412.415503
