zaman,kur,alis,satis
1751317892,USD,38.668241,40.983153
1751317892,EUR,45.627149,48.088301
1751317892,GBP,53.2946,55.910751
1751317892,AUD,25.698702,27.055844
1751317892,DKK,6.175221,6.47775
1751317892,SEK,4.138396,4.342959
1751317892,CHF,49.299401,51.706656
1751317892,JPY,27.123114,28.601154
1751317892,CAD,28.7184,30.225234
1751317892,NOK,3.879412,4.072834
1751317892,SAR,10.45187,10.982624
1751317892,PLN,10.851088,11.385553
1751317892,RUB,0.263111,0.299487
1751317892,XAU,4102.644465,4340.338943
