zaman,kur,alis,satis
1737234417,USD,33.967127,36.674897
1737234417,EUR,34.460147,38.079605
1737234417,GBP,41.574683,44.425435
1737234417,AUD,21.401508,22.833842
1737234417,DKK,4.759382,5.073163
1737234417,SEK,3.088283,3.300982
1737234417,CHF,37.75808,40.21831
1737234417,JPY,22.115456,23.649993
1737234417,CAD,23.88819,25.479042
1737234417,NOK,3.016578,3.222667
1737234417,SAR,9.253237,9.817548
1737234417,PLN,8.337676,8.892974
1737234417,RUB,0.264101,0.299487
1737234417,XAU,2958.735563,3200.426331
1737235301,USD,33.967127,36.674897
1737235301,EUR,34.460147,38.079605
1737235301,GBP,41.574683,44.425435
1737235301,AUD,21.401508,22.833842
1737235301,DKK,4.759382,5.073163
1737235301,SEK,3.088283,3.300982
1737235301,CHF,37.75808,40.21831
1737235301,JPY,22.115456,23.649983
1737235301,CAD,23.88819,25.479042
1737235301,NOK,3.016578,3.222667
1737235301,SAR,9.253237,9.817548
1737235301,PLN,8.337676,8.892974
1737235301,RUB,0.264101,0.299487
1737235301,XAU,2958.735563,3200.426331
1737235651,USD,33.967127,36.674897
1737235651,EUR,34.460147,38.079605
1737235651,GBP,41.574683,44.425435
1737235651,AUD,21.401508,22.833842
1737235651,DKK,4.759382,5.073163
1737235651,SEK,3.088283,3.300982
1737235651,CHF,37.75808,40.21831
1737235651,JPY,22.115456,23.649983
1737235651,CAD,23.88819,25.479042
1737235651,NOK,3.016578,3.222667
1737235651,SAR,9.253237,9.817548
1737235651,PLN,8.337676,8.892974
1737235651,RUB,0.264101,0.299487
1737235651,XAU,2958.735563,3200.426331
1737236042,USD,33.967127,36.674897
1737236042,EUR,34.460147,38.079605
1737236042,GBP,41.574683,44.425435
1737236042,AUD,21.401508,22.833842
1737236042,DKK,4.759382,5.073163
1737236042,SEK,3.088283,3.300982
1737236042,CHF,37.75808,40.21831
1737236042,JPY,22.115456,23.649983
1737236042,CAD,23.88819,25.479042
1737236042,NOK,3.016578,3.222667
1737236042,SAR,9.253237,9.817548
1737236042,PLN,8.337676,8.892974
1737236042,RUB,0.264101,0.299487
1737236042,XAU,2958.735563,3200.426331
1737236396,USD,33.967127,36.674897
1737236396,EUR,34.460147,38.079605
1737236396,GBP,41.574683,44.425435
1737236396,AUD,21.401508,22.833842
1737236396,DKK,4.759382,5.073163
1737236396,SEK,3.088283,3.300982
1737236396,CHF,37.75808,40.21831
1737236396,JPY,22.115456,23.649983
1737236396,CAD,23.88819,25.479042
1737236396,NOK,3.016578,3.222667
1737236396,SAR,9.253237,9.817548
1737236396,PLN,8.337676,8.892974
1737236396,RUB,0.264101,0.299487
1737236396,XAU,2958.735563,3200.426331
