zaman,kur,alis,satis
1739912559,USD,35.160374,37.399067
1739912559,EUR,36.766451,39.030621
1739912559,GBP,44.496074,46.915691
1739912559,AUD,22.586439,23.860406
1739912559,DKK,4.986488,5.263144
1739912559,SEK,3.320844,3.508245
1739912559,CHF,39.388313,41.566761
1739912559,JPY,23.426949,24.814664
1739912559,CAD,25.119057,26.539946
1739912559,NOK,3.189679,3.368157
1739912559,SAR,9.515973,10.023679
1739912559,PLN,8.960188,9.45211
1739912559,RUB,0.262616,0.299487
1739912559,XAU,3308.017874,3530.843123
1739913520,USD,35.163047,37.404016
1739913520,EUR,36.734375,39.003654
1739913520,GBP,44.480333,46.904177
1739913520,AUD,22.582875,23.86283
1739913520,DKK,4.981984,5.259882
1739913520,SEK,3.316914,3.50573
1739913520,CHF,39.36485,41.557671
1739913520,JPY,23.422296,24.816179
1739913520,CAD,25.127472,26.552773
1739913520,NOK,3.1876,3.367248
1739913520,SAR,9.516894,10.025245
1739913520,PLN,8.952268,9.447464
1739913520,RUB,0.262616,0.299487
1739913520,XAU,3306.370113,3530.00828
1739914223,USD,35.162453,37.405127
1739914223,EUR,36.740414,39.009512
1739914223,GBP,44.482709,46.9065
1739914223,AUD,22.584657,23.864648
1739914223,DKK,4.982944,5.260872
1739914223,SEK,3.317844,3.506689
1739914223,CHF,39.364058,41.55252
1739914223,JPY,23.416851,24.810624
1739914223,CAD,25.126779,26.552066
1739914223,NOK,3.188491,3.367349
1739914223,SAR,9.516706,10.025245
1739914223,PLN,8.959594,9.453928
1739914223,RUB,0.262616,0.299487
1739914223,XAU,3306.070607,3529.732922
1739914582,USD,35.16374,37.404521
1739914582,EUR,36.744968,39.012744
1739914582,GBP,44.47172,46.895794
1739914582,AUD,22.604358,23.884747
1739914582,DKK,4.987964,5.265861
1739914582,SEK,3.321993,3.5088
1739914582,CHF,39.40841,41.58989
1739914582,JPY,23.41992,24.813856
1739914582,CAD,25.125096,26.550652
1739914582,NOK,3.186907,3.368965
1739914582,SAR,9.516626,10.025406
1739914582,PLN,8.961277,9.453928
1739914582,RUB,0.262616,0.299487
1739914582,XAU,3308.848917,3531.691278
