zaman,kur,alis,satis
1746652253,USD,37.502021,39.788646
1746652253,EUR,42.708431,45.103953
1746652253,GBP,50.271041,52.817929
1746652253,AUD,24.508029,25.827583
1746652253,DKK,5.788369,6.08488
1746652253,SEK,3.959117,4.161311
1746652253,CHF,46.416125,48.748467
1746652253,JPY,26.571704,28.047007
1746652253,CAD,27.537627,29.017476
1746652253,NOK,3.679333,3.872147
1746652253,SAR,10.170175,10.708156
1746652253,PLN,10.106113,10.625629
1746652253,RUB,0.262616,0.299487
1746652253,XAU,4101.510285,4339.542326
