zaman,kur,alis,satis
1746565780,USD,37.459402,39.748973
1746565780,EUR,42.63329,45.031536
1746565780,GBP,50.296286,52.848734
1746565780,AUD,24.620592,25.941612
1746565780,DKK,5.778845,6.07375
1746565780,SEK,3.967235,4.168926
1746565780,CHF,46.156844,48.483746
1746565780,JPY,26.613432,28.075762
1746565780,CAD,27.548913,29.031818
1746565780,NOK,3.686461,3.876793
1746565780,SAR,10.1311,10.653788
1746565780,PLN,10.074334,10.593814
1746565780,RUB,0.262616,0.299487
1746565780,XAU,4116.768551,4355.453361
