zaman,kur,alis,satis
1750713387,USD,38.513494,40.824129
1750713387,EUR,44.666453,47.107995
1750713387,GBP,52.332914,54.929536
1750713387,AUD,25.167864,26.49994
1750713387,DKK,6.05356,6.354197
1750713387,SEK,4.06278,4.265846
1750713387,CHF,48.058139,50.424259
1750713387,JPY,26.702513,28.166692
1750713387,CAD,28.386354,29.886379
1750713387,NOK,3.863275,4.056876
1750713387,SAR,10.408181,10.937941
1750713387,PLN,10.56874,11.100531
1750713387,RUB,0.263111,0.299487
1750713387,XAU,4197.658121,4437.585066
