zaman,kur,alis,satis
1741986111,USD,35.466779,37.721863
1741986111,EUR,38.661608,40.98285
1741986111,GBP,46.075817,48.53866
1741986111,AUD,22.698903,23.992817
1741986111,DKK,5.238879,5.527037
1741986111,SEK,3.545287,3.741757
1741986111,CHF,40.560176,42.775226
1741986111,JPY,24.190536,25.605393
1741986111,CAD,25.013127,26.445511
1741986111,NOK,3.376987,3.562582
1741986111,SAR,9.61629,10.127406
1741986111,PLN,9.353218,9.863079
1741986111,RUB,0.264101,0.299487
1741986111,XAU,3404.168241,3631.959425
