zaman,kur,alis,satis
1747343522,USD,37.554778,39.859195
1747343522,EUR,42.056021,44.456745
1747343522,GBP,50.16521,52.732079
1747343522,AUD,24.359232,25.702343
1747343522,DKK,5.702555,6.004727
1747343522,SEK,3.914686,4.119749
1747343522,CHF,45.466814,47.821287
1747343522,JPY,26.116185,27.591225
1747343522,CAD,27.133212,28.626707
1747343522,NOK,3.634585,3.828919
1747343522,SAR,10.18152,10.711863
1747343522,PLN,9.977017,10.506045
1747343522,RUB,0.262616,0.299487
1747343522,XAU,3890.817427,4129.323639
