zaman,kur,alis,satis
1737321105,USD,33.967127,36.674897
1737321105,EUR,34.460147,38.079605
1737321105,GBP,41.574683,44.425435
1737321105,AUD,21.401508,22.833842
1737321105,DKK,4.759382,5.073163
1737321105,SEK,3.088283,3.300982
1737321105,CHF,37.75808,40.21831
1737321105,JPY,22.115456,23.649983
1737321105,CAD,23.88819,25.479042
1737321105,NOK,3.016578,3.222667
1737321105,SAR,9.253237,9.817548
1737321105,PLN,8.337676,8.892974
1737321105,RUB,0.264101,0.299487
1737321105,XAU,2958.735563,3200.426331
1737321776,USD,33.967127,36.674897
1737321776,EUR,34.460147,38.079605
1737321776,GBP,41.574683,44.425435
1737321776,AUD,21.401508,22.833842
1737321776,DKK,4.759382,5.073163
1737321776,SEK,3.088283,3.300982
1737321776,CHF,37.75808,40.21831
1737321776,JPY,22.115456,23.649983
1737321776,CAD,23.88819,25.479042
1737321776,NOK,3.016578,3.222667
1737321776,SAR,9.278868,9.780966
1737321776,PLN,8.337676,8.892974
1737321776,RUB,0.264101,0.299487
1737321776,XAU,2958.735563,3200.426331
