zaman,kur,alis,satis
1737493949,USD,34.514993,36.74489
1737493949,EUR,36.002171,38.262617
1737493949,GBP,42.723776,45.117487
1737493949,AUD,21.908289,23.173202
1737493949,DKK,4.883251,5.158852
1737493949,SEK,3.17966,3.365885
1737493949,CHF,38.518301,40.687152
1737493949,JPY,22.464075,23.838499
1737493949,CAD,24.419325,25.835673
1737493949,NOK,3.08959,3.270187
1737493949,SAR,9.340644,9.847151
1737493949,PLN,8.57785,9.069724
1737493949,RUB,0.262616,0.299487
1737493949,XAU,3034.488838,3251.667453
1737494704,USD,34.5143,36.74388
1737494704,EUR,36.004943,38.266152
1737494704,GBP,42.726449,45.120921
1737494704,AUD,21.931455,23.196432
1737494704,DKK,4.883786,5.159336
1737494704,SEK,3.18069,3.366643
1737494704,CHF,38.528003,40.69705
1737494704,JPY,22.461204,23.835469
1737494704,CAD,24.415464,25.830522
1737494704,NOK,3.091966,3.268874
1737494704,SAR,9.340654,9.846879
1737494704,PLN,8.581018,9.067098
1737494704,RUB,0.262616,0.299487
1737494704,XAU,3035.083394,3252.26298
1737495048,USD,34.515092,36.743274
1737495048,EUR,36.014249,38.276757
1737495048,GBP,42.733973,45.127789
1737495048,AUD,21.915417,23.180373
1737495048,DKK,4.884964,5.16068
1737495048,SEK,3.181452,3.36743
1737495048,CHF,38.525033,40.698161
1737495048,JPY,22.461897,23.836984
1737495048,CAD,24.419127,25.83537
1737495048,NOK,3.092857,3.270086
1737495048,SAR,9.340654,9.846879
1737495048,PLN,8.5828,9.067199
1737495048,RUB,0.262616,0.299487
1737495048,XAU,3034.635886,3251.681415
