zaman,kur,alis,satis
1737062026,USD,34.321448,36.548344
1737062026,EUR,35.367581,37.618439
1737062026,GBP,42.166307,44.550372
1737062026,AUD,21.596439,22.875454
1737062026,DKK,4.781202,5.061063
1737062026,SEK,3.120033,3.30678
1737062026,CHF,38.118935,40.301837
1737062026,JPY,22.304784,23.687908
1737062026,CAD,24.194397,25.603575
1737062026,NOK,3.050188,3.229383
1737062026,SAR,9.302064,9.810993
1737062026,PLN,8.376385,8.864997
1737062026,RUB,0.262616,0.299487
1737062026,XAU,2985.802007,3206.677131
