zaman,kur,alis,satis
1745442947,USD,37.092022,39.380344
1745442947,EUR,42.103838,44.498054
1745442947,GBP,49.462706,52.003667
1745442947,AUD,24.041541,25.361771
1745442947,DKK,5.710842,6.004777
1745442947,SEK,3.881976,4.082026
1745442947,CHF,45.355934,47.668474
1745442947,JPY,26.251587,27.709556
1745442947,CAD,27.077475,28.556613
1745442947,NOK,3.57469,3.761754
1745442947,SAR,10.079313,10.603167
1745442947,PLN,9.947218,10.461403
1745442947,RUB,0.263111,0.299487
1745442947,XAU,3928.74487,4164.038739
1745443791,USD,37.092696,39.38001
1745443791,EUR,42.085622,44.478359
1745443791,GBP,49.433303,51.972357
1745443791,AUD,24.016692,25.347227
1745443791,DKK,5.708357,6.00208
1745443791,SEK,3.882174,4.082743
1745443791,CHF,45.35633,47.668272
1745443791,JPY,26.229669,27.686811
1745443791,CAD,27.066189,28.544392
1745443791,NOK,3.571918,3.759734
1745443791,SAR,10.076996,10.605308
1745443791,PLN,9.936724,10.450192
1745443791,RUB,0.263111,0.299487
1745443791,XAU,3923.325749,4157.380133
1745444296,USD,37.092527,39.379889
1745444296,EUR,42.077801,44.470481
1745444296,GBP,49.434986,51.974074
1745444296,AUD,24.009564,25.339349
1745444296,DKK,5.707694,6.001252
1745444296,SEK,3.879759,4.080834
1745444296,CHF,45.362765,47.673625
1745444296,JPY,26.237609,27.694204
1745444296,CAD,27.06807,28.544291
1745444296,NOK,3.571324,3.759936
1745444296,SAR,10.076808,10.605227
1745444296,PLN,9.938803,10.451808
1745444296,RUB,0.263111,0.299487
1745444296,XAU,3921.594915,4155.690316
1745444656,USD,37.093092,39.380455
1745444656,EUR,42.076613,44.471087
1745444656,GBP,49.426274,51.965186
1745444656,AUD,24.001545,25.331774
1745444656,DKK,5.706902,6.000687
1745444656,SEK,3.879174,4.080834
1745444656,CHF,45.345539,47.657263
1745444656,JPY,26.227966,27.685084
1745444656,CAD,27.060645,28.538635
1745444656,NOK,3.570631,3.75933
1745444656,SAR,10.07665,10.605338
1745444656,PLN,9.936229,10.451909
1745444656,RUB,0.263111,0.299487
1745444656,XAU,3919.845621,4154.788583
