zaman,kur,alis,satis
1738703679,USD,34.820804,37.056071
1738703679,EUR,36.169382,38.433913
1738703679,GBP,43.643486,46.054565
1738703679,AUD,22.040157,23.308037
1738703679,DKK,4.906665,5.182819
1738703679,SEK,3.213894,3.400043
1738703679,CHF,38.930339,41.112564
1738703679,JPY,22.858095,24.240277
1738703679,CAD,24.61188,26.035148
1738703679,NOK,3.136813,3.315132
1738703679,SAR,9.42516,9.93283
1738703679,PLN,8.701798,9.189813
1738703679,RUB,0.262616,0.299487
1738703679,XAU,3177.183006,3397.486893
1738704371,USD,34.82021,37.054657
1738704371,EUR,36.171659,38.436337
1738704371,GBP,43.646852,46.060322
1738704371,AUD,22.066095,23.338943
1738704371,DKK,4.906694,5.183374
1738704371,SEK,3.214488,3.400356
1738704371,CHF,38.934695,41.116402
1738704371,JPY,22.85265,24.234924
1738704371,CAD,24.618315,26.042117
1738704371,NOK,3.138001,3.316142
1738704371,SAR,9.424556,9.932921
1738704371,PLN,8.698531,9.18648
1738704371,RUB,0.262616,0.299487
1738704371,XAU,3175.819155,3395.917221
