zaman,kur,alis,satis
1742245349,USD,35.514398,37.762263
1742245349,EUR,38.82674,41.139804
1742245349,GBP,46.352819,48.817824
1742245349,AUD,22.95264,24.240469
1742245349,DKK,5.266104,5.549883
1742245349,SEK,3.568859,3.761209
1742245349,CHF,40.809953,43.030756
1742245349,JPY,24.150421,25.559115
1742245349,CAD,25.198455,26.626806
1742245349,NOK,3.412627,3.596821
1742245349,SAR,9.609142,10.119619
1742245349,PLN,9.386383,9.888531
1742245349,RUB,0.262616,0.299487
1742245349,XAU,3419.329141,3644.69567
1742246311,USD,35.51618,37.764182
1742246311,EUR,38.832383,41.144652
1742246311,GBP,46.360541,48.824793
1742246311,AUD,22.960857,24.24764
1742246311,DKK,5.262411,5.546106
1742246311,SEK,3.567047,3.760957
1742246311,CHF,40.800152,43.018434
1742246311,JPY,24.141363,25.549742
1742246311,CAD,25.212117,26.640239
1742246311,NOK,3.411142,3.599346
1742246311,SAR,9.609142,10.119619
1742246311,PLN,9.386779,9.888834
1742246311,RUB,0.262616,0.299487
1742246311,XAU,3419.893779,3645.20742
1742247512,USD,35.515586,37.76196
1742247512,EUR,38.852777,41.164953
1742247512,GBP,46.3646,48.828126
1742247512,AUD,22.986795,24.275112
1742247512,DKK,5.270193,5.553792
1742247512,SEK,3.570007,3.762603
1742247512,CHF,40.849652,43.065803
1742247512,JPY,24.11886,25.526815
1742247512,CAD,25.211325,26.640845
1742247512,NOK,3.413518,3.597831
1742247512,SAR,9.609142,10.119619
1742247512,PLN,9.388759,9.891561
1742247512,RUB,0.262616,0.299487
1742247512,XAU,3421.933668,3646.841062
