zaman,kur,alis,satis
1739998967,USD,35.190272,37.429973
1739998967,EUR,36.672401,38.933358
1739998967,GBP,44.437169,46.854081
1739998967,AUD,22.59129,23.863133
1739998967,DKK,4.974143,5.249974
1739998967,SEK,3.316894,3.504184
1739998967,CHF,39.363365,41.537269
1739998967,JPY,23.502971,24.893171
1739998967,CAD,25.062231,26.48278
1739998967,NOK,3.198292,3.376641
1739998967,SAR,9.547495,10.059221
1739998967,PLN,8.878711,9.367169
1739998967,RUB,0.262616,0.299487
1739998967,XAU,3301.762938,3523.783493
