zaman,kur,alis,satis
1739654637,USD,34.987421,37.261202
1739654637,EUR,36.710318,39.075364
1739654637,GBP,44.235308,47.030831
1739654637,AUD,22.50714,23.84465
1739654637,DKK,4.987053,5.274274
1739654637,SEK,3.317934,3.513971
1739654637,CHF,39.379502,41.646753
1739654637,JPY,23.277776,24.701817
1739654637,CAD,25.009266,26.482982
1739654637,NOK,3.184917,3.375177
1739654637,SAR,9.48855,10.003782
1739654637,PLN,8.926627,9.463422
1739654637,RUB,0.264101,0.299487
1739654637,XAU,3241.6223,3470.65669
