zaman,kur,alis,satis
1742505466,USD,36.757145,39.119602
1742505466,EUR,39.917621,42.378367
1742505466,GBP,47.831483,50.474224
1742505466,AUD,23.370717,24.728905
1742505466,DKK,5.397566,5.700717
1742505466,SEK,3.664424,3.871198
1742505466,CHF,42.051017,44.402235
1742505466,JPY,24.931254,26.420665
1742505466,CAD,25.996692,27.520959
1742505466,NOK,3.51133,3.718728
1742505466,SAR,9.975977,10.523528
1742505466,PLN,9.60151,10.166786
1742505466,RUB,0.262616,0.299487
1742505466,XAU,3584.08552,3836.094757
1742506263,USD,36.757244,39.119804
1742506263,EUR,39.924452,42.373418
1742506263,GBP,47.836631,50.467558
1742506263,AUD,23.457441,24.819199
1742506263,DKK,5.398071,5.70108
1742506263,SEK,3.665443,3.873269
1742506263,CHF,42.081608,44.433545
1742506263,JPY,24.947292,26.437128
1742506263,CAD,25.998474,27.518333
1742506263,NOK,3.517468,3.712567
1742506263,SAR,9.974511,10.524649
1742506263,PLN,9.61636,10.153252
1742506263,RUB,0.262616,0.299487
1742506263,XAU,3590.356371,3829.102994
