zaman,kur,alis,satis
1740690786,USD,35.310359,37.565414
1740690786,EUR,36.788231,39.067991
1740690786,GBP,44.740109,47.179402
1740690786,AUD,22.286271,23.571647
1740690786,DKK,4.97839,5.261094
1740690786,SEK,3.325814,3.516446
1740690786,CHF,39.64205,41.852692
1740690786,JPY,23.782656,25.194727
1740690786,CAD,24.806118,26.230381
1740690786,NOK,3.172948,3.357451
1740690786,SAR,9.575799,10.090026
1740690786,PLN,8.933062,9.432213
1740690786,RUB,0.264101,0.299487
1740690786,XAU,3266.245801,3491.488366
