zaman,kur,alis,satis
1741208504,USD,35.321051,37.562687
1741208504,EUR,38.147699,40.443106
1741208504,GBP,45.697934,48.142235
1741208504,AUD,22.606833,23.879899
1741208504,DKK,5.173084,5.453236
1741208504,SEK,3.499559,3.691852
1741208504,CHF,40.134872,42.326079
1741208504,JPY,24.021246,25.420563
1741208504,CAD,24.940362,26.355722
1741208504,NOK,3.270562,3.455017
1741208504,SAR,9.584174,10.094187
1741208504,PLN,9.289066,9.786622
1741208504,RUB,0.262616,0.299487
1741208504,XAU,3305.779376,3528.055444
1741209316,USD,35.316695,37.558849
1741209316,EUR,38.110772,40.406948
1741209316,GBP,45.679916,48.125671
1741209316,AUD,22.595349,23.870405
1741209316,DKK,5.166886,5.447742
1741209316,SEK,3.4935,3.688782
1741209316,CHF,40.133585,42.330624
1741209316,JPY,24.011247,25.412786
1741209316,CAD,24.933927,26.357338
1741209316,NOK,3.266998,3.451482
1741209316,SAR,9.584174,10.094187
1741209316,PLN,9.281443,9.780461
1741209316,RUB,0.262616,0.299487
1741209316,XAU,3306.032095,3528.490562
1741210637,USD,35.31719,37.562889
1741210637,EUR,38.090378,40.38695
1741210637,GBP,45.6815,48.128196
1741210637,AUD,22.582677,23.859093
1741210637,DKK,5.164946,5.445884
1741210637,SEK,3.494748,3.688509
1741210637,CHF,40.122794,42.320524
1741210637,JPY,24.013722,25.416119
1741210637,CAD,24.933036,26.356934
1741210637,NOK,3.267889,3.454815
1741210637,SAR,9.584174,10.094187
1741210637,PLN,9.277582,9.77733
1741210637,RUB,0.262616,0.299487
1741210637,XAU,3306.32428,3529.103624
1741210998,USD,35.31719,37.563596
1741210998,EUR,38.091566,40.388869
1741210998,GBP,45.684767,48.132236
1741210998,AUD,22.577628,23.853639
1741210998,DKK,5.164807,5.445601
1741210998,SEK,3.494797,3.689812
1741210998,CHF,40.131704,42.329109
1741210998,JPY,24.016494,25.419452
1741210998,CAD,24.923334,26.345622
1741210998,NOK,3.269077,3.454007
1741210998,SAR,9.549039,10.057302
1741210998,PLN,9.279166,9.777734
1741210998,RUB,0.262616,0.299487
1741210998,XAU,3303.212407,3526.032469
