zaman,kur,alis,satis
1742331613,USD,35.56964,37.817712
1742331613,EUR,39.012365,41.328775
1742331613,GBP,46.466768,48.93357
1742331613,AUD,22.89819,24.184919
1742331613,DKK,5.287003,5.571326
1742331613,SEK,3.594629,3.788499
1742331613,CHF,41.079134,43.303557
1742331613,JPY,24.094506,25.506514
1742331613,CAD,25.204494,26.632664
1742331613,NOK,3.415795,3.599447
1742331613,SAR,9.612894,10.127396
1742331613,PLN,9.442813,9.945899
1742331613,RUB,0.262616,0.299487
1742331613,XAU,3465.039323,3691.255255
1742332451,USD,35.571026,37.820035
1742332451,EUR,39.001079,41.316857
1742332451,GBP,46.464293,48.931651
1742332451,AUD,22.883637,24.168153
1742332451,DKK,5.285785,5.570326
1742332451,SEK,3.5915,3.785459
1742332451,CHF,41.073986,43.300224
1742332451,JPY,24.112425,25.524795
1742332451,CAD,25.191822,26.619938
1742332451,NOK,3.414904,3.598639
1742332451,SAR,9.627992,10.13794
1742332451,PLN,9.44014,9.942768
1742332451,RUB,0.262616,0.299487
1742332451,XAU,3465.739232,3691.741353
1742333290,USD,35.569442,37.819328
1742333290,EUR,38.990783,41.307161
1742333290,GBP,46.461521,48.928722
1742333290,AUD,22.890864,24.176839
1742333290,DKK,5.283835,5.568195
1742333290,SEK,3.589847,3.783843
1742333290,CHF,41.054483,43.28164
1742333290,JPY,24.105891,25.516614
1742333290,CAD,25.199346,26.623978
1742333290,NOK,3.413617,3.597629
1742333290,SAR,9.627992,10.13794
1742333290,PLN,9.432715,9.935496
1742333290,RUB,0.262616,0.299487
1742333290,XAU,3465.316231,3691.524444
