zaman,kur,alis,satis
1739049111,USD,35.0207,36.805
1739049111,EUR,35.1323,39.0026
1739049111,GBP,42.3569,46.6896
1739049111,AUD,22.2773,23.2336
1739049111,DKK,4.91924,5.12261
1739049111,SEK,3.24689,3.3873
1739049111,CHF,39.0373,40.6209
1739049111,JPY,23.46642,24.49781
1739049111,CAD,24.8786,25.9263
1739049111,NOK,3.15836,3.2936
1739049111,SAR,9.51227,9.86673
1739049111,PLN,8.7533,9.1297
1739049111,RUB,0.26642,0.29667
1739049111,XAU,3224.864777,3398.549035
