zaman,kur,alis,satis
1750281371,USD,38.320226,40.642258
1750281371,EUR,44.22125,46.675008
1750281371,GBP,51.80762,54.408275
1750281371,AUD,25.312107,26.658914
1750281371,DKK,5.994665,6.296001
1750281371,SEK,4.054692,4.260563
1750281371,CHF,47.513441,49.882697
1750281371,JPY,26.849815,28.324313
1750281371,CAD,28.42437,29.93799
1750281371,NOK,3.905152,4.103538
1750281371,SAR,10.386886,10.921317
1750281371,PLN,10.460335,10.992865
1750281371,RUB,0.263111,0.299487
1750281371,XAU,4184.869967,4427.716038
1750282232,USD,38.337452,40.648318
1750282232,EUR,44.238971,46.674503
1750282232,GBP,51.81752,54.403023
1750282232,AUD,25.327155,26.666792
1750282232,DKK,5.997199,6.296809
1750282232,SEK,4.056404,4.26028
1750282232,CHF,47.540171,49.895827
1750282232,JPY,26.857566,28.326676
1750282232,CAD,28.427439,29.935364
1750282232,NOK,3.907429,4.103336
1750282232,SAR,10.386886,10.918701
1750282232,PLN,10.464394,10.991148
1750282232,RUB,0.263111,0.299487
1750282232,XAU,4184.47975,4425.562853
1750282816,USD,38.318365,40.639187
1750282816,EUR,44.196401,46.650263
1750282816,GBP,51.776435,54.374945
1750282816,AUD,25.304781,26.651036
1750282816,DKK,5.995566,6.294455
1750282816,SEK,4.053058,4.257402
1750282816,CHF,47.502254,49.869365
1750282816,JPY,26.834846,28.308486
1750282816,CAD,28.407639,29.922234
1750282816,NOK,3.902974,4.101417
1750282816,SAR,10.393163,10.921812
1750282816,PLN,10.453108,10.986098
1750282816,RUB,0.263111,0.299487
1750282816,XAU,4181.981532,4424.909851
1750283174,USD,38.309802,40.644884
1750283174,EUR,44.133833,46.601076
1750283174,GBP,51.729707,54.346564
1750283174,AUD,25.307553,26.661843
1750283174,DKK,5.990061,6.292233
1750283174,SEK,4.050286,4.257473
1750283174,CHF,47.479385,49.8628
1750283174,JPY,26.811294,28.288933
1750283174,CAD,28.388829,29.913548
1750283174,NOK,3.896638,4.099902
1750283174,SAR,10.393163,10.921812
1750283174,PLN,10.443406,10.974685
1750283174,RUB,0.263111,0.299487
1750283174,XAU,4175.819534,4418.178509
1750283519,USD,38.314633,40.640319
1750283519,EUR,44.098292,46.555828
1750283519,GBP,51.693176,54.296569
1750283519,AUD,25.266072,26.614272
1750283519,DKK,5.979983,6.281588
1750283519,SEK,4.041851,4.246989
1750283519,CHF,47.432261,49.803715
1750283519,JPY,26.771822,28.24931
1750283519,CAD,28.367247,29.875976
1750283519,NOK,3.894955,4.092327
1750283519,SAR,10.387084,10.921054
1750283519,PLN,10.434496,10.96408
1750283519,RUB,0.263111,0.299487
1750283519,XAU,4170.121914,4412.225834
