zaman,kur,alis,satis
1752354690,USD,38.84852,41.28787
1752354690,EUR,45.570719,48.138902
1752354690,GBP,52.729706,55.457261
1752354690,AUD,25.910463,27.325211
1752354690,DKK,6.177894,6.495455
1752354690,SEK,4.126872,4.344151
1752354690,CHF,49.496411,51.984406
1752354690,JPY,26.732272,28.230454
1752354690,CAD,28.793937,30.350676
1752354690,NOK,3.887134,4.096751
1752354690,SAR,10.527159,11.066545
1752354690,PLN,10.805746,11.390502
1752354690,RUB,0.264596,0.299487
1752354690,XAU,4199.39224,4447.147315
