zaman,kur,alis,satis
1744233182,USD,36.783786,39.130763
1744233182,EUR,40.261349,42.69278
1744233182,GBP,47.139077,49.717532
1744233182,AUD,22.851957,24.156134
1744233182,DKK,5.455244,5.748106
1744233182,SEK,3.728536,3.933677
1744233182,CHF,43.417217,45.757453
1744233182,JPY,25.16232,26.622362
1744233182,CAD,26.303196,28.041917
1744233182,NOK,3.428269,3.652775
1744233182,SAR,9.9875,10.525639
1744233182,PLN,9.577156,10.204964
1744233182,RUB,0.262616,0.299487
1744233182,XAU,3596.651444,3866.269172
1744234021,USD,36.770659,39.121107
1744234021,EUR,40.301642,42.735806
1744234021,GBP,47.213723,49.799544
1744234021,AUD,22.904625,24.201281
1744234021,DKK,5.462035,5.752489
1744234021,SEK,3.739367,3.945049
1744234021,CHF,43.465232,45.783006
1744234021,JPY,25.145193,26.588527
1744234021,CAD,26.410908,27.919202
1744234021,NOK,3.4747,3.674591
1744234021,SAR,9.973185,10.524942
1744234021,PLN,9.611113,10.140526
1744234021,RUB,0.262616,0.299487
1744234021,XAU,3620.116369,3856.920627
