zaman,kur,alis,satis
1714393475.563,USD,31.7117,33.2452
1714393475.563,EUR,33.98591,35.53966
1714393475.563,GBP,39.8501,41.4286
1714393475.563,AUD,20.9506,21.7786
1714393475.563,DKK,4.58902,4.76815
1714393475.563,SEK,2.92745,3.04853
1714393475.563,CHF,34.9813,36.3818
1714393475.563,JPY,20.4634,21.3955
1714393475.563,CAD,23.348,24.4344
1714393475.563,NOK,2.9048,3.0185
1714393475.563,SAR,8.5365,8.85385
1714393475.563,PLN,7.8804,8.2497
1714393475.563,RUB,0.26542,0.29667
1714393475.563,XAU,2378.158479,2520.148885
1714393861,USD,31.8488,33.3639
1714393861,EUR,34.09322,35.64037
1714393861,GBP,39.926,41.5315
1714393861,AUD,21.0217,21.8379
1714393861,DKK,4.60325,4.78043
1714393861,SEK,2.93895,3.05877
1714393861,CHF,35.1272,36.5097
1714393861,JPY,20.5473,21.4679
1714393861,CAD,23.534,24.452
1714393861,NOK,2.9131,3.0278
1714393861,SAR,8.569,8.88395
1714393861,PLN,7.9551,8.2676
1714393861,RUB,0.26542,0.29667
1714393861,XAU,2384.40233,2525.4247
