zaman,kur,alis,satis
1746046807,USD,37.305575,39.58903
1746046807,EUR,42.431528,44.82388
1746046807,GBP,50.022254,52.5625
1746046807,AUD,24.169152,25.479335
1746046807,DKK,5.730582,6.030684
1746046807,SEK,3.920151,4.124466
1746046807,CHF,45.949835,48.283867
1746046807,JPY,26.465903,27.920818
1746046807,CAD,27.407244,28.884055
1746046807,NOK,3.623497,3.817102
1746046807,SAR,10.117091,10.640426
1746046807,PLN,9.992263,10.520589
1746046807,RUB,0.263111,0.299487
1746046807,XAU,3978.195218,4215.579128
1746047837,USD,37.305843,39.593524
1746047837,EUR,42.464,44.860038
1746047837,GBP,50.053142,52.599567
1746047837,AUD,24.209841,25.53337
1746047837,DKK,5.734186,6.034764
1746047837,SEK,3.925477,4.129738
1746047837,CHF,45.95429,48.295886
1746047837,JPY,26.466249,27.920697
1746047837,CAD,27.446448,28.929808
1746047837,NOK,3.627952,3.82498
1746047837,SAR,10.118566,10.642143
1746047837,PLN,10.006024,10.528164
1746047837,RUB,0.263111,0.299487
1746047837,XAU,3978.001383,4212.731377
