zaman,kur,alis,satis
1741296930,USD,35.299271,37.548143
1741296930,EUR,38.144135,40.446439
1741296930,GBP,45.717635,48.168293
1741296930,AUD,22.617426,23.904543
1741296930,DKK,5.159234,5.444459
1741296930,SEK,3.501678,3.699579
1741296930,CHF,40.356632,42.572923
1741296930,JPY,24.112722,25.527118
1741296930,CAD,25.02768,26.45349
1741296930,NOK,3.276403,3.459966
1741296930,SAR,9.568997,10.082562
1741296930,PLN,9.224914,9.736627
1741296930,RUB,0.262616,0.299487
1741296930,XAU,3301.870805,3528.392225
