zaman,kur,alis,satis
1736889137,USD,34.370552,36.600662
1736889137,EUR,35.374412,37.621873
1736889137,GBP,42.052655,44.432404
1736889137,AUD,21.533178,22.788594
1736889137,DKK,4.803546,5.077779
1736889137,SEK,3.113934,3.296609
1736889137,CHF,38.099531,40.255074
1736889137,JPY,22.009764,23.379858
1736889137,CAD,24.265875,25.677204
1736889137,NOK,3.052267,3.228373
1736889137,SAR,9.297807,9.802297
1736889137,PLN,8.400343,8.882369
1736889137,RUB,0.262616,0.299487
1736889137,XAU,2936.175694,3151.687055
