zaman,kur,alis,satis
1745528416,USD,37.179875,39.459922
1745528416,EUR,42.365198,44.757523
1745528416,GBP,49.767329,52.303839
1745528416,AUD,24.118365,25.461256
1745528416,DKK,5.736621,6.036713
1745528416,SEK,3.925902,4.129627
1745528416,CHF,45.448103,47.792906
1745528416,JPY,26.374387,27.847543
1745528416,CAD,27.155685,28.629535
1745528416,NOK,3.605974,3.7967
1745528416,SAR,10.077659,10.609469
1745528416,PLN,10.012162,10.532406
1745528416,RUB,0.262616,0.299487
1745528416,XAU,3992.06345,4229.003291
1745529499,USD,37.179925,39.461659
1745529499,EUR,42.380345,44.774996
1745529499,GBP,49.763567,52.302324
1745529499,AUD,24.123612,25.47176
1745529499,DKK,5.738126,6.036936
1745529499,SEK,3.92814,4.132021
1745529499,CHF,45.452261,47.779675
1745529499,JPY,26.386643,27.852683
1745529499,CAD,27.157665,28.632868
1745529499,NOK,3.606865,3.798518
1745529499,SAR,10.078838,10.607994
1745529499,PLN,10.008796,10.532103
1745529499,RUB,0.262616,0.299487
1745529499,XAU,3994.815342,4245.880353
