zaman,kur,alis,satis
1744406140,USD,36.844621,39.128773
1744406140,EUR,41.722589,44.111628
1744406140,GBP,48.318068,50.833986
1744406140,AUD,23.398041,24.713755
1744406140,DKK,5.646442,5.941359
1744406140,SEK,3.801222,4.003286
1744406140,CHF,45.574031,47.928448
1744406140,JPY,25.892049,27.385649
1744406140,CAD,26.894028,28.373601
1744406140,NOK,3.485491,3.682873
1744406140,SAR,9.972719,10.495642
1744406140,PLN,9.837724,10.37323
1744406140,RUB,0.263606,0.299487
1744406140,XAU,3837.130024,4075.286213
1744406899,USD,36.845265,39.1305
1744406899,EUR,41.768525,44.159805
1744406899,GBP,48.33965,50.857418
1744406899,AUD,23.41101,24.70921
1744406899,DKK,5.65265,5.947025
1744406899,SEK,3.806825,4.010992
1744406899,CHF,45.632243,47.968848
1744406899,JPY,25.92858,27.373398
1744406899,CAD,26.906205,28.380873
1744406899,NOK,3.488362,3.688731
1744406899,SAR,9.972719,10.495642
1744406899,PLN,9.849208,10.374846
1744406899,RUB,0.263606,0.299487
1744406899,XAU,3838.208084,4076.499131
