zaman,kur,alis,satis
1738271656,USD,34.654682,36.895077
1738271656,EUR,36.139385,38.406643
1738271656,GBP,43.307183,45.715407
1738271656,AUD,21.809091,23.086948
1738271656,DKK,4.889518,5.170911
1738271656,SEK,3.181531,3.368531
1738271656,CHF,38.490779,40.681395
1738271656,JPY,22.672767,24.064032
1738271656,CAD,24.383487,25.798707
1738271656,NOK,3.098698,3.284125
1738271656,SAR,9.393926,9.906782
1738271656,PLN,8.692789,9.188298
1738271656,RUB,0.262616,0.299487
1738271656,XAU,3099.804071,3322.758334
