zaman,kur,alis,satis
1739739785,USD,34.987421,37.261202
1739739785,EUR,36.710318,39.075364
1739739785,GBP,44.235308,47.030831
1739739785,AUD,22.50714,23.84465
1739739785,DKK,4.987053,5.274274
1739739785,SEK,3.317934,3.513971
1739739785,CHF,39.379502,41.646753
1739739785,JPY,23.277776,24.701817
1739739785,CAD,25.009266,26.482982
1739739785,NOK,3.184917,3.375177
1739739785,SAR,9.48855,10.003782
1739739785,PLN,8.926627,9.463422
1739739785,RUB,0.264101,0.299487
1739739785,XAU,3241.6223,3470.65669
