zaman,kur,alis,satis
1746911461,USD,37.45065,39.869719
1746911461,EUR,42.214421,44.751362
1746911461,GBP,50.083733,52.798941
1746911461,AUD,24.332304,25.739814
1746911461,DKK,5.730741,6.042895
1746911461,SEK,3.91229,4.133233
1746911461,CHF,45.668873,48.138831
1746911461,JPY,26.137718,27.645997
1746911461,CAD,27.260427,28.811032
1746911461,NOK,3.658899,3.87147
1746911461,SAR,10.162483,10.699622
1746911461,PLN,10.106707,10.669059
1746911461,RUB,0.264101,0.299487
1746911461,XAU,4025.264923,4272.079018
