zaman,kur,alis,satis
1739567680,USD,34.997321,37.232619
1739567680,EUR,36.801893,39.068395
1739567680,GBP,44.304212,46.721872
1739567680,AUD,22.549017,23.832631
1739567680,DKK,4.995339,5.276597
1739567680,SEK,3.323369,3.512184
1739567680,CHF,39.453158,41.646046
1739567680,JPY,23.278449,24.669123
1739567680,CAD,25.054806,26.486315
1739567680,NOK,3.195124,3.375934
1739567680,SAR,9.489817,9.996864
1739567680,PLN,8.970286,9.46726
1739567680,RUB,0.264101,0.299487
1739567680,XAU,3245.025741,3469.41424
1739568520,USD,34.998113,37.231912
1739568520,EUR,36.798824,39.065062
1739568520,GBP,44.292332,46.709449
1739568520,AUD,22.545948,23.829298
1739568520,DKK,4.995062,5.27586
1739568520,SEK,3.323289,3.511517
1739568520,CHF,39.446723,41.63231
1739568520,JPY,23.277736,24.669961
1739568520,CAD,25.055202,26.482881
1739568520,NOK,3.194035,3.375025
1739568520,SAR,9.489679,9.996894
1739568520,PLN,8.96989,9.467159
1739568520,RUB,0.264101,0.299487
1739568520,XAU,3246.297925,3471.028073
1739569243,USD,34.998212,37.233124
1739569243,EUR,36.798032,39.065062
1739569243,GBP,44.287679,46.705813
1739569243,AUD,22.549314,23.829096
1739569243,DKK,4.995042,5.276193
1739569243,SEK,3.323359,3.511618
1739569243,CHF,39.459791,41.645541
1739569243,JPY,23.278449,24.66983
1739569243,CAD,25.05639,26.484699
1739569243,NOK,3.194629,3.375328
1739569243,SAR,9.489738,9.997157
1739569243,PLN,8.967514,9.470391
1739569243,RUB,0.264101,0.299487
1739569243,XAU,3242.63733,3467.042847
