zaman,kur,alis,satis
1742418078,USD,36.514298,39.36797
1742418078,EUR,39.810107,42.855612
1742418078,GBP,47.597942,50.930749
1742418078,AUD,23.442294,24.981174
1742418078,DKK,5.404011,5.747144
1742418078,SEK,3.65789,3.899596
1742418078,CHF,41.995379,45.584202
1742418078,JPY,24.674349,26.394787
1742418078,CAD,25.817007,27.71855
1742418078,NOK,3.473116,3.746639
1742418078,SAR,9.988619,10.565212
1742418078,PLN,9.547951,10.302763
1742418078,RUB,0.262616,0.300895
1742418078,XAU,3541.2724,3861.469888
1742418918,USD,36.763481,39.295296
1742418918,EUR,40.1177,42.728534
1742418918,GBP,47.965826,50.787837
1742418918,AUD,23.573865,25.026443
1742418918,DKK,5.43386,5.756127
1742418918,SEK,3.680769,3.902915
1742418918,CHF,42.3299,44.852996
1742418918,JPY,24.904425,26.491314
1742418918,CAD,26.004315,27.609539
1742418918,NOK,3.517864,3.72502
1742418918,SAR,9.988619,10.565212
1742418918,PLN,9.700114,10.269573
1742418918,RUB,0.262616,0.300895
1742418918,XAU,3591.497136,3841.607291
1742419878,USD,36.751205,39.348482
1742419878,EUR,40.082555,42.768525
1742419878,GBP,47.932958,50.844372
1742419878,AUD,23.578914,25.051514
1742419878,DKK,5.432969,5.759791
1742419878,SEK,3.677135,3.902976
1742419878,CHF,42.327326,44.890754
1742419878,JPY,24.912147,26.520343
1742419878,CAD,25.979664,27.648414
1742419878,NOK,3.517369,3.726644
1742419878,SAR,9.988619,10.565212
1742419878,PLN,9.687442,10.262265
1742419878,RUB,0.262616,0.300895
1742419878,XAU,3589.782536,3842.852211
