zaman,kur,alis,satis
1744318808,USD,36.589903,39.255955
1744318808,EUR,41.102514,43.911313
1744318808,GBP,47.688815,50.699329
1744318808,AUD,23.057093,24.587557
1744318808,DKK,5.550872,5.903505
1744318808,SEK,3.750718,3.999248
1744318808,CHF,44.73761,47.563757
1744318808,JPY,25.531413,27.24759
1744318808,CAD,26.56714,28.310092
1744318808,NOK,3.429667,3.655797
1744318808,SAR,9.911057,10.543968
1744318808,PLN,9.72977,10.350976
1744318808,RUB,0.261214,0.300895
1744318808,XAU,3715.769563,3990.800032
