zaman,kur,alis,satis
1750453837,USD,38.433562,40.740551
1750453837,EUR,44.421428,46.85903
1750453837,GBP,52.027796,54.606942
1750453837,AUD,25.133313,26.47267
1750453837,DKK,6.025682,6.328593
1750453837,SEK,4.036891,4.240828
1750453837,CHF,47.685899,50.046418
1750453837,JPY,26.691969,28.157188
1750453837,CAD,28.375761,29.877188
1750453837,NOK,3.8509,4.045968
1750453837,SAR,10.406636,10.935346
1750453837,PLN,10.516765,11.055485
1750453837,RUB,0.264101,0.299487
1750453837,XAU,4165.114556,4405.769236
