zaman,kur,alis,satis
1736975355,USD,34.355108,36.580866
1736975355,EUR,35.350553,37.598845
1736975355,GBP,42.115619,44.496135
1736975355,AUD,21.63,22.887675
1736975355,DKK,4.796646,5.070123
1736975355,SEK,3.117647,3.30174
1736975355,CHF,38.073395,40.230329
1736975355,JPY,22.216674,23.583676
1736975355,CAD,24.298347,25.710029
1736975355,NOK,3.070384,3.246957
1736975355,SAR,9.324616,9.836496
1736975355,PLN,8.413807,8.89459
1736975355,RUB,0.262616,0.299487
1736975355,XAU,2963.428211,3179.518702
1736976165,USD,34.355207,36.580765
1736976165,EUR,35.372729,37.620257
1736976165,GBP,42.153437,44.535323
1736976165,AUD,21.645444,22.902825
1736976165,DKK,4.799745,5.073214
1736976165,SEK,3.120448,3.303952
1736976165,CHF,38.098937,40.255377
1736976165,JPY,22.233504,23.60024
1736976165,CAD,24.303099,25.713362
1736976165,NOK,3.07276,3.24928
1736976165,SAR,9.319864,9.841162
1736976165,PLN,8.42143,8.902468
1736976165,RUB,0.262616,0.299487
1736976165,XAU,2964.598227,3180.661699
