zaman,kur,alis,satis
1739826224,USD,35.132555,37.37311
1739826224,EUR,36.860897,39.132025
1739826224,GBP,44.528447,46.954879
1739826224,AUD,22.651977,23.934035
1739826224,DKK,4.999349,5.276931
1739826224,SEK,3.329724,3.51689
1739826224,CHF,39.513647,41.698364
1739826224,JPY,23.492883,24.884758
1739826224,CAD,25.114107,26.536411
1739826224,NOK,3.203143,3.382095
1739826224,SAR,9.507538,10.016559
1739826224,PLN,8.972761,9.473118
1739826224,RUB,0.262616,0.299487
1739826224,XAU,3268.100162,3490.640158
