zaman,kur,alis,satis
1743629526,USD,36.789617,39.068597
1743629526,EUR,39.997811,42.342815
1743629526,GBP,47.946323,50.451701
1743629526,AUD,23.437047,24.741631
1743629526,DKK,5.419564,5.705827
1743629526,SEK,3.761988,3.958846
1743629526,CHF,42.183677,44.424354
1743629526,JPY,24.821265,26.242097
1743629526,CAD,26.025204,27.474802
1743629526,NOK,3.579145,3.766804
1743629526,SAR,9.9727,10.512489
1743629526,PLN,9.704074,10.214458
1743629526,RUB,0.262616,0.299487
1743629526,XAU,3689.544831,3921.221665
1743630007,USD,36.788429,39.068193
1743630007,EUR,40.007117,42.353723
1743630007,GBP,47.961173,50.466245
1743630007,AUD,23.438136,24.732339
1743630007,DKK,5.420821,5.707039
1743630007,SEK,3.763216,3.960815
1743630007,CHF,42.184568,44.425263
1743630007,JPY,24.812949,26.231896
1743630007,CAD,26.039856,27.485609
1743630007,NOK,3.580432,3.771753
1743630007,SAR,9.971264,10.51357
1743630007,PLN,9.708628,10.21769
1743630007,RUB,0.262616,0.299487
1743630007,XAU,3692.643653,3923.549871
