zaman,kur,alis,satis
1741123702,USD,35.332337,37.576726
1741123702,EUR,37.365995,39.64662
1741123702,GBP,45.269165,47.706117
1741123702,AUD,22.246671,23.51337
1741123702,DKK,5.066807,5.345086
1741123702,SEK,3.40239,3.592721
1741123702,CHF,40.233872,42.428594
1741123702,JPY,24.011643,25.410968
1741123702,CAD,24.63762,26.051005
1741123702,NOK,3.197698,3.380479
1741123702,SAR,9.56179,10.070392
1741123702,PLN,9.04711,9.540182
1741123702,RUB,0.262616,0.299487
1741123702,XAU,3300.385082,3522.653161
