zaman,kur,alis,satis
1745183394,USD,36.763253,39.366951
1745183394,EUR,41.969396,44.748635
1745183394,GBP,49.125512,52.085174
1745183394,AUD,23.771865,25.261074
1745183394,DKK,5.694932,6.035511
1745183394,SEK,3.867096,4.124688
1745183394,CHF,45.623531,48.409713
1745183394,JPY,26.217323,27.843876
1745183394,CAD,26.902542,28.560249
1745183394,NOK,3.552831,3.778742
1745183394,SAR,9.962493,10.533547
1745183394,PLN,9.900391,10.569069
1745183394,RUB,0.263606,0.299487
1745183394,XAU,3952.508451,4217.532478
1745184268,USD,36.763253,39.366951
1745184268,EUR,41.969396,44.748635
1745184268,GBP,49.125512,52.085174
1745184268,AUD,23.771865,25.261074
1745184268,DKK,5.694932,6.035511
1745184268,SEK,3.867096,4.124688
1745184268,CHF,45.623531,48.409713
1745184268,JPY,26.217323,27.843876
1745184268,CAD,26.902542,28.560249
1745184268,NOK,3.552831,3.778742
1745184268,SAR,9.962493,10.533547
1745184268,PLN,9.900391,10.569069
1745184268,RUB,0.263606,0.299487
1745184268,XAU,3952.508451,4217.532478
