zaman,kur,alis,satis
1737148113,USD,34.332635,36.562888
1737148113,EUR,35.296499,37.55693
1737148113,GBP,41.929103,44.309689
1737148113,AUD,21.576045,22.841619
1737148113,DKK,4.796597,5.074163
1737148113,SEK,3.116577,3.302245
1737148113,CHF,38.01746,40.189222
1737148113,JPY,22.27551,23.650609
1737148113,CAD,24.106584,25.521967
1737148113,NOK,3.043951,3.221808
1737148113,SAR,9.306509,9.816478
1737148113,PLN,8.403115,8.896913
1737148113,RUB,0.264101,0.299487
1737148113,XAU,2989.186666,3208.656405
