zaman,kur,alis,satis
1750194756,USD,38.290061,40.638682
1750194756,EUR,44.08463,46.564817
1750194756,GBP,51.732182,54.370703
1750194756,AUD,25.106583,26.467721
1750194756,DKK,5.973974,6.281588
1750194756,SEK,4.079887,4.291368
1750194756,CHF,47.536706,49.953902
1750194756,JPY,26.689593,28.195094
1750194756,CAD,28.455951,29.988591
1750194756,NOK,3.895945,4.096367
1750194756,SAR,10.381896,10.929296
1750194756,PLN,10.405588,10.946809
1750194756,RUB,0.262616,0.299487
1750194756,XAU,4168.638289,4414.088435
