zaman,kur,alis,satis
1741899691,USD,35.499152,37.74176
1741899691,EUR,38.593199,40.898313
1741899691,GBP,46.149869,48.604007
1741899691,AUD,22.547532,23.83455
1741899691,DKK,5.218653,5.503847
1741899691,SEK,3.516102,3.71075
1741899691,CHF,40.548791,42.763005
1741899691,JPY,24.289437,25.701242
1741899691,CAD,24.903534,26.318554
1741899691,NOK,3.35491,3.539352
1741899691,SAR,9.622309,10.133961
1741899691,PLN,9.311242,9.815104
1741899691,RUB,0.264101,0.299487
1741899691,XAU,3390.635399,3618.48213
1741900532,USD,35.501429,37.746507
1741900532,EUR,38.604386,40.912453
1741900532,GBP,46.169075,48.626934
1741900532,AUD,22.52991,23.815966
1741900532,DKK,5.21903,5.505625
1741900532,SEK,3.517082,3.716355
1741900532,CHF,40.557107,42.778559
1741900532,JPY,24.273498,25.69094
1741900532,CAD,24.940659,26.363499
1741900532,NOK,3.35689,3.541271
1741900532,SAR,9.622309,10.133961
1741900532,PLN,9.313618,9.819245
1741900532,RUB,0.264101,0.299487
1741900532,XAU,3396.026191,3623.523655
1741901371,USD,35.499449,37.745396
1741901371,EUR,38.595278,40.902858
1741901371,GBP,46.166897,48.624207
1741901371,AUD,22.57743,23.867173
1741901371,DKK,5.22991,5.51721
1741901371,SEK,3.526309,3.720122
1741901371,CHF,40.654721,42.875418
1741901371,JPY,24.283794,25.699525
1741901371,CAD,24.948282,26.365822
1741901371,NOK,3.356494,3.54117
1741901371,SAR,9.622309,10.133961
1741901371,PLN,9.310351,9.817932
1741901371,RUB,0.264101,0.299487
1741901371,XAU,3392.632319,3620.812934
