zaman,kur,alis,satis
1741814012,USD,35.468066,37.722974
1741814012,EUR,38.746748,41.06365
1741814012,GBP,46.210655,48.676222
1741814012,AUD,22.657422,23.944337
1741814012,DKK,5.256046,5.539803
1741814012,SEK,3.567097,3.762007
1741814012,CHF,40.686005,42.913293
1741814012,JPY,24.231324,25.647813
1741814012,CAD,25.009167,26.435411
1741814012,NOK,3.381046,3.563693
1741814012,SAR,9.619299,10.133921
1741814012,PLN,9.350545,9.851363
1741814012,RUB,0.263111,0.299487
1741814012,XAU,3342.945834,3567.07742
