zaman,kur,alis,satis
1744059913,USD,37.21106,38.78885
1744059913,EUR,40.7816,42.3685
1744059913,GBP,47.6921,49.2889
1744059913,AUD,22.584,23.4239
1744059913,DKK,5.52185,5.70303
1744059913,SEK,3.73729,3.86583
1744059913,CHF,43.9348,45.3644
1744059913,JPY,25.4618,26.4021
1744059913,CAD,26.5758,27.526
1744059913,NOK,3.4316,3.5529
1744059913,SAR,10.05593,10.38039
1744059913,PLN,9.5831,9.9314
1744059913,RUB,0.26542,0.29667
1744059913,XAU,3547.319281,3714.607706
