zaman,kur,alis,satis
1737580083,USD,34.550643,36.770746
1737580083,EUR,36.001973,38.257567
1737580083,GBP,42.723083,45.110821
1737580083,AUD,21.963927,23.229964
1737580083,DKK,4.88439,5.158609
1737580083,SEK,3.179809,3.364825
1737580083,CHF,38.564633,40.72331
1737580083,JPY,22.333791,23.698311
1737580083,CAD,24.377844,25.786385
1737580083,NOK,3.102757,3.27958
1737580083,SAR,9.370849,9.881754
1737580083,PLN,8.631211,9.122648
1737580083,RUB,0.262616,0.299487
1737580083,XAU,3051.584562,3268.392548
1737580743,USD,34.549148,36.771453
1737580743,EUR,36.005834,38.261809
1737580743,GBP,42.739121,45.127688
1737580743,AUD,21.962145,23.221783
1737580743,DKK,4.884627,5.158852
1737580743,SEK,3.180522,3.364986
1737580743,CHF,38.570573,40.72937
1737580743,JPY,22.339533,23.704169
1737580743,CAD,24.39507,25.800727
1737580743,NOK,3.103549,3.280287
1737580743,SAR,9.370453,9.881643
1737580743,PLN,8.636161,9.122042
1737580743,RUB,0.262616,0.299487
1737580743,XAU,3053.475811,3271.255561
1737581077,USD,34.549346,36.772665
1737581077,EUR,36.012863,38.269889
1737581077,GBP,42.748031,45.137788
1737581077,AUD,21.96561,23.225217
1737581077,DKK,4.885578,5.160407
1737581077,SEK,3.1817,3.365996
1737581077,CHF,38.56988,40.737551
1737581077,JPY,22.339533,23.706492
1737581077,CAD,24.39507,25.806585
1737581077,NOK,3.104143,3.280893
1737581077,SAR,9.36976,9.881875
1737581077,PLN,8.63923,9.123052
1737581077,RUB,0.262616,0.299487
1737581077,XAU,3054.18495,3271.070148
1737581419,USD,34.548752,36.773372
1737581419,EUR,36.023654,38.280696
1737581419,GBP,42.751793,45.141424
1737581419,AUD,21.966006,23.226934
1737581419,DKK,4.886756,5.161619
1737581419,SEK,3.182511,3.366784
1737581419,CHF,38.57978,40.742904
1737581419,JPY,22.344879,23.711643
1737581419,CAD,24.405465,25.811736
1737581419,NOK,3.104737,3.281701
1737581419,SAR,9.369879,9.882734
1737581419,PLN,8.6422,9.126991
1737581419,RUB,0.262616,0.299487
1737581419,XAU,3054.752453,3271.83063
