zaman,kur,alis,satis
1744318808,USD,36.589903,39.255955
1744318808,EUR,41.102514,43.911313
1744318808,GBP,47.688815,50.699329
1744318808,AUD,23.057093,24.587557
1744318808,DKK,5.550872,5.903505
1744318808,SEK,3.750718,3.999248
1744318808,CHF,44.73761,47.563757
1744318808,JPY,25.531413,27.24759
1744318808,CAD,26.56714,28.310092
1744318808,NOK,3.429667,3.655797
1744318808,SAR,9.911057,10.543968
1744318808,PLN,9.72977,10.350976
1744318808,RUB,0.261214,0.300895
1744318808,XAU,3715.769563,3990.800032
1744319855,USD,36.591046,39.253214
1744319855,EUR,41.137383,43.942981
1744319855,GBP,47.686648,50.691919
1744319855,AUD,23.071966,24.600752
1744319855,DKK,5.555669,5.908966
1744319855,SEK,3.758549,4.001623
1744319855,CHF,44.793459,47.599688
1744319855,JPY,25.568843,27.284942
1744319855,CAD,26.531582,28.272537
1744319855,NOK,3.432031,3.659146
1744319855,SAR,9.910564,10.545328
1744319855,PLN,9.750258,10.375336
1744319855,RUB,0.261214,0.300895
1744319855,XAU,3712.414364,3988.068713
1744320556,USD,36.591824,39.252351
1744320556,EUR,41.201703,44.007434
1744320556,GBP,47.743581,50.748556
1744320556,AUD,23.141113,24.672005
1744320556,DKK,5.56417,5.917471
1744320556,SEK,3.765325,4.008799
1744320556,CHF,44.832662,47.64313
1744320556,JPY,25.552787,27.269311
1744320556,CAD,26.556995,28.291721
1744320556,NOK,3.439714,3.665033
1744320556,SAR,9.910761,10.545054
1744320556,PLN,9.766412,10.387922
1744320556,RUB,0.261214,0.300895
1744320556,XAU,3719.885737,3993.957855
1744321004,USD,36.590623,39.252209
1744321004,EUR,41.204166,44.011088
1744321004,GBP,47.730874,50.736782
1744321004,AUD,23.118655,24.650792
1744321004,DKK,5.56417,5.917735
1744321004,SEK,3.764636,4.008972
1744321004,CHF,44.866842,47.675508
1744321004,JPY,25.577806,27.293265
1744321004,CAD,26.535128,28.277815
1744321004,NOK,3.44001,3.666556
1744321004,SAR,9.910781,10.545044
1744321004,PLN,9.753311,10.377975
1744321004,RUB,0.261214,0.300895
1744321004,XAU,3724.567813,3999.807512
1744321348,USD,36.591204,39.253732
1744321348,EUR,41.215986,44.024384
1744321348,GBP,47.746536,50.75424
1744321348,AUD,23.135499,24.668148
1744321348,DKK,5.566672,5.919796
1744321348,SEK,3.765985,4.010017
1744321348,CHF,44.862606,47.661806
1744321348,JPY,25.574162,27.28951
1744321348,CAD,26.539363,28.282789
1744321348,NOK,3.439616,3.66615
1744321348,SAR,9.909382,10.546728
1744321348,PLN,9.751637,10.38305
1744321348,RUB,0.261214,0.300895
1744321348,XAU,3727.853026,4003.933208
