zaman,kur,alis,satis
1746393312,USD,37.295309,39.67591
1746393312,EUR,42.153041,44.795095
1746393312,GBP,49.647638,52.477559
1746393312,AUD,24.352995,25.742844
1746393312,DKK,5.730879,6.037239
1746393312,SEK,3.917022,4.134071
1746393312,CHF,45.713126,48.172767
1746393312,JPY,26.086871,27.603173
1746393312,CAD,27.372198,28.903043
1746393312,NOK,3.631823,3.832313
1746393312,SAR,10.118616,10.648182
1746393312,PLN,9.992758,10.557757
1746393312,RUB,0.264101,0.299487
1746393312,XAU,3908.419017,4151.68662
1746394069,USD,37.295309,39.67591
1746394069,EUR,42.153041,44.795095
1746394069,GBP,49.647638,52.477559
1746394069,AUD,24.352995,25.742844
1746394069,DKK,5.730879,6.037239
1746394069,SEK,3.917022,4.134071
1746394069,CHF,45.713126,48.172767
1746394069,JPY,26.086871,27.603173
1746394069,CAD,27.372198,28.903043
1746394069,NOK,3.631823,3.832313
1746394069,SAR,10.118616,10.648182
1746394069,PLN,9.992758,10.557757
1746394069,RUB,0.264101,0.299487
1746394069,XAU,3908.419017,4151.68662
