zaman,kur,alis,satis
1750281371,USD,38.320226,40.642258
1750281371,EUR,44.22125,46.675008
1750281371,GBP,51.80762,54.408275
1750281371,AUD,25.312107,26.658914
1750281371,DKK,5.994665,6.296001
1750281371,SEK,4.054692,4.260563
1750281371,CHF,47.513441,49.882697
1750281371,JPY,26.849815,28.324313
1750281371,CAD,28.42437,29.93799
1750281371,NOK,3.905152,4.103538
1750281371,SAR,10.386886,10.921317
1750281371,PLN,10.460335,10.992865
1750281371,RUB,0.263111,0.299487
1750281371,XAU,4184.869967,4427.716038
1750282232,USD,38.337452,40.648318
1750282232,EUR,44.238971,46.674503
1750282232,GBP,51.81752,54.403023
1750282232,AUD,25.327155,26.666792
1750282232,DKK,5.997199,6.296809
1750282232,SEK,4.056404,4.26028
1750282232,CHF,47.540171,49.895827
1750282232,JPY,26.857566,28.326676
1750282232,CAD,28.427439,29.935364
1750282232,NOK,3.907429,4.103336
1750282232,SAR,10.386886,10.918701
1750282232,PLN,10.464394,10.991148
1750282232,RUB,0.263111,0.299487
1750282232,XAU,4184.47975,4425.562853
