zaman,kur,alis,satis
1747343522,USD,37.554778,39.859195
1747343522,EUR,42.056021,44.456745
1747343522,GBP,50.16521,52.732079
1747343522,AUD,24.359232,25.702343
1747343522,DKK,5.702555,6.004727
1747343522,SEK,3.914686,4.119749
1747343522,CHF,45.466814,47.821287
1747343522,JPY,26.116185,27.591225
1747343522,CAD,27.133212,28.626707
1747343522,NOK,3.634585,3.828919
1747343522,SAR,10.18152,10.711863
1747343522,PLN,9.977017,10.506045
1747343522,RUB,0.262616,0.299487
1747343522,XAU,3890.817427,4129.323639
1747344510,USD,37.555263,39.85871
1747344510,EUR,42.050774,44.452301
1747344510,GBP,50.163923,52.729554
1747344510,AUD,24.348738,25.685981
1747344510,DKK,5.703239,6.00503
1747344510,SEK,3.912993,4.117567
1747344510,CHF,45.479783,47.825731
1747344510,JPY,26.119214,27.590538
1747344510,CAD,27.131529,28.620344
1747344510,NOK,3.631615,3.830535
1747344510,SAR,10.181649,10.711004
1747344510,PLN,9.973849,10.50251
1747344510,RUB,0.262616,0.299487
1747344510,XAU,3889.426204,4128.280005
