zaman,kur,alis,satis
1744492498,USD,36.702596,39.191514
1744492498,EUR,39.793772,45.443818
1744492498,GBP,48.213524,50.843884
1744492498,AUD,23.315772,24.810008
1744492498,DKK,5.646205,5.984446
1744492498,SEK,3.811429,4.035283
1744492498,CHF,45.499583,48.133478
1744492498,JPY,25.971091,27.502314
1744492498,CAD,26.895216,28.364915
1744492498,NOK,3.479264,3.702578
1744492498,SAR,9.925318,10.498682
1744492498,PLN,9.816142,10.465039
1744492498,RUB,0.263606,0.299487
1744492498,XAU,3822.880583,4085.690747
