zaman,kur,alis,satis
1747170778,USD,37.648789,39.946307
1747170778,EUR,42.172544,44.565926
1747170778,GBP,50.307473,52.865601
1747170778,AUD,24.683754,26.015342
1747170778,DKK,5.717811,6.012716
1747170778,SEK,3.924338,4.125627
1747170778,CHF,45.340688,47.657364
1747170778,JPY,25.831431,27.282852
1747170778,CAD,27.336954,28.816183
1747170778,NOK,3.679135,3.870026
1747170778,SAR,10.180837,10.706823
1747170778,PLN,10.066513,10.587653
1747170778,RUB,0.262616,0.299487
1747170778,XAU,3936.044099,4171.733186
1747171698,USD,37.646749,39.946075
1747171698,EUR,42.174128,44.569562
1747171698,GBP,50.3048,52.865298
1747171698,AUD,24.679992,26.011403
1747171698,DKK,5.718435,6.013332
1747171698,SEK,3.923625,4.124829
1747171698,CHF,45.35534,47.674938
1747171698,JPY,25.836787,27.290033
1747171698,CAD,27.341409,28.824061
1747171698,NOK,3.680125,3.869319
1747171698,SAR,10.180867,10.70649
1747171698,PLN,10.068592,10.585431
1747171698,RUB,0.262616,0.299487
1747171698,XAU,3935.714675,4169.849839
1747172238,USD,37.647007,39.946742
1747172238,EUR,42.178286,44.574208
1747172238,GBP,50.305097,52.866106
1747172238,AUD,24.675933,26.006656
1747172238,DKK,5.718287,6.01319
1747172238,SEK,3.92215,4.123203
1747172238,CHF,45.3494,47.673423
1747172238,JPY,25.841341,27.292669
1747172238,CAD,27.347448,28.828606
1747172238,NOK,3.679927,3.87043
1747172238,SAR,10.180689,10.706459
1747172238,PLN,10.06483,10.585734
1747172238,RUB,0.262616,0.299487
1747172238,XAU,3936.093434,4172.018286
1747172608,USD,37.646947,39.946125
1747172608,EUR,42.185909,44.581379
1747172608,GBP,50.308859,52.869237
1747172608,AUD,24.684348,26.014332
1747172608,DKK,5.719791,6.014584
1747172608,SEK,3.923041,4.124082
1747172608,CHF,45.3494,47.673423
1747172608,JPY,25.845509,27.299102
1747172608,CAD,27.353388,28.834161
1747172608,NOK,3.680521,3.870632
1747172608,SAR,10.180718,10.706783
1747172608,PLN,10.0678,10.587451
1747172608,RUB,0.262616,0.299487
1747172608,XAU,3937.057837,4172.718696
1747172946,USD,37.644928,39.949317
1747172946,EUR,42.188384,44.58956
1747172946,GBP,50.311136,52.878226
1747172946,AUD,24.685437,26.015039
1747172946,DKK,5.720514,6.014928
1747172946,SEK,3.923338,4.123991
1747172946,CHF,45.374447,47.690997
1747172946,JPY,25.859567,27.309505
1747172946,CAD,27.357843,28.842544
1747172946,NOK,3.680323,3.870733
1747172946,SAR,10.18156,10.706651
1747172946,PLN,10.068493,10.58937
1747172946,RUB,0.262616,0.299487
1747172946,XAU,3938.702098,4174.418904
