zaman,kur,alis,satis
1738184433,USD,34.676957,36.907904
1738184433,EUR,36.164333,38.429166
1738184433,GBP,43.317479,45.722376
1738184433,AUD,21.870471,23.133004
1738184433,DKK,4.907665,5.184344
1738184433,SEK,3.193867,3.380146
1738184433,CHF,38.73224,40.903696
1738184433,JPY,22.638117,24.015653
1738184433,CAD,24.379626,25.794465
1738184433,NOK,3.107905,3.285135
1738184433,SAR,9.407152,9.91877
1738184433,PLN,8.713579,9.201327
1738184433,RUB,0.262616,0.299487
1738184433,XAU,3060.116192,3277.899554
1738185379,USD,34.675274,36.90851
1738185379,EUR,36.170075,38.436438
1738185379,GBP,43.319459,45.726113
1738185379,AUD,21.867699,23.133004
1738185379,DKK,4.904675,5.181173
1738185379,SEK,3.193223,3.378924
1738185379,CHF,38.70947,40.890566
1738185379,JPY,22.639305,24.017875
1738185379,CAD,24.366855,25.782345
1738185379,NOK,3.108301,3.285943
1738185379,SAR,9.405816,9.918114
1738185379,PLN,8.712589,9.202034
1738185379,RUB,0.262616,0.299487
1738185379,XAU,3057.793984,3276.078552
