zaman,kur,alis,satis
1745270245,USD,37.042958,39.332712
1745270245,EUR,42.779909,45.193237
1745270245,GBP,49.780694,52.33424
1745270245,AUD,24.056886,25.374093
1745270245,DKK,5.800219,6.096596
1745270245,SEK,3.941772,4.144959
1745270245,CHF,46.545815,48.888352
1745270245,JPY,26.724807,28.193771
1745270245,CAD,27.120441,28.59469
1745270245,NOK,3.608944,3.800437
1745270245,SAR,10.027813,10.550738
1745270245,PLN,10.117894,10.642193
1745270245,RUB,0.262616,0.299487
1745270245,XAU,4082.179883,4321.617409
1745270981,USD,37.046294,39.335762
1745270981,EUR,42.778127,45.189096
1745270981,GBP,49.781387,52.334442
1745270981,AUD,24.06045,25.381264
1745270981,DKK,5.799189,6.096384
1745270981,SEK,3.94295,4.14716
1745270981,CHF,46.533836,48.882999
1745270981,JPY,26.713106,28.18766
1745270981,CAD,27.120936,28.596912
1745270981,NOK,3.609835,3.801447
1745270981,SAR,10.027546,10.551111
1745270981,PLN,10.116607,10.639365
1745270981,RUB,0.262616,0.299487
1745270981,XAU,4086.734859,4325.550681
