zaman,kur,alis,satis
1737580083,USD,34.550643,36.770746
1737580083,EUR,36.001973,38.257567
1737580083,GBP,42.723083,45.110821
1737580083,AUD,21.963927,23.229964
1737580083,DKK,4.88439,5.158609
1737580083,SEK,3.179809,3.364825
1737580083,CHF,38.564633,40.72331
1737580083,JPY,22.333791,23.698311
1737580083,CAD,24.377844,25.786385
1737580083,NOK,3.102757,3.27958
1737580083,SAR,9.370849,9.881754
1737580083,PLN,8.631211,9.122648
1737580083,RUB,0.262616,0.299487
1737580083,XAU,3051.584562,3268.392548
