zaman,kur,alis,satis
1738531244,USD,34.192451,36.955374
1738531244,EUR,35.412131,38.410885
1738531244,GBP,42.956822,45.578451
1738531244,AUD,21.715338,23.043518
1738531244,DKK,4.861105,5.159518
1738531244,SEK,3.148653,3.355916
1738531244,CHF,38.287928,40.746136
1738531244,JPY,22.497072,24.020552
1738531244,CAD,24.04857,25.629532
1738531244,NOK,3.086382,3.286791
1738531244,SAR,9.345614,9.910125
1738531244,PLN,8.58676,9.164361
1738531244,RUB,0.263606,0.299487
1738531244,XAU,3110.849187,3340.728071
