zaman,kur,alis,satis
1741899691,USD,35.499152,37.74176
1741899691,EUR,38.593199,40.898313
1741899691,GBP,46.149869,48.604007
1741899691,AUD,22.547532,23.83455
1741899691,DKK,5.218653,5.503847
1741899691,SEK,3.516102,3.71075
1741899691,CHF,40.548791,42.763005
1741899691,JPY,24.289437,25.701242
1741899691,CAD,24.903534,26.318554
1741899691,NOK,3.35491,3.539352
1741899691,SAR,9.622309,10.133961
1741899691,PLN,9.311242,9.815104
1741899691,RUB,0.264101,0.299487
1741899691,XAU,3390.635399,3618.48213
