zaman,kur,alis,satis
1741726906,USD,35.472422,37.720954
1741726906,EUR,38.858915,41.175861
1741726906,GBP,46.154918,48.616834
1741726906,AUD,22.58238,23.863436
1741726906,DKK,5.267262,5.551206
1741726906,SEK,3.588124,3.78255
1741726906,CHF,40.784609,43.003082
1741726906,JPY,24.392694,25.807797
1741726906,CAD,24.828789,26.248157
1741726906,NOK,3.378472,3.562683
1741726906,SAR,9.599786,10.108438
1741726906,PLN,9.353713,9.859342
1741726906,RUB,0.263111,0.299487
1741726906,XAU,3322.16246,3546.029394
1741728360,USD,35.470442,37.721055
1741728360,EUR,38.883764,41.203131
1741728360,GBP,46.18343,48.648245
1741728360,AUD,22.62594,23.904341
1741728360,DKK,5.27042,5.554428
1741728360,SEK,3.595233,3.790146
1741728360,CHF,40.727981,42.949653
1741728360,JPY,24.303693,25.715988
1741728360,CAD,24.859776,26.2828
1741728360,NOK,3.386095,3.570561
1741728360,SAR,9.599786,10.108438
1741728360,PLN,9.379651,9.884693
1741728360,RUB,0.263111,0.299487
1741728360,XAU,3320.469502,3544.206768
1741729116,USD,35.471729,37.721156
1741729116,EUR,38.868716,41.189698
1741729116,GBP,46.174025,48.638549
1741729116,AUD,22.608615,23.888484
1741729116,DKK,5.268242,5.551883
1741729116,SEK,3.595559,3.790994
1741729116,CHF,40.747088,42.962783
1741729116,JPY,24.313593,25.726997
1741729116,CAD,24.856905,26.283406
1741729116,NOK,3.385897,3.569248
1741729116,SAR,9.589134,10.10154
1741729116,PLN,9.376087,9.880956
1741729116,RUB,0.263111,0.299487
1741729116,XAU,3321.774471,3544.59123
1741729479,USD,35.471333,37.72156
1741729479,EUR,38.876933,41.196566
1741729479,GBP,46.191053,48.656426
1741729479,AUD,22.628514,23.908785
1741729479,DKK,5.269213,5.552873
1741729479,SEK,3.597717,3.793539
1741729479,CHF,40.72709,42.942482
1741729479,JPY,24.30201,25.714271
1741729479,CAD,24.896208,26.316736
1741729479,NOK,3.387679,3.570662
1741729479,SAR,9.589134,10.10154
1741729479,PLN,9.38074,9.883683
1741729479,RUB,0.263111,0.299487
1741729479,XAU,3321.993451,3545.705652
1741730075,USD,35.473412,37.721964
1741730075,EUR,38.830304,41.151621
1741730075,GBP,46.17353,48.64168
1741730075,AUD,22.634256,23.91434
1741730075,DKK,5.263243,5.546783
1741730075,SEK,3.59744,3.792529
1741730075,CHF,40.691153,42.905213
1741730075,JPY,24.289932,25.701646
1741730075,CAD,24.959172,26.384406
1741730075,NOK,3.383323,3.566622
1741730075,SAR,9.589134,10.10154
1741730075,PLN,9.373018,9.874593
1741730075,RUB,0.263111,0.299487
1741730075,XAU,3322.915522,3546.482371
