zaman,kur,alis,satis
1746652253,USD,37.502021,39.788646
1746652253,EUR,42.708431,45.103953
1746652253,GBP,50.271041,52.817929
1746652253,AUD,24.508029,25.827583
1746652253,DKK,5.788369,6.08488
1746652253,SEK,3.959117,4.161311
1746652253,CHF,46.416125,48.748467
1746652253,JPY,26.571704,28.047007
1746652253,CAD,27.537627,29.017476
1746652253,NOK,3.679333,3.872147
1746652253,SAR,10.170175,10.708156
1746652253,PLN,10.106113,10.625629
1746652253,RUB,0.262616,0.299487
1746652253,XAU,4101.510285,4339.542326
1746653174,USD,37.503674,39.788202
1746653174,EUR,42.672098,45.064361
1746653174,GBP,50.238767,52.782175
1746653174,AUD,24.503376,25.820614
1746653174,DKK,5.783825,6.078487
1746653174,SEK,3.954771,4.156523
1746653174,CHF,46.351874,48.673727
1746653174,JPY,26.544716,28.005244
1746653174,CAD,27.536835,29.008992
1746653174,NOK,3.678442,3.869521
1746653174,SAR,10.170056,10.708085
1746653174,PLN,10.102351,10.619367
1746653174,RUB,0.262616,0.299487
1746653174,XAU,4095.409081,4332.814556
1746653673,USD,37.502051,39.790141
1746653673,EUR,42.641507,45.039313
1746653673,GBP,50.21372,52.761369
1746653673,AUD,24.512484,25.837784
1746653673,DKK,5.781696,6.075417
1746653673,SEK,3.955088,4.157937
1746653673,CHF,46.320491,48.654133
1746653673,JPY,26.518333,27.977126
1746653673,CAD,27.531588,29.012426
1746653673,NOK,3.678343,3.871541
1746653673,SAR,10.170393,10.708449
1746653673,PLN,10.086907,10.610984
1746653673,RUB,0.262616,0.299487
1746653673,XAU,4089.932033,4327.996435
