zaman,kur,alis,satis
1744924566,USD,36.866213,39.193655
1744924566,EUR,41.936924,44.379682
1744924566,GBP,49.096703,51.69087
1744924566,AUD,23.851065,25.254105
1744924566,DKK,5.681657,6.001242
1744924566,SEK,3.884916,4.102417
1744924566,CHF,45.511364,47.999552
1744924566,JPY,26.184188,27.691356
1744924566,CAD,26.914719,28.433393
1744924566,NOK,3.543901,3.738827
1744924566,SAR,9.985728,10.52879
1744924566,PLN,9.903856,10.427164
1744924566,RUB,0.262616,0.299487
1744924566,XAU,3934.421636,4177.463347
