zaman,kur,alis,satis
1746046807,USD,37.305575,39.58903
1746046807,EUR,42.431528,44.82388
1746046807,GBP,50.022254,52.5625
1746046807,AUD,24.169152,25.479335
1746046807,DKK,5.730582,6.030684
1746046807,SEK,3.920151,4.124466
1746046807,CHF,45.949835,48.283867
1746046807,JPY,26.465903,27.920818
1746046807,CAD,27.407244,28.884055
1746046807,NOK,3.623497,3.817102
1746046807,SAR,10.117091,10.640426
1746046807,PLN,9.992263,10.520589
1746046807,RUB,0.263111,0.299487
1746046807,XAU,3978.195218,4215.579128
1746047837,USD,37.305843,39.593524
1746047837,EUR,42.464,44.860038
1746047837,GBP,50.053142,52.599567
1746047837,AUD,24.209841,25.53337
1746047837,DKK,5.734186,6.034764
1746047837,SEK,3.925477,4.129738
1746047837,CHF,45.95429,48.295886
1746047837,JPY,26.466249,27.920697
1746047837,CAD,27.446448,28.929808
1746047837,NOK,3.627952,3.82498
1746047837,SAR,10.118566,10.642143
1746047837,PLN,10.006024,10.528164
1746047837,RUB,0.263111,0.299487
1746047837,XAU,3978.001383,4212.731377
1746048627,USD,37.310525,39.597675
1746048627,EUR,42.423608,44.818123
1746048627,GBP,50.019383,52.564318
1746048627,AUD,24.193506,25.505292
1746048627,DKK,5.730721,6.030098
1746048627,SEK,3.922863,4.12688
1746048627,CHF,45.937163,48.278615
1746048627,JPY,26.452716,27.908839
1746048627,CAD,27.425856,28.904154
1746048627,NOK,3.623794,3.819324
1746048627,SAR,10.119962,10.643456
1746048627,PLN,9.996223,10.518973
1746048627,RUB,0.263111,0.299487
1746048627,XAU,3971.384875,4206.409176
1746049156,USD,37.304061,39.596221
1746049156,EUR,42.427766,44.828122
1746049156,GBP,50.012651,52.564318
1746049156,AUD,24.182418,25.495697
1746049156,DKK,5.730949,6.030754
1746049156,SEK,3.922794,4.127304
1746049156,CHF,45.947558,48.286695
1746049156,JPY,26.45823,27.916374
1746049156,CAD,27.421203,28.907184
1746049156,NOK,3.624487,3.817708
1746049156,SAR,10.118428,10.642759
1746049156,PLN,9.990877,10.524932
1746049156,RUB,0.263111,0.299487
1746049156,XAU,3972.015397,4208.457803
1746049498,USD,37.302011,39.593433
1746049498,EUR,42.423905,44.821052
1746049498,GBP,50.00879,52.556743
1746049498,AUD,24.181329,25.496101
1746049498,DKK,5.730513,6.031865
1746049498,SEK,3.922715,4.12795
1746049498,CHF,45.952211,48.291947
1746049498,JPY,26.457052,27.914839
1746049498,CAD,27.419718,28.905164
1746049498,NOK,3.622804,3.819627
1746049498,SAR,10.118309,10.642587
1746049498,PLN,9.995431,10.522609
1746049498,RUB,0.263111,0.299487
1746049498,XAU,3970.045213,4206.377029
