zaman,kur,alis,satis
1737839049,USD,34.469948,36.734992
1737839049,EUR,36.188687,38.51239
1737839049,GBP,43.193234,45.657029
1737839049,AUD,22.057284,23.393584
1737839049,DKK,4.911407,5.20007
1737839049,SEK,3.194589,3.394559
1737839049,CHF,38.512658,40.777648
1737839049,JPY,22.381945,23.78509
1737839049,CAD,24.35943,25.826583
1737839049,NOK,3.11533,3.309577
1737839049,SAR,9.347257,9.861049
1737839049,PLN,8.704471,9.226072
1737839049,RUB,0.263606,0.299487
1737839049,XAU,3066.30545,3291.541614
1737839967,USD,34.469948,36.734992
1737839967,EUR,36.188687,38.51239
1737839967,GBP,43.193234,45.657029
1737839967,AUD,22.057284,23.393584
1737839967,DKK,4.911407,5.20007
1737839967,SEK,3.194589,3.394559
1737839967,CHF,38.512658,40.777648
1737839967,JPY,22.381945,23.78509
1737839967,CAD,24.35943,25.826583
1737839967,NOK,3.11533,3.309577
1737839967,SAR,9.347257,9.861049
1737839967,PLN,8.704471,9.226072
1737839967,RUB,0.263606,0.299487
1737839967,XAU,3066.30545,3291.541614
1737840440,USD,34.469948,36.734992
1737840440,EUR,36.188687,38.51239
1737840440,GBP,43.193234,45.657029
1737840440,AUD,22.057284,23.393584
1737840440,DKK,4.911407,5.20007
1737840440,SEK,3.194589,3.394559
1737840440,CHF,38.512658,40.777648
1737840440,JPY,22.381945,23.78509
1737840440,CAD,24.35943,25.826583
1737840440,NOK,3.11533,3.309577
1737840440,SAR,9.347257,9.861049
1737840440,PLN,8.704471,9.226072
1737840440,RUB,0.263606,0.299487
1737840440,XAU,3066.30545,3291.541614
1737840809,USD,34.469948,36.734992
1737840809,EUR,36.188687,38.51239
1737840809,GBP,43.193234,45.657029
1737840809,AUD,22.057284,23.393584
1737840809,DKK,4.911407,5.20007
1737840809,SEK,3.194589,3.394559
1737840809,CHF,38.512658,40.777648
1737840809,JPY,22.381945,23.78509
1737840809,CAD,24.35943,25.826583
1737840809,NOK,3.11533,3.309577
1737840809,SAR,9.347257,9.861049
1737840809,PLN,8.704471,9.226072
1737840809,RUB,0.263606,0.299487
1737840809,XAU,3066.30545,3291.541614
1737841154,USD,34.469948,36.734992
1737841154,EUR,36.188687,38.51239
1737841154,GBP,43.193234,45.657029
1737841154,AUD,22.057284,23.393584
1737841154,DKK,4.911407,5.20007
1737841154,SEK,3.194589,3.394559
1737841154,CHF,38.512658,40.777648
1737841154,JPY,22.381945,23.78509
1737841154,CAD,24.35943,25.826583
1737841154,NOK,3.11533,3.309577
1737841154,SAR,9.347257,9.861049
1737841154,PLN,8.704471,9.226072
1737841154,RUB,0.263606,0.299487
1737841154,XAU,3066.30545,3291.541614
