zaman,kur,alis,satis
1745616371,USD,37.185003,39.473627
1745616371,EUR,42.3947,44.794893
1745616371,GBP,49.79495,52.337977
1745616371,AUD,24.111732,25.437824
1745616371,DKK,5.74372,6.044127
1745616371,SEK,3.899638,4.10263
1745616371,CHF,45.533441,47.869868
1745616371,JPY,26.243291,27.727181
1745616371,CAD,27.190731,28.670642
1745616371,NOK,3.611023,3.80276
1745616371,SAR,10.076887,10.601197
1745616371,PLN,10.024438,10.555434
1745616371,RUB,0.263606,0.299487
1745616371,XAU,3950.406627,4186.972506
1745616915,USD,37.156887,39.477536
1745616915,EUR,42.360842,44.799337
1745616915,GBP,49.751786,52.33727
1745616915,AUD,24.091536,25.438329
1745616915,DKK,5.741601,6.044915
1745616915,SEK,3.897202,4.10368
1745616915,CHF,45.508097,47.878251
1745616915,JPY,26.239925,27.733423
1745616915,CAD,27.166377,28.669329
1745616915,NOK,3.609241,3.803972
1745616915,SAR,10.076887,10.601197
1745616915,PLN,10.020577,10.551495
1745616915,RUB,0.263606,0.299487
1745616915,XAU,3946.794006,4187.953651
