zaman,kur,alis,satis
1739221784,USD,34.891391,37.123135
1739221784,EUR,36.004844,38.258678
1739221784,GBP,43.356386,45.754898
1739221784,AUD,22.188162,23.458527
1739221784,DKK,4.888785,5.164296
1739221784,SEK,3.239248,3.424445
1739221784,CHF,38.785205,40.951166
1739221784,JPY,23.252313,24.635995
1739221784,CAD,24.711276,26.122008
1739221784,NOK,3.154435,3.332605
1739221784,SAR,9.443436,9.950383
1739221784,PLN,8.715559,9.208094
1739221784,RUB,0.262616,0.299487
1739221784,XAU,3249.176209,3471.500157
1739222640,USD,34.888718,37.121519
1739222640,EUR,35.996429,38.256052
1739222640,GBP,43.341734,45.747121
1739222640,AUD,22.190637,23.46186
1739222640,DKK,4.888478,5.164184
1739222640,SEK,3.242139,3.427273
1739222640,CHF,38.783324,40.950762
1739222640,JPY,23.249541,24.635591
1739222640,CAD,24.704544,26.122715
1739222640,NOK,3.15394,3.332201
1739222640,SAR,9.443564,9.950656
1739222640,PLN,8.713579,9.200721
1739222640,RUB,0.262616,0.299487
1739222640,XAU,3253.74328,3475.42174
