zaman,kur,alis,satis
1736975355,USD,34.355108,36.580866
1736975355,EUR,35.350553,37.598845
1736975355,GBP,42.115619,44.496135
1736975355,AUD,21.63,22.887675
1736975355,DKK,4.796646,5.070123
1736975355,SEK,3.117647,3.30174
1736975355,CHF,38.073395,40.230329
1736975355,JPY,22.216674,23.583676
1736975355,CAD,24.298347,25.710029
1736975355,NOK,3.070384,3.246957
1736975355,SAR,9.324616,9.836496
1736975355,PLN,8.413807,8.89459
1736975355,RUB,0.262616,0.299487
1736975355,XAU,2963.428211,3179.518702
1736976165,USD,34.355207,36.580765
1736976165,EUR,35.372729,37.620257
1736976165,GBP,42.153437,44.535323
1736976165,AUD,21.645444,22.902825
1736976165,DKK,4.799745,5.073214
1736976165,SEK,3.120448,3.303952
1736976165,CHF,38.098937,40.255377
1736976165,JPY,22.233504,23.60024
1736976165,CAD,24.303099,25.713362
1736976165,NOK,3.07276,3.24928
1736976165,SAR,9.319864,9.841162
1736976165,PLN,8.42143,8.902468
1736976165,RUB,0.262616,0.299487
1736976165,XAU,2964.598227,3180.661699
1736976521,USD,34.354811,36.580563
1736976521,EUR,35.369363,37.61652
1736976521,GBP,42.146507,44.528051
1736976521,AUD,21.659106,22.919894
1736976521,DKK,4.79927,5.072668
1736976521,SEK,3.119983,3.303477
1736976521,CHF,38.099333,40.255781
1736976521,JPY,22.227069,23.595089
1736976521,CAD,24.308247,25.715079
1736976521,NOK,3.072463,3.24827
1736976521,SAR,9.319864,9.841162
1736976521,PLN,8.420539,8.901256
1736976521,RUB,0.262616,0.299487
1736976521,XAU,2965.624695,3181.805345
1736976911,USD,34.354811,36.576624
1736976911,EUR,35.361839,37.605713
1736976911,GBP,42.14423,44.52189
1736976911,AUD,21.643761,22.898179
1736976911,DKK,4.798329,5.071143
1736976911,SEK,3.119369,3.302447
1736976911,CHF,38.08775,40.243156
1736976911,JPY,22.221327,23.585595
1736976911,CAD,24.304485,25.70912
1736976911,NOK,3.071374,3.247361
1736976911,SAR,9.323101,9.836809
1736976911,PLN,8.417965,8.899135
1736976911,RUB,0.262616,0.299487
1736976911,XAU,2965.69249,3181.55986
1736977251,USD,34.354415,36.577432
1736977251,EUR,35.372432,37.616217
1736977251,GBP,42.167198,44.544817
1736977251,AUD,21.645444,22.899997
1736977251,DKK,4.799972,5.07283
1736977251,SEK,3.120448,3.303538
1736977251,CHF,38.0927,40.248105
1736977251,JPY,22.224198,23.589231
1736977251,CAD,24.304584,25.712453
1736977251,NOK,3.072067,3.248371
1736977251,SAR,9.323052,9.83691
1736977251,PLN,8.418064,8.904286
1736977251,RUB,0.262616,0.299487
1736977251,XAU,2962.549744,3178.379278
