zaman,kur,alis,satis
1741467701,USD,35.106122,37.640558
1741467701,EUR,38.170667,40.706817
1741467701,GBP,45.682193,48.337367
1741467701,AUD,22.500012,23.860507
1741467701,DKK,5.186191,5.488354
1741467701,SEK,3.539159,3.750281
1741467701,CHF,40.521665,42.917636
1741467701,JPY,24.110752,25.597323
1741467701,CAD,24.832254,26.362186
1741467701,NOK,3.285135,3.482873
1741467701,SAR,9.548297,10.082077
1741467701,PLN,9.264316,9.8349
1741467701,RUB,0.263606,0.299487
1741467701,XAU,3292.243043,3531.734569
1741469444,USD,35.106122,37.640558
1741469444,EUR,38.170667,40.706817
1741469444,GBP,45.682193,48.337367
1741469444,AUD,22.500012,23.860507
1741469444,DKK,5.186191,5.488354
1741469444,SEK,3.539159,3.750281
1741469444,CHF,40.521665,42.917636
1741469444,JPY,24.110752,25.597323
1741469444,CAD,24.832254,26.362186
1741469444,NOK,3.285135,3.482873
1741469444,SAR,9.548297,10.082077
1741469444,PLN,9.264316,9.8349
1741469444,RUB,0.263606,0.299487
1741469444,XAU,3292.243043,3531.734569
1741469805,USD,35.106122,37.640558
1741469805,EUR,38.170667,40.706817
1741469805,GBP,45.682193,48.337367
1741469805,AUD,22.500012,23.860507
1741469805,DKK,5.186191,5.488354
1741469805,SEK,3.539159,3.750281
1741469805,CHF,40.521665,42.917636
1741469805,JPY,24.110752,25.597323
1741469805,CAD,24.832254,26.362186
1741469805,NOK,3.285135,3.482873
1741469805,SAR,9.548297,10.082077
1741469805,PLN,9.264316,9.8349
1741469805,RUB,0.263606,0.299487
1741469805,XAU,3292.243043,3531.734569
1741470163,USD,35.106122,37.640558
1741470163,EUR,38.170667,40.706817
1741470163,GBP,45.682193,48.337367
1741470163,AUD,22.500012,23.860507
1741470163,DKK,5.186191,5.488354
1741470163,SEK,3.539159,3.750281
1741470163,CHF,40.521665,42.917636
1741470163,JPY,24.110752,25.597323
1741470163,CAD,24.832254,26.362186
1741470163,NOK,3.285135,3.482873
1741470163,SAR,9.548297,10.082077
1741470163,PLN,9.264316,9.8349
1741470163,RUB,0.263606,0.299487
1741470163,XAU,3292.243043,3531.734569
