zaman,kur,alis,satis
1750368398,USD,38.40994,40.713433
1750368398,EUR,44.207885,46.636224
1750368398,GBP,51.934538,54.513113
1750368398,AUD,25.159647,26.506202
1750368398,DKK,5.989933,6.293789
1750368398,SEK,4.041366,4.247817
1750368398,CHF,47.552051,49.92845
1750368398,JPY,26.729074,28.202123
1750368398,CAD,28.373385,29.863048
1750368398,NOK,3.855355,4.056977
1750368398,SAR,10.400449,10.936537
1750368398,PLN,10.412518,10.960343
1750368398,RUB,0.264101,0.299487
1750368398,XAU,4158.295179,4403.948163
