zaman,kur,alis,satis
1740862960,USD,35.063453,37.703885
1740862960,EUR,36.184034,39.230803
1740862960,GBP,44.211746,47.087997
1740862960,AUD,22.057284,23.575081
1740862960,DKK,4.949918,5.276406
1740862960,SEK,3.303311,3.532596
1740862960,CHF,39.35891,41.964499
1740862960,JPY,23.612307,25.238167
1740862960,CAD,24.600495,26.264216
1740862960,NOK,3.156049,3.375853
1740862960,SAR,9.509677,10.111963
1740862960,PLN,8.798917,9.410195
1740862960,RUB,0.263606,0.299487
1740862960,XAU,3223.748111,3480.814182
