zaman,kur,alis,satis
1751058047,USD,38.730215,41.047793
1751058047,EUR,45.441227,47.892361
1751058047,GBP,53.306876,55.913781
1751058047,AUD,25.556043,26.901516
1751058047,DKK,6.157104,6.455833
1751058047,SEK,4.138366,4.341343
1751058047,CHF,49.03319,51.420725
1751058047,JPY,27.0948,28.564289
1751058047,CAD,28.56594,30.058079
1751058047,NOK,3.881986,4.079702
1751058047,SAR,10.475362,11.003288
1751058047,PLN,10.829308,11.364949
1751058047,RUB,0.262616,0.299487
1751058047,XAU,4084.390327,4321.163808
1751059086,USD,38.729423,41.04345
1751059086,EUR,45.409943,47.859233
1751059086,GBP,53.285096,55.89247
1751059086,AUD,25.543173,26.884952
1751059086,DKK,6.15255,6.45149
1751059086,SEK,4.134941,4.337778
1751059086,CHF,49.056059,51.426078
1751059086,JPY,27.103215,28.573379
1751059086,CAD,28.558614,30.059594
1751059086,NOK,3.88159,4.073541
1751059086,SAR,10.475362,11.003288
1751059086,PLN,10.821091,11.35697
1751059086,RUB,0.262616,0.299487
1751059086,XAU,4081.033563,4317.568553
