zaman,kur,alis,satis
1751490613,USD,38.613989,40.946086
1751490613,EUR,45.67358,48.146275
1751490613,GBP,52.917014,55.541697
1751490613,AUD,25.621284,26.992113
1751490613,DKK,6.162945,6.473003
1751490613,SEK,4.108666,4.32188
1751490613,CHF,49.211291,51.647167
1751490613,JPY,27.106383,28.599538
1751490613,CAD,28.769781,30.28442
1751490613,NOK,3.873373,4.070713
1751490613,SAR,10.453751,10.999349
1751490613,PLN,10.803469,11.343436
1751490613,RUB,0.264596,0.299487
1751490613,XAU,4163.778146,4404.305174
1751491726,USD,38.613989,40.950429
1751491726,EUR,45.680807,48.154355
1751491726,GBP,52.924142,55.549373
1751491726,AUD,25.632768,26.999991
1751491726,DKK,6.163935,6.474114
1751491726,SEK,4.111419,4.322395
1751491726,CHF,49.217726,51.650601
1751491726,JPY,27.113313,28.608325
1751491726,CAD,28.776216,30.28543
1751491726,NOK,3.873967,4.07142
1751491726,SAR,10.453751,10.999349
1751491726,PLN,10.802776,11.345658
1751491726,RUB,0.264596,0.299487
1751491726,XAU,4165.009719,4408.609771
1751492333,USD,38.614979,40.946793
1751492333,EUR,45.685064,48.157991
1751492333,GBP,52.929191,55.55008
1751492333,AUD,25.629303,26.994941
1751492333,DKK,6.164826,6.474518
1751492333,SEK,4.112983,4.321375
1751492333,CHF,49.236833,51.669387
1751492333,JPY,27.123411,28.616809
1751492333,CAD,28.774335,30.286743
1751492333,NOK,3.874462,4.071723
1751492333,SAR,10.453751,10.999349
1751492333,PLN,10.803865,11.348587
1751492333,RUB,0.264596,0.299487
1751492333,XAU,4166.604285,4406.698427
1751492737,USD,38.614484,40.945177
1751492737,EUR,45.690707,48.166374
1751492737,GBP,52.938299,55.561291
1751492737,AUD,25.632867,27.003526
1751492737,DKK,6.165321,6.475023
1751492737,SEK,4.113725,4.321951
1751492737,CHF,49.242773,51.656964
1751492737,JPY,27.126975,28.613173
1751492737,CAD,28.782255,30.293005
1751492737,NOK,3.875947,4.073844
1751492737,SAR,10.453751,10.999349
1751492737,PLN,10.803865,11.348688
1751492737,RUB,0.264596,0.299487
1751492737,XAU,4166.066052,4406.217567
