zaman,kur,alis,satis
1751317892,USD,38.668241,40.983153
1751317892,EUR,45.627149,48.088301
1751317892,GBP,53.2946,55.910751
1751317892,AUD,25.698702,27.055844
1751317892,DKK,6.175221,6.47775
1751317892,SEK,4.138396,4.342959
1751317892,CHF,49.299401,51.706656
1751317892,JPY,27.123114,28.601154
1751317892,CAD,28.7184,30.225234
1751317892,NOK,3.879412,4.072834
1751317892,SAR,10.45187,10.982624
1751317892,PLN,10.851088,11.385553
1751317892,RUB,0.263111,0.299487
1751317892,XAU,4102.644465,4340.338943
1751318942,USD,38.646956,40.977295
1751318942,EUR,45.641405,48.126075
1751318942,GBP,53.289254,55.930042
1751318942,AUD,25.709394,27.074529
1751318942,DKK,6.177399,6.482901
1751318942,SEK,4.138881,4.345434
1751318942,CHF,49.312172,51.723119
1751318942,JPY,27.113214,28.601659
1751318942,CAD,28.72731,30.247555
1751318942,NOK,3.880402,4.07546
1751318942,SAR,10.45187,10.982624
1751318942,PLN,10.859206,11.398582
1751318942,RUB,0.263111,0.299487
1751318942,XAU,4102.277336,4341.73764
1751319556,USD,38.646659,40.980628
1751319556,EUR,45.631802,48.113652
1751319556,GBP,53.285888,55.923477
1751319556,AUD,25.710681,27.074327
1751319556,DKK,6.175122,6.481689
1751319556,SEK,4.136852,4.343929
1751319556,CHF,49.314548,51.722715
1751319556,JPY,27.122124,28.603376
1751319556,CAD,28.730775,30.247252
1751319556,NOK,3.87961,4.074551
1751319556,SAR,10.445662,10.981604
1751319556,PLN,10.856335,11.394946
1751319556,RUB,0.263111,0.299487
1751319556,XAU,4102.077056,4341.43017
