zaman,kur,alis,satis
1745961293,USD,37.69113,39.21165
1745961293,EUR,43.0021,44.5291
1745961293,GBP,50.7444,52.2692
1745961293,AUD,24.3947,25.2177
1745961293,DKK,5.83209,6.01052
1745961293,SEK,3.97298,4.0949
1745961293,CHF,46.3776,47.7773
1745961293,JPY,26.87014,27.7945
1745961293,CAD,27.5452,28.4705
1745961293,NOK,3.6793,3.7948
1745961293,SAR,10.23081,10.56602
1745961293,PLN,10.1808,10.4935
1745961293,RUB,0.26592,0.29667
1745961293,XAU,4027.837631,4181.618352
