zaman,kur,alis,satis
1741640452,USD,35.449058,37.690654
1741640452,EUR,38.454005,40.755297
1741640452,GBP,45.863066,48.310299
1741640452,AUD,22.556046,23.826874
1741640452,DKK,5.213317,5.494
1741640452,SEK,3.545683,3.73811
1741640452,CHF,40.709468,42.914707
1741640452,JPY,24.38517,25.790627
1741640452,CAD,24.873636,26.290981
1741640452,NOK,3.329071,3.511375
1741640452,SAR,9.58756,10.097854
1741640452,PLN,9.260158,9.760362
1741640452,RUB,0.263111,0.299487
1741640452,XAU,3282.459589,3505.576399
