zaman,kur,alis,satis
1752181216,USD,38.912078,41.229492
1752181216,EUR,45.598835,48.059213
1752181216,GBP,53.066801,55.677744
1752181216,AUD,25.831263,27.189871
1752181216,DKK,6.159282,6.465529
1752181216,SEK,4.143089,4.34915
1752181216,CHF,49.288313,51.68383
1752181216,JPY,26.84235,28.311486
1752181216,CAD,28.81641,30.321689
1752181216,NOK,3.896539,4.092226
1752181216,SAR,10.550078,11.086987
1752181216,PLN,10.805845,11.34384
1752181216,RUB,0.264101,0.299487
1752181216,XAU,4153.826667,4392.49392
1752182445,USD,38.912375,41.22929
1752182445,EUR,45.616655,48.075575
1752182445,GBP,53.070761,55.681885
1752182445,AUD,25.843143,27.206132
1752182445,DKK,6.161559,6.467549
1752182445,SEK,4.144336,4.350473
1752182445,CHF,49.29455,51.709484
1752182445,JPY,26.857101,28.326737
1752182445,CAD,28.822746,30.328254
1752182445,NOK,3.897628,4.093337
1752182445,SAR,10.550424,11.085876
1752182445,PLN,10.810102,11.348183
1752182445,RUB,0.264101,0.299487
1752182445,XAU,4153.404841,4392.349613
