zaman,kur,alis,satis
1740171880,USD,35.265017,37.567131
1740171880,EUR,36.916535,39.282414
1740171880,GBP,44.756741,47.300804
1740171880,AUD,22.769193,24.087454
1740171880,DKK,5.013614,5.301827
1740171880,SEK,3.360414,3.549301
1740171880,CHF,39.759662,41.939552
1740171880,JPY,23.967182,25.412564
1740171880,CAD,25.140738,26.632563
1740171880,NOK,3.211855,3.397144
1740171880,SAR,9.564523,10.079714
1740171880,PLN,8.993947,9.503317
1740171880,RUB,0.264101,0.299487
1740171880,XAU,3331.241508,3561.627131
1740172710,USD,35.265809,37.56097
1740172710,EUR,36.908714,39.252821
1740172710,GBP,44.738624,47.256263
1740172710,AUD,22.747809,24.057255
1740172710,DKK,5.012189,5.30011
1740172710,SEK,3.359741,3.547998
1740172710,CHF,39.760949,41.940865
1740172710,JPY,23.970538,25.413008
1740172710,CAD,25.13064,26.609535
1740172710,NOK,3.207301,3.395629
1740172710,SAR,9.564523,10.079714
1740172710,PLN,8.992066,9.497964
1740172710,RUB,0.264101,0.299487
1740172710,XAU,3331.642865,3560.860803
1740173312,USD,35.26769,37.548749
1740173312,EUR,36.907229,39.235752
1740173312,GBP,44.732585,47.228993
1740173312,AUD,22.736127,24.043519
1740173312,DKK,5.01203,5.2981
1740173312,SEK,3.358207,3.547523
1740173312,CHF,39.765701,41.951975
1740173312,JPY,23.97337,25.407201
1740173312,CAD,25.135788,26.584285
1740173312,NOK,3.208489,3.391791
1740173312,SAR,9.564523,10.079714
1740173312,PLN,8.988403,9.491702
1740173312,RUB,0.264101,0.299487
1740173312,XAU,3330.913992,3559.096626
1740173675,USD,35.266799,37.54481
1740173675,EUR,36.8903,39.21535
1740173675,GBP,44.713676,47.208187
1740173675,AUD,22.728702,24.035136
1740173675,DKK,5.009615,5.295333
1740173675,SEK,3.356583,3.545079
1740173675,CHF,39.763622,41.943592
1740173675,JPY,23.977924,25.410756
1740173675,CAD,25.123908,26.593779
1740173675,NOK,3.207301,3.390074
1740173675,SAR,9.564523,10.079714
1740173675,PLN,8.980285,9.482814
1740173675,RUB,0.264101,0.299487
1740173675,XAU,3332.604086,3560.893924
1740174031,USD,35.26571,37.539962
1740174031,EUR,36.894062,39.217572
1740174031,GBP,44.718131,47.20849
1740174031,AUD,22.739691,24.041903
1740174031,DKK,5.006348,5.295414
1740174031,SEK,3.356029,3.545453
1740174031,CHF,39.753722,41.937835
1740174031,JPY,23.958658,25.386688
1740174031,CAD,25.131036,26.594991
1740174031,NOK,3.207103,3.389973
1740174031,SAR,9.564523,10.079714
1740174031,PLN,8.981176,9.482309
1740174031,RUB,0.264101,0.299487
1740174031,XAU,3332.859033,3563.511777
