zaman,kur,alis,satis
1739394256,USD,34.994648,37.231205
1739394256,EUR,36.501527,38.770041
1739394256,GBP,43.832675,46.246465
1739394256,AUD,22.329039,23.598816
1739394256,DKK,4.951987,5.228643
1739394256,SEK,3.270315,3.456916
1739394256,CHF,38.83025,41.00813
1739394256,JPY,22.949175,24.330066
1739394256,CAD,24.868884,26.296637
1739394256,NOK,3.152356,3.335938
1739394256,SAR,9.500757,10.014306
1739394256,PLN,8.884948,9.375855
1739394256,RUB,0.262616,0.299487
1739394256,XAU,3259.8343,3481.834212
