zaman,kur,alis,satis
1743196628,USD,36.461686,39.16629
1743196628,EUR,39.497259,42.290866
1743196628,GBP,47.396565,50.429948
1743196628,AUD,23.236461,24.801012
1743196628,DKK,5.359575,5.71102
1743196628,SEK,3.701773,3.94251
1743196628,CHF,41.873722,44.600464
1743196628,JPY,24.627872,26.33003
1743196628,CAD,25.839028,27.584672
1743196628,NOK,3.521962,3.7575
1743196628,SAR,9.915873,10.553346
1743196628,PLN,9.572367,10.200045
1743196628,RUB,0.263184,0.300895
1743196628,XAU,3618.754762,3896.041715
