zaman,kur,alis,satis
1743022924,USD,36.855254,39.146902
1743022924,EUR,39.715958,42.058904
1743022924,GBP,47.709614,50.21728
1743022924,AUD,23.491002,24.798494
1743022924,DKK,5.379617,5.667972
1743022924,SEK,3.715696,3.912214
1743022924,CHF,42.150809,44.414355
1743022924,JPY,24.793644,26.226846
1743022924,CAD,26.117571,27.577519
1743022924,NOK,3.537763,3.725091
1743022924,SAR,9.958503,10.481098
1743022924,PLN,9.586957,10.097096
1743022924,RUB,0.262616,0.299487
1743022924,XAU,3575.401464,3804.943821
1743023769,USD,36.855155,39.153336
1743023769,EUR,39.718532,42.063146
1743023769,GBP,47.709218,50.217886
1743023769,AUD,23.495061,24.802837
1743023769,DKK,5.386102,5.674285
1743023769,SEK,3.719002,3.916032
1743023769,CHF,42.204764,44.460108
1743023769,JPY,24.795238,26.227826
1743023769,CAD,26.123412,27.584488
1743023769,NOK,3.537268,3.723677
1743023769,SAR,10.026744,10.569534
1743023769,PLN,9.587254,10.097601
1743023769,RUB,0.262616,0.299487
1743023769,XAU,3576.16503,3804.575594
1743024609,USD,36.854759,39.142428
1743024609,EUR,39.702593,42.045572
1743024609,GBP,47.699813,50.206675
1743024609,AUD,23.48526,24.784758
1743024609,DKK,5.37836,5.665417
1743024609,SEK,3.713092,3.910447
1743024609,CHF,42.140909,44.394256
1743024609,JPY,24.762954,26.189274
1743024609,CAD,26.125986,27.586205
1743024609,NOK,3.534496,3.720344
1743024609,SAR,10.019497,10.574271
1743024609,PLN,9.577156,10.082754
1743024609,RUB,0.262616,0.299487
1743024609,XAU,3576.838521,3805.151964
