zaman,kur,alis,satis
1740517243,USD,35.331149,37.582281
1740517243,EUR,37.142354,39.427854
1740517243,GBP,44.931674,47.370797
1740517243,AUD,22.674747,23.958275
1740517243,DKK,5.035731,5.316301
1740517243,SEK,3.374878,3.564441
1740517243,CHF,40.05092,42.266186
1740517243,JPY,23.990655,25.404706
1740517243,CAD,25.060053,26.487325
1740517243,NOK,3.216409,3.396033
1740517243,SAR,9.563998,10.074735
1740517243,PLN,9.072652,9.574926
1740517243,RUB,0.262616,0.299487
1740517243,XAU,3296.784642,3520.258712
1740517960,USD,35.330753,37.58218
1740517960,EUR,37.158194,39.444014
1740517960,GBP,44.951375,47.390896
1740517960,AUD,22.664847,23.953528
1740517960,DKK,5.037632,5.318553
1740517960,SEK,3.380789,3.569238
1740517960,CHF,40.114577,42.315373
1740517960,JPY,23.998733,25.406655
1740517960,CAD,25.073319,26.504495
1740517960,NOK,3.21829,3.397447
1740517960,SAR,9.563998,10.075028
1740517960,PLN,9.076909,9.578865
1740517960,RUB,0.262616,0.299487
1740517960,XAU,3299.129766,3521.740712
