zaman,kur,alis,satis
1738790121,USD,34.795658,37.029407
1738790121,EUR,36.268877,38.536327
1738790121,GBP,43.695956,46.111327
1738790121,AUD,22.153017,23.424389
1738790121,DKK,4.920139,5.196494
1738790121,SEK,3.23708,3.422748
1738790121,CHF,39.100718,41.281133
1738790121,JPY,23.116881,24.503685
1738790121,CAD,24.680388,26.104939
1738790121,NOK,3.141268,3.31897
1738790121,SAR,9.441743,9.953797
1738790121,PLN,8.751991,9.243747
1738790121,RUB,0.262616,0.299487
1738790121,XAU,3205.352184,3425.998494
1738790880,USD,34.796054,37.029508
1738790880,EUR,36.276698,38.543195
1738790880,GBP,43.702094,46.116377
1738790880,AUD,22.180143,23.452871
1738790880,DKK,4.921198,5.197817
1738790880,SEK,3.237862,3.424
1738790880,CHF,39.110222,41.292748
1738790880,JPY,23.147739,24.536359
1738790880,CAD,24.677418,26.101101
1738790880,NOK,3.142159,3.319778
1738790880,SAR,9.441792,9.953716
1738790880,PLN,8.748427,9.238192
1738790880,RUB,0.262616,0.299487
1738790880,XAU,3203.807546,3424.748665
