zaman,kur,alis,satis
1740690786,USD,35.310359,37.565414
1740690786,EUR,36.788231,39.067991
1740690786,GBP,44.740109,47.179402
1740690786,AUD,22.286271,23.571647
1740690786,DKK,4.97839,5.261094
1740690786,SEK,3.325814,3.516446
1740690786,CHF,39.64205,41.852692
1740690786,JPY,23.782656,25.194727
1740690786,CAD,24.806118,26.230381
1740690786,NOK,3.172948,3.357451
1740690786,SAR,9.575799,10.090026
1740690786,PLN,8.933062,9.432213
1740690786,RUB,0.264101,0.299487
1740690786,XAU,3266.245801,3491.488366
1740691740,USD,35.310854,37.571272
1740691740,EUR,36.803279,39.089807
1740691740,GBP,44.754662,47.200814
1740691740,AUD,22.29528,23.584272
1740691740,DKK,4.98039,5.263851
1740691740,SEK,3.335813,3.526919
1740691740,CHF,39.732239,41.954904
1740691740,JPY,23.769885,25.185334
1740691740,CAD,24.813147,26.241087
1740691740,NOK,3.175027,3.357148
1740691740,SAR,9.575957,10.090804
1740691740,PLN,8.935438,9.436657
1740691740,RUB,0.264101,0.299487
1740691740,XAU,3264.419163,3491.35783
