zaman,kur,alis,satis
1744147790,USD,36.87543,39.154053
1744147790,EUR,40.459547,42.814182
1744147790,GBP,47.376578,49.870143
1744147790,AUD,22.259739,23.532661
1744147790,DKK,5.476707,5.765286
1744147790,SEK,3.734516,3.935636
1744147790,CHF,43.92776,46.227406
1744147790,JPY,25.48011,26.917484
1744147790,CAD,26.265972,27.724373
1744147790,NOK,3.412132,3.601366
1744147790,SAR,9.963908,10.487299
1744147790,PLN,9.573394,10.079118
1744147790,RUB,0.262616,0.299487
1744147790,XAU,3535.417866,3762.953625
