zaman,kur,alis,satis
1740430847,USD,35.32511,37.572484
1740430847,EUR,37.030088,39.31231
1740430847,GBP,44.837921,47.279897
1740430847,AUD,22.732068,24.018269
1740430847,DKK,5.025544,5.30514
1740430847,SEK,3.362117,3.550271
1740430847,CHF,39.848465,42.052672
1740430847,JPY,23.902446,25.311382
1740430847,CAD,25.178259,26.610646
1740430847,NOK,3.203737,3.403406
1740430847,SAR,9.560513,10.071543
1740430847,PLN,9.016123,9.56826
1740430847,RUB,0.262616,0.299487
1740430847,XAU,3322.652301,3567.628137
1740431617,USD,35.323427,37.573393
1740431617,EUR,37.051571,39.33756
1740431617,GBP,44.864552,47.310096
1740431617,AUD,22.742859,24.029278
1740431617,DKK,5.023712,5.303241
1740431617,SEK,3.360583,3.5502
1740431617,CHF,39.86678,42.075801
1740431617,JPY,23.920959,25.329461
1740431617,CAD,25.190238,26.624584
1740431617,NOK,3.206113,3.406032
1740431617,SAR,9.560988,10.072078
1740431617,PLN,9.023053,9.57533
1740431617,RUB,0.262616,0.299487
1740431617,XAU,3324.453475,3569.466024
1740432458,USD,35.323526,37.571575
1740432458,EUR,37.067807,39.356649
1740432458,GBP,44.869205,47.318681
1740432458,AUD,22.751868,24.038469
1740432458,DKK,5.032108,5.311442
1740432458,SEK,3.367196,3.55529
1740432458,CHF,39.936575,42.129129
1740432458,JPY,23.928285,25.337743
1740432458,CAD,25.199544,26.638118
1740432458,NOK,3.207301,3.407143
1740432458,SAR,9.560879,10.071705
1740432458,PLN,9.023746,9.583612
1740432458,RUB,0.262616,0.299487
1740432458,XAU,3326.150571,3571.339304
