zaman,kur,alis,satis
1740603886,USD,35.346989,37.588543
1740603886,EUR,37.129484,39.407149
1740603886,GBP,45.035723,47.467757
1740603886,AUD,22.616436,23.896564
1740603886,DKK,5.035919,5.313644
1740603886,SEK,3.365929,3.553038
1740603886,CHF,40.015775,42.207101
1740603886,JPY,23.999169,25.400262
1740603886,CAD,25.01778,26.440865
1740603886,NOK,3.211558,3.390983
1740603886,SAR,9.590708,10.103651
1740603886,PLN,9.089482,9.583713
1740603886,RUB,0.262616,0.299487
1740603886,XAU,3306.239617,3528.80651
1740604846,USD,35.34887,37.58824
1740604846,EUR,37.140275,39.418461
1740604846,GBP,45.057305,47.490179
1740604846,AUD,22.624158,23.904038
1740604846,DKK,5.037275,5.314887
1740604846,SEK,3.367364,3.554816
1740604846,CHF,40.033496,42.225281
1740604846,JPY,24.012138,25.411877
1740604846,CAD,25.035402,26.457227
1740604846,NOK,3.213043,3.392397
1740604846,SAR,9.590391,10.103823
1740604846,PLN,9.090472,9.584925
1740604846,RUB,0.262616,0.299487
1740604846,XAU,3308.329476,3530.820717
