zaman,kur,alis,satis
1751490613,USD,38.613989,40.946086
1751490613,EUR,45.67358,48.146275
1751490613,GBP,52.917014,55.541697
1751490613,AUD,25.621284,26.992113
1751490613,DKK,6.162945,6.473003
1751490613,SEK,4.108666,4.32188
1751490613,CHF,49.211291,51.647167
1751490613,JPY,27.106383,28.599538
1751490613,CAD,28.769781,30.28442
1751490613,NOK,3.873373,4.070713
1751490613,SAR,10.453751,10.999349
1751490613,PLN,10.803469,11.343436
1751490613,RUB,0.264596,0.299487
1751490613,XAU,4163.778146,4404.305174
