zaman,kur,alis,satis
1743541385,USD,36.375597,39.10742
1743541385,EUR,39.319368,42.115271
1743541385,GBP,47.220447,50.257702
1743541385,AUD,23.108608,24.688245
1743541385,DKK,5.336319,5.691512
1743541385,SEK,3.689234,3.932979
1743541385,CHF,41.709129,44.460597
1743541385,JPY,24.686775,26.413057
1743541385,CAD,25.740725,27.488348
1743541385,NOK,3.526394,3.759428
1743541385,SAR,9.890155,10.526926
1743541385,PLN,9.530504,10.15975
1743541385,RUB,0.263184,0.300895
1743541385,XAU,3652.462231,3932.606804
1743542502,USD,36.380424,39.103664
1743542502,EUR,39.311488,42.107658
1743542502,GBP,47.208726,50.246233
1743542502,AUD,23.099251,24.680531
1743542502,DKK,5.34483,5.701195
1743542502,SEK,3.697065,3.93979
1743542502,CHF,41.786845,44.540884
1743542502,JPY,24.689829,26.405648
1743542502,CAD,25.724079,27.476067
1743542502,NOK,3.52472,3.757195
1743542502,SAR,9.889672,10.528316
1743542502,PLN,9.525382,10.160562
1743542502,RUB,0.263184,0.300895
1743542502,XAU,3653.652938,3933.901652
