zaman,kur,alis,satis
1738962849,USD,35.1432,36.6655
1738962849,EUR,36.3074,37.8393
1738962849,GBP,43.792,45.3118
1738962849,AUD,22.3247,23.1511
1738962849,DKK,4.92658,5.10612
1738962849,SEK,3.25346,3.37568
1738962849,CHF,39.0762,40.4695
1738962849,JPY,23.4405,24.3639
1738962849,CAD,24.9561,25.8852
1738962849,NOK,3.1636,3.2797
1738962849,SAR,9.52964,9.84768
1738962849,PLN,8.7726,9.0941
1738962849,RUB,0.26642,0.29667
1738962849,XAU,3231.351943,3388.889999
1738963505,USD,35.1436,36.6664
1738963505,EUR,36.3188,37.8503
1738963505,GBP,43.8142,45.3335
1738963505,AUD,22.3319,23.1583
1738963505,DKK,4.92802,5.10805
1738963505,SEK,3.25325,3.37521
1738963505,CHF,39.0835,40.4806
1738963505,JPY,23.4476,24.371
1738963505,CAD,24.9635,25.8835
1738963505,NOK,3.1644,3.2802
1738963505,SAR,9.52964,9.84768
1738963505,PLN,8.7794,9.0952
1738963505,RUB,0.26642,0.29667
1738963505,XAU,3231.670549,3390.056401
