zaman,kur,alis,satis
1746738705,USD,37.482528,39.777455
1746738705,EUR,42.170168,44.564411
1746738705,GBP,49.939193,52.49079
1746738705,AUD,24.316266,25.6475
1746738705,DKK,5.716881,6.015746
1746738705,SEK,3.912112,4.115295
1746738705,CHF,45.703226,48.039245
1746738705,JPY,26.056844,27.518404
1746738705,CAD,27.276861,28.755381
1746738705,NOK,3.627556,3.821647
1746738705,SAR,10.163829,10.693855
1746738705,PLN,10.008598,10.529174
1746738705,RUB,0.262616,0.299487
1746738705,XAU,3992.923456,4230.784028
1746739682,USD,37.483449,39.77897
1746739682,EUR,42.167594,44.562189
1746739682,GBP,49.904048,52.455743
1746739682,AUD,24.292902,25.62124
1746739682,DKK,5.716841,6.014574
1746739682,SEK,3.911993,4.113952
1746739682,CHF,45.678377,48.019247
1746739682,JPY,26.030065,27.494113
1746739682,CAD,27.263694,28.742453
1746739682,NOK,3.626764,3.821849
1746739682,SAR,10.162493,10.696198
1746739682,PLN,10.00444,10.527962
1746739682,RUB,0.262616,0.299487
1746739682,XAU,3989.51717,4227.976217
1746740222,USD,37.493042,39.781223
1746740222,EUR,42.166703,44.552998
1746740222,GBP,49.916819,52.458672
1746740222,AUD,24.294684,25.620735
1746740222,DKK,5.71595,6.013594
1746740222,SEK,3.910815,4.113164
1746740222,CHF,45.679862,48.00642
1746740222,JPY,26.03547,27.491447
1746740222,CAD,27.274485,28.748109
1746740222,NOK,3.629437,3.819728
1746740222,SAR,10.163987,10.695592
1746740222,PLN,10.003747,10.523619
1746740222,RUB,0.262616,0.299487
1746740222,XAU,3991.714927,4228.804241
1746740627,USD,37.48431,39.777021
1746740627,EUR,42.143537,44.536636
1746740627,GBP,49.897613,52.44534
1746740627,AUD,24.283794,25.612251
1746740627,DKK,5.71295,6.011342
1746740627,SEK,3.908122,4.110972
1746740627,CHF,45.666992,47.999855
1746740627,JPY,26.022719,27.48169
1746740627,CAD,27.264288,28.741039
1746740627,NOK,3.628348,3.819122
1746740627,SAR,10.162245,10.694481
1746740627,PLN,10.030873,10.559474
1746740627,RUB,0.262616,0.299487
1746740627,XAU,3988.624699,4226.768602
