zaman,kur,alis,satis
1742851717,USD,36.860105,39.155457
1742851717,EUR,39.854954,42.203738
1742851717,GBP,47.800199,50.312422
1742851717,AUD,23.387646,24.694666
1742851717,DKK,5.399754,5.687425
1742851717,SEK,3.695223,3.890913
1742851717,CHF,42.212684,44.478692
1742851717,JPY,24.77226,26.205232
1742851717,CAD,26.059161,27.51601
1742851717,NOK,3.547564,3.734989
1742851717,SAR,9.954444,10.478169
1742851717,PLN,9.66487,10.181936
1742851717,RUB,0.262616,0.299487
1742851717,XAU,3557.693824,3786.864531
1742852081,USD,36.864263,39.150003
1742852081,EUR,39.868052,42.347037
1742852081,GBP,47.805644,50.317876
1742852081,AUD,23.386656,24.693454
1742852081,DKK,5.400645,5.689647
1742852081,SEK,3.701846,3.897539
1742852081,CHF,42.220406,44.471723
1742852081,JPY,24.774537,26.209171
1742852081,CAD,26.052528,27.511061
1742852081,NOK,3.548356,3.7361
1742852081,SAR,9.954444,10.478169
1742852081,PLN,9.669226,10.181532
1742852081,RUB,0.262616,0.299487
1742852081,XAU,3559.083021,3788.476432
1742852559,USD,36.86357,39.150407
1742852559,EUR,39.912473,42.262318
1742852559,GBP,47.868509,50.382011
1742852559,AUD,23.416257,24.727592
1742852559,DKK,5.407278,5.695404
1742852559,SEK,3.700569,3.896721
1742852559,CHF,42.233969,44.500205
1742852559,JPY,24.783942,26.211999
1742852559,CAD,26.075793,27.534695
1742852559,NOK,3.552415,3.740544
1742852559,SAR,9.954444,10.478169
1742852559,PLN,9.683383,10.195672
1742852559,RUB,0.262616,0.299487
1742852559,XAU,3560.140354,3789.548054
1742853158,USD,36.869114,39.148791
1742853158,EUR,39.889802,42.243633
1742853158,GBP,47.847026,50.365245
1742853158,AUD,23.421405,24.735571
1742853158,DKK,5.404506,5.69298
1742853158,SEK,3.701895,3.89566
1742853158,CHF,42.233672,44.470814
1742853158,JPY,24.768201,26.205535
1742853158,CAD,26.060349,27.525706
1742853158,NOK,3.549049,3.74216
1742853158,SAR,9.954444,10.478169
1742853158,PLN,9.668335,10.184764
1742853158,RUB,0.262616,0.299487
1742853158,XAU,3560.882853,3790.717352
