zaman,kur,alis,satis
1742851717,USD,36.860105,39.155457
1742851717,EUR,39.854954,42.203738
1742851717,GBP,47.800199,50.312422
1742851717,AUD,23.387646,24.694666
1742851717,DKK,5.399754,5.687425
1742851717,SEK,3.695223,3.890913
1742851717,CHF,42.212684,44.478692
1742851717,JPY,24.77226,26.205232
1742851717,CAD,26.059161,27.51601
1742851717,NOK,3.547564,3.734989
1742851717,SAR,9.954444,10.478169
1742851717,PLN,9.66487,10.181936
1742851717,RUB,0.262616,0.299487
1742851717,XAU,3557.693824,3786.864531
1742852081,USD,36.864263,39.150003
1742852081,EUR,39.868052,42.347037
1742852081,GBP,47.805644,50.317876
1742852081,AUD,23.386656,24.693454
1742852081,DKK,5.400645,5.689647
1742852081,SEK,3.701846,3.897539
1742852081,CHF,42.220406,44.471723
1742852081,JPY,24.774537,26.209171
1742852081,CAD,26.052528,27.511061
1742852081,NOK,3.548356,3.7361
1742852081,SAR,9.954444,10.478169
1742852081,PLN,9.669226,10.181532
1742852081,RUB,0.262616,0.299487
1742852081,XAU,3559.083021,3788.476432
