zaman,kur,alis,satis
1751922567,USD,38.830997,41.14748
1751922567,EUR,45.598241,48.065273
1751922567,GBP,53.112341,55.729759
1751922567,AUD,25.517334,26.868085
1751922567,DKK,6.171756,6.474417
1751922567,SEK,4.132298,4.337889
1751922567,CHF,49.212182,51.620099
1751922567,JPY,26.891058,28.357845
1751922567,CAD,28.768395,30.275734
1751922567,NOK,3.882382,4.076167
1751922567,SAR,10.49932,11.027821
1751922567,PLN,10.834258,11.367575
1751922567,RUB,0.263111,0.299487
1751922567,XAU,4161.098422,4400.266547
1751923636,USD,38.829116,41.147783
1751923636,EUR,45.567749,48.032953
1751923636,GBP,53.058386,55.677845
1751923636,AUD,25.482387,26.825867
1751923636,DKK,6.167994,6.471084
1751923636,SEK,4.128734,4.332768
1751923636,CHF,49.201094,51.592627
1751923636,JPY,26.865813,28.341281
1751923636,CAD,28.760673,30.26523
1751923636,NOK,3.876343,4.070107
1751923636,SAR,10.499043,11.0277
1751923636,PLN,10.822873,11.363939
1751923636,RUB,0.263111,0.299487
1751923636,XAU,4160.638287,4400.009234
1751924220,USD,38.829215,41.147379
1751924220,EUR,45.554384,48.015278
1751924220,GBP,53.044526,55.656635
1751924220,AUD,25.472586,26.820615
1751924220,DKK,6.166311,6.468357
1751924220,SEK,4.128486,4.332344
1751924220,CHF,49.178819,51.588789
1751924220,JPY,26.863734,28.33007
1751924220,CAD,28.75008,30.254928
1751924220,NOK,3.876739,4.070208
1751924220,SAR,10.499102,11.028053
1751924220,PLN,10.823467,11.356566
1751924220,RUB,0.263111,0.299487
1751924220,XAU,4162.919347,4401.640976
1751924708,USD,38.828522,41.147884
1751924708,EUR,45.601706,48.064263
1751924708,GBP,53.095709,55.709761
1751924708,AUD,25.504167,26.853137
1751924708,DKK,6.171261,6.475528
1751924708,SEK,4.134436,4.338717
1751924708,CHF,49.203371,51.608383
1751924708,JPY,26.867298,28.332292
1751924708,CAD,28.779582,30.285531
1751924708,NOK,3.881986,4.075763
1751924708,SAR,10.484985,11.019428
1751924708,PLN,10.835149,11.367979
1751924708,RUB,0.263111,0.299487
1751924708,XAU,4166.997447,4405.859393
