zaman,kur,alis,satis
1746219619,USD,37.333612,39.62343
1746219619,EUR,42.29273,44.696418
1746219619,GBP,49.813463,52.35444
1746219619,AUD,24.385764,25.718806
1746219619,DKK,5.736928,6.03438
1746219619,SEK,3.923744,4.126274
1746219619,CHF,45.746192,48.069646
1746219619,JPY,26.139203,27.626282
1746219619,CAD,27.41952,28.898801
1746219619,NOK,3.626962,3.821546
1746219619,SAR,10.120031,10.642365
1746219619,PLN,10.016617,10.541193
1746219619,RUB,0.264101,0.299487
1746219619,XAU,3889.025365,4124.195679
