zaman,kur,alis,satis
1738703679,USD,34.820804,37.056071
1738703679,EUR,36.169382,38.433913
1738703679,GBP,43.643486,46.054565
1738703679,AUD,22.040157,23.308037
1738703679,DKK,4.906665,5.182819
1738703679,SEK,3.213894,3.400043
1738703679,CHF,38.930339,41.112564
1738703679,JPY,22.858095,24.240277
1738703679,CAD,24.61188,26.035148
1738703679,NOK,3.136813,3.315132
1738703679,SAR,9.42516,9.93283
1738703679,PLN,8.701798,9.189813
1738703679,RUB,0.262616,0.299487
1738703679,XAU,3177.183006,3397.486893
