zaman,kur,alis,satis
1739480513,USD,34.973165,37.224943
1739480513,EUR,36.487766,38.761557
1739480513,GBP,43.968206,46.393218
1739480513,AUD,22.261026,23.553669
1739480513,DKK,4.929969,5.215119
1739480513,SEK,3.273473,3.465289
1739480513,CHF,38.978453,41.196394
1739480513,JPY,23.029563,24.435914
1739480513,CAD,24.894129,26.32118
1739480513,NOK,3.151861,3.333817
1739480513,SAR,9.480165,9.992248
1739480513,PLN,8.818519,9.318487
1739480513,RUB,0.262616,0.299487
1739480513,XAU,3268.92479,3496.220626
1739481473,USD,34.982471,37.225145
1739481473,EUR,36.501626,38.767213
1739481473,GBP,43.977314,46.394733
1739481473,AUD,22.18044,23.467819
1739481473,DKK,4.93189,5.215927
1739481473,SEK,3.27475,3.46637
1739481473,CHF,38.981126,41.185082
1739481473,JPY,23.017386,24.418037
1739481473,CAD,24.909276,26.335724
1739481473,NOK,3.152455,3.333514
1739481473,SAR,9.481858,9.992713
1739481473,PLN,8.821984,9.318689
1739481473,RUB,0.262616,0.299487
1739481473,XAU,3267.348325,3494.588933
