zaman,kur,alis,satis
1744837221,USD,36.994458,39.272971
1744837221,EUR,42.180464,44.569663
1744837221,GBP,49.13462,51.661176
1744837221,AUD,23.703357,25.020997
1744837221,DKK,5.676687,5.97877
1744837221,SEK,3.812132,4.032414
1744837221,CHF,45.700454,48.064192
1744837221,JPY,26.302998,27.755582
1744837221,CAD,26.979465,28.449452
1744837221,NOK,3.514993,3.71186
1744837221,SAR,10.024021,10.549505
1744837221,PLN,9.961078,10.480795
1744837221,RUB,0.262616,0.299487
1744837221,XAU,3956.460643,4194.857007
1744838321,USD,36.994864,39.276051
1744838321,EUR,42.179177,44.569461
1744838321,GBP,49.155905,51.686426
1744838321,AUD,23.726028,25.04251
1744838321,DKK,5.676518,5.978669
1744838321,SEK,3.815765,4.027667
1744838321,CHF,45.733322,48.09833
1744838321,JPY,26.317551,27.772651
1744838321,CAD,26.987583,28.453593
1744838321,NOK,3.515092,3.71186
1744838321,SAR,10.020428,10.553818
1744838321,PLN,9.972661,10.492915
1744838321,RUB,0.262616,0.299487
1744838321,XAU,3963.774515,4202.175457
1744839062,USD,36.998685,39.276374
1744839062,EUR,42.172247,44.55825
1744839062,GBP,49.147787,51.673397
1744839062,AUD,23.733552,25.046348
1744839062,DKK,5.675964,5.978406
1744839062,SEK,3.820715,4.029112
1744839062,CHF,45.7355,48.075706
1744839062,JPY,26.309037,27.763359
1744839062,CAD,27.00669,28.470258
1744839062,NOK,3.517072,3.711456
1744839062,SAR,10.020428,10.553818
1744839062,PLN,9.965929,10.48029
1744839062,RUB,0.262616,0.299487
1744839062,XAU,3971.460237,4210.177312
