zaman,kur,alis,satis
1741036843,USD,35.316002,37.560768
1741036843,EUR,37.088102,39.371597
1741036843,GBP,45.089975,47.531185
1741036843,AUD,22.308843,23.583161
1741036843,DKK,5.029801,5.308928
1741036843,SEK,3.396668,3.586772
1741036843,CHF,39.862226,42.062974
1741036843,JPY,23.820474,25.223411
1741036843,CAD,24.798099,26.222604
1741036843,NOK,3.194332,3.377146
1741036843,SAR,9.55691,10.067382
1741036843,PLN,9.021964,9.525436
1741036843,RUB,0.262616,0.299487
1741036843,XAU,3275.389206,3501.045001
