zaman,kur,alis,satis
1746306605,USD,37.295309,39.67591
1746306605,EUR,42.153041,44.795095
1746306605,GBP,49.647638,52.477559
1746306605,AUD,24.352995,25.742844
1746306605,DKK,5.730879,6.037239
1746306605,SEK,3.917022,4.134071
1746306605,CHF,45.713126,48.172767
1746306605,JPY,26.086871,27.603173
1746306605,CAD,27.372198,28.903043
1746306605,NOK,3.631823,3.832313
1746306605,SAR,10.118616,10.648182
1746306605,PLN,9.992758,10.557757
1746306605,RUB,0.264101,0.299487
1746306605,XAU,3908.419017,4151.68662
1746307500,USD,37.295309,39.67591
1746307500,EUR,42.153041,44.795095
1746307500,GBP,49.647638,52.477559
1746307500,AUD,24.352995,25.742844
1746307500,DKK,5.730879,6.037239
1746307500,SEK,3.917022,4.134071
1746307500,CHF,45.713126,48.172767
1746307500,JPY,26.086871,27.603173
1746307500,CAD,27.372198,28.903043
1746307500,NOK,3.631823,3.832313
1746307500,SAR,10.118616,10.648182
1746307500,PLN,9.992758,10.557757
1746307500,RUB,0.264101,0.299487
1746307500,XAU,3908.419017,4151.68662
1746307866,USD,37.295309,39.67591
1746307866,EUR,42.153041,44.795095
1746307866,GBP,49.647638,52.477559
1746307866,AUD,24.352995,25.742844
1746307866,DKK,5.730879,6.037239
1746307866,SEK,3.917022,4.134071
1746307866,CHF,45.713126,48.172767
1746307866,JPY,26.086871,27.603173
1746307866,CAD,27.372198,28.903043
1746307866,NOK,3.631823,3.832313
1746307866,SAR,10.118616,10.648182
1746307866,PLN,9.992758,10.557757
1746307866,RUB,0.264101,0.299487
1746307866,XAU,3908.419017,4151.68662
1746308278,USD,37.295309,39.67591
1746308278,EUR,42.153041,44.795095
1746308278,GBP,49.647638,52.477559
1746308278,AUD,24.352995,25.742844
1746308278,DKK,5.730879,6.037239
1746308278,SEK,3.917022,4.134071
1746308278,CHF,45.713126,48.172767
1746308278,JPY,26.086871,27.603173
1746308278,CAD,27.372198,28.903043
1746308278,NOK,3.631823,3.832313
1746308278,SAR,10.118616,10.648182
1746308278,PLN,9.992758,10.557757
1746308278,RUB,0.264101,0.299487
1746308278,XAU,3908.419017,4151.68662
