zaman,kur,alis,satis
1739394256,USD,34.994648,37.231205
1739394256,EUR,36.501527,38.770041
1739394256,GBP,43.832675,46.246465
1739394256,AUD,22.329039,23.598816
1739394256,DKK,4.951987,5.228643
1739394256,SEK,3.270315,3.456916
1739394256,CHF,38.83025,41.00813
1739394256,JPY,22.949175,24.330066
1739394256,CAD,24.868884,26.296637
1739394256,NOK,3.152356,3.335938
1739394256,SAR,9.500757,10.014306
1739394256,PLN,8.884948,9.375855
1739394256,RUB,0.262616,0.299487
1739394256,XAU,3259.8343,3481.834212
1739395219,USD,34.994054,37.230902
1739395219,EUR,36.47747,38.747013
1739395219,GBP,43.813865,46.226871
1739395219,AUD,22.314783,23.58609
1739395219,DKK,4.948393,5.224976
1739395219,SEK,3.268552,3.454361
1739395219,CHF,38.809955,40.981365
1739395219,JPY,22.936404,24.317037
1739395219,CAD,24.866508,26.290476
1739395219,NOK,3.152455,3.330888
1739395219,SAR,9.499371,10.01569
1739395219,PLN,8.878315,9.36929
1739395219,RUB,0.262616,0.299487
1739395219,XAU,3258.974294,3481.050999
1739395816,USD,34.992668,37.235548
1739395816,EUR,36.449849,38.722369
1739395816,GBP,43.7807,46.195056
1739395816,AUD,22.298745,23.571445
1739395816,DKK,4.945047,5.221724
1739395816,SEK,3.266048,3.452553
1739395816,CHF,38.795996,40.973184
1739395816,JPY,22.934919,24.315522
1739395816,CAD,24.862548,26.280376
1739395816,NOK,3.147703,3.331393
1739395816,SAR,9.498856,10.016134
1739395816,PLN,8.874256,9.365755
1739395816,RUB,0.262616,0.299487
1739395816,XAU,3258.631501,3480.66881
1739396175,USD,34.993064,37.2307
1739396175,EUR,36.419753,38.689847
1739396175,GBP,43.761395,46.175361
1739396175,AUD,22.304883,23.582656
1739396175,DKK,4.941453,5.217815
1739396175,SEK,3.263672,3.449382
1739396175,CHF,38.800748,40.971972
1739396175,JPY,22.940166,24.320067
1739396175,CAD,24.852153,26.269771
1739396175,NOK,3.148198,3.326646
1739396175,SAR,9.498806,10.016155
1739396175,PLN,8.865643,9.356463
1739396175,RUB,0.262616,0.299487
1739396175,XAU,3259.889045,3481.857917
