zaman,kur,alis,satis
1741381369,USD,35.272343,37.516631
1741381369,EUR,38.306198,40.623088
1741381369,GBP,45.74288,48.20031
1741381369,AUD,22.484964,23.771223
1741381369,DKK,5.197081,5.483415
1741381369,SEK,3.546435,3.740403
1741381369,CHF,40.598687,42.822292
1741381369,JPY,24.207663,25.625391
1741381369,CAD,24.848688,26.274922
1741381369,NOK,3.291352,3.474308
1741381369,SAR,9.556484,10.06621
1741381369,PLN,9.278275,9.784501
1741381369,RUB,0.263606,0.299487
1741381369,XAU,3293.497363,3519.040433
