zaman,kur,alis,satis
1739221784,USD,34.891391,37.123135
1739221784,EUR,36.004844,38.258678
1739221784,GBP,43.356386,45.754898
1739221784,AUD,22.188162,23.458527
1739221784,DKK,4.888785,5.164296
1739221784,SEK,3.239248,3.424445
1739221784,CHF,38.785205,40.951166
1739221784,JPY,23.252313,24.635995
1739221784,CAD,24.711276,26.122008
1739221784,NOK,3.154435,3.332605
1739221784,SAR,9.443436,9.950383
1739221784,PLN,8.715559,9.208094
1739221784,RUB,0.262616,0.299487
1739221784,XAU,3249.176209,3471.500157
