zaman,kur,alis,satis
1746565780,USD,37.459402,39.748973
1746565780,EUR,42.63329,45.031536
1746565780,GBP,50.296286,52.848734
1746565780,AUD,24.620592,25.941612
1746565780,DKK,5.778845,6.07375
1746565780,SEK,3.967235,4.168926
1746565780,CHF,46.156844,48.483746
1746565780,JPY,26.613432,28.075762
1746565780,CAD,27.548913,29.031818
1746565780,NOK,3.686461,3.876793
1746565780,SAR,10.1311,10.653788
1746565780,PLN,10.074334,10.593814
1746565780,RUB,0.262616,0.299487
1746565780,XAU,4116.768551,4355.453361
1746566815,USD,37.458827,39.75062
1746566815,EUR,42.645962,45.049009
1746566815,GBP,50.310839,52.866611
1746566815,AUD,24.628017,25.950702
1746566815,DKK,5.780379,6.075669
1746566815,SEK,3.9687,4.170623
1746566815,CHF,46.167734,48.497684
1746566815,JPY,26.615016,28.079035
1746566815,CAD,27.540201,29.022728
1746566815,NOK,3.688441,3.878914
1746566815,SAR,10.13105,10.654404
1746566815,PLN,10.076017,10.595632
1746566815,RUB,0.262616,0.299487
1746566815,XAU,4121.159928,4359.957808
1746567418,USD,37.459124,39.750034
1746567418,EUR,42.673088,45.075673
1746567418,GBP,50.334104,52.889235
1746567418,AUD,24.64356,25.965852
1746567418,DKK,5.783775,6.079103
1746567418,SEK,3.971136,4.173037
1746567418,CHF,46.196048,48.525762
1746567418,JPY,26.628322,28.093983
1746567418,CAD,27.548715,29.030505
1746567418,NOK,3.690223,3.880631
1746567418,SAR,10.131209,10.65403
1746567418,PLN,10.082155,10.602399
1746567418,RUB,0.262616,0.299487
1746567418,XAU,4122.565794,4362.486363
