zaman,kur,alis,satis
1744059913,USD,37.21106,38.78885
1744059913,EUR,40.7816,42.3685
1744059913,GBP,47.6921,49.2889
1744059913,AUD,22.584,23.4239
1744059913,DKK,5.52185,5.70303
1744059913,SEK,3.73729,3.86583
1744059913,CHF,43.9348,45.3644
1744059913,JPY,25.4618,26.4021
1744059913,CAD,26.5758,27.526
1744059913,NOK,3.4316,3.5529
1744059913,SAR,10.05593,10.38039
1744059913,PLN,9.5831,9.9314
1744059913,RUB,0.26542,0.29667
1744059913,XAU,3547.319281,3714.607706
1744060992,USD,37.23328,38.79155
1744060992,EUR,40.7504,42.3176
1744060992,GBP,47.6903,49.2616
1744060992,AUD,22.5697,23.4049
1744060992,DKK,5.51747,5.69728
1744060992,SEK,3.73613,3.86855
1744060992,CHF,43.9389,45.3576
1744060992,JPY,25.4406,26.3735
1744060992,CAD,26.5645,27.5165
1744060992,NOK,3.4339,3.553
1744060992,SAR,10.05755,10.38715
1744060992,PLN,9.5847,9.9136
1744060992,RUB,0.26542,0.29667
1744060992,XAU,3555.367391,3715.332367
1744061710,USD,37.23139,38.79401
1744061710,EUR,40.7836,42.3515
1744061710,GBP,47.6953,49.2726
1744061710,AUD,22.5208,23.3533
1744061710,DKK,5.52063,5.69993
1744061710,SEK,3.73603,3.8704
1744061710,CHF,43.9422,45.3557
1744061710,JPY,25.4719,26.4018
1744061710,CAD,26.5575,27.5126
1744061710,NOK,3.4351,3.5518
1744061710,SAR,10.05763,10.38986
1744061710,PLN,9.5933,9.9171
1744061710,RUB,0.26542,0.29667
1744061710,XAU,3553.278284,3710.738775
1744062238,USD,37.23198,38.81047
1744062238,EUR,40.7931,42.3807
1744062238,GBP,47.7302,49.3279
1744062238,AUD,22.5553,23.3878
1744062238,DKK,5.52299,5.70171
1744062238,SEK,3.74309,3.86583
1744062238,CHF,43.961,45.3705
1744062238,JPY,25.4784,26.4065
1744062238,CAD,26.5768,27.5374
1744062238,NOK,3.4351,3.5587
1744062238,SAR,10.06088,10.39091
1744062238,PLN,9.5915,9.9258
1744062238,RUB,0.26542,0.29667
1744062238,XAU,3555.027565,3717.228895
