zaman,kur,alis,satis
1739567680,USD,34.997321,37.232619
1739567680,EUR,36.801893,39.068395
1739567680,GBP,44.304212,46.721872
1739567680,AUD,22.549017,23.832631
1739567680,DKK,4.995339,5.276597
1739567680,SEK,3.323369,3.512184
1739567680,CHF,39.453158,41.646046
1739567680,JPY,23.278449,24.669123
1739567680,CAD,25.054806,26.486315
1739567680,NOK,3.195124,3.375934
1739567680,SAR,9.489817,9.996864
1739567680,PLN,8.970286,9.46726
1739567680,RUB,0.264101,0.299487
1739567680,XAU,3245.025741,3469.41424
