zaman,kur,alis,satis
1745356208,USD,37.075064,39.360679
1745356208,EUR,42.508748,44.90872
1745356208,GBP,49.720403,52.263641
1745356208,AUD,23.969568,25.283395
1745356208,DKK,5.759253,6.052964
1745356208,SEK,3.941158,4.142585
1745356208,CHF,45.955082,48.282554
1745356208,JPY,26.605394,28.06542
1745356208,CAD,27.197463,28.67549
1745356208,NOK,3.616666,3.809931
1745356208,SAR,10.029991,10.547627
1745356208,PLN,10.032457,10.552404
1745356208,RUB,0.263111,0.299487
1745356208,XAU,4058.644298,4297.143314
