zaman,kur,alis,satis
1742072442,USD,35.054246,37.978807
1742072442,EUR,37.266995,42.105263
1742072442,GBP,44.448158,49.899635
1742072442,AUD,22.60416,24.046751
1742072442,DKK,5.234929,5.53344
1742072442,SEK,3.520864,3.752331
1742072442,CHF,40.346633,42.844108
1742072442,JPY,24.057421,25.608201
1742072442,CAD,24.890961,26.481467
1742072442,NOK,3.355336,3.571197
1742072442,SAR,9.563325,10.129426
1742072442,PLN,9.288175,9.903883
1742072442,RUB,0.264101,0.299487
1742072442,XAU,3386.74882,3636.149467
1742073162,USD,35.054246,37.978807
1742073162,EUR,37.266995,42.105263
1742073162,GBP,44.448158,49.899635
1742073162,AUD,22.60416,24.046751
1742073162,DKK,5.234929,5.53344
1742073162,SEK,3.520864,3.752331
1742073162,CHF,40.346633,42.844108
1742073162,JPY,24.057421,25.608201
1742073162,CAD,24.890961,26.481467
1742073162,NOK,3.355336,3.571197
1742073162,SAR,9.563325,10.129426
1742073162,PLN,9.288175,9.903883
1742073162,RUB,0.264101,0.299487
1742073162,XAU,3386.74882,3636.149467
1742074146,USD,35.054246,37.978807
1742074146,EUR,37.266995,42.105263
1742074146,GBP,44.448158,49.899635
1742074146,AUD,22.60416,24.046751
1742074146,DKK,5.234929,5.53344
1742074146,SEK,3.520864,3.752331
1742074146,CHF,40.346633,42.844108
1742074146,JPY,24.057421,25.608201
1742074146,CAD,24.890961,26.481467
1742074146,NOK,3.355336,3.571197
1742074146,SAR,9.563325,10.129426
1742074146,PLN,9.288175,9.903883
1742074146,RUB,0.264101,0.299487
1742074146,XAU,3386.74882,3636.149467
1742074485,USD,35.054246,37.978807
1742074485,EUR,37.266995,42.105263
1742074485,GBP,44.448158,49.899635
1742074485,AUD,22.60416,24.046751
1742074485,DKK,5.234929,5.53344
1742074485,SEK,3.520864,3.752331
1742074485,CHF,40.346633,42.844108
1742074485,JPY,24.057421,25.608201
1742074485,CAD,24.890961,26.481467
1742074485,NOK,3.355336,3.571197
1742074485,SAR,9.563325,10.129426
1742074485,PLN,9.288175,9.903883
1742074485,RUB,0.264101,0.299487
1742074485,XAU,3386.74882,3636.149467
1742074843,USD,35.054246,37.978807
1742074843,EUR,37.266995,42.105263
1742074843,GBP,44.448158,49.899635
1742074843,AUD,22.60416,24.046751
1742074843,DKK,5.234929,5.53344
1742074843,SEK,3.520864,3.752331
1742074843,CHF,40.346633,42.844108
1742074843,JPY,24.057421,25.608201
1742074843,CAD,24.890961,26.481467
1742074843,NOK,3.355336,3.571197
1742074843,SAR,9.563325,10.129426
1742074843,PLN,9.288175,9.903883
1742074843,RUB,0.264101,0.299487
1742074843,XAU,3386.74882,3636.149467
