zaman,kur,alis,satis
1736889137,USD,34.370552,36.600662
1736889137,EUR,35.374412,37.621873
1736889137,GBP,42.052655,44.432404
1736889137,AUD,21.533178,22.788594
1736889137,DKK,4.803546,5.077779
1736889137,SEK,3.113934,3.296609
1736889137,CHF,38.099531,40.255074
1736889137,JPY,22.009764,23.379858
1736889137,CAD,24.265875,25.677204
1736889137,NOK,3.052267,3.228373
1736889137,SAR,9.297807,9.802297
1736889137,PLN,8.400343,8.882369
1736889137,RUB,0.262616,0.299487
1736889137,XAU,2936.175694,3151.687055
1736889907,USD,34.370453,36.60248
1736889907,EUR,35.381639,37.629347
1736889907,GBP,42.063446,44.443615
1736889907,AUD,21.533277,22.792735
1736889907,DKK,4.800329,5.075284
1736889907,SEK,3.110677,3.29472
1736889907,CHF,38.071514,40.240025
1736889907,JPY,22.009764,23.379858
1736889907,CAD,24.266073,25.677406
1736889907,NOK,3.052861,3.228777
1736889907,SAR,9.297886,9.80254
1736889907,PLN,8.402026,8.883682
1736889907,RUB,0.262616,0.299487
1736889907,XAU,2936.060157,3151.151275
