zaman,kur,alis,satis
1751577264,USD,38.524592,40.853671
1751577264,EUR,45.393113,47.865596
1751577264,GBP,52.854149,55.480693
1751577264,AUD,25.645836,27.00292
1751577264,DKK,6.155421,6.462297
1751577264,SEK,4.079046,4.284914
1751577264,CHF,49.091402,51.487284
1751577264,JPY,26.91363,28.394407
1751577264,CAD,28.794234,30.310781
1751577264,NOK,3.880798,4.076268
1751577264,SAR,10.448563,10.98228
1751577264,PLN,10.836634,11.376564
1751577264,RUB,0.264101,0.299487
1751577264,XAU,4125.945233,4367.326607
