zaman,kur,alis,satis
1745701212,USD,37.143443,39.612987
1745701212,EUR,42.260753,44.900135
1745701212,GBP,49.653578,52.474933
1745701212,AUD,24.072231,25.493071
1745701212,DKK,5.737968,6.044591
1745701212,SEK,3.889777,4.107609
1745701212,CHF,45.478397,47.957637
1745701212,JPY,26.229134,27.735281
1745701212,CAD,27.204888,28.727101
1745701212,NOK,3.608607,3.809658
1745701212,SAR,10.078184,10.607429
1745701212,PLN,10.020577,10.58735
1745701212,RUB,0.263606,0.299487
1745701212,XAU,3985.189856,4226.908372
1745702168,USD,37.143443,39.612987
1745702168,EUR,42.260753,44.900135
1745702168,GBP,49.127789,51.646127
1745702168,AUD,24.072231,25.493071
1745702168,DKK,5.737968,6.044591
1745702168,SEK,3.889777,4.107609
1745702168,CHF,45.478397,47.957637
1745702168,JPY,26.229134,27.735281
1745702168,CAD,27.204888,28.727101
1745702168,NOK,3.608607,3.809658
1745702168,SAR,10.078184,10.607429
1745702168,PLN,10.020577,10.58735
1745702168,RUB,0.263606,0.299487
1745702168,XAU,3985.189856,4226.908372
1745702839,USD,37.143443,39.612987
1745702839,EUR,42.260753,44.900135
1745702839,GBP,49.127789,51.646127
1745702839,AUD,24.072231,25.493071
1745702839,DKK,5.737968,6.044591
1745702839,SEK,3.889777,4.107609
1745702839,CHF,45.478397,47.957637
1745702839,JPY,26.229134,27.735281
1745702839,CAD,27.204888,28.727101
1745702839,NOK,3.608607,3.809658
1745702839,SAR,10.078184,10.607429
1745702839,PLN,10.020577,10.58735
1745702839,RUB,0.263606,0.299487
1745702839,XAU,3985.189856,4226.908372
1745703232,USD,37.143443,39.612987
1745703232,EUR,42.260753,44.900135
1745703232,GBP,49.127789,51.646127
1745703232,AUD,24.072231,25.493071
1745703232,DKK,5.737968,6.044591
1745703232,SEK,3.889777,4.107609
1745703232,CHF,45.478397,47.957637
1745703232,JPY,26.229134,27.735281
1745703232,CAD,27.204888,28.727101
1745703232,NOK,3.608607,3.809658
1745703232,SAR,10.078184,10.607429
1745703232,PLN,10.020577,10.58735
1745703232,RUB,0.263606,0.299487
1745703232,XAU,3985.189856,4226.908372
1745703587,USD,37.143443,39.612987
1745703587,EUR,42.260753,44.900135
1745703587,GBP,49.127789,51.646127
1745703587,AUD,24.072231,25.493071
1745703587,DKK,5.737968,6.044591
1745703587,SEK,3.889777,4.107609
1745703587,CHF,45.478397,47.957637
1745703587,JPY,26.229134,27.735281
1745703587,CAD,27.204888,28.727101
1745703587,NOK,3.608607,3.809658
1745703587,SAR,10.078184,10.607429
1745703587,PLN,10.020577,10.58735
1745703587,RUB,0.263606,0.299487
1745703587,XAU,3985.189856,4226.908372
