zaman,kur,alis,satis
1743888468,USD,36.516575,39.279586
1743888468,EUR,40.129184,43.047896
1743888468,GBP,47.60804,50.157084
1743888468,AUD,22.418931,23.82647
1743888468,DKK,5.463985,5.777325
1743888468,SEK,3.7192,3.945453
1743888468,CHF,43.189715,45.666048
1743888468,JPY,25.311642,26.848905
1743888468,CAD,26.10678,27.697709
1743888468,NOK,3.452405,3.665986
1743888468,SAR,9.93799,10.492319
1743888468,PLN,9.526963,10.174967
1743888468,RUB,0.263606,0.299487
1743888468,XAU,3587.295724,3834.767485
1743888827,USD,36.516575,39.279586
1743888827,EUR,40.129184,43.047896
1743888827,GBP,47.60804,50.157084
1743888827,AUD,22.418931,23.82647
1743888827,DKK,5.463985,5.777325
1743888827,SEK,3.7192,3.945453
1743888827,CHF,43.189715,45.666048
1743888827,JPY,25.311642,26.848905
1743888827,CAD,26.10678,27.697709
1743888827,NOK,3.452405,3.665986
1743888827,SAR,9.93799,10.492319
1743888827,PLN,9.526963,10.174967
1743888827,RUB,0.263606,0.299487
1743888827,XAU,3587.295724,3834.767485
