zaman,kur,alis,satis
1740344651,USD,35.191658,37.57107
1740344651,EUR,36.867629,39.231813
1740344651,GBP,44.632694,47.274039
1740344651,AUD,22.67346,24.02443
1740344651,DKK,5.003229,5.299666
1740344651,SEK,3.351346,3.556957
1740344651,CHF,39.695312,42.028533
1740344651,JPY,23.911168,25.372467
1740344651,CAD,25.091139,26.579134
1740344651,NOK,3.196817,3.396094
1740344651,SAR,9.552088,10.073603
1740344651,PLN,8.967811,9.509781
1740344651,RUB,0.264101,0.299487
1740344651,XAU,3326.472853,3557.861696
1740345596,USD,35.191658,37.57107
1740345596,EUR,36.867629,39.231813
1740345596,GBP,44.632694,47.274039
1740345596,AUD,22.67346,24.02443
1740345596,DKK,5.003229,5.299666
1740345596,SEK,3.351346,3.556957
1740345596,CHF,39.695312,42.028533
1740345596,JPY,23.911168,25.372467
1740345596,CAD,25.099158,26.583174
1740345596,NOK,3.196817,3.396094
1740345596,SAR,9.552088,10.073603
1740345596,PLN,8.967811,9.509781
1740345596,RUB,0.264101,0.299487
1740345596,XAU,3326.472853,3557.861696
