zaman,kur,alis,satis
1739049111,USD,35.0207,36.805
1739049111,EUR,35.1323,39.0026
1739049111,GBP,42.3569,46.6896
1739049111,AUD,22.2773,23.2336
1739049111,DKK,4.91924,5.12261
1739049111,SEK,3.24689,3.3873
1739049111,CHF,39.0373,40.6209
1739049111,JPY,23.46642,24.49781
1739049111,CAD,24.8786,25.9263
1739049111,NOK,3.15836,3.2936
1739049111,SAR,9.51227,9.86673
1739049111,PLN,8.7533,9.1297
1739049111,RUB,0.26642,0.29667
1739049111,XAU,3224.864777,3398.549035
1739049823,USD,35.0207,36.805
1739049823,EUR,35.1323,39.0026
1739049823,GBP,42.3569,46.6896
1739049823,AUD,22.2773,23.2336
1739049823,DKK,4.91924,5.12261
1739049823,SEK,3.24689,3.3873
1739049823,CHF,39.0373,40.6209
1739049823,JPY,23.46642,24.49781
1739049823,CAD,24.8786,25.9263
1739049823,NOK,3.15836,3.2936
1739049823,SAR,9.51227,9.86673
1739049823,PLN,8.7533,9.1297
1739049823,RUB,0.26642,0.29667
1739049823,XAU,3224.864777,3398.549035
1739050161,USD,35.0207,36.805
1739050161,EUR,35.1323,39.0026
1739050161,GBP,42.3569,46.6896
1739050161,AUD,22.2773,23.2336
1739050161,DKK,4.91924,5.12261
1739050161,SEK,3.24689,3.3873
1739050161,CHF,39.0373,40.6209
1739050161,JPY,23.46642,24.49781
1739050161,CAD,24.8786,25.9263
1739050161,NOK,3.15836,3.2936
1739050161,SAR,9.51227,9.86673
1739050161,PLN,8.7533,9.1297
1739050161,RUB,0.26642,0.29667
1739050161,XAU,3224.864777,3398.549035
