zaman,kur,alis,satis
1750886224,USD,38.588358,40.89696
1750886224,EUR,45.042158,47.48927
1750886224,GBP,52.933745,55.537859
1750886224,AUD,25.404672,26.744259
1750886224,DKK,6.102951,6.404141
1750886224,SEK,4.115646,4.319638
1750886224,CHF,48.552941,50.926633
1750886224,JPY,26.889682,28.356401
1750886224,CAD,28.461693,29.956372
1750886224,NOK,3.851098,4.044251
1750886224,SAR,10.462769,10.999157
1750886224,PLN,10.707538,11.239709
1750886224,RUB,0.263111,0.299487
1750886224,XAU,4132.518867,4371.742929
1750887087,USD,38.587427,40.897061
1750887087,EUR,45.066611,47.51351
1750887087,GBP,52.944239,55.55008
1750887087,AUD,25.412295,26.748299
1750887087,DKK,6.106208,6.407484
1750887087,SEK,4.118933,4.32282
1750887087,CHF,48.5768,50.95158
1750887087,JPY,26.896236,28.362895
1750887087,CAD,28.463079,29.960715
1750887087,NOK,3.852484,4.044554
1750887087,SAR,10.46275,11.000026
1750887087,PLN,10.708924,11.239911
1750887087,RUB,0.263111,0.299487
1750887087,XAU,4134.804154,4372.628752
