zaman,kur,alis,satis
1745096936,USD,36.763253,39.366951
1745096936,EUR,41.969396,44.748635
1745096936,GBP,49.125512,52.085174
1745096936,AUD,23.771865,25.261074
1745096936,DKK,5.694932,6.035511
1745096936,SEK,3.867096,4.124688
1745096936,CHF,45.623531,48.409713
1745096936,JPY,26.217323,27.843876
1745096936,CAD,26.902542,28.560249
1745096936,NOK,3.552831,3.778742
1745096936,SAR,9.962493,10.533547
1745096936,PLN,9.900391,10.569069
1745096936,RUB,0.263606,0.299487
1745096936,XAU,3952.508699,4217.532225
1745097853,USD,36.763253,39.366951
1745097853,EUR,41.969396,44.748635
1745097853,GBP,49.125512,52.085174
1745097853,AUD,23.771865,25.261074
1745097853,DKK,5.694932,6.035511
1745097853,SEK,3.867096,4.124688
1745097853,CHF,45.623531,48.409713
1745097853,JPY,26.217323,27.843876
1745097853,CAD,26.902542,28.560249
1745097853,NOK,3.552831,3.778742
1745097853,SAR,9.962493,10.533547
1745097853,PLN,9.900391,10.569069
1745097853,RUB,0.263606,0.299487
1745097853,XAU,3952.508699,4217.532225
1745098285,USD,36.763253,39.366951
1745098285,EUR,41.969396,44.748635
1745098285,GBP,49.125512,52.085174
1745098285,AUD,23.771865,25.261074
1745098285,DKK,5.694932,6.035511
1745098285,SEK,3.867096,4.124688
1745098285,CHF,45.623531,48.409713
1745098285,JPY,26.217323,27.843876
1745098285,CAD,26.902542,28.560249
1745098285,NOK,3.552831,3.778742
1745098285,SAR,9.962493,10.533547
1745098285,PLN,9.900391,10.569069
1745098285,RUB,0.263606,0.299487
1745098285,XAU,3952.508699,4217.532225
1745098671,USD,36.763253,39.366951
1745098671,EUR,41.969396,44.748635
1745098671,GBP,49.125512,52.085174
1745098671,AUD,23.771865,25.261074
1745098671,DKK,5.694932,6.035511
1745098671,SEK,3.867096,4.124688
1745098671,CHF,45.623531,48.409713
1745098671,JPY,26.217323,27.843876
1745098671,CAD,26.902542,28.560249
1745098671,NOK,3.552831,3.778742
1745098671,SAR,9.962493,10.533547
1745098671,PLN,9.900391,10.569069
1745098671,RUB,0.263606,0.299487
1745098671,XAU,3952.508699,4217.532225
1745099004,USD,36.763253,39.366951
1745099004,EUR,41.969396,44.748635
1745099004,GBP,49.125512,52.085174
1745099004,AUD,23.771865,25.261074
1745099004,DKK,5.694932,6.035511
1745099004,SEK,3.867096,4.124688
1745099004,CHF,45.623531,48.409713
1745099004,JPY,26.217323,27.843876
1745099004,CAD,26.902542,28.560249
1745099004,NOK,3.552831,3.778742
1745099004,SAR,9.962493,10.533547
1745099004,PLN,9.900391,10.569069
1745099004,RUB,0.263606,0.299487
1745099004,XAU,3952.508699,4217.532225
