zaman,kur,alis,satis
1743109216,USD,36.879608,39.155659
1743109216,EUR,39.857924,42.195052
1743109216,GBP,47.975132,50.472709
1743109216,AUD,23.469717,24.792333
1743109216,DKK,5.375905,5.667861
1743109216,SEK,3.724626,3.922779
1743109216,CHF,42.100022,44.353957
1743109216,JPY,24.661212,26.100606
1743109216,CAD,26.105988,27.554693
1743109216,NOK,3.544,3.733979
1743109216,SAR,10.023427,10.555899
1743109216,PLN,9.603193,10.118407
1743109216,RUB,0.262616,0.299487
1743109216,XAU,3608.098819,3842.847907
