zaman,kur,alis,satis
1750972502,USD,38.613464,40.924593
1750972502,EUR,45.398063,47.85489
1750972502,GBP,53.399045,56.015387
1750972502,AUD,25.647717,27.004637
1750972502,DKK,6.149481,6.456742
1750972502,SEK,4.130456,4.337111
1750972502,CHF,48.945872,51.345985
1750972502,JPY,27.120926,28.602437
1750972502,CAD,28.711371,30.214831
1750972502,NOK,3.874957,4.075662
1750972502,SAR,10.463264,10.996905
1750972502,PLN,10.797232,11.336669
1750972502,RUB,0.264101,0.299487
1750972502,XAU,4143.308729,4382.477358
