zaman,kur,alis,satis
1746134200,USD,37.258877,39.553629
1746134200,EUR,42.150071,44.550574
1746134200,GBP,49.701197,52.251117
1746134200,AUD,24.156084,25.479133
1746134200,DKK,5.714317,6.015837
1746134200,SEK,3.876888,4.080773
1746134200,CHF,45.416918,47.758162
1746134200,JPY,26.068794,27.56654
1746134200,CAD,27.251022,28.735989
1746134200,NOK,3.604489,3.797104
1746134200,SAR,10.115675,10.649778
1746134200,PLN,9.935833,10.462312
1746134200,RUB,0.263111,0.299487
1746134200,XAU,3863.581426,4097.966056
1746134905,USD,37.253026,39.552175
1746134905,EUR,42.111164,44.514012
1746134905,GBP,49.668725,52.223948
1746134905,AUD,24.14658,25.472265
1746134905,DKK,5.709584,6.011787
1746134905,SEK,3.875214,4.079814
1746134905,CHF,45.374645,47.720388
1746134905,JPY,26.041618,27.54526
1746134905,CAD,27.258744,28.745079
1746134905,NOK,3.607756,3.800841
1746134905,SAR,10.114834,10.650546
1746134905,PLN,9.928309,10.454737
1746134905,RUB,0.263111,0.299487
1746134905,XAU,3860.534484,4095.179027
