zaman,kur,alis,satis
1750453837,USD,38.433562,40.740551
1750453837,EUR,44.421428,46.85903
1750453837,GBP,52.027796,54.606942
1750453837,AUD,25.133313,26.47267
1750453837,DKK,6.025682,6.328593
1750453837,SEK,4.036891,4.240828
1750453837,CHF,47.685899,50.046418
1750453837,JPY,26.691969,28.157188
1750453837,CAD,28.375761,29.877188
1750453837,NOK,3.8509,4.045968
1750453837,SAR,10.406636,10.935346
1750453837,PLN,10.516765,11.055485
1750453837,RUB,0.264101,0.299487
1750453837,XAU,4165.114556,4405.769236
1750454830,USD,38.434403,40.741309
1750454830,EUR,44.428259,46.867918
1750454830,GBP,52.044626,54.624011
1750454830,AUD,25.145688,26.485598
1750454830,DKK,6.026681,6.329785
1750454830,SEK,4.037753,4.241636
1750454830,CHF,47.692928,50.054296
1750454830,JPY,26.694494,28.160097
1750454830,CAD,28.386849,29.886278
1750454830,NOK,3.852385,4.046473
1750454830,SAR,10.406904,10.93578
1750454830,PLN,10.523695,11.053162
1750454830,RUB,0.264101,0.299487
1750454830,XAU,4162.873193,4402.510072
1750455394,USD,38.436888,40.745258
1750455394,EUR,44.42717,46.868423
1750455394,GBP,52.047992,54.629263
1750455394,AUD,25.147668,26.485901
1750455394,DKK,6.025365,6.328886
1750455394,SEK,4.036644,4.240858
1750455394,CHF,47.683424,50.048741
1750455394,JPY,26.68691,28.154724
1750455394,CAD,28.384473,29.886985
1750455394,NOK,3.848425,4.048897
1750455394,SAR,10.405894,10.936012
1750455394,PLN,10.522507,11.053465
1750455394,RUB,0.264101,0.299487
1750455394,XAU,4163.643761,4404.356726
