zaman,kur,alis,satis
1737752991,USD,34.488065,36.720549
1737752991,EUR,36.263432,38.538751
1737752991,GBP,43.243031,45.650666
1737752991,AUD,22.062729,23.342074
1737752991,DKK,4.918466,5.199545
1737752991,SEK,3.201321,3.38963
1737752991,CHF,38.559782,40.745126
1737752991,JPY,22.408437,23.791736
1737752991,CAD,24.396357,25.814362
1737752991,NOK,3.12226,3.305537
1737752991,SAR,9.352059,9.859231
1737752991,PLN,8.724964,9.217184
1737752991,RUB,0.263606,0.299487
1737752991,XAU,3068.629328,3289.802359
1737753770,USD,34.488263,36.72065
1737753770,EUR,36.248879,38.525015
1737753770,GBP,43.242734,45.651272
1737753770,AUD,22.057383,23.338438
1737753770,DKK,4.916396,5.197615
1737753770,SEK,3.2005,3.389236
1737753770,CHF,38.551268,40.742601
1737753770,JPY,22.405566,23.788807
1737753770,CAD,24.396258,25.81113
1737753770,NOK,3.122854,3.302709
1737753770,SAR,9.352029,9.85912
1737753770,PLN,8.718133,9.217992
1737753770,RUB,0.263606,0.299487
1737753770,XAU,3067.669381,3288.955177
