zaman,kur,alis,satis
1738012476,USD,34.632209,36.86407
1738012476,EUR,36.362333,38.63258
1738012476,GBP,43.389452,45.799641
1738012476,AUD,22.013427,23.280161
1738012476,DKK,4.930999,5.207584
1738012476,SEK,3.204915,3.391337
1738012476,CHF,38.895491,41.071558
1738012476,JPY,22.72197,24.100594
1738012476,CAD,24.398931,25.817998
1738012476,NOK,3.116914,3.295639
1738012476,SAR,9.373383,9.879663
1738012476,PLN,8.73823,9.228698
1738012476,RUB,0.262616,0.299487
1738012476,XAU,3034.387623,3253.291028
1738013287,USD,34.632407,36.865282
1738013287,EUR,36.348869,38.622985
1738013287,GBP,43.393412,45.806509
1738013287,AUD,22.031841,23.302078
1738013287,DKK,4.929059,5.20613
1738013287,SEK,3.203658,3.391256
1738013287,CHF,38.884403,41.064387
1738013287,JPY,22.702863,24.082414
1738013287,CAD,24.408435,25.827593
1738013287,NOK,3.116716,3.294225
1738013287,SAR,9.373156,9.879764
1738013287,PLN,8.73229,9.224961
1738013287,RUB,0.262616,0.299487
1738013287,XAU,3034.500933,3251.843773
