zaman,kur,alis,satis
1741726906,USD,35.472422,37.720954
1741726906,EUR,38.858915,41.175861
1741726906,GBP,46.154918,48.616834
1741726906,AUD,22.58238,23.863436
1741726906,DKK,5.267262,5.551206
1741726906,SEK,3.588124,3.78255
1741726906,CHF,40.784609,43.003082
1741726906,JPY,24.392694,25.807797
1741726906,CAD,24.828789,26.248157
1741726906,NOK,3.378472,3.562683
1741726906,SAR,9.599786,10.108438
1741726906,PLN,9.353713,9.859342
1741726906,RUB,0.263111,0.299487
1741726906,XAU,3322.16246,3546.029394
