zaman,kur,alis,satis
1745528416,USD,37.179875,39.459922
1745528416,EUR,42.365198,44.757523
1745528416,GBP,49.767329,52.303839
1745528416,AUD,24.118365,25.461256
1745528416,DKK,5.736621,6.036713
1745528416,SEK,3.925902,4.129627
1745528416,CHF,45.448103,47.792906
1745528416,JPY,26.374387,27.847543
1745528416,CAD,27.155685,28.629535
1745528416,NOK,3.605974,3.7967
1745528416,SAR,10.077659,10.609469
1745528416,PLN,10.012162,10.532406
1745528416,RUB,0.262616,0.299487
1745528416,XAU,3992.06345,4229.003291
