zaman,kur,alis,satis
1750540301,USD,38.399387,40.764337
1750540301,EUR,44.334902,46.838325
1750540301,GBP,51.913055,54.568764
1750540301,AUD,25.077378,26.477518
1750540301,DKK,6.013524,6.327523
1750540301,SEK,4.024714,4.249019
1750540301,CHF,47.53532,50.034803
1750540301,JPY,26.62453,28.140715
1750540301,CAD,28.333785,29.892338
1750540301,NOK,3.847415,4.055795
1750540301,SAR,10.400251,10.943112
1750540301,PLN,10.508746,11.081947
1750540301,RUB,0.264101,0.299487
1750540301,XAU,4166.758755,4416.909254
