zaman,kur,alis,satis
1747343550,USD,37.6564,39.7868
1747343550,EUR,42.1224,44.5095
1747343550,GBP,50.098,52.9404
1747343550,XAU,3882.67,4143.48
1747343550,AUD,24.1227,25.4914
1747343550,DKK,5.6461,5.9665
1747343550,SEK,3.8695,4.0923
1747343550,CHF,45.0704,47.6261
1747343550,JPY,0.2585,0.27317
1747343550,CAD,26.9667,28.5067
1747343550,KWD,122.4199,129.5566
1747343550,NOK,3.6147,3.8214
1747343550,SAR,10.0393,10.6078
1747344532,USD,37.6564,39.7868
1747344532,EUR,42.1224,44.5095
1747344532,GBP,50.098,52.9404
1747344532,XAU,3882.67,4143.48
1747344532,AUD,24.1227,25.4914
1747344532,DKK,5.6461,5.9665
1747344532,SEK,3.8695,4.0923
1747344532,CHF,45.0704,47.6261
1747344532,JPY,0.2585,0.27317
1747344532,CAD,26.9667,28.5067
1747344532,KWD,122.4199,129.5566
1747344532,NOK,3.6147,3.8214
1747344532,SAR,10.0393,10.6078
1747345064,USD,37.6564,39.7868
1747345064,EUR,42.1224,44.5095
1747345064,GBP,50.098,52.9404
1747345064,XAU,3882.67,4143.48
1747345064,AUD,24.1227,25.4914
1747345064,DKK,5.6461,5.9665
1747345064,SEK,3.8695,4.0923
1747345064,CHF,45.0704,47.6261
1747345064,JPY,0.2585,0.27317
1747345064,CAD,26.9667,28.5067
1747345064,KWD,122.4199,129.5566
1747345064,NOK,3.6147,3.8214
1747345064,SAR,10.0393,10.6078
