zaman,kur,alis,satis
1752095789,USD,38.9623,41.164
1752095789,EUR,45.6677,48.2524
1752095789,GBP,52.938,55.9377
1752095789,XAU,4107.78,4383.7
1752095789,AUD,25.4618,26.9048
1752095789,DKK,6.1204,6.4674
1752095789,SEK,4.0957,4.33
1752095789,CHF,49.04,51.8177
1752095789,JPY,0.26621,0.28127
1752095789,CAD,28.4583,30.0686
1752095789,KWD,127.4943,134.9196
1752095789,NOK,3.8561,4.0777
1752095789,SAR,10.388,10.9756
1752096700,USD,38.9623,41.164
1752096700,EUR,45.6677,48.2524
1752096700,GBP,52.938,55.9377
1752096700,XAU,4107.78,4383.7
1752096700,AUD,25.4618,26.9048
1752096700,DKK,6.1204,6.4674
1752096700,SEK,4.0957,4.33
1752096700,CHF,49.04,51.8177
1752096700,JPY,0.26621,0.28127
1752096700,CAD,28.4583,30.0686
1752096700,KWD,127.4943,134.9196
1752096700,NOK,3.8561,4.0777
1752096700,SAR,10.388,10.9756
1752097357,USD,38.9623,41.164
1752097357,EUR,45.6677,48.2524
1752097357,GBP,52.938,55.9377
1752097357,XAU,4107.78,4383.7
1752097357,AUD,25.4618,26.9048
1752097357,DKK,6.1204,6.4674
1752097357,SEK,4.0957,4.33
1752097357,CHF,49.04,51.8177
1752097357,JPY,0.26621,0.28127
1752097357,CAD,28.4583,30.0686
1752097357,KWD,127.4943,134.9196
1752097357,NOK,3.8561,4.0777
1752097357,SAR,10.388,10.9756
