zaman,kur,alis,satis
1746565798,USD,37.5848,39.6967
1746565798,EUR,42.7377,45.151
1746565798,GBP,50.2358,53.0824
1746565798,XAU,4103.67,4379.32
1746565798,AUD,24.4,25.7869
1746565798,DKK,5.7285,6.051
1746565798,SEK,3.9226,4.1515
1746565798,CHF,45.7236,48.328
1746565798,JPY,0.2639,0.27875
1746565798,CAD,27.2769,28.8242
1746565798,KWD,122.5458,129.6429
1746565798,NOK,3.6538,3.8704
1746565798,SAR,10.0173,10.5863
1746566829,USD,37.5848,39.6967
1746566829,EUR,42.7377,45.151
1746566829,GBP,50.2358,53.0824
1746566829,XAU,4103.67,4379.32
1746566829,AUD,24.4,25.7869
1746566829,DKK,5.7285,6.051
1746566829,SEK,3.9226,4.1515
1746566829,CHF,45.7236,48.328
1746566829,JPY,0.2639,0.27875
1746566829,CAD,27.2769,28.8242
1746566829,KWD,122.5458,129.6429
1746566829,NOK,3.6538,3.8704
1746566829,SAR,10.0173,10.5863
