zaman,kur,alis,satis
1751663488,USD,38.778,40.9874
1751663488,EUR,45.6766,48.2873
1751663488,GBP,52.9242,55.9478
1751663488,XAU,4117.74,4394.34
1751663488,AUD,25.3996,26.859
1751663488,DKK,6.1203,6.4729
1751663488,SEK,4.0537,4.2932
1751663488,CHF,48.808,51.6019
1751663488,JPY,0.26825,0.28367
1751663488,CAD,28.5006,30.1289
1751663488,KWD,126.8913,134.3409
1751663488,NOK,3.8474,4.073
1751663488,SAR,10.3394,10.9291
1751664523,USD,38.778,40.9874
1751664523,EUR,45.6766,48.2873
1751664523,GBP,52.9242,55.9478
1751664523,XAU,4117.74,4394.34
1751664523,AUD,25.3996,26.859
1751664523,DKK,6.1203,6.4729
1751664523,SEK,4.0537,4.2932
1751664523,CHF,48.808,51.6019
1751664523,JPY,0.26825,0.28367
1751664523,CAD,28.5006,30.1289
1751664523,KWD,126.8913,134.3409
1751664523,NOK,3.8474,4.073
1751664523,SAR,10.3394,10.9291
1751665108,USD,38.778,40.9874
1751665108,EUR,45.6766,48.2873
1751665108,GBP,52.9242,55.9478
1751665108,XAU,4117.74,4394.34
1751665108,AUD,25.3996,26.859
1751665108,DKK,6.1203,6.4729
1751665108,SEK,4.0537,4.2932
1751665108,CHF,48.808,51.6019
1751665108,JPY,0.26825,0.28367
1751665108,CAD,28.5006,30.1289
1751665108,KWD,126.8913,134.3409
1751665108,NOK,3.8474,4.073
1751665108,SAR,10.3394,10.9291
1751665558,USD,38.778,40.9874
1751665558,EUR,45.6766,48.2873
1751665558,GBP,52.9242,55.9478
1751665558,XAU,4117.74,4394.34
1751665558,AUD,25.3996,26.859
1751665558,DKK,6.1203,6.4729
1751665558,SEK,4.0537,4.2932
1751665558,CHF,48.808,51.6019
1751665558,JPY,0.26825,0.28367
1751665558,CAD,28.5006,30.1289
1751665558,KWD,126.8913,134.3409
1751665558,NOK,3.8474,4.073
1751665558,SAR,10.3394,10.9291
1751665915,USD,38.778,40.9874
1751665915,EUR,45.6766,48.2873
1751665915,GBP,52.9242,55.9478
1751665915,XAU,4117.74,4394.34
1751665915,AUD,25.3996,26.859
1751665915,DKK,6.1203,6.4729
1751665915,SEK,4.0537,4.2932
1751665915,CHF,48.808,51.6019
1751665915,JPY,0.26825,0.28367
1751665915,CAD,28.5006,30.1289
1751665915,KWD,126.8913,134.3409
1751665915,NOK,3.8474,4.073
1751665915,SAR,10.3394,10.9291
1751666244,USD,38.778,40.9874
1751666244,EUR,45.6766,48.2873
1751666244,GBP,52.9242,55.9478
1751666244,XAU,4117.74,4394.34
1751666244,AUD,25.3996,26.859
1751666244,DKK,6.1203,6.4729
1751666244,SEK,4.0537,4.2932
1751666244,CHF,48.808,51.6019
1751666244,JPY,0.26825,0.28367
1751666244,CAD,28.5006,30.1289
1751666244,KWD,126.8913,134.3409
1751666244,NOK,3.8474,4.073
1751666244,SAR,10.3394,10.9291
