zaman,kur,alis,satis
1742072457,USD,35.6906,37.6685
1742072457,EUR,38.8492,41.0059
1742072457,GBP,46.1586,48.743
1742072457,XAU,3387.07,3614.58
1742072457,AUD,22.5886,23.8517
1742072457,DKK,5.2064,5.4956
1742072457,SEK,3.5228,3.7203
1742072457,CHF,40.3238,42.5681
1742072457,JPY,0.24013,0.25346
1742072457,CAD,24.8542,26.2334
1742072457,KWD,115.7282,122.3798
1742072457,NOK,3.3535,3.5427
1742072457,SAR,9.5134,10.0465
