zaman,kur,alis,satis
1743888488,USD,36.9265,39.3524
1743888488,EUR,40.4197,43.083
1743888488,GBP,47.4875,50.6426
1743888488,XAU,3569.95,3809.75
1743888488,AUD,22.2962,23.7689
1743888488,DKK,5.4165,5.7741
1743888488,SEK,3.6774,3.9277
1743888488,CHF,42.858,45.7055
1743888488,JPY,0.25129,0.26782
1743888488,CAD,25.9352,27.6429
1743888488,KWD,120.0471,127.9754
1743888488,NOK,3.4305,3.6597
1743888488,SAR,9.8392,10.4873
1743888843,USD,36.9265,39.3524
1743888843,EUR,40.4197,43.083
1743888843,GBP,47.4875,50.6426
1743888843,XAU,3569.95,3809.75
1743888843,AUD,22.2962,23.7689
1743888843,DKK,5.4165,5.7741
1743888843,SEK,3.6774,3.9277
1743888843,CHF,42.858,45.7055
1743888843,JPY,0.25129,0.26782
1743888843,CAD,25.9352,27.6429
1743888843,KWD,120.0471,127.9754
1743888843,NOK,3.4305,3.6597
1743888843,SAR,9.8392,10.4873
1743889563,USD,36.9265,39.3524
1743889563,EUR,40.4197,43.083
1743889563,GBP,47.4875,50.6426
1743889563,XAU,3569.95,3809.75
1743889563,AUD,22.2962,23.7689
1743889563,DKK,5.4165,5.7741
1743889563,SEK,3.6774,3.9277
1743889563,CHF,42.858,45.7055
1743889563,JPY,0.25129,0.26782
1743889563,CAD,25.9352,27.6429
1743889563,KWD,120.0471,127.9754
1743889563,NOK,3.4305,3.6597
1743889563,SAR,9.8392,10.4873
