zaman,kur,alis,satis
1750713413,USD,38.5134,40.7481
1750713413,EUR,44.5869,47.1863
1750713413,GBP,52.0932,55.1199
1750713413,XAU,4131.7,4409.24
1750713413,AUD,24.8719,26.3192
1750713413,DKK,5.9771,6.3249
1750713413,SEK,4.0109,4.2472
1750713413,CHF,47.3894,50.1453
1750713413,JPY,0.2635,0.27882
1750713413,CAD,28.0362,29.6652
1750713413,KWD,125.7784,133.2943
1750713413,NOK,3.8166,4.0411
1750713413,SAR,10.2639,10.8612
1750714322,USD,38.5134,40.7481
1750714322,EUR,44.5869,47.1863
1750714322,GBP,52.0932,55.1199
1750714322,XAU,4131.7,4409.24
1750714322,AUD,24.8719,26.3192
1750714322,DKK,5.9771,6.3249
1750714322,SEK,4.0109,4.2472
1750714322,CHF,47.3894,50.1453
1750714322,JPY,0.2635,0.27882
1750714322,CAD,28.0362,29.6652
1750714322,KWD,125.7784,133.2943
1750714322,NOK,3.8166,4.0411
1750714322,SAR,10.2639,10.8612
