zaman,kur,alis,satis
1750194778,USD,38.4257,40.6145
1750194778,EUR,44.1166,46.6458
1750194778,GBP,51.5866,54.5291
1750194778,XAU,4141.19,4419.36
1750194778,AUD,24.8768,26.3101
1750194778,DKK,5.9156,6.2539
1750194778,SEK,4.0194,4.253
1750194778,CHF,47.0673,49.7605
1750194778,JPY,0.26448,0.27958
1750194778,CAD,28.0972,29.6998
1750194778,KWD,125.4104,132.7273
1750194778,NOK,3.8637,4.0887
1750194778,SAR,10.2414,10.8256
