zaman,kur,alis,satis
1747257038,USD,37.7053,39.8519
1747257038,EUR,42.1282,44.5384
1747257038,GBP,50.001,52.8515
1747257038,XAU,3813.62,4069.79
1747257038,AUD,24.2294,25.6327
1747257038,DKK,5.6464,5.9686
1747257038,SEK,3.8625,4.0901
1747257038,CHF,44.7541,47.3412
1747257038,JPY,0.25692,0.27158
1747257038,CAD,26.9651,28.5023
1747257038,KWD,122.4199,129.7684
1747257038,NOK,3.6275,3.8382
1747257038,SAR,10.0523,10.6252
1747257413,USD,37.7053,39.8519
1747257413,EUR,42.1282,44.5384
1747257413,GBP,50.001,52.8515
1747257413,XAU,3813.62,4069.79
1747257413,AUD,24.2294,25.6327
1747257413,DKK,5.6464,5.9686
1747257413,SEK,3.8625,4.0901
1747257413,CHF,44.7541,47.3412
1747257413,JPY,0.25692,0.27158
1747257413,CAD,26.9651,28.5023
1747257413,KWD,122.4199,129.7684
1747257413,NOK,3.6275,3.8382
1747257413,SAR,10.0523,10.6252
1747257925,USD,37.7053,39.8519
1747257925,EUR,42.1282,44.5384
1747257925,GBP,50.001,52.8515
1747257925,XAU,3813.62,4069.79
1747257925,AUD,24.2294,25.6327
1747257925,DKK,5.6464,5.9686
1747257925,SEK,3.8625,4.0901
1747257925,CHF,44.7541,47.3412
1747257925,JPY,0.25692,0.27158
1747257925,CAD,26.9651,28.5023
1747257925,KWD,122.4199,129.7684
1747257925,NOK,3.6275,3.8382
1747257925,SAR,10.0523,10.6252
1747258274,USD,37.7053,39.8519
1747258274,EUR,42.1282,44.5384
1747258274,GBP,50.001,52.8515
1747258274,XAU,3813.62,4069.79
1747258274,AUD,24.2294,25.6327
1747258274,DKK,5.6464,5.9686
1747258274,SEK,3.8625,4.0901
1747258274,CHF,44.7541,47.3412
1747258274,JPY,0.25692,0.27158
1747258274,CAD,26.9651,28.5023
1747258274,KWD,122.4199,129.7684
1747258274,NOK,3.6275,3.8382
1747258274,SAR,10.0523,10.6252
