zaman,kur,alis,satis
1742331635,USD,35.6998,37.7025
1742331635,EUR,39.0663,41.2692
1742331635,GBP,46.4133,49.0246
1742331635,XAU,3445.64,3677.08
1742331635,AUD,22.7051,23.9863
1742331635,DKK,5.2373,5.5322
1742331635,SEK,3.5527,3.7572
1742331635,CHF,40.7114,43.0197
1742331635,JPY,0.23911,0.25256
1742331635,CAD,24.9649,26.3672
1742331635,KWD,115.8333,122.5699
1742331635,NOK,3.3783,3.5735
1742331635,SAR,9.5156,10.0553
1742332468,USD,35.6998,37.7025
1742332468,EUR,39.0663,41.2692
1742332468,GBP,46.4133,49.0246
1742332468,XAU,3445.64,3677.08
1742332468,AUD,22.7051,23.9863
1742332468,DKK,5.2373,5.5322
1742332468,SEK,3.5527,3.7572
1742332468,CHF,40.7114,43.0197
1742332468,JPY,0.23911,0.25256
1742332468,CAD,24.9649,26.3672
1742332468,KWD,115.8333,122.5699
1742332468,NOK,3.3783,3.5735
1742332468,SAR,9.5156,10.0553
1742333703,USD,35.6998,37.7025
1742333703,EUR,39.0663,41.2692
1742333703,GBP,46.4133,49.0246
1742333703,XAU,3445.64,3677.08
1742333703,AUD,22.7051,23.9863
1742333703,DKK,5.2373,5.5322
1742333703,SEK,3.5527,3.7572
1742333703,CHF,40.7114,43.0197
1742333703,JPY,0.23911,0.25256
1742333703,CAD,24.9649,26.3672
1742333703,KWD,115.8333,122.5699
1742333703,NOK,3.3783,3.5735
1742333703,SAR,9.5156,10.0553
1742334153,USD,35.6998,37.7025
1742334153,EUR,39.0663,41.2692
1742334153,GBP,46.4133,49.0246
1742334153,XAU,3445.64,3677.08
1742334153,AUD,22.7051,23.9863
1742334153,DKK,5.2373,5.5322
1742334153,SEK,3.5527,3.7572
1742334153,CHF,40.7114,43.0197
1742334153,JPY,0.23911,0.25256
1742334153,CAD,24.9649,26.3672
1742334153,KWD,115.8333,122.5699
1742334153,NOK,3.3783,3.5735
1742334153,SAR,9.5156,10.0553
