zaman,kur,alis,satis
1750368445,USD,38.5255,40.7459
1750368445,EUR,44.2889,46.8578
1750368445,GBP,51.8708,54.897
1750368445,XAU,4134.5,4412.23
1750368445,AUD,24.9645,26.4074
1750368445,DKK,5.9374,6.2809
1750368445,SEK,3.9959,4.232
1750368445,CHF,47.1837,49.9093
1750368445,JPY,0.26485,0.28016
1750368445,CAD,28.1208,29.7437
1750368445,KWD,125.695,132.9828
1750368445,NOK,3.8344,4.0612
1750368445,SAR,10.2664,10.8592
1750369048,USD,38.5255,40.7459
1750369048,EUR,44.2889,46.8578
1750369048,GBP,51.8708,54.897
1750369048,XAU,4134.5,4412.23
1750369048,AUD,24.9645,26.4074
1750369048,DKK,5.9374,6.2809
1750369048,SEK,3.9959,4.232
1750369048,CHF,47.1837,49.9093
1750369048,JPY,0.26485,0.28016
1750369048,CAD,28.1208,29.7437
1750369048,KWD,125.695,132.9828
1750369048,NOK,3.8344,4.0612
1750369048,SAR,10.2664,10.8592
1750369479,USD,38.5255,40.7459
1750369479,EUR,44.2889,46.8578
1750369479,GBP,51.8708,54.897
1750369479,XAU,4134.5,4412.23
1750369479,AUD,24.9645,26.4074
1750369479,DKK,5.9374,6.2809
1750369479,SEK,3.9959,4.232
1750369479,CHF,47.1837,49.9093
1750369479,JPY,0.26485,0.28016
1750369479,CAD,28.1208,29.7437
1750369479,KWD,125.695,132.9828
1750369479,NOK,3.8344,4.0612
1750369479,SAR,10.2664,10.8592
