zaman,kur,alis,satis
1743541402,USD,36.8734,39.2898
1743541402,EUR,39.8012,42.4173
1743541402,GBP,47.6515,50.7978
1743541402,XAU,3654.67,3900.16
1743541402,AUD,23.1491,24.674
1743541402,DKK,5.3341,5.6847
1743541402,SEK,3.6788,3.9273
1743541402,CHF,41.7262,44.4656
1743541402,JPY,0.24643,0.26261
1743541402,CAD,25.7838,27.4773
1743541402,KWD,119.5249,127.4401
1743541402,NOK,3.5205,3.7588
1743541402,SAR,9.829,10.4736
1743542526,USD,36.8734,39.2898
1743542526,EUR,39.8012,42.4173
1743542526,GBP,47.6515,50.7978
1743542526,XAU,3654.67,3900.16
1743542526,AUD,23.1491,24.674
1743542526,DKK,5.3341,5.6847
1743542526,SEK,3.6788,3.9273
1743542526,CHF,41.7262,44.4656
1743542526,JPY,0.24643,0.26261
1743542526,CAD,25.7838,27.4773
1743542526,KWD,119.5249,127.4401
1743542526,NOK,3.5205,3.7588
1743542526,SAR,9.829,10.4736
1743543244,USD,36.8734,39.2898
1743543244,EUR,39.8012,42.4173
1743543244,GBP,47.6515,50.7978
1743543244,XAU,3654.67,3900.16
1743543244,AUD,23.1491,24.674
1743543244,DKK,5.3341,5.6847
1743543244,SEK,3.6788,3.9273
1743543244,CHF,41.7262,44.4656
1743543244,JPY,0.24643,0.26261
1743543244,CAD,25.7838,27.4773
1743543244,KWD,119.5249,127.4401
1743543244,NOK,3.5205,3.7588
1743543244,SAR,9.829,10.4736
