zaman,kur,alis,satis
1736889155,USD,34.5344,36.4538
1736889155,EUR,35.5773,37.562
1736889155,GBP,42.1492,44.4991
1736889155,XAU,2937.26,3135.84
1736889155,AUD,21.3699,22.5722
1736889155,DKK,4.7684,5.0337
1736889155,SEK,3.0889,3.2615
1736889155,CHF,37.8376,39.9449
1736889155,JPY,0.21861,0.23078
1736889155,CAD,24.0524,25.3962
1736889155,KWD,111.798,118.2412
1736889155,NOK,3.0334,3.2032
1736889155,SAR,9.2001,9.7119
