zaman,kur,alis,satis
1750886243,USD,38.6798,40.8457
1750886243,EUR,45.0968,47.6219
1750886243,GBP,52.8521,55.8197
1750886243,XAU,4100.69,4376.15
1750886243,AUD,25.1883,26.6028
1750886243,DKK,6.0439,6.3836
1750886243,SEK,4.0743,4.3064
1750886243,CHF,48.0555,50.7526
1750886243,JPY,0.26623,0.28117
1750886243,CAD,28.1738,29.7557
1750886243,KWD,126.446,133.7448
1750886243,NOK,3.8153,4.0325
1750886243,SAR,10.313,10.891
