zaman,kur,alis,satis
1738444315,USD,34.8847,36.8377
1738444315,EUR,36.1963,38.2302
1738444315,GBP,43.2465,45.6972
1738444315,XAU,3102.93,3312.71
1738444315,AUD,21.6773,22.9057
1738444315,DKK,4.851,5.1232
1738444315,SEK,3.1464,3.3234
1738444315,CHF,38.3138,40.4632
1738444315,JPY,0.22483,0.23743
1738444315,CAD,24.0418,25.3896
1738444315,KWD,112.9319,119.4866
1738444315,NOK,3.0812,3.2552
1738444315,SAR,9.2981,9.8247
