zaman,kur,alis,satis
1747170800,USD,37.7469,39.8655
1747170800,EUR,42.2237,44.5976
1747170800,GBP,50.2222,53.0451
1747170800,XAU,3904.88,4167.18
1747170800,AUD,24.4222,25.797
1747170800,DKK,5.6606,5.979
1747170800,SEK,3.8801,4.1043
1747170800,CHF,44.9635,47.4929
1747170800,JPY,0.25595,0.27033
1747170800,CAD,27.0839,28.6061
1747170800,KWD,122.7541,129.8551
1747170800,NOK,3.6387,3.8501
1747170800,SAR,10.0637,10.6291
