zaman,kur,alis,satis
1738357858,USD,34.8847,36.8377
1738357858,EUR,36.1963,38.2302
1738357858,GBP,43.2465,45.6972
1738357858,XAU,3102.93,3312.71
1738357858,AUD,21.6773,22.9057
1738357858,DKK,4.851,5.1232
1738357858,SEK,3.1464,3.3234
1738357858,CHF,38.3138,40.4632
1738357858,JPY,0.22483,0.23743
1738357858,CAD,24.0418,25.3896
1738357858,KWD,112.9319,119.4866
1738357858,NOK,3.0812,3.2552
1738357858,SAR,9.2981,9.8247
1738358618,USD,34.8847,36.8377
1738358618,EUR,36.1963,38.2302
1738358618,GBP,43.2465,45.6972
1738358618,XAU,3102.93,3312.71
1738358618,AUD,21.6773,22.9057
1738358618,DKK,4.851,5.1232
1738358618,SEK,3.1464,3.3234
1738358618,CHF,38.3138,40.4632
1738358618,JPY,0.22483,0.23743
1738358618,CAD,24.0418,25.3896
1738358618,KWD,112.9319,119.4866
1738358618,NOK,3.0812,3.2552
1738358618,SAR,9.2981,9.8247
1738358947,USD,34.8847,36.8377
1738358947,EUR,36.1963,38.2302
1738358947,GBP,43.2465,45.6972
1738358947,XAU,3102.93,3312.71
1738358947,AUD,21.6773,22.9057
1738358947,DKK,4.851,5.1232
1738358947,SEK,3.1464,3.3234
1738358947,CHF,38.3138,40.4632
1738358947,JPY,0.22483,0.23743
1738358947,CAD,24.0418,25.3896
1738358947,KWD,112.9319,119.4866
1738358947,NOK,3.0812,3.2552
1738358947,SAR,9.2981,9.8247
