zaman,kur,alis,satis
1744232418,USD,36.9397,39.348
1744232418,EUR,40.4379,43.1018
1744232418,GBP,47.3346,50.4323
1744232418,XAU,3623.2,3866.58
1744232418,AUD,22.7105,24.2344
1744232418,DKK,5.4146,5.7736
1744232418,SEK,3.704,3.9466
1744232418,CHF,43.0082,46.0049
1744232418,JPY,0.24978,0.26653
1744232418,CAD,26.2226,27.95
1744232418,KWD,120.0121,128.0442
1744232418,NOK,3.4089,3.6643
1744232418,SAR,9.8385,10.4816
