zaman,kur,alis,satis
1751058067,USD,38.8261,40.9687
1751058067,EUR,45.4731,47.9989
1751058067,GBP,53.2344,56.205
1751058067,XAU,4041.9,4313.4
1751058067,AUD,25.3418,26.7567
1751058067,DKK,6.0956,6.4335
1751058067,SEK,4.0942,4.3214
1751058067,CHF,48.569,51.2621
1751058067,JPY,0.2684,0.28325
1751058067,CAD,28.3381,29.9042
1751058067,KWD,126.8826,133.9722
1751058067,NOK,3.8506,4.0649
1751058067,SAR,10.352,10.9238
1751059104,USD,38.8261,40.9687
1751059104,EUR,45.4731,47.9989
1751059104,GBP,53.2344,56.205
1751059104,XAU,4041.9,4313.4
1751059104,AUD,25.3418,26.7567
1751059104,DKK,6.0956,6.4335
1751059104,SEK,4.0942,4.3214
1751059104,CHF,48.569,51.2621
1751059104,JPY,0.2684,0.28325
1751059104,CAD,28.3381,29.9042
1751059104,KWD,126.8826,133.9722
1751059104,NOK,3.8506,4.0649
1751059104,SAR,10.352,10.9238
