zaman,kur,alis,satis
1739567701,USD,35.2594,37.2123
1739567701,EUR,37.0047,39.0581
1739567701,GBP,44.3739,46.8578
1739567701,XAU,3227.56,3445.77
1739567701,AUD,22.4109,23.6522
1739567701,DKK,4.9601,5.2354
1739567701,SEK,3.2972,3.4806
1739567701,CHF,39.1945,41.3838
1739567701,JPY,0.23148,0.24432
1739567701,CAD,24.8866,26.2688
1739567701,KWD,114.256,120.8192
1739567701,NOK,3.1722,3.3493
1739567701,SAR,9.398,9.9246
