zaman,kur,alis,satis
1740603908,USD,35.4852,37.446
1740603908,EUR,37.2097,39.2696
1740603908,GBP,44.9703,47.4703
1740603908,XAU,3292.21,3513.36
1740603908,AUD,22.3556,23.5985
1740603908,DKK,4.9882,5.2653
1740603908,SEK,3.3296,3.5179
1740603908,CHF,39.6793,41.8906
1740603908,JPY,0.23811,0.25128
1740603908,CAD,24.7387,26.1075
1740603908,KWD,114.9503,121.5385
1740603908,NOK,3.1801,3.3569
1740603908,SAR,9.4617,9.9851
