zaman,kur,alis,satis
1741123718,USD,35.4662,37.4358
1741123718,EUR,37.6261,39.7232
1741123718,GBP,45.347,47.8692
1741123718,XAU,3291.2,3512.27
1741123718,AUD,22.1593,23.4011
1741123718,DKK,5.0443,5.3251
1741123718,SEK,3.3935,3.583
1741123718,CHF,39.9034,42.1432
1741123718,JPY,0.2379,0.25113
1741123718,CAD,24.4949,25.8571
1741123718,KWD,114.8516,121.4661
1741123718,NOK,3.1875,3.3653
1741123718,SAR,9.4564,9.9821
1741124080,USD,35.4662,37.4358
1741124080,EUR,37.6261,39.7232
1741124080,GBP,45.347,47.8692
1741124080,XAU,3291.2,3512.27
1741124080,AUD,22.1593,23.4011
1741124080,DKK,5.0443,5.3251
1741124080,SEK,3.3935,3.583
1741124080,CHF,39.9034,42.1432
1741124080,JPY,0.2379,0.25113
1741124080,CAD,24.4949,25.8571
1741124080,KWD,114.8516,121.4661
1741124080,NOK,3.1875,3.3653
1741124080,SAR,9.4564,9.9821
1741124519,USD,35.4662,37.4358
1741124519,EUR,37.6261,39.7232
1741124519,GBP,45.347,47.8692
1741124519,XAU,3291.2,3512.27
1741124519,AUD,22.1593,23.4011
1741124519,DKK,5.0443,5.3251
1741124519,SEK,3.3935,3.583
1741124519,CHF,39.9034,42.1432
1741124519,JPY,0.2379,0.25113
1741124519,CAD,24.4949,25.8571
1741124519,KWD,114.8516,121.4661
1741124519,NOK,3.1875,3.3653
1741124519,SAR,9.4564,9.9821
1741124885,USD,35.4662,37.4358
1741124885,EUR,37.6261,39.7232
1741124885,GBP,45.347,47.8692
1741124885,XAU,3291.2,3512.27
1741124885,AUD,22.1593,23.4011
1741124885,DKK,5.0443,5.3251
1741124885,SEK,3.3935,3.583
1741124885,CHF,39.9034,42.1432
1741124885,JPY,0.2379,0.25113
1741124885,CAD,24.4949,25.8571
1741124885,KWD,114.8516,121.4661
1741124885,NOK,3.1875,3.3653
1741124885,SAR,9.4564,9.9821
