zaman,kur,alis,satis
1737234433,USD,34.6157,36.5345
1737234433,EUR,35.578,37.5538
1737234433,GBP,42.1307,44.4698
1737234433,XAU,2975.01,3176.15
1737234433,AUD,21.4548,22.6441
1737234433,DKK,4.768,5.0328
1737234433,SEK,3.0934,3.266
1737234433,CHF,37.8231,39.9371
1737234433,JPY,0.22168,0.23399
1737234433,CAD,23.9306,25.2589
1737234433,KWD,112.0249,118.4646
1737234433,NOK,3.0238,3.1923
1737234433,SAR,9.223,9.7405
