zaman,kur,alis,satis
1741640473,USD,35.5638,37.5869
1741640473,EUR,38.5263,40.7254
1741640473,GBP,45.7813,48.4082
1741640473,XAU,3270.52,3490.2
1741640473,AUD,22.3234,23.6008
1741640473,DKK,5.1655,5.4605
1741640473,SEK,3.5086,3.7138
1741640473,CHF,40.363,42.6833
1741640473,JPY,0.24146,0.25523
1741640473,CAD,24.6253,26.0315
1741640473,KWD,115.2424,122.0355
1741640473,NOK,3.2974,3.4926
1741640473,SAR,9.4799,10.0197
