zaman,kur,alis,satis
1752181255,USD,38.998,41.1934
1752181255,EUR,45.6237,48.2045
1752181255,GBP,52.9593,55.9447
1752181255,XAU,4125.45,4402.57
1752181255,AUD,25.6958,27.1464
1752181255,DKK,6.1151,6.4605
1752181255,SEK,4.1043,4.3369
1752181255,CHF,48.9248,51.692
1752181255,JPY,0.26666,0.2817
1752181255,CAD,28.5574,30.1672
1752181255,KWD,127.4444,134.8833
1752181255,NOK,3.8657,4.0955
1752181255,SAR,10.3975,10.9834
1752182489,USD,38.998,41.1934
1752182489,EUR,45.6237,48.2045
1752182489,GBP,52.9593,55.9447
1752182489,XAU,4125.45,4402.57
1752182489,AUD,25.6958,27.1464
1752182489,DKK,6.1151,6.4605
1752182489,SEK,4.1043,4.3369
1752182489,CHF,48.9248,51.692
1752182489,JPY,0.26666,0.2817
1752182489,CAD,28.5574,30.1672
1752182489,KWD,127.4444,134.8833
1752182489,NOK,3.8657,4.0955
1752182489,SAR,10.3975,10.9834
