zaman,kur,alis,satis
1740949248,USD,35.5441,37.5145
1740949248,EUR,36.8307,38.8801
1740949248,GBP,44.6611,47.1633
1740949248,XAU,3219.93,3436.22
1740949248,AUD,22.0267,23.259
1740949248,DKK,4.9389,5.2131
1740949248,SEK,3.2992,3.4828
1740949248,CHF,39.3273,41.5351
1740949248,JPY,0.23617,0.24928
1740949248,CAD,24.5623,25.9329
1740949248,KWD,114.9549,121.5636
1740949248,NOK,3.1527,3.3285
1740949248,SAR,9.4749,10.006
1740950089,USD,35.5441,37.5145
1740950089,EUR,36.8307,38.8801
1740950089,GBP,44.6611,47.1633
1740950089,XAU,3219.93,3436.22
1740950089,AUD,22.0267,23.259
1740950089,DKK,4.9389,5.2131
1740950089,SEK,3.2992,3.4828
1740950089,CHF,39.3273,41.5351
1740950089,JPY,0.23617,0.24928
1740950089,CAD,24.5623,25.9329
1740950089,KWD,114.9549,121.5636
1740950089,NOK,3.1527,3.3285
1740950089,SAR,9.4749,10.006
1740950803,USD,35.5441,37.5145
1740950803,EUR,36.8307,38.8801
1740950803,GBP,44.6611,47.1633
1740950803,XAU,3219.93,3436.22
1740950803,AUD,22.0267,23.259
1740950803,DKK,4.9389,5.2131
1740950803,SEK,3.2992,3.4828
1740950803,CHF,39.3273,41.5351
1740950803,JPY,0.23617,0.24928
1740950803,CAD,24.5623,25.9329
1740950803,KWD,114.9549,121.5636
1740950803,NOK,3.1527,3.3285
1740950803,SAR,9.4749,10.006
1740951168,USD,35.5441,37.5145
1740951168,EUR,36.8307,38.8801
1740951168,GBP,44.6611,47.1633
1740951168,XAU,3219.93,3436.22
1740951168,AUD,22.0267,23.259
1740951168,DKK,4.9389,5.2131
1740951168,SEK,3.2992,3.4828
1740951168,CHF,39.3273,41.5351
1740951168,JPY,0.23617,0.24928
1740951168,CAD,24.5623,25.9329
1740951168,KWD,114.9549,121.5636
1740951168,NOK,3.1527,3.3285
1740951168,SAR,9.4749,10.006
1740951591,USD,35.5441,37.5145
1740951591,EUR,36.8307,38.8801
1740951591,GBP,44.6611,47.1633
1740951591,XAU,3219.93,3436.22
1740951591,AUD,22.0267,23.259
1740951591,DKK,4.9389,5.2131
1740951591,SEK,3.2992,3.4828
1740951591,CHF,39.3273,41.5351
1740951591,JPY,0.23617,0.24928
1740951591,CAD,24.5623,25.9329
1740951591,KWD,114.9549,121.5636
1740951591,NOK,3.1527,3.3285
1740951591,SAR,9.4749,10.006
