zaman,kur,alis,satis
1739394272,USD,35.1439,37.0908
1739394272,EUR,36.5216,38.5522
1739394272,GBP,43.7331,46.1781
1739394272,XAU,3241.56,3460.71
1739394272,AUD,22.0809,23.3153
1739394272,DKK,4.8963,5.168
1739394272,SEK,3.2312,3.4109
1739394272,CHF,38.4802,40.6163
1739394272,JPY,0.2276,0.24023
1739394272,CAD,24.5985,25.9703
1739394272,KWD,113.6608,120.1906
1739394272,NOK,3.1204,3.2944
1739394272,SAR,9.37,9.8896
1739395240,USD,35.1439,37.0908
1739395240,EUR,36.5216,38.5522
1739395240,GBP,43.7331,46.1781
1739395240,XAU,3241.56,3460.71
1739395240,AUD,22.0809,23.3153
1739395240,DKK,4.8963,5.168
1739395240,SEK,3.2312,3.4109
1739395240,CHF,38.4802,40.6163
1739395240,JPY,0.2276,0.24023
1739395240,CAD,24.5985,25.9703
1739395240,KWD,113.6608,120.1906
1739395240,NOK,3.1204,3.2944
1739395240,SAR,9.37,9.8896
1739395836,USD,35.1439,37.0908
1739395836,EUR,36.5216,38.5522
1739395836,GBP,43.7331,46.1781
1739395836,XAU,3241.56,3460.71
1739395836,AUD,22.0809,23.3153
1739395836,DKK,4.8963,5.168
1739395836,SEK,3.2312,3.4109
1739395836,CHF,38.4802,40.6163
1739395836,JPY,0.2276,0.24023
1739395836,CAD,24.5985,25.9703
1739395836,KWD,113.6608,120.1906
1739395836,NOK,3.1204,3.2944
1739395836,SAR,9.37,9.8896
1739396192,USD,35.1439,37.0908
1739396192,EUR,36.5216,38.5522
1739396192,GBP,43.7331,46.1781
1739396192,XAU,3241.56,3460.71
1739396192,AUD,22.0809,23.3153
1739396192,DKK,4.8963,5.168
1739396192,SEK,3.2312,3.4109
1739396192,CHF,38.4802,40.6163
1739396192,JPY,0.2276,0.24023
1739396192,CAD,24.5985,25.9703
1739396192,KWD,113.6608,120.1906
1739396192,NOK,3.1204,3.2944
1739396192,SAR,9.37,9.8896
1739396553,USD,35.1439,37.0908
1739396553,EUR,36.5216,38.5522
1739396553,GBP,43.7331,46.1781
1739396553,XAU,3241.56,3460.71
1739396553,AUD,22.0809,23.3153
1739396553,DKK,4.8963,5.168
1739396553,SEK,3.2312,3.4109
1739396553,CHF,38.4802,40.6163
1739396553,JPY,0.2276,0.24023
1739396553,CAD,24.5985,25.9703
1739396553,KWD,113.6608,120.1906
1739396553,NOK,3.1204,3.2944
1739396553,SAR,9.37,9.8896
1739397219,USD,35.1439,37.0908
1739397219,EUR,36.5216,38.5522
1739397219,GBP,43.7331,46.1781
1739397219,XAU,3241.56,3460.71
1739397219,AUD,22.0809,23.3153
1739397219,DKK,4.8963,5.168
1739397219,SEK,3.2312,3.4109
1739397219,CHF,38.4802,40.6163
1739397219,JPY,0.2276,0.24023
1739397219,CAD,24.5985,25.9703
1739397219,KWD,113.6608,120.1906
1739397219,NOK,3.1204,3.2944
1739397219,SAR,9.37,9.8896
