zaman,kur,alis,satis
1750540320,USD,38.6237,40.7635
1750540320,EUR,44.4829,46.9636
1750540320,GBP,51.9257,54.8106
1750540320,XAU,4138.35,4416.33
1750540320,AUD,24.9045,26.2924
1750540320,DKK,5.9645,6.2959
1750540320,SEK,3.9905,4.2148
1750540320,CHF,47.1999,49.827
1750540320,JPY,0.2644,0.27907
1750540320,CAD,28.0961,29.657
1750540320,KWD,125.9741,133.1705
1750540320,NOK,3.8179,4.0325
1750540320,SAR,10.2928,10.8642
1750541219,USD,38.6237,40.7635
1750541219,EUR,44.4829,46.9636
1750541219,GBP,51.9257,54.8106
1750541219,XAU,4138.35,4416.33
1750541219,AUD,24.9045,26.2924
1750541219,DKK,5.9645,6.2959
1750541219,SEK,3.9905,4.2148
1750541219,CHF,47.1999,49.827
1750541219,JPY,0.2644,0.27907
1750541219,CAD,28.0961,29.657
1750541219,KWD,125.9741,133.1705
1750541219,NOK,3.8179,4.0325
1750541219,SAR,10.2928,10.8642
1750541801,USD,38.6237,40.7635
1750541801,EUR,44.4829,46.9636
1750541801,GBP,51.9257,54.8106
1750541801,XAU,4138.35,4416.33
1750541801,AUD,24.9045,26.2924
1750541801,DKK,5.9645,6.2959
1750541801,SEK,3.9905,4.2148
1750541801,CHF,47.1999,49.827
1750541801,JPY,0.2644,0.27907
1750541801,CAD,28.0961,29.657
1750541801,KWD,125.9741,133.1705
1750541801,NOK,3.8179,4.0325
1750541801,SAR,10.2928,10.8642
1750542226,USD,38.6237,40.7635
1750542226,EUR,44.4829,46.9636
1750542226,GBP,51.9257,54.8106
1750542226,XAU,4138.35,4416.33
1750542226,AUD,24.9045,26.2924
1750542226,DKK,5.9645,6.2959
1750542226,SEK,3.9905,4.2148
1750542226,CHF,47.1999,49.827
1750542226,JPY,0.2644,0.27907
1750542226,CAD,28.0961,29.657
1750542226,KWD,125.9741,133.1705
1750542226,NOK,3.8179,4.0325
1750542226,SAR,10.2928,10.8642
1750542573,USD,38.6237,40.7635
1750542573,EUR,44.4829,46.9636
1750542573,GBP,51.9257,54.8106
1750542573,XAU,4138.35,4416.33
1750542573,AUD,24.9045,26.2924
1750542573,DKK,5.9645,6.2959
1750542573,SEK,3.9905,4.2148
1750542573,CHF,47.1999,49.827
1750542573,JPY,0.2644,0.27907
1750542573,CAD,28.0961,29.657
1750542573,KWD,125.9741,133.1705
1750542573,NOK,3.8179,4.0325
1750542573,SAR,10.2928,10.8642
