zaman,kur,alis,satis
1738271676,USD,34.8163,36.7518
1738271676,EUR,36.2264,38.2403
1738271676,GBP,43.2802,45.6936
1738271676,XAU,3095.03,3304.27
1738271676,AUD,21.6384,22.856
1738271676,DKK,4.8543,5.1246
1738271676,SEK,3.1531,3.33
1738271676,CHF,38.2807,40.4177
1738271676,JPY,0.22573,0.23829
1738271676,CAD,24.0129,25.3496
1738271676,KWD,112.8568,119.1694
1738271676,NOK,3.0748,3.2474
1738271676,SAR,9.2814,9.7979
