zaman,kur,alis,satis
1740430869,USD,35.4603,37.4287
1740430869,EUR,37.1092,39.1728
1740430869,GBP,44.7616,47.2499
1740430869,XAU,3328.29,3551.86
1740430869,AUD,22.4996,23.756
1740430869,DKK,4.975,5.2514
1740430869,SEK,3.324,3.5096
1740430869,CHF,39.5321,41.7311
1740430869,JPY,0.23694,0.25011
1740430869,CAD,24.853,26.2344
1740430869,KWD,114.8327,121.4033
1740430869,NOK,3.1853,3.363
1740430869,SAR,9.4553,9.9815
