zaman,kur,alis,satis
1743368675,USD,36.9484,39.3921
1743368675,EUR,40.0188,42.6734
1743368675,GBP,47.826,50.993
1743368675,XAU,3625.05,3868.55
1743368675,AUD,23.2331,24.7697
1743368675,DKK,5.3637,5.7191
1743368675,SEK,3.6904,3.9385
1743368675,CHF,41.9391,44.7231
1743368675,JPY,0.24668,0.263
1743368675,CAD,25.8019,27.5104
1743368675,KWD,119.8456,127.8548
1743368675,NOK,3.5201,3.7551
1743368675,SAR,9.85,10.502
1743369633,USD,36.9484,39.3921
1743369633,EUR,40.0188,42.6734
1743369633,GBP,47.826,50.993
1743369633,XAU,3625.05,3868.55
1743369633,AUD,23.2331,24.7697
1743369633,DKK,5.3637,5.7191
1743369633,SEK,3.6904,3.9385
1743369633,CHF,41.9391,44.7231
1743369633,JPY,0.24668,0.263
1743369633,CAD,25.8019,27.5104
1743369633,KWD,119.8456,127.8548
1743369633,NOK,3.5201,3.7551
1743369633,SAR,9.85,10.502
1743370356,USD,36.9484,39.3921
1743370356,EUR,40.0188,42.6734
1743370356,GBP,47.826,50.993
1743370356,XAU,3625.05,3868.55
1743370356,AUD,23.2331,24.7697
1743370356,DKK,5.3637,5.7191
1743370356,SEK,3.6904,3.9385
1743370356,CHF,41.9391,44.7231
1743370356,JPY,0.24668,0.263
1743370356,CAD,25.8019,27.5104
1743370356,KWD,119.8456,127.8548
1743370356,NOK,3.5201,3.7551
1743370356,SAR,9.85,10.502
1743370717,USD,36.9484,39.3921
1743370717,EUR,40.0188,42.6734
1743370717,GBP,47.826,50.993
1743370717,XAU,3625.05,3868.55
1743370717,AUD,23.2331,24.7697
1743370717,DKK,5.3637,5.7191
1743370717,SEK,3.6904,3.9385
1743370717,CHF,41.9391,44.7231
1743370717,JPY,0.24668,0.263
1743370717,CAD,25.8019,27.5104
1743370717,KWD,119.8456,127.8548
1743370717,NOK,3.5201,3.7551
1743370717,SAR,9.85,10.502
