zaman,kur,alis,satis
1744406155,USD,37.02,39.4108
1744406155,EUR,42.0066,44.7273
1744406155,GBP,48.3741,51.5099
1744406155,XAU,3812.44,4068.52
1744406155,AUD,23.2671,24.7776
1744406155,DKK,5.6256,5.9918
1744406155,SEK,3.7844,4.0384
1744406155,CHF,45.4234,48.3628
1744406155,JPY,0.25782,0.27451
1744406155,CAD,26.6638,28.3899
1744406155,KWD,120.4687,128.6254
1744406155,NOK,3.4714,3.7029
1744406155,SAR,9.861,10.4989
1744406919,USD,37.02,39.4108
1744406919,EUR,42.0066,44.7273
1744406919,GBP,48.3741,51.5099
1744406919,XAU,3812.44,4068.52
1744406919,AUD,23.2671,24.7776
1744406919,DKK,5.6256,5.9918
1744406919,SEK,3.7844,4.0384
1744406919,CHF,45.4234,48.3628
1744406919,JPY,0.25782,0.27451
1744406919,CAD,26.6638,28.3899
1744406919,KWD,120.4687,128.6254
1744406919,NOK,3.4714,3.7029
1744406919,SAR,9.861,10.4989
1744407387,USD,37.02,39.4108
1744407387,EUR,42.0066,44.7273
1744407387,GBP,48.3741,51.5099
1744407387,XAU,3812.44,4068.52
1744407387,AUD,23.2671,24.7776
1744407387,DKK,5.6256,5.9918
1744407387,SEK,3.7844,4.0384
1744407387,CHF,45.4234,48.3628
1744407387,JPY,0.25782,0.27451
1744407387,CAD,26.6638,28.3899
1744407387,KWD,120.4687,128.6254
1744407387,NOK,3.4714,3.7029
1744407387,SAR,9.861,10.4989
