zaman,kur,alis,satis
1713192756,USD,31.6298,33.7453
1713192756,EUR,33.6099,35.8578
1713192756,GBP,39.3886,42.023
1713192756,XAU,2369,2543.34
1713192756,AUD,20.4297,21.7961
1713192756,DKK,4.5047,4.806
1713192756,SEK,2.9043,3.0985
1713192756,CHF,34.5984,36.9124
1713192756,JPY,0.205,0.21871
1713192756,CAD,22.9751,24.5117
1713192756,KWD,102.6276,109.4916
1713192756,NOK,2.8873,3.0804
1713192756,SAR,8.4321,8.9961
1713193103,USD,31.6344,33.7509
1713193103,EUR,33.6116,35.8604
1713193103,GBP,39.388,42.0233
1713193103,XAU,2371.25,2545.76
1713193103,AUD,20.4232,21.7896
1713193103,DKK,4.5054,4.8068
1713193103,SEK,2.9026,3.0968
1713193103,CHF,34.6223,36.9387
1713193103,JPY,0.20499,0.2187
1713193103,CAD,22.9734,24.5105
1713193103,KWD,102.6425,109.5098
1713193103,NOK,2.8864,3.0795
1713193103,SAR,8.4334,8.9976
1713194502,USD,31.6444,33.7608
1713194502,EUR,33.6475,35.8979
1713194502,GBP,39.4131,42.0491
1713194502,XAU,2367.37,2541.59
1713194502,AUD,20.4359,21.8027
1713194502,DKK,4.5102,4.8118
1713194502,SEK,2.9066,3.101
1713194502,CHF,34.637,36.9536
1713194502,JPY,0.20514,0.21886
1713194502,CAD,22.989,24.5266
1713194502,KWD,102.6748,109.5419
1713194502,NOK,2.8896,3.0829
1713194502,SAR,8.436,9.0002
