zaman,kur,alis,satis
1740259125,USD,35.4854,37.4542
1740259125,EUR,37.1177,39.1846
1740259125,GBP,44.8286,47.3234
1740259125,XAU,3312.71,3535.23
1740259125,AUD,22.558,23.8134
1740259125,DKK,4.9769,5.2536
1740259125,SEK,3.3312,3.5165
1740259125,CHF,39.5424,41.7457
1740259125,JPY,0.23793,0.25115
1740259125,CAD,24.9352,26.3262
1740259125,KWD,114.9137,121.5257
1740259125,NOK,3.1832,3.3612
1740259125,SAR,9.4597,9.9905
1740259723,USD,35.4854,37.4542
1740259723,EUR,37.1177,39.1846
1740259723,GBP,44.8286,47.3234
1740259723,XAU,3312.71,3535.23
1740259723,AUD,22.558,23.8134
1740259723,DKK,4.9769,5.2536
1740259723,SEK,3.3312,3.5165
1740259723,CHF,39.5424,41.7457
1740259723,JPY,0.23793,0.25115
1740259723,CAD,24.9352,26.3262
1740259723,KWD,114.9137,121.5257
1740259723,NOK,3.1832,3.3612
1740259723,SAR,9.4597,9.9905
