zaman,kur,alis,satis
1744059928,USD,36.9205,39.3907
1744059928,EUR,40.2582,42.9713
1744059928,GBP,46.9629,50.1405
1744059928,XAU,3508.47,3744.14
1744059928,AUD,22.0896,23.5911
1744059928,DKK,5.3906,5.7558
1744059928,SEK,3.6608,3.92
1744059928,CHF,42.9109,45.7872
1744059928,JPY,0.24948,0.26642
1744059928,CAD,25.9092,27.6465
1744059928,KWD,119.833,127.892
1744059928,NOK,3.3532,3.5955
1744059928,SAR,9.8318,10.4919
