zaman,kur,alis,satis
1739654657,USD,35.2594,37.2123
1739654657,EUR,37.0047,39.0581
1739654657,GBP,44.3739,46.8578
1739654657,XAU,3227.56,3445.77
1739654657,AUD,22.4109,23.6522
1739654657,DKK,4.9601,5.2354
1739654657,SEK,3.2972,3.4806
1739654657,CHF,39.1945,41.3838
1739654657,JPY,0.23148,0.24432
1739654657,CAD,24.8866,26.2688
1739654657,KWD,114.256,120.8192
1739654657,NOK,3.1722,3.3493
1739654657,SAR,9.398,9.9246
1739655140,USD,35.2594,37.2123
1739655140,EUR,37.0047,39.0581
1739655140,GBP,44.3739,46.8578
1739655140,XAU,3227.56,3445.77
1739655140,AUD,22.4109,23.6522
1739655140,DKK,4.9601,5.2354
1739655140,SEK,3.2972,3.4806
1739655140,CHF,39.1945,41.3838
1739655140,JPY,0.23148,0.24432
1739655140,CAD,24.8866,26.2688
1739655140,KWD,114.256,120.8192
1739655140,NOK,3.1722,3.3493
1739655140,SAR,9.398,9.9246
