zaman,kur,alis,satis
1751577295,USD,38.7519,40.9227
1751577295,EUR,45.5567,48.121
1751577295,GBP,52.9079,55.8758
1751577295,XAU,4100.09,4375.5
1751577295,AUD,25.4639,26.8944
1751577295,DKK,6.1057,6.449
1751577295,SEK,4.0393,4.2702
1751577295,CHF,48.7139,51.4492
1751577295,JPY,0.26738,0.2824
1751577295,CAD,28.5276,30.1301
1751577295,KWD,126.8889,134.0409
1751577295,NOK,3.852,4.0736
1751577295,SAR,10.3327,10.9121
1751578229,USD,38.7519,40.9227
1751578229,EUR,45.5567,48.121
1751578229,GBP,52.9079,55.8758
1751578229,XAU,4100.09,4375.5
1751578229,AUD,25.4639,26.8944
1751578229,DKK,6.1057,6.449
1751578229,SEK,4.0393,4.2702
1751578229,CHF,48.7139,51.4492
1751578229,JPY,0.26738,0.2824
1751578229,CAD,28.5276,30.1301
1751578229,KWD,126.8889,134.0409
1751578229,NOK,3.852,4.0736
1751578229,SAR,10.3327,10.9121
1751578845,USD,38.7519,40.9227
1751578845,EUR,45.5567,48.121
1751578845,GBP,52.9079,55.8758
1751578845,XAU,4100.09,4375.5
1751578845,AUD,25.4639,26.8944
1751578845,DKK,6.1057,6.449
1751578845,SEK,4.0393,4.2702
1751578845,CHF,48.7139,51.4492
1751578845,JPY,0.26738,0.2824
1751578845,CAD,28.5276,30.1301
1751578845,KWD,126.8889,134.0409
1751578845,NOK,3.852,4.0736
1751578845,SAR,10.3327,10.9121
1751579248,USD,38.7519,40.9227
1751579248,EUR,45.5567,48.121
1751579248,GBP,52.9079,55.8758
1751579248,XAU,4100.09,4375.5
1751579248,AUD,25.4639,26.8944
1751579248,DKK,6.1057,6.449
1751579248,SEK,4.0393,4.2702
1751579248,CHF,48.7139,51.4492
1751579248,JPY,0.26738,0.2824
1751579248,CAD,28.5276,30.1301
1751579248,KWD,126.8889,134.0409
1751579248,NOK,3.852,4.0736
1751579248,SAR,10.3327,10.9121
1751579578,USD,38.7519,40.9227
1751579578,EUR,45.5567,48.121
1751579578,GBP,52.9079,55.8758
1751579578,XAU,4100.09,4375.5
1751579578,AUD,25.4639,26.8944
1751579578,DKK,6.1057,6.449
1751579578,SEK,4.0393,4.2702
1751579578,CHF,48.7139,51.4492
1751579578,JPY,0.26738,0.2824
1751579578,CAD,28.5276,30.1301
1751579578,KWD,126.8889,134.0409
1751579578,NOK,3.852,4.0736
1751579578,SAR,10.3327,10.9121
