zaman,kur,alis,satis
1739998986,USD,35.3289,37.2864
1739998986,EUR,36.8268,38.8711
1739998986,GBP,44.4579,46.9361
1739998986,XAU,3281.83,3537.5
1739998986,AUD,22.4233,23.6731
1739998986,DKK,4.9378,5.2117
1739998986,SEK,3.2946,3.4775
1739998986,CHF,39.0634,41.246
1739998986,JPY,0.23322,0.24616
1739998986,CAD,24.8218,26.2045
1739998986,KWD,114.296,120.8635
1739998986,NOK,3.1725,3.3493
1739998986,SAR,9.4198,9.9422
