zaman,kur,alis,satis
1743455026,USD,36.9216,39.3053
1743455026,EUR,39.9307,42.5126
1743455026,GBP,47.688,50.7825
1743455026,XAU,3669.91,3916.42
1743455026,AUD,23.0612,24.558
1743455026,DKK,5.3513,5.6988
1743455026,SEK,3.6732,3.9169
1743455026,CHF,41.7335,44.463
1743455026,JPY,0.24618,0.26211
1743455026,CAD,25.6543,27.3238
1743455026,KWD,119.6036,127.5732
1743455026,NOK,3.5098,3.7425
1743455026,SAR,9.8426,10.4786
1743456107,USD,36.9216,39.3053
1743456107,EUR,39.9307,42.5126
1743456107,GBP,47.688,50.7825
1743456107,XAU,3669.91,3916.42
1743456107,AUD,23.0612,24.558
1743456107,DKK,5.3513,5.6988
1743456107,SEK,3.6732,3.9169
1743456107,CHF,41.7335,44.463
1743456107,JPY,0.24618,0.26211
1743456107,CAD,25.6543,27.3238
1743456107,KWD,119.6036,127.5732
1743456107,NOK,3.5098,3.7425
1743456107,SAR,9.8426,10.4786
1743456831,USD,36.9216,39.3053
1743456831,EUR,39.9307,42.5126
1743456831,GBP,47.688,50.7825
1743456831,XAU,3669.91,3916.42
1743456831,AUD,23.0612,24.558
1743456831,DKK,5.3513,5.6988
1743456831,SEK,3.6732,3.9169
1743456831,CHF,41.7335,44.463
1743456831,JPY,0.24618,0.26211
1743456831,CAD,25.6543,27.3238
1743456831,KWD,119.6036,127.5732
1743456831,NOK,3.5098,3.7425
1743456831,SAR,9.8426,10.4786
1743457305,USD,36.9216,39.3053
1743457305,EUR,39.9307,42.5126
1743457305,GBP,47.688,50.7825
1743457305,XAU,3669.91,3916.42
1743457305,AUD,23.0612,24.558
1743457305,DKK,5.3513,5.6988
1743457305,SEK,3.6732,3.9169
1743457305,CHF,41.7335,44.463
1743457305,JPY,0.24618,0.26211
1743457305,CAD,25.6543,27.3238
1743457305,KWD,119.6036,127.5732
1743457305,NOK,3.5098,3.7425
1743457305,SAR,9.8426,10.4786
