zaman,kur,alis,satis
1745788273,USD,37.389,39.4972
1745788273,EUR,42.4889,44.8925
1745788273,GBP,49.7797,52.5984
1745788273,XAU,3949.31,4214.59
1745788273,AUD,23.9028,25.2742
1745788273,DKK,5.6908,6.0135
1745788273,SEK,3.8524,4.0876
1745788273,CHF,45.1613,47.7134
1745788273,JPY,0.26015,0.27492
1745788273,CAD,26.9781,28.5096
1745788273,KWD,121.8677,128.7811
1745788273,NOK,3.5767,3.7907
1745788273,SAR,9.9667,10.5292
