zaman,kur,alis,satis
1751922599,USD,38.9154,41.0869
1751922599,EUR,45.5583,48.1128
1751922599,GBP,52.925,55.8865
1751922599,XAU,4131.98,4409.53
1751922599,AUD,25.2483,26.6777
1751922599,DKK,6.107,6.4484
1751922599,SEK,4.0808,4.3112
1751922599,CHF,48.7235,51.4874
1751922599,JPY,0.2664,0.28128
1751922599,CAD,28.4386,30.0299
1751922599,KWD,127.3411,134.6671
1751922599,NOK,3.8392,4.0582
1751922599,SAR,10.3736,10.9589
1751923674,USD,38.9154,41.0869
1751923674,EUR,45.5583,48.1128
1751923674,GBP,52.925,55.8865
1751923674,XAU,4131.98,4409.53
1751923674,AUD,25.2483,26.6777
1751923674,DKK,6.107,6.4484
1751923674,SEK,4.0808,4.3112
1751923674,CHF,48.7235,51.4874
1751923674,JPY,0.2664,0.28128
1751923674,CAD,28.4386,30.0299
1751923674,KWD,127.3411,134.6671
1751923674,NOK,3.8392,4.0582
1751923674,SAR,10.3736,10.9589
1751924249,USD,38.9154,41.0869
1751924249,EUR,45.5583,48.1128
1751924249,GBP,52.925,55.8865
1751924249,XAU,4131.98,4409.53
1751924249,AUD,25.2483,26.6777
1751924249,DKK,6.107,6.4484
1751924249,SEK,4.0808,4.3112
1751924249,CHF,48.7235,51.4874
1751924249,JPY,0.2664,0.28128
1751924249,CAD,28.4386,30.0299
1751924249,KWD,127.3411,134.6671
1751924249,NOK,3.8392,4.0582
1751924249,SAR,10.3736,10.9589
