zaman,kur,alis,satis
1745183410,USD,36.9867,39.2358
1745183410,EUR,42.1353,44.7091
1745183410,GBP,49.1739,52.1953
1745183410,XAU,3924.97,4188.62
1745183410,AUD,23.5754,25.0206
1745183410,DKK,5.6428,5.9908
1745183410,SEK,3.8375,4.0838
1745183410,CHF,45.288,48.0771
1745183410,JPY,0.26007,0.27613
1745183410,CAD,26.7245,28.3577
1745183410,KWD,120.6352,128.054
1745183410,NOK,3.5203,3.749
1745183410,SAR,9.8571,10.4576
1745184290,USD,36.9867,39.2358
1745184290,EUR,42.1353,44.7091
1745184290,GBP,49.1739,52.1953
1745184290,XAU,3924.97,4188.62
1745184290,AUD,23.5754,25.0206
1745184290,DKK,5.6428,5.9908
1745184290,SEK,3.8375,4.0838
1745184290,CHF,45.288,48.0771
1745184290,JPY,0.26007,0.27613
1745184290,CAD,26.7245,28.3577
1745184290,KWD,120.6352,128.054
1745184290,NOK,3.5203,3.749
1745184290,SAR,9.8571,10.4576
1745184657,USD,36.9867,39.2358
1745184657,EUR,42.1353,44.7091
1745184657,GBP,49.1739,52.1953
1745184657,XAU,3924.97,4188.62
1745184657,AUD,23.5754,25.0206
1745184657,DKK,5.6428,5.9908
1745184657,SEK,3.8375,4.0838
1745184657,CHF,45.288,48.0771
1745184657,JPY,0.26007,0.27613
1745184657,CAD,26.7245,28.3577
1745184657,KWD,120.6352,128.054
1745184657,NOK,3.5203,3.749
1745184657,SAR,9.8571,10.4576
1745185115,USD,36.9867,39.2358
1745185115,EUR,42.1353,44.7091
1745185115,GBP,49.1739,52.1953
1745185115,XAU,3924.97,4188.62
1745185115,AUD,23.5754,25.0206
1745185115,DKK,5.6428,5.9908
1745185115,SEK,3.8375,4.0838
1745185115,CHF,45.288,48.0771
1745185115,JPY,0.26007,0.27613
1745185115,CAD,26.7245,28.3577
1745185115,KWD,120.6352,128.054
1745185115,NOK,3.5203,3.749
1745185115,SAR,9.8571,10.4576
