zaman,kur,alis,satis
1743022945,USD,36.9684,39.3575
1743022945,EUR,39.7485,42.3211
1743022945,GBP,47.6449,50.7279
1743022945,XAU,3551.69,3790.26
1743022945,AUD,23.279,24.7874
1743022945,DKK,5.3277,5.6731
1743022945,SEK,3.6753,3.9211
1743022945,CHF,41.8148,44.5473
1743022945,JPY,0.24547,0.26137
1743022945,CAD,25.9064,27.5845
1743022945,KWD,119.7165,127.7012
1743022945,NOK,3.4985,3.7314
1743022945,SAR,9.8548,10.4923
