zaman,kur,alis,satis
1752095789,USD,38.9623,41.164
1752095789,EUR,45.6677,48.2524
1752095789,GBP,52.938,55.9377
1752095789,XAU,4107.78,4383.7
1752095789,AUD,25.4618,26.9048
1752095789,DKK,6.1204,6.4674
1752095789,SEK,4.0957,4.33
1752095789,CHF,49.04,51.8177
1752095789,JPY,0.26621,0.28127
1752095789,CAD,28.4583,30.0686
1752095789,KWD,127.4943,134.9196
1752095789,NOK,3.8561,4.0777
1752095789,SAR,10.388,10.9756
