zaman,kur,alis,satis
1739480535,USD,35.1284,37.0908
1739480535,EUR,36.7548,38.8118
1739480535,GBP,44.1247,46.612
1739480535,XAU,3270.74,3491.86
1739480535,AUD,22.2011,23.4525
1739480535,DKK,4.9272,5.2027
1739480535,SEK,3.2717,3.4559
1739480535,CHF,38.8889,41.0842
1739480535,JPY,0.23002,0.24287
1739480535,CAD,24.7609,26.1479
1739480535,KWD,113.7576,120.2685
1739480535,NOK,3.1513,3.3288
1739480535,SAR,9.3658,9.8896
