zaman,kur,alis,satis
1739998986,USD,35.3289,37.2864
1739998986,EUR,36.8268,38.8711
1739998986,GBP,44.4579,46.9361
1739998986,XAU,3281.83,3537.5
1739998986,AUD,22.4233,23.6731
1739998986,DKK,4.9378,5.2117
1739998986,SEK,3.2946,3.4775
1739998986,CHF,39.0634,41.246
1739998986,JPY,0.23322,0.24616
1739998986,CAD,24.8218,26.2045
1739998986,KWD,114.296,120.8635
1739998986,NOK,3.1725,3.3493
1739998986,SAR,9.4198,9.9422
1739999949,USD,35.3289,37.2864
1739999949,EUR,36.8268,38.8711
1739999949,GBP,44.4579,46.9361
1739999949,XAU,3281.83,3537.5
1739999949,AUD,22.4233,23.6731
1739999949,DKK,4.9378,5.2117
1739999949,SEK,3.2946,3.4775
1739999949,CHF,39.0634,41.246
1739999949,JPY,0.23322,0.24616
1739999949,CAD,24.8218,26.2045
1739999949,KWD,114.296,120.8635
1739999949,NOK,3.1725,3.3493
1739999949,SAR,9.4198,9.9422
1740000600,USD,35.3289,37.2864
1740000600,EUR,36.8268,38.8711
1740000600,GBP,44.4579,46.9361
1740000600,XAU,3281.83,3537.5
1740000600,AUD,22.4233,23.6731
1740000600,DKK,4.9378,5.2117
1740000600,SEK,3.2946,3.4775
1740000600,CHF,39.0634,41.246
1740000600,JPY,0.23322,0.24616
1740000600,CAD,24.8218,26.2045
1740000600,KWD,114.296,120.8635
1740000600,NOK,3.1725,3.3493
1740000600,SAR,9.4198,9.9422
1740000942,USD,35.3289,37.2864
1740000942,EUR,36.8268,38.8711
1740000942,GBP,44.4579,46.9361
1740000942,XAU,3281.83,3537.5
1740000942,AUD,22.4233,23.6731
1740000942,DKK,4.9378,5.2117
1740000942,SEK,3.2946,3.4775
1740000942,CHF,39.0634,41.246
1740000942,JPY,0.23322,0.24616
1740000942,CAD,24.8218,26.2045
1740000942,KWD,114.296,120.8635
1740000942,NOK,3.1725,3.3493
1740000942,SAR,9.4198,9.9422
1740001299,USD,35.3289,37.2864
1740001299,EUR,36.8268,38.8711
1740001299,GBP,44.4579,46.9361
1740001299,XAU,3281.83,3537.5
1740001299,AUD,22.4233,23.6731
1740001299,DKK,4.9378,5.2117
1740001299,SEK,3.2946,3.4775
1740001299,CHF,39.0634,41.246
1740001299,JPY,0.23322,0.24616
1740001299,CAD,24.8218,26.2045
1740001299,KWD,114.296,120.8635
1740001299,NOK,3.1725,3.3493
1740001299,SAR,9.4198,9.9422
1740001683,USD,35.3289,37.2864
1740001683,EUR,36.8268,38.8711
1740001683,GBP,44.4579,46.9361
1740001683,XAU,3281.83,3537.5
1740001683,AUD,22.4233,23.6731
1740001683,DKK,4.9378,5.2117
1740001683,SEK,3.2946,3.4775
1740001683,CHF,39.0634,41.246
1740001683,JPY,0.23322,0.24616
1740001683,CAD,24.8218,26.2045
1740001683,KWD,114.296,120.8635
1740001683,NOK,3.1725,3.3493
1740001683,SAR,9.4198,9.9422
