zaman,kur,alis,satis
1737925776,USD,34.729,36.6608
1737925776,EUR,36.4307,38.4609
1737925776,GBP,43.3349,45.7601
1737925776,XAU,3061.84,3268.84
1737925776,AUD,21.9175,23.144
1737925776,DKK,4.8816,5.1535
1737925776,SEK,3.1755,3.3532
1737925776,CHF,38.3069,40.4645
1737925776,JPY,0.22271,0.23511
1737925776,CAD,24.2065,25.5583
1737925776,KWD,112.6468,119.1447
1737925776,NOK,3.1007,3.2743
1737925776,SAR,9.2556,9.7765
1737926512,USD,34.729,36.6608
1737926512,EUR,36.4307,38.4609
1737926512,GBP,43.3349,45.7601
1737926512,XAU,3061.84,3268.84
1737926512,AUD,21.9175,23.144
1737926512,DKK,4.8816,5.1535
1737926512,SEK,3.1755,3.3532
1737926512,CHF,38.3069,40.4645
1737926512,JPY,0.22271,0.23511
1737926512,CAD,24.2065,25.5583
1737926512,KWD,112.6468,119.1447
1737926512,NOK,3.1007,3.2743
1737926512,SAR,9.2556,9.7765
1737926849,USD,34.729,36.6608
1737926849,EUR,36.4307,38.4609
1737926849,GBP,43.3349,45.7601
1737926849,XAU,3061.84,3268.84
1737926849,AUD,21.9175,23.144
1737926849,DKK,4.8816,5.1535
1737926849,SEK,3.1755,3.3532
1737926849,CHF,38.3069,40.4645
1737926849,JPY,0.22271,0.23511
1737926849,CAD,24.2065,25.5583
1737926849,KWD,112.6468,119.1447
1737926849,NOK,3.1007,3.2743
1737926849,SAR,9.2556,9.7765
