zaman,kur,alis,satis
1745616385,USD,37.397,39.4733
1745616385,EUR,42.4718,44.8417
1745616385,GBP,49.7642,52.5588
1745616385,XAU,3936.09,4200.48
1745616385,AUD,23.9266,25.2669
1745616385,DKK,5.6892,6.0056
1745616385,SEK,3.8601,4.078
1745616385,CHF,45.1436,47.6789
1745616385,JPY,0.26018,0.27464
1745616385,CAD,26.9839,28.4842
1745616385,KWD,121.8937,128.7034
1745616385,NOK,3.5818,3.7834
1745616385,SAR,9.9688,10.5229
1745616934,USD,37.397,39.4733
1745616934,EUR,42.4718,44.8417
1745616934,GBP,49.7642,52.5588
1745616934,XAU,3936.09,4200.48
1745616934,AUD,23.9266,25.2669
1745616934,DKK,5.6892,6.0056
1745616934,SEK,3.8601,4.078
1745616934,CHF,45.1436,47.6789
1745616934,JPY,0.26018,0.27464
1745616934,CAD,26.9839,28.4842
1745616934,KWD,121.8937,128.7034
1745616934,NOK,3.5818,3.7834
1745616934,SAR,9.9688,10.5229
1745617429,USD,37.397,39.4733
1745617429,EUR,42.4718,44.8417
1745617429,GBP,49.7642,52.5588
1745617429,XAU,3936.09,4200.48
1745617429,AUD,23.9266,25.2669
1745617429,DKK,5.6892,6.0056
1745617429,SEK,3.8601,4.078
1745617429,CHF,45.1436,47.6789
1745617429,JPY,0.26018,0.27464
1745617429,CAD,26.9839,28.4842
1745617429,KWD,121.8937,128.7034
1745617429,NOK,3.5818,3.7834
1745617429,SAR,9.9688,10.5229
