zaman,kur,alis,satis
1738962876,USD,34.9929,36.9738
1738962876,EUR,36.1407,38.1903
1738962876,GBP,43.4122,45.8734
1738962876,XAU,3185.02,3400.35
1738962876,AUD,21.9371,23.1937
1738962876,DKK,4.8448,5.1194
1738962876,SEK,3.1965,3.3786
1738962876,CHF,38.4538,40.6574
1738962876,JPY,0.23116,0.24426
1738962876,CAD,24.4757,25.8739
1738962876,KWD,113.2457,119.8892
1738962876,NOK,3.111,3.2884
1738962876,SAR,9.3297,9.8584
