zaman,kur,alis,satis
1741554161,USD,35.5007,37.4611
1741554161,EUR,38.5041,40.6378
1741554161,GBP,45.8811,48.4185
1741554161,XAU,3285.8,3506.51
1741554161,AUD,22.401,23.6417
1741554161,DKK,5.1627,5.4484
1741554161,SEK,3.5227,3.7186
1741554161,CHF,40.3555,42.5888
1741554161,JPY,0.23981,0.25313
1741554161,CAD,24.7082,26.0799
1741554161,KWD,115.1126,121.706
1741554161,NOK,3.2745,3.4562
1741554161,SAR,9.4643,9.9883
1741554870,USD,35.5007,37.4611
1741554870,EUR,38.5041,40.6378
1741554870,GBP,45.8811,48.4185
1741554870,XAU,3285.8,3506.51
1741554870,AUD,22.401,23.6417
1741554870,DKK,5.1627,5.4484
1741554870,SEK,3.5227,3.7186
1741554870,CHF,40.3555,42.5888
1741554870,JPY,0.23981,0.25313
1741554870,CAD,24.7082,26.0799
1741554870,KWD,115.1126,121.706
1741554870,NOK,3.2745,3.4562
1741554870,SAR,9.4643,9.9883
1741555598,USD,35.5007,37.4611
1741555598,EUR,38.5041,40.6378
1741555598,GBP,45.8811,48.4185
1741555598,XAU,3285.8,3506.51
1741555598,AUD,22.401,23.6417
1741555598,DKK,5.1627,5.4484
1741555598,SEK,3.5227,3.7186
1741555598,CHF,40.3555,42.5888
1741555598,JPY,0.23981,0.25313
1741555598,CAD,24.7082,26.0799
1741555598,KWD,115.1126,121.706
1741555598,NOK,3.2745,3.4562
1741555598,SAR,9.4643,9.9883
1741555901,USD,35.5007,37.4611
1741555901,EUR,38.5041,40.6378
1741555901,GBP,45.8811,48.4185
1741555901,XAU,3285.8,3506.51
1741555901,AUD,22.401,23.6417
1741555901,DKK,5.1627,5.4484
1741555901,SEK,3.5227,3.7186
1741555901,CHF,40.3555,42.5888
1741555901,JPY,0.23981,0.25313
1741555901,CAD,24.7082,26.0799
1741555901,KWD,115.1126,121.706
1741555901,NOK,3.2745,3.4562
1741555901,SAR,9.4643,9.9883
1741556255,USD,35.5007,37.4611
1741556255,EUR,38.5041,40.6378
1741556255,GBP,45.8811,48.4185
1741556255,XAU,3285.8,3506.51
1741556255,AUD,22.401,23.6417
1741556255,DKK,5.1627,5.4484
1741556255,SEK,3.5227,3.7186
1741556255,CHF,40.3555,42.5888
1741556255,JPY,0.23981,0.25313
1741556255,CAD,24.7082,26.0799
1741556255,KWD,115.1126,121.706
1741556255,NOK,3.2745,3.4562
1741556255,SAR,9.4643,9.9883
