zaman,kur,alis,satis
1738098874,USD,34.7835,36.7126
1738098874,EUR,36.2862,38.2986
1738098874,GBP,43.2672,45.6888
1738098874,XAU,3057.49,3264.2
1738098874,AUD,21.7501,22.9674
1738098874,DKK,4.8622,5.1321
1738098874,SEK,3.1637,3.3396
1738098874,CHF,38.4561,40.6158
1738098874,JPY,0.22367,0.23609
1738098874,CAD,24.1552,25.5037
1738098874,KWD,112.6774,119.1581
1738098874,NOK,3.0835,3.2551
1738098874,SAR,9.2712,9.7913
1738099579,USD,34.7835,36.7126
1738099579,EUR,36.2862,38.2986
1738099579,GBP,43.2672,45.6888
1738099579,XAU,3057.49,3264.2
1738099579,AUD,21.7501,22.9674
1738099579,DKK,4.8622,5.1321
1738099579,SEK,3.1637,3.3396
1738099579,CHF,38.4561,40.6158
1738099579,JPY,0.22367,0.23609
1738099579,CAD,24.1552,25.5037
1738099579,KWD,112.6774,119.1581
1738099579,NOK,3.0835,3.2551
1738099579,SAR,9.2712,9.7913
