zaman,kur,alis,satis
1743973483,USD,36.9265,39.3524
1743973483,EUR,40.4197,43.083
1743973483,GBP,47.4875,50.6426
1743973483,XAU,3571.39,3811.29
1743973483,AUD,22.2962,23.7689
1743973483,DKK,5.4165,5.7741
1743973483,SEK,3.6774,3.9277
1743973483,CHF,42.858,45.7055
1743973483,JPY,0.25129,0.26782
1743973483,CAD,25.9352,27.6429
1743973483,KWD,120.0471,127.9754
1743973483,NOK,3.4305,3.6597
1743973483,SAR,9.8392,10.4873
