zaman,kur,alis,satis
1745875493,USD,37.3903,39.4986
1745875493,EUR,42.7034,45.1232
1745875493,GBP,50.2563,53.1138
1745875493,XAU,3978.97,4246.24
1745875493,AUD,24.0494,25.4095
1745875493,DKK,5.7213,6.0453
1745875493,SEK,3.9001,4.1297
1745875493,CHF,45.5868,48.1926
1745875493,JPY,0.26327,0.27818
1745875493,CAD,27.0298,28.5684
1745875493,KWD,121.9116,128.954
1745875493,NOK,3.6143,3.826
1745875493,SAR,9.967,10.5296
1745875960,USD,37.3903,39.4986
1745875960,EUR,42.7034,45.1232
1745875960,GBP,50.2563,53.1138
1745875960,XAU,3978.97,4246.24
1745875960,AUD,24.0494,25.4095
1745875960,DKK,5.7213,6.0453
1745875960,SEK,3.9001,4.1297
1745875960,CHF,45.5868,48.1926
1745875960,JPY,0.26327,0.27818
1745875960,CAD,27.0298,28.5684
1745875960,KWD,121.9116,128.954
1745875960,NOK,3.6143,3.826
1745875960,SAR,9.967,10.5296
1745876445,USD,37.3903,39.4986
1745876445,EUR,42.7034,45.1232
1745876445,GBP,50.2563,53.1138
1745876445,XAU,3978.97,4246.24
1745876445,AUD,24.0494,25.4095
1745876445,DKK,5.7213,6.0453
1745876445,SEK,3.9001,4.1297
1745876445,CHF,45.5868,48.1926
1745876445,JPY,0.26327,0.27818
1745876445,CAD,27.0298,28.5684
1745876445,KWD,121.9116,128.954
1745876445,NOK,3.6143,3.826
1745876445,SAR,9.967,10.5296
1745876781,USD,37.3903,39.4986
1745876781,EUR,42.7034,45.1232
1745876781,GBP,50.2563,53.1138
1745876781,XAU,3978.97,4246.24
1745876781,AUD,24.0494,25.4095
1745876781,DKK,5.7213,6.0453
1745876781,SEK,3.9001,4.1297
1745876781,CHF,45.5868,48.1926
1745876781,JPY,0.26327,0.27818
1745876781,CAD,27.0298,28.5684
1745876781,KWD,121.9116,128.954
1745876781,NOK,3.6143,3.826
1745876781,SAR,9.967,10.5296
1745877116,USD,37.3903,39.4986
1745877116,EUR,42.7034,45.1232
1745877116,GBP,50.2563,53.1138
1745877116,XAU,3978.97,4246.24
1745877116,AUD,24.0494,25.4095
1745877116,DKK,5.7213,6.0453
1745877116,SEK,3.9001,4.1297
1745877116,CHF,45.5868,48.1926
1745877116,JPY,0.26327,0.27818
1745877116,CAD,27.0298,28.5684
1745877116,KWD,121.9116,128.954
1745877116,NOK,3.6143,3.826
1745877116,SAR,9.967,10.5296
