zaman,kur,alis,satis
1750626569,USD,38.6237,40.7635
1750626569,EUR,44.4829,46.9636
1750626569,GBP,51.9257,54.8106
1750626569,XAU,4137.72,4415.66
1750626569,AUD,24.9045,26.2924
1750626569,DKK,5.9645,6.2959
1750626569,SEK,3.9905,4.2148
1750626569,CHF,47.1999,49.827
1750626569,JPY,0.2644,0.27907
1750626569,CAD,28.0961,29.657
1750626569,KWD,125.9741,133.1705
1750626569,NOK,3.8179,4.0325
1750626569,SAR,10.2928,10.8642
1750627586,USD,38.6237,40.7635
1750627586,EUR,44.4829,46.9636
1750627586,GBP,51.9257,54.8106
1750627586,XAU,4137.72,4415.66
1750627586,AUD,24.9045,26.2924
1750627586,DKK,5.9645,6.2959
1750627586,SEK,3.9905,4.2148
1750627586,CHF,47.1999,49.827
1750627586,JPY,0.2644,0.27907
1750627586,CAD,28.0961,29.657
1750627586,KWD,125.9741,133.1705
1750627586,NOK,3.8179,4.0325
1750627586,SAR,10.2928,10.8642
1750628329,USD,38.6237,40.7635
1750628329,EUR,44.4829,46.9636
1750628329,GBP,51.9257,54.8106
1750628329,XAU,4137.72,4415.66
1750628329,AUD,24.9045,26.2924
1750628329,DKK,5.9645,6.2959
1750628329,SEK,3.9905,4.2148
1750628329,CHF,47.1999,49.827
1750628329,JPY,0.2644,0.27907
1750628329,CAD,28.0961,29.657
1750628329,KWD,125.9741,133.1705
1750628329,NOK,3.8179,4.0325
1750628329,SAR,10.2928,10.8642
1750628625,USD,38.6237,40.7635
1750628625,EUR,44.4829,46.9636
1750628625,GBP,51.9257,54.8106
1750628625,XAU,4137.72,4415.66
1750628625,AUD,24.9045,26.2924
1750628625,DKK,5.9645,6.2959
1750628625,SEK,3.9905,4.2148
1750628625,CHF,47.1999,49.827
1750628625,JPY,0.2644,0.27907
1750628625,CAD,28.0961,29.657
1750628625,KWD,125.9741,133.1705
1750628625,NOK,3.8179,4.0325
1750628625,SAR,10.2928,10.8642
1750628986,USD,38.6237,40.7635
1750628986,EUR,44.4829,46.9636
1750628986,GBP,51.9257,54.8106
1750628986,XAU,4137.72,4415.66
1750628986,AUD,24.9045,26.2924
1750628986,DKK,5.9645,6.2959
1750628986,SEK,3.9905,4.2148
1750628986,CHF,47.1999,49.827
1750628986,JPY,0.2644,0.27907
1750628986,CAD,28.0961,29.657
1750628986,KWD,125.9741,133.1705
1750628986,NOK,3.8179,4.0325
1750628986,SAR,10.2928,10.8642
1750629304,USD,38.6237,40.7635
1750629304,EUR,44.4829,46.9636
1750629304,GBP,51.9257,54.8106
1750629304,XAU,4137.72,4415.66
1750629304,AUD,24.9045,26.2924
1750629304,DKK,5.9645,6.2959
1750629304,SEK,3.9905,4.2148
1750629304,CHF,47.1999,49.827
1750629304,JPY,0.2644,0.27907
1750629304,CAD,28.0961,29.657
1750629304,KWD,125.9741,133.1705
1750629304,NOK,3.8179,4.0325
1750629304,SAR,10.2928,10.8642
