zaman,kur,alis,satis
1743109240,USD,36.9752,39.3519
1743109240,EUR,39.9332,42.5119
1743109240,GBP,47.8828,50.9607
1743109240,XAU,3595.74,3837.27
1743109240,AUD,23.3054,24.8192
1743109240,DKK,5.352,5.6972
1743109240,SEK,3.6944,3.9378
1743109240,CHF,41.9315,44.6369
1743109240,JPY,0.24477,0.26052
1743109240,CAD,25.8459,27.5092
1743109240,KWD,119.777,127.7245
1743109240,NOK,3.5271,3.7561
1743109240,SAR,9.8572,10.4919
1743110075,USD,36.9752,39.3519
1743110075,EUR,39.9332,42.5119
1743110075,GBP,47.8828,50.9607
1743110075,XAU,3595.74,3837.27
1743110075,AUD,23.3054,24.8192
1743110075,DKK,5.352,5.6972
1743110075,SEK,3.6944,3.9378
1743110075,CHF,41.9315,44.6369
1743110075,JPY,0.24477,0.26052
1743110075,CAD,25.8459,27.5092
1743110075,KWD,119.777,127.7245
1743110075,NOK,3.5271,3.7561
1743110075,SAR,9.8572,10.4919
1743111033,USD,36.9752,39.3519
1743111033,EUR,39.9332,42.5119
1743111033,GBP,47.8828,50.9607
1743111033,XAU,3595.74,3837.27
1743111033,AUD,23.3054,24.8192
1743111033,DKK,5.352,5.6972
1743111033,SEK,3.6944,3.9378
1743111033,CHF,41.9315,44.6369
1743111033,JPY,0.24477,0.26052
1743111033,CAD,25.8459,27.5092
1743111033,KWD,119.777,127.7245
1743111033,NOK,3.5271,3.7561
1743111033,SAR,9.8572,10.4919
1743111512,USD,36.9752,39.3519
1743111512,EUR,39.9332,42.5119
1743111512,GBP,47.8828,50.9607
1743111512,XAU,3595.74,3837.27
1743111512,AUD,23.3054,24.8192
1743111512,DKK,5.352,5.6972
1743111512,SEK,3.6944,3.9378
1743111512,CHF,41.9315,44.6369
1743111512,JPY,0.24477,0.26052
1743111512,CAD,25.8459,27.5092
1743111512,KWD,119.777,127.7245
1743111512,NOK,3.5271,3.7561
1743111512,SAR,9.8572,10.4919
1743111878,USD,36.9752,39.3519
1743111878,EUR,39.9332,42.5119
1743111878,GBP,47.8828,50.9607
1743111878,XAU,3595.74,3837.27
1743111878,AUD,23.3054,24.8192
1743111878,DKK,5.352,5.6972
1743111878,SEK,3.6944,3.9378
1743111878,CHF,41.9315,44.6369
1743111878,JPY,0.24477,0.26052
1743111878,CAD,25.8459,27.5092
1743111878,KWD,119.777,127.7245
1743111878,NOK,3.5271,3.7561
1743111878,SAR,9.8572,10.4919
