zaman,kur,alis,satis
1742590856,USD,36.7331,39.0507
1742590856,EUR,39.7159,42.2255
1742590856,GBP,47.4298,50.43
1742590856,XAU,3545.11,3783.24
1742590856,AUD,23.039,24.4965
1742590856,DKK,5.3233,5.6603
1742590856,SEK,3.6234,3.8555
1742590856,CHF,41.5863,44.235
1742590856,JPY,0.24594,0.26147
1742590856,CAD,25.6105,27.2301
1742590856,KWD,119.1088,126.7056
1742590856,NOK,3.4843,3.7068
1742590856,SAR,9.7921,10.4105
