zaman,kur,alis,satis
1739394272,USD,35.1439,37.0908
1739394272,EUR,36.5216,38.5522
1739394272,GBP,43.7331,46.1781
1739394272,XAU,3241.56,3460.71
1739394272,AUD,22.0809,23.3153
1739394272,DKK,4.8963,5.168
1739394272,SEK,3.2312,3.4109
1739394272,CHF,38.4802,40.6163
1739394272,JPY,0.2276,0.24023
1739394272,CAD,24.5985,25.9703
1739394272,KWD,113.6608,120.1906
1739394272,NOK,3.1204,3.2944
1739394272,SAR,9.37,9.8896
1739395240,USD,35.1439,37.0908
1739395240,EUR,36.5216,38.5522
1739395240,GBP,43.7331,46.1781
1739395240,XAU,3241.56,3460.71
1739395240,AUD,22.0809,23.3153
1739395240,DKK,4.8963,5.168
1739395240,SEK,3.2312,3.4109
1739395240,CHF,38.4802,40.6163
1739395240,JPY,0.2276,0.24023
1739395240,CAD,24.5985,25.9703
1739395240,KWD,113.6608,120.1906
1739395240,NOK,3.1204,3.2944
1739395240,SAR,9.37,9.8896
