zaman,kur,alis,satis
1740862976,USD,35.5441,37.5145
1740862976,EUR,36.8307,38.8801
1740862976,GBP,44.6611,47.1633
1740862976,XAU,3219.93,3436.22
1740862976,AUD,22.0267,23.259
1740862976,DKK,4.9389,5.2131
1740862976,SEK,3.2992,3.4828
1740862976,CHF,39.3273,41.5351
1740862976,JPY,0.23617,0.24928
1740862976,CAD,24.5623,25.9329
1740862976,KWD,114.9549,121.5636
1740862976,NOK,3.1527,3.3285
1740862976,SAR,9.4749,10.006
1740863822,USD,35.5441,37.5145
1740863822,EUR,36.8307,38.8801
1740863822,GBP,44.6611,47.1633
1740863822,XAU,3219.93,3436.22
1740863822,AUD,22.0267,23.259
1740863822,DKK,4.9389,5.2131
1740863822,SEK,3.2992,3.4828
1740863822,CHF,39.3273,41.5351
1740863822,JPY,0.23617,0.24928
1740863822,CAD,24.5623,25.9329
1740863822,KWD,114.9549,121.5636
1740863822,NOK,3.1527,3.3285
1740863822,SAR,9.4749,10.006
