zaman,kur,alis,satis
1750454857,USD,38.6237,40.7635
1750454857,EUR,44.4829,46.9636
1750454857,GBP,51.9257,54.8106
1750454857,XAU,4138.35,4416.33
1750454857,AUD,24.9045,26.2924
1750454857,DKK,5.9645,6.2959
1750454857,SEK,3.9905,4.2148
1750454857,CHF,47.1999,49.827
1750454857,JPY,0.2644,0.27907
1750454857,CAD,28.0961,29.657
1750454857,KWD,125.9741,133.1705
1750454857,NOK,3.8179,4.0325
1750454857,SAR,10.2928,10.8642
1750455423,USD,38.6237,40.7635
1750455423,EUR,44.4829,46.9636
1750455423,GBP,51.9257,54.8106
1750455423,XAU,4138.35,4416.33
1750455423,AUD,24.9045,26.2924
1750455423,DKK,5.9645,6.2959
1750455423,SEK,3.9905,4.2148
1750455423,CHF,47.1999,49.827
1750455423,JPY,0.2644,0.27907
1750455423,CAD,28.0961,29.657
1750455423,KWD,125.9741,133.1705
1750455423,NOK,3.8179,4.0325
1750455423,SAR,10.2928,10.8642
1750455837,USD,38.6237,40.7635
1750455837,EUR,44.4829,46.9636
1750455837,GBP,51.9257,54.8106
1750455837,XAU,4138.35,4416.33
1750455837,AUD,24.9045,26.2924
1750455837,DKK,5.9645,6.2959
1750455837,SEK,3.9905,4.2148
1750455837,CHF,47.1999,49.827
1750455837,JPY,0.2644,0.27907
1750455837,CAD,28.0961,29.657
1750455837,KWD,125.9741,133.1705
1750455837,NOK,3.8179,4.0325
1750455837,SAR,10.2928,10.8642
