zaman,kur,alis,satis
1739826241,USD,35.278,37.2343
1739826241,EUR,36.9819,39.0402
1739826241,GBP,44.5349,47.0307
1739826241,XAU,3250.59,3470.36
1739826241,AUD,22.4368,23.6959
1739826241,DKK,4.9582,5.2337
1739826241,SEK,3.2982,3.4823
1739826241,CHF,39.1586,41.3347
1739826241,JPY,0.23301,0.24597
1739826241,CAD,24.8734,26.2546
1739826241,KWD,114.2422,120.8122
1739826241,NOK,3.1773,3.3548
1739826241,SAR,9.406,9.9281
