zaman,kur,alis,satis
1742765224,USD,36.1442,39.3828
1742765224,EUR,39.0502,42.6594
1742765224,GBP,46.6369,50.9455
1742765224,XAU,3516.08,3800.78
1742765224,AUD,22.6299,24.7481
1742765224,DKK,5.2341,5.7163
1742765224,SEK,3.5473,3.9014
1742765224,CHF,40.841,44.7226
1742765224,JPY,0.24196,0.26387
1742765224,CAD,25.1473,27.4904
1742765224,KWD,117.2753,127.8661
1742765224,NOK,3.407,3.7526
1742765224,SAR,9.6349,10.499
