zaman,kur,alis,satis
1745961317,USD,37.4312,39.5414
1745961317,EUR,42.6191,45.0258
1745961317,GBP,50.1877,53.0211
1745961317,XAU,3951.48,4216.91
1745961317,AUD,23.8811,25.2512
1745961317,DKK,5.7094,6.0321
1745961317,SEK,3.8827,4.1098
1745961317,CHF,45.4317,47.9988
1745961317,JPY,0.26291,0.27778
1745961317,CAD,27.0574,28.5849
1745961317,KWD,122.0847,129.2204
1745961317,NOK,3.6049,3.816
1745961317,SAR,9.979,10.5421
1745962127,USD,37.4312,39.5414
1745962127,EUR,42.6191,45.0258
1745962127,GBP,50.1877,53.0211
1745962127,XAU,3951.48,4216.91
1745962127,AUD,23.8811,25.2512
1745962127,DKK,5.7094,6.0321
1745962127,SEK,3.8827,4.1098
1745962127,CHF,45.4317,47.9988
1745962127,JPY,0.26291,0.27778
1745962127,CAD,27.0574,28.5849
1745962127,KWD,122.0847,129.2204
1745962127,NOK,3.6049,3.816
1745962127,SAR,9.979,10.5421
