zaman,kur,alis,satis
1740085502,USD,35.3245,37.2864
1740085502,EUR,37.0978,39.1656
1740085502,GBP,44.7562,47.2456
1740085502,XAU,3300.55,3522.26
1740085502,AUD,22.6148,23.8819
1740085502,DKK,4.9742,5.2509
1740085502,SEK,3.3228,3.5082
1740085502,CHF,39.3369,41.5401
1740085502,JPY,0.23603,0.24916
1740085502,CAD,24.9326,26.3192
1740085502,KWD,114.467,120.8635
1740085502,NOK,3.1846,3.3625
1740085502,SAR,9.4194,9.943
1740086459,USD,35.3245,37.2864
1740086459,EUR,37.0978,39.1656
1740086459,GBP,44.7562,47.2456
1740086459,XAU,3300.55,3522.26
1740086459,AUD,22.6148,23.8819
1740086459,DKK,4.9742,5.2509
1740086459,SEK,3.3228,3.5082
1740086459,CHF,39.3369,41.5401
1740086459,JPY,0.23603,0.24916
1740086459,CAD,24.9326,26.3192
1740086459,KWD,114.467,120.8635
1740086459,NOK,3.1846,3.3625
1740086459,SAR,9.4194,9.943
1740087070,USD,35.3245,37.2864
1740087070,EUR,37.0978,39.1656
1740087070,GBP,44.7562,47.2456
1740087070,XAU,3300.55,3522.26
1740087070,AUD,22.6148,23.8819
1740087070,DKK,4.9742,5.2509
1740087070,SEK,3.3228,3.5082
1740087070,CHF,39.3369,41.5401
1740087070,JPY,0.23603,0.24916
1740087070,CAD,24.9326,26.3192
1740087070,KWD,114.467,120.8635
1740087070,NOK,3.1846,3.3625
1740087070,SAR,9.4194,9.943
