zaman,kur,alis,satis
1745528434,USD,37.2884,39.3999
1745528434,EUR,42.4677,44.8883
1745528434,GBP,49.7352,52.5871
1745528434,XAU,3975.18,4242.2
1745528434,AUD,23.8981,25.2593
1745528434,DKK,5.6886,6.0116
1745528434,SEK,3.8831,4.11
1745528434,CHF,45.0832,47.6535
1745528434,JPY,0.26147,0.27634
1745528434,CAD,26.9172,28.4455
1745528434,KWD,121.5396,128.6738
1745528434,NOK,3.5794,3.7952
1745528434,SAR,9.9404,10.5038
