zaman,kur,alis,satis
1745442970,USD,37.2607,39.3717
1745442970,EUR,42.153,44.5569
1745442970,GBP,49.3779,52.2029
1745442970,XAU,3899.14,4161.05
1745442970,AUD,23.6941,25.0443
1745442970,DKK,5.6465,5.9669
1745442970,SEK,3.8407,4.0596
1745442970,CHF,44.833,47.3843
1745442970,JPY,0.25969,0.27444
1745442970,CAD,26.8449,28.3678
1745442970,KWD,121.5684,128.4976
1745442970,NOK,3.5335,3.7403
1745442970,SAR,9.9333,10.4966
