zaman,kur,alis,satis
1746738720,USD,37.5713,39.7194
1746738720,EUR,42.1813,44.5969
1746738720,GBP,49.7594,52.6281
1746738720,XAU,3954.1,4219.7
1746738720,AUD,24.0456,25.4244
1746738720,DKK,5.6539,5.9781
1746738720,SEK,3.8591,4.081
1746738720,CHF,45.1523,47.7626
1746738720,JPY,0.25744,0.27222
1746738720,CAD,26.9831,28.5299
1746738720,KWD,122.382,129.4212
1746738720,NOK,3.598,3.8111
1746738720,SAR,10.0137,10.5924
1746739699,USD,37.5713,39.7194
1746739699,EUR,42.1813,44.5969
1746739699,GBP,49.7594,52.6281
1746739699,XAU,3954.1,4219.7
1746739699,AUD,24.0456,25.4244
1746739699,DKK,5.6539,5.9781
1746739699,SEK,3.8591,4.081
1746739699,CHF,45.1523,47.7626
1746739699,JPY,0.25744,0.27222
1746739699,CAD,26.9831,28.5299
1746739699,KWD,122.382,129.4212
1746739699,NOK,3.598,3.8111
1746739699,SAR,10.0137,10.5924
1746740236,USD,37.5713,39.7194
1746740236,EUR,42.1813,44.5969
1746740236,GBP,49.7594,52.6281
1746740236,XAU,3954.1,4219.7
1746740236,AUD,24.0456,25.4244
1746740236,DKK,5.6539,5.9781
1746740236,SEK,3.8591,4.081
1746740236,CHF,45.1523,47.7626
1746740236,JPY,0.25744,0.27222
1746740236,CAD,26.9831,28.5299
1746740236,KWD,122.382,129.4212
1746740236,NOK,3.598,3.8111
1746740236,SAR,10.0137,10.5924
