zaman,kur,alis,satis
1752354726,USD,39.1007,41.2714
1752354726,EUR,45.6774,48.2339
1752354726,GBP,52.7156,55.6793
1752354726,XAU,4173.43,4453.77
1752354726,AUD,25.6931,27.1401
1752354726,DKK,6.1224,6.4633
1752354726,SEK,4.0866,4.316
1752354726,CHF,49.0352,51.7835
1752354726,JPY,0.2652,0.27994
1752354726,CAD,28.5532,30.1405
1752354726,KWD,127.7801,135.1832
1752354726,NOK,3.8535,4.0702
1752354726,SAR,10.4252,11.0045
1752355737,USD,39.1007,41.2714
1752355737,EUR,45.6774,48.2339
1752355737,GBP,52.7156,55.6793
1752355737,XAU,4173.43,4453.77
1752355737,AUD,25.6931,27.1401
1752355737,DKK,6.1224,6.4633
1752355737,SEK,4.0866,4.316
1752355737,CHF,49.0352,51.7835
1752355737,JPY,0.2652,0.27994
1752355737,CAD,28.5532,30.1405
1752355737,KWD,127.7801,135.1832
1752355737,NOK,3.8535,4.0702
1752355737,SAR,10.4252,11.0045
1752356309,USD,39.1007,41.2714
1752356309,EUR,45.6774,48.2339
1752356309,GBP,52.7156,55.6793
1752356309,XAU,4173.43,4453.77
1752356309,AUD,25.6931,27.1401
1752356309,DKK,6.1224,6.4633
1752356309,SEK,4.0866,4.316
1752356309,CHF,49.0352,51.7835
1752356309,JPY,0.2652,0.27994
1752356309,CAD,28.5532,30.1405
1752356309,KWD,127.7801,135.1832
1752356309,NOK,3.8535,4.0702
1752356309,SAR,10.4252,11.0045
1752356735,USD,39.1007,41.2714
1752356735,EUR,45.6774,48.2339
1752356735,GBP,52.7156,55.6793
1752356735,XAU,4173.43,4453.77
1752356735,AUD,25.6931,27.1401
1752356735,DKK,6.1224,6.4633
1752356735,SEK,4.0866,4.316
1752356735,CHF,49.0352,51.7835
1752356735,JPY,0.2652,0.27994
1752356735,CAD,28.5532,30.1405
1752356735,KWD,127.7801,135.1832
1752356735,NOK,3.8535,4.0702
1752356735,SAR,10.4252,11.0045
1752357068,USD,39.1007,41.2714
1752357068,EUR,45.6774,48.2339
1752357068,GBP,52.7156,55.6793
1752357068,XAU,4173.43,4453.77
1752357068,AUD,25.6931,27.1401
1752357068,DKK,6.1224,6.4633
1752357068,SEK,4.0866,4.316
1752357068,CHF,49.0352,51.7835
1752357068,JPY,0.2652,0.27994
1752357068,CAD,28.5532,30.1405
1752357068,KWD,127.7801,135.1832
1752357068,NOK,3.8535,4.0702
1752357068,SAR,10.4252,11.0045
