zaman,kur,alis,satis
1751490644,USD,38.7088,40.8828
1751490644,EUR,45.6687,48.2336
1751490644,GBP,52.7563,55.7478
1751490644,XAU,4133.88,4411.56
1751490644,AUD,25.4859,26.9213
1751490644,DKK,6.1198,6.4646
1751490644,SEK,4.0614,4.3021
1751490644,CHF,48.8686,51.6197
1751490644,JPY,0.26937,0.28454
1751490644,CAD,28.475,30.0786
1751490644,KWD,126.8311,133.9982
1751490644,NOK,3.8461,4.0649
1751490644,SAR,10.3215,10.9018
