zaman,kur,alis,satis
1741986132,USD,35.6906,37.6685
1741986132,EUR,38.8492,41.0059
1741986132,GBP,46.1586,48.743
1741986132,XAU,3387.07,3614.58
1741986132,AUD,22.5886,23.8517
1741986132,DKK,5.2064,5.4956
1741986132,SEK,3.5228,3.7203
1741986132,CHF,40.3238,42.5681
1741986132,JPY,0.24013,0.25346
1741986132,CAD,24.8542,26.2334
1741986132,KWD,115.7282,122.3798
1741986132,NOK,3.3535,3.5427
1741986132,SAR,9.5134,10.0465
1741987871,USD,35.6906,37.6685
1741987871,EUR,38.8492,41.0059
1741987871,GBP,46.1586,48.743
1741987871,XAU,3387.07,3614.58
1741987871,AUD,22.5886,23.8517
1741987871,DKK,5.2064,5.4956
1741987871,SEK,3.5228,3.7203
1741987871,CHF,40.3238,42.5681
1741987871,JPY,0.24013,0.25346
1741987871,CAD,24.8542,26.2334
1741987871,KWD,115.7282,122.3798
1741987871,NOK,3.3535,3.5427
1741987871,SAR,9.5134,10.0465
