zaman,kur,alis,satis
1739135452,USD,34.9929,36.9738
1739135452,EUR,36.1407,38.1903
1739135452,GBP,43.4122,45.8734
1739135452,XAU,3185.02,3400.35
1739135452,AUD,21.9371,23.1937
1739135452,DKK,4.8448,5.1194
1739135452,SEK,3.1965,3.3786
1739135452,CHF,38.4538,40.6574
1739135452,JPY,0.23116,0.24426
1739135452,CAD,24.4757,25.8739
1739135452,KWD,113.2457,119.8892
1739135452,NOK,3.111,3.2884
1739135452,SAR,9.3297,9.8584
1739136212,USD,34.9929,36.9738
1739136212,EUR,36.1407,38.1903
1739136212,GBP,43.4122,45.8734
1739136212,XAU,3185.02,3400.35
1739136212,AUD,21.9371,23.1937
1739136212,DKK,4.8448,5.1194
1739136212,SEK,3.1965,3.3786
1739136212,CHF,38.4538,40.6574
1739136212,JPY,0.23116,0.24426
1739136212,CAD,24.4757,25.8739
1739136212,KWD,113.2457,119.8892
1739136212,NOK,3.111,3.2884
1739136212,SAR,9.3297,9.8584
1739136548,USD,34.9929,36.9738
1739136548,EUR,36.1407,38.1903
1739136548,GBP,43.4122,45.8734
1739136548,XAU,3185.02,3400.35
1739136548,AUD,21.9371,23.1937
1739136548,DKK,4.8448,5.1194
1739136548,SEK,3.1965,3.3786
1739136548,CHF,38.4538,40.6574
1739136548,JPY,0.23116,0.24426
1739136548,CAD,24.4757,25.8739
1739136548,KWD,113.2457,119.8892
1739136548,NOK,3.111,3.2884
1739136548,SAR,9.3297,9.8584
