zaman,kur,alis,satis
1746652270,USD,37.6128,39.7168
1746652270,EUR,42.4875,44.9117
1746652270,GBP,49.9837,52.7995
1746652270,XAU,4025.6,4296.01
1746652270,AUD,24.1587,25.522
1746652270,DKK,5.6952,6.018
1746652270,SEK,3.8888,4.111
1746652270,CHF,45.6577,48.2175
1746652270,JPY,0.26153,0.27618
1746652270,CAD,27.1749,28.7012
1746652270,KWD,122.5972,129.4972
1746652270,NOK,3.6297,3.8405
1746652270,SAR,10.0274,10.5889
