zaman,kur,alis,satis
1738184452,USD,34.8338,36.7832
1738184452,EUR,36.2619,38.2986
1738184452,GBP,43.3227,45.7693
1738184452,XAU,3007.48,3302.12
1738184452,AUD,21.691,22.9196
1738184452,DKK,4.8593,5.1319
1738184452,SEK,3.1632,3.3407
1738184452,CHF,38.3758,40.5503
1738184452,JPY,0.22421,0.23679
1738184452,CAD,24.1398,25.5014
1738184452,KWD,112.8036,119.3484
1738184452,NOK,3.0785,3.2576
1738184452,SAR,9.287,9.8073
1738185398,USD,34.8338,36.7832
1738185398,EUR,36.2619,38.2986
1738185398,GBP,43.3227,45.7693
1738185398,XAU,3007.48,3302.12
1738185398,AUD,21.691,22.9196
1738185398,DKK,4.8593,5.1319
1738185398,SEK,3.1632,3.3407
1738185398,CHF,38.3758,40.5503
1738185398,JPY,0.22421,0.23679
1738185398,CAD,24.1398,25.5014
1738185398,KWD,112.8036,119.3484
1738185398,NOK,3.0785,3.2576
1738185398,SAR,9.287,9.8073
