zaman,kur,alis,satis
1745356235,USD,37.2419,39.3218
1745356235,EUR,42.5228,44.9134
1745356235,GBP,49.6397,52.4199
1745356235,XAU,4008.5,4277.75
1745356235,AUD,23.697,25.0401
1745356235,DKK,5.6951,6.0146
1745356235,SEK,3.8869,4.1096
1745356235,CHF,45.4502,48.0237
1745356235,JPY,0.26293,0.27765
1745356235,CAD,26.9615,28.4714
1745356235,KWD,121.7852,128.6288
1745356235,NOK,3.5786,3.7845
1745356235,SAR,9.9283,10.4833
1745357199,USD,37.2419,39.3218
1745357199,EUR,42.5228,44.9134
1745357199,GBP,49.6397,52.4199
1745357199,XAU,4008.5,4277.75
1745357199,AUD,23.697,25.0401
1745357199,DKK,5.6951,6.0146
1745357199,SEK,3.8869,4.1096
1745357199,CHF,45.4502,48.0237
1745357199,JPY,0.26293,0.27765
1745357199,CAD,26.9615,28.4714
1745357199,KWD,121.7852,128.6288
1745357199,NOK,3.5786,3.7845
1745357199,SAR,9.9283,10.4833
1745357706,USD,37.2419,39.3218
1745357706,EUR,42.5228,44.9134
1745357706,GBP,49.6397,52.4199
1745357706,XAU,4008.5,4277.75
1745357706,AUD,23.697,25.0401
1745357706,DKK,5.6951,6.0146
1745357706,SEK,3.8869,4.1096
1745357706,CHF,45.4502,48.0237
1745357706,JPY,0.26293,0.27765
1745357706,CAD,26.9615,28.4714
1745357706,KWD,121.7852,128.6288
1745357706,NOK,3.5786,3.7845
1745357706,SAR,9.9283,10.4833
1745358126,USD,37.2419,39.3218
1745358126,EUR,42.5228,44.9134
1745358126,GBP,49.6397,52.4199
1745358126,XAU,4008.5,4277.75
1745358126,AUD,23.697,25.0401
1745358126,DKK,5.6951,6.0146
1745358126,SEK,3.8869,4.1096
1745358126,CHF,45.4502,48.0237
1745358126,JPY,0.26293,0.27765
1745358126,CAD,26.9615,28.4714
1745358126,KWD,121.7852,128.6288
1745358126,NOK,3.5786,3.7845
1745358126,SAR,9.9283,10.4833
