zaman,kur,alis,satis
1739912574,USD,33.73313,38.7402
1739912574,EUR,35.24302,40.47576
1739912574,XAU,3273.86156,3657.73142
1739912574,XAG,36.02643,40.22012
1739912574,PLT,1038.84863,1244.45544
1739913540,USD,33.72998,38.73649
1739913540,EUR,35.23602,40.46723
1739913540,XAU,3272.898,3656.19736
1739913540,XAG,35.99566,40.18447
1739913540,PLT,1040.31618,1247.49417
1739914241,USD,33.74424,38.75449
1739914241,EUR,35.24856,40.48255
1739914241,XAU,3273.94716,3657.72196
1739914241,XAG,36.04269,40.23863
1739914241,PLT,1039.69857,1245.84824
1739914599,USD,33.74394,38.75552
1739914599,EUR,35.24554,40.48052
1739914599,XAU,3273.80575,3657.90858
1739914599,XAG,36.03797,40.24459
1739914599,PLT,1040.82064,1246.12096
1739914956,USD,33.73099,38.73842
1739914956,EUR,35.23202,40.46306
1739914956,XAU,3274.05535,3657.66357
1739914956,XAG,36.03839,40.24397
1739914956,PLT,1039.54802,1248.1896
