zaman,kur,alis,satis
1740949247,USD,34.02749,37.21238
1740949247,EUR,35.36545,38.68562
1740949247,XAU,3117.40885,3474.26721
1740949247,XAG,33.92553,37.44759
1740949247,PLT,1033.29158,1141.80162
1740950087,USD,34.02749,37.15151
1740950087,EUR,35.38349,38.64166
1740950087,XAU,3117.40885,3468.58438
1740950087,XAG,33.92553,37.38634
1740950087,PLT,1033.29158,1139.93398
1740950801,USD,34.02749,37.149
1740950801,EUR,35.39642,38.64722
1740950801,XAU,3117.40885,3468.34997
1740950801,XAG,33.92553,37.38381
1740950801,PLT,1033.29158,1139.85694
1740951166,USD,34.02749,37.149
1740951166,EUR,35.40118,38.65242
1740951166,XAU,3117.40885,3468.34997
1740951166,XAG,33.92553,37.38381
1740951166,PLT,1033.29158,1139.85694
1740951589,USD,34.02749,37.14662
1740951589,EUR,35.40084,38.64846
1740951589,XAU,3117.40885,3468.12789
1740951589,XAG,33.92553,37.38142
1740951589,PLT,1033.29158,1139.78396
1740951951,USD,34.17801,37.14645
1740951951,EUR,35.55538,38.64754
1740951951,XAU,3131.19826,3468.11176
1740951951,XAG,34.07559,37.38124
1740951951,PLT,1037.8622,1139.77866
1740952549,USD,34.17801,37.12824
1740952549,EUR,35.56153,38.63416
1740952549,XAU,3131.19826,3466.41203
1740952549,XAG,34.07559,37.36292
1740952549,PLT,1037.8622,1139.22005
1740952915,USD,34.17801,37.1275
1740952915,EUR,35.55811,38.63153
1740952915,XAU,3131.19826,3466.34275
1740952915,XAG,34.07559,37.36218
1740952915,PLT,1037.8622,1139.19728
1740954779,USD,34.18946,37.10261
1740954779,EUR,35.56285,38.59821
1740954779,XAU,3132.24781,3464.01856
1740954779,XAG,34.08701,37.33712
1740954779,PLT,1038.21008,1138.43345
1740955623,USD,34.19141,37.1004
1740955623,EUR,35.56557,38.59555
1740955623,XAU,3132.42646,3463.81262
1740955623,XAG,34.08896,37.3349
1740955623,PLT,1038.2693,1138.36577
1740955979,USD,34.19141,37.1004
1740955979,EUR,35.56522,38.59443
1740955979,XAU,3132.42646,3463.81262
1740955979,XAG,34.08896,37.3349
1740955979,PLT,1038.2693,1138.36577
1740956324,USD,34.19141,37.1004
1740956324,EUR,35.56693,38.59851
1740956324,XAU,3120.76854,3488.71819
1740956324,XAG,34.08896,37.3349
1740956324,PLT,1038.2693,1138.36577
1740956693,USD,34.19393,37.10061
1740956693,EUR,35.56374,38.58724
1740956693,XAU,3151.37955,3480.64633
1740956693,XAG,34.30224,37.24532
1740956693,PLT,1043.75473,1143.76383
1740957595,USD,34.19371,37.09915
1740957595,EUR,35.60625,38.63283
1740957595,XAU,3151.74268,3481.27577
1740957595,XAG,34.41305,37.35144
1740957595,PLT,1046.26538,1147.17772
