zaman,kur,alis,satis
1744059927,USD,34.96225,40.20832
1744059927,EUR,38.12773,43.86044
1744059927,XAU,3317.40855,3924.59113
1744059927,XAG,34.25914,40.60079
1744059927,PLT,1028.85929,1217.04125
1744061010,USD,34.97319,40.23816
1744061010,EUR,38.14316,43.90345
1744061010,XAU,3318.44713,3927.50395
1744061010,XAG,34.27451,40.62959
1744061010,PLT,1029.1814,1217.94453
