zaman,kur,alis,satis
1736975368,USD,32.14186,38.34986
1736975368,EUR,33.08587,39.47658
1736975368,XAU,2902.37053,3361.83866
1736975368,XAG,31.74145,37.87827
1736975368,PLT,972.42537,1162.68441
1736976181,USD,32.1418,38.3498
1736976181,EUR,33.07777,39.4677
1736976181,XAU,2901.64363,3361.04853
1736976181,XAG,31.72072,37.87205
1736976181,PLT,972.92981,1163.31158
