zaman,kur,alis,satis
1739221811,USD,32.62705,38.92594
1739221811,EUR,33.63294,40.12642
1739221811,XAU,3175.43558,3677.96637
1739221811,XAG,33.61259,40.12428
1739221811,PLT,1035.63026,1242.32447
