zaman,kur,alis,satis
1740862974,USD,34.01801,37.17517
1740862974,EUR,35.29879,38.59341
1740862974,XAU,3116.54052,3470.79374
1740862974,XAG,33.91608,37.41015
1740862974,PLT,1033.00377,1140.66008
