zaman,kur,alis,satis
1750713411,USD,36.95616,42.27992
1750713411,EUR,42.78451,48.95254
1750713411,XAU,3938.7083,4600.14017
1750713411,XAG,42.86458,49.10621
1750713411,PLT,1529.23423,1776.38539
