zaman,kur,alis,satis
1742763626,USD,35.9052,39.90788
1742763626,EUR,38.82394,43.17513
1742763626,XAU,3399.23448,3834.31628
1742763626,XAG,38.08626,42.44257
1742763626,PLT,1124.94226,1225.05164
1742765223,USD,35.95556,39.90259
1742765223,EUR,38.87983,43.20174
1742765223,XAU,3428.56308,3816.26937
1742765223,XAG,38.13968,42.43696
1742765223,PLT,1126.52007,1224.88951
1742765626,USD,35.95728,39.87925
1742765626,EUR,38.88564,43.15773
1742765626,XAU,3428.72704,3814.037
1742765626,XAG,38.1415,42.41213
1742765626,PLT,1126.57394,1224.173
