zaman,kur,alis,satis
1745616384,USD,35.8974,39.01293
1745616384,EUR,40.78554,44.56234
1745616384,XAU,3811.85723,4276.4135
1745616384,XAG,38.16655,41.77892
1745616384,PLT,1116.24263,1234.61882
