zaman,kur,alis,satis
1751577294,USD,37.17709,42.38002
1751577294,EUR,43.70873,49.83552
1751577294,XAU,3912.64321,4552.57303
1751577294,XAG,43.76906,50.46125
1751577294,PLT,1632.96589,1889.10741
