zaman,kur,alis,satis
1741208518,USD,33.85399,38.89669
1741208518,EUR,36.53489,41.97769
1741208518,XAU,3270.37569,3655.35165
1741208518,XAG,35.95308,40.15535
1741208518,PLT,1029.07534,1231.72819
