zaman,kur,alis,satis
1743368673,USD,35.55003,38.62849
1743368673,EUR,38.47864,41.83697
1743368673,XAU,3507.53425,3888.45252
1743368673,XAG,38.95081,42.44178
1743368673,PLT,1121.87905,1230.56355
