zaman,kur,alis,satis
1747170798,USD,36.21339,41.29639
1747170798,EUR,40.50323,46.20611
1747170798,XAU,3723.63523,4335.80584
1747170798,XAG,38.29434,43.75427
1747170798,PLT,1144.4448,1328.34031
1747171715,USD,36.22859,41.30201
1747171715,EUR,40.52348,46.21034
1747171715,XAU,3725.19753,4336.39623
1747171715,XAG,38.31041,43.76023
1747171715,PLT,1144.92497,1328.52119
