zaman,kur,alis,satis
1738876412,USD,32.52493,38.81201
1738876412,EUR,33.78689,40.3183
1738876412,XAU,3110.36135,3603.17162
1738876412,XAG,33.70188,40.22895
1738876412,PLT,1031.87848,1241.07165
