zaman,kur,alis,satis
1738790134,USD,32.54001,38.83025
1738790134,EUR,33.8556,40.40054
1738790134,XAU,3119.12652,3613.47358
1738790134,XAG,33.78865,40.34024
1738790134,PLT,1029.27912,1232.56639
1738790894,USD,32.54116,38.82926
1738790894,EUR,33.85778,40.40068
1738790894,XAU,3119.2261,3613.00325
1738790894,XAG,33.78776,40.33422
1738790894,PLT,1029.35742,1232.17309
1738791383,USD,32.54128,38.83285
1738791383,EUR,33.85172,40.39742
1738791383,XAU,3119.88036,3614.15717
1738791383,XAG,33.79625,40.34419
1738791383,PLT,1029.07867,1231.91224
1738791722,USD,32.54071,38.83281
1738791722,EUR,33.84884,40.39428
1738791722,XAU,3121.6018,3616.14865
1738791722,XAG,33.79879,40.34665
1738791722,PLT,1028.71534,1231.28696
1738792061,USD,32.54145,38.83176
1738792061,EUR,33.83498,40.37727
1738792061,XAU,3121.25908,3616.56842
1738792061,XAG,33.80584,40.36678
1738792061,PLT,1029.11551,1231.85293
