zaman,kur,alis,satis
1752181253,USD,39.53253,40.81046
1752181253,EUR,46.25465,47.75273
1752181253,XAU,4193.63753,4349.80849
1752181253,XAG,45.81491,49.78318
1752181253,PLT,1725.89506,1805.18251
1752182487,USD,39.53134,40.70992
1752182487,EUR,46.24613,47.63875
1752182487,XAU,4071.99086,4460.74945
1752182487,XAG,44.57404,50.90324
1752182487,PLT,1725.84299,1800.73541
1752183361,USD,39.53352,40.70992
1752183361,EUR,46.25303,47.63387
1752183361,XAU,4072.21525,4460.74945
1752183361,XAG,44.57649,50.90324
1752183361,PLT,1725.93809,1800.73541
1752183965,USD,39.53133,40.70992
1752183965,EUR,46.25363,47.63916
1752183965,XAU,4062.52379,4469.42774
1752183965,XAG,44.57403,50.90324
1752183965,PLT,1725.84255,1800.73541
1752184293,USD,39.53517,40.70992
1752184293,EUR,46.25614,47.6355
1752184293,XAU,4062.91784,4469.42774
1752184293,XAG,44.57835,50.90324
1752184293,PLT,1726.00995,1800.73541
1752184624,USD,39.54111,40.71002
1752184624,EUR,46.27338,47.64985
1752184624,XAU,4064.50908,4469.43776
1752184624,XAG,44.58505,50.90336
1752184624,PLT,1726.26944,1800.73945
1752185527,USD,39.54481,40.71117
1752185527,EUR,46.28284,47.64917
1752185527,XAU,4075.60112,4462.53385
1752185527,XAG,45.91749,49.83904
1752185527,PLT,1723.00188,1799.25753
1752186858,USD,39.54707,40.71471
1752186858,EUR,46.29143,47.66064
1752186858,XAU,4075.25869,4462.03623
1752186858,XAG,45.97206,49.78035
1752186858,PLT,1722.55454,1794.17226
1752187640,USD,39.54707,40.71654
1752187640,EUR,46.29262,47.66319
1752187640,XAU,4073.57947,4460.51862
1752187640,XAG,45.9671,49.77588
1752187640,PLT,1725.14544,1794.08236
1752188106,USD,39.54254,40.71654
1752188106,EUR,46.29166,47.66848
1752188106,XAU,4070.95542,4458.33125
1752188106,XAG,45.98414,49.75979
1752188106,PLT,1724.87145,1794.76381
1752188445,USD,39.54633,40.71471
1752188445,EUR,46.29175,47.66146
1752188445,XAU,4195.20745,4338.68661
1752188445,XAG,47.14006,48.5773
1752188445,PLT,1726.11651,1796.32137
