zaman,kur,alis,satis
1744318825,USD,35.35383,40.45823
1744318825,EUR,39.15225,44.91762
1744318825,XAU,3578.71244,4118.16191
1744318825,XAG,35.96354,41.65218
1744318825,PLT,1035.74994,1253.16987
1744319873,USD,35.51517,40.49371
1744319873,EUR,39.35799,44.93654
1744319873,XAU,3595.04454,4121.77286
1744319873,XAG,36.34939,41.43456
1744319873,PLT,1048.62138,1242.37584
1744320577,USD,35.50679,40.51236
1744320577,EUR,39.30584,44.96165
1744320577,XAU,3594.19651,4123.67101
1744320577,XAG,36.34082,41.45364
1744320577,PLT,1048.37403,1242.94798
