zaman,kur,alis,satis
1744232417,USD,37.19078,38.36712
1744232417,EUR,40.71944,42.02657
1744232417,XAU,3683.33373,3800.53994
1744232417,XAG,37.39352,38.58671
1744232417,PLT,1113.76834,1163.36994
1744233208,USD,34.69825,39.68047
1744233208,EUR,37.9925,43.46797
1744233208,XAU,3493.33432,3987.69118
1744233208,XAG,36.06886,41.11847
1744233208,PLT,1051.59763,1232.09067
1744234044,USD,34.69825,39.68047
1744234044,EUR,37.99493,43.46757
1744234044,XAU,3493.33432,3987.69118
1744234044,XAG,36.06886,41.11847
1744234044,PLT,1051.59763,1232.09067
1744234535,USD,34.69825,39.68047
1744234535,EUR,37.98972,43.45527
1744234535,XAU,3493.33432,3987.69118
1744234535,XAG,36.06886,41.11847
1744234535,PLT,1051.59763,1232.09067
1744234879,USD,34.69825,39.68047
1744234879,EUR,37.99007,43.4513
1744234879,XAU,3493.33432,3987.69118
1744234879,XAG,36.06886,41.11847
1744234879,PLT,1051.59763,1232.09067
1744235237,USD,34.69825,39.68047
1744235237,EUR,37.98972,43.4636
1744235237,XAU,3493.33432,3987.69118
1744235237,XAG,36.06886,41.11847
1744235237,PLT,1051.59763,1232.09067
1744235603,USD,34.69825,39.68047
1744235603,EUR,37.99284,43.46519
1744235603,XAU,3493.33432,3987.69118
1744235603,XAG,36.06886,41.11847
1744235603,PLT,1051.59763,1232.09067
1744235945,USD,34.69825,39.68047
1744235945,EUR,37.99284,43.46598
1744235945,XAU,3493.33432,3987.69118
1744235945,XAG,36.06886,41.11847
1744235945,PLT,1051.59763,1232.09067
1744237260,USD,37.19595,38.3332
1744237260,EUR,40.76416,42.01242
1744237260,XAU,3590.34647,3888.53826
1744237260,XAG,36.76274,39.85319
1744237260,PLT,1117.14699,1174.53428
1744238219,USD,37.19595,38.3332
1744238219,EUR,40.75895,42.00667
1744238219,XAU,3595.99746,3895.17362
1744238219,XAG,36.66792,39.7519
1744238219,PLT,1115.25348,1172.5621
