zaman,kur,alis,satis
1741640466,USD,34.11582,38.92923
1741640466,EUR,37.15806,41.98699
1741640466,XAU,3244.37443,3632.98115
1741640466,XAG,35.41836,39.65324
1741640466,PLT,1021.62944,1228.15972
