zaman,kur,alis,satis
1739912574,USD,33.73313,38.7402
1739912574,EUR,35.24302,40.47576
1739912574,XAU,3273.86156,3657.73142
1739912574,XAG,36.02643,40.22012
1739912574,PLT,1038.84863,1244.45544
