zaman,kur,alis,satis
1740517262,USD,33.8868,38.9254
1740517262,EUR,35.6357,40.9359
1740517262,XAU,3265.31901,3648.59581
1740517262,XAG,34.86251,38.92625
1740517262,PLT,1026.58932,1229.27914
1740517974,USD,33.8868,38.9254
1740517974,EUR,35.634,40.93356
1740517974,XAU,3268.97254,3652.94098
1740517974,XAG,34.97263,39.05287
1740517974,PLT,1028.97879,1229.40587
1740518946,USD,33.88526,38.92347
1740518946,EUR,35.63747,40.93776
1740518946,XAU,3268.47695,3652.19594
1740518946,XAG,34.94352,39.0202
1740518946,PLT,1028.69852,1231.71446
