zaman,kur,alis,satis
1743196642,USD,35.39486,38.61536
1743196642,EUR,38.32202,41.82353
1743196642,XAU,3492.22487,3887.13083
1743196642,XAG,38.7808,42.42735
1743196642,PLT,1116.98237,1230.14528
1743197484,USD,35.39486,38.61536
1743197484,EUR,38.32202,41.82353
1743197484,XAU,3492.22487,3887.13083
1743197484,XAG,38.7808,42.42735
1743197484,PLT,1116.98237,1230.14528
1743197840,USD,35.39486,38.61536
1743197840,EUR,38.32202,41.82353
1743197840,XAU,3492.22487,3887.13083
1743197840,XAG,38.7808,42.42735
1743197840,PLT,1116.98237,1230.14528
1743198564,USD,35.39486,38.61536
1743198564,EUR,38.32202,41.82353
1743198564,XAU,3492.22487,3887.13083
1743198564,XAG,38.7808,42.42735
1743198564,PLT,1116.98237,1230.14528
1743198936,USD,35.39486,38.61536
1743198936,EUR,38.32202,41.82353
1743198936,XAU,3492.22487,3887.13083
1743198936,XAG,38.7808,42.42735
1743198936,PLT,1116.98237,1230.14528
1743199289,USD,35.39486,38.61536
1743199289,EUR,38.32202,41.82353
1743199289,XAU,3492.22487,3887.13083
1743199289,XAG,38.7808,42.42735
1743199289,PLT,1116.98237,1230.14528
1743200155,USD,35.39486,38.61536
1743200155,EUR,38.32202,41.82353
1743200155,XAU,3492.22487,3887.13083
1743200155,XAG,38.7808,42.42735
1743200155,PLT,1116.98237,1230.14528
1743201237,USD,35.39486,38.61536
1743201237,EUR,38.32202,41.82353
1743201237,XAU,3492.22487,3887.13083
1743201237,XAG,38.7808,42.42735
1743201237,PLT,1116.98237,1230.14528
