zaman,kur,alis,satis
1741814032,USD,34.16624,38.94565
1741814032,EUR,37.40818,42.19678
1741814032,XAU,3295.60589,3702.33178
1741814032,XAG,36.52063,41.10969
1741814032,PLT,1049.57768,1262.03265
