zaman,kur,alis,satis
1742418093,USD,34.15094,41.75711
1742418093,EUR,37.23306,45.11637
1742418093,XAU,3400.70783,4054.33287
1742418093,XAG,37.48662,44.58028
1742418093,PLT,1088.47932,1322.59332
