zaman,kur,alis,satis
1751231507,USD,37.4624,40.53621
1751231507,EUR,43.93028,47.55505
1751231507,XAU,3974.92061,4309.70862
1751231507,XAG,43.3159,46.94441
1751231507,PLT,1611.94345,1752.79276
1751232472,USD,37.5422,40.45272
1751232472,EUR,44.00885,47.44093
1751232472,XAU,3983.38829,4300.83283
1751232472,XAG,43.40817,46.84773
1751232472,PLT,1615.37734,1749.18291
1751233021,USD,37.54419,40.45181
1751233021,EUR,44.00855,47.43703
1751233021,XAU,3983.59885,4300.73571
1751233021,XAG,43.41047,46.84667
1751233021,PLT,1615.46273,1749.14341
1751233451,USD,37.54324,40.46825
1751233451,EUR,44.02884,47.47938
1751233451,XAU,3983.49858,4302.48389
1751233451,XAG,43.40938,46.86571
1751233451,PLT,1615.42206,1749.85441
1751233913,USD,37.54324,40.46825
1751233913,EUR,44.03072,47.4814
1751233913,XAU,3983.49858,4302.48389
1751233913,XAG,43.40938,46.86571
1751233913,PLT,1615.42206,1749.85441
1751234116,USD,37.54324,40.46825
1751234116,EUR,44.03072,47.4814
1751234116,XAU,3983.49858,4302.48389
1751234116,XAG,43.40938,46.86571
1751234116,PLT,1615.42206,1749.85441
1751234875,USD,37.6393,40.45638
1751234875,EUR,44.14187,47.44724
1751234875,XAU,3992.20735,4299.64007
1751234875,XAG,43.55849,46.86465
1751234875,PLT,1621.46492,1753.51616
