zaman,kur,alis,satis
1741123716,USD,33.88104,38.91434
1741123716,EUR,35.98573,41.33247
1741123716,XAU,3265.87302,3649.0234
1741123716,XAG,35.17587,39.28754
1741123716,PLT,1019.54486,1226.63659
1741124078,USD,33.88361,38.9173
1741124078,EUR,35.99253,41.3399
1741124078,XAU,3266.53623,3649.73925
1741124078,XAG,35.17194,39.27824
1741124078,PLT,1019.25081,1226.28648
1741124517,USD,33.88125,38.91197
1741124517,EUR,35.97714,41.32063
1741124517,XAU,3265.62473,3648.30116
1741124517,XAG,35.13536,39.23232
1741124517,PLT,1019.05225,1225.96671
1741124883,USD,33.8811,38.91139
1741124883,EUR,35.98783,41.33167
1741124883,XAU,3268.73664,3651.93873
1741124883,XAG,35.20347,39.30914
1741124883,PLT,1019.49373,1226.48025
1741125239,USD,33.88072,38.91639
1741125239,EUR,35.9925,41.34283
1741125239,XAU,3268.83428,3652.57102
1741125239,XAG,35.19426,39.30068
1741125239,PLT,1019.62028,1226.80265
1741125605,USD,33.86512,38.96799
1741125605,EUR,35.98203,41.41245
1741125605,XAU,3266.93774,3657.99074
1741125605,XAG,35.17696,39.36755
1741125605,PLT,1017.89864,1226.93228
1741126319,USD,35.84786,37.00607
1741126319,EUR,38.0776,39.32302
1741126319,XAU,3312.60032,3560.86404
1741126319,XAG,35.09362,39.49181
1741126319,PLT,1099.59368,1153.99545
1741128000,USD,35.84786,36.9958
1741128000,EUR,38.06469,39.28954
1741128000,XAU,3320.13325,3555.90395
1741128000,XAG,35.09362,39.48085
1741128000,PLT,1099.59368,1153.67508
