zaman,kur,alis,satis
1741899708,USD,34.24385,39.04336
1741899708,EUR,37.34364,42.18657
1741899708,XAU,3356.53413,3774.22694
1741899708,XAG,37.33703,42.10843
1741899708,PLT,1064.22193,1280.22096
1741900547,USD,34.2646,39.0275
1741900547,EUR,37.36797,42.15652
1741900547,XAU,3358.5602,3772.45584
1741900547,XAG,37.51353,41.94003
1741900547,PLT,1064.28831,1279.59835
