zaman,kur,alis,satis
1738444313,USD,33.42965,36.41916
1738444313,EUR,34.62409,37.73535
1738444313,XAU,3007.82266,3322.2177
1738444313,XAG,33.28554,37.04796
1738444313,PLT,1044.61864,1162.95735
1738445081,USD,33.42965,36.41916
1738445081,EUR,34.62409,37.73535
1738445081,XAU,3007.82266,3322.2177
1738445081,XAG,33.28554,37.04796
1738445081,PLT,1044.61864,1162.95735
1738445404,USD,33.42965,36.41916
1738445404,EUR,34.62409,37.73535
1738445404,XAU,3007.82266,3322.2177
1738445404,XAG,33.28554,37.04796
1738445404,PLT,1044.61864,1162.95735
1738445767,USD,33.42965,36.41916
1738445767,EUR,34.62409,37.73535
1738445767,XAU,3007.82266,3322.2177
1738445767,XAG,33.28554,37.04796
1738445767,PLT,1044.61864,1162.95735
1738446104,USD,33.42965,36.41916
1738446104,EUR,34.62409,37.73535
1738446104,XAU,3007.82266,3322.2177
1738446104,XAG,33.28554,37.04796
1738446104,PLT,1044.61864,1162.95735
1738446445,USD,33.42965,36.41916
1738446445,EUR,34.62409,37.73535
1738446445,XAU,3007.82266,3322.2177
1738446445,XAG,33.28554,37.04796
1738446445,PLT,1044.61864,1162.95735
1738446774,USD,33.42965,36.41916
1738446774,EUR,34.62409,37.73535
1738446774,XAU,3007.82266,3322.2177
1738446774,XAG,33.28554,37.04796
1738446774,PLT,1044.61864,1162.95735
1738447104,USD,33.42965,36.41916
1738447104,EUR,34.62409,37.73535
1738447104,XAU,3007.82266,3322.2177
1738447104,XAG,33.28554,37.04796
1738447104,PLT,1044.61864,1162.95735
1738447963,USD,33.42965,36.41916
1738447963,EUR,34.62409,37.73535
1738447963,XAU,3007.82266,3322.2177
1738447963,XAG,33.28554,37.04796
1738447963,PLT,1044.61864,1162.95735
