zaman,kur,alis,satis
1743973482,USD,35.54136,38.64312
1743973482,EUR,38.71698,42.11598
1743973482,XAU,3452.22017,3831.61755
1743973482,XAG,33.74771,36.82588
1743973482,PLT,1047.31512,1155.11374
1743974438,USD,35.54136,38.65731
1743974438,EUR,38.69174,42.11018
1743974438,XAU,3452.22017,3833.02395
1743974438,XAG,33.74771,36.8394
1743974438,PLT,1047.31512,1155.53772
1743975170,USD,35.53802,38.64695
1743975170,EUR,38.69913,42.10276
1743975170,XAU,3451.89599,3831.9969
1743975170,XAG,33.74454,36.82953
1743975170,PLT,1047.21677,1155.2281
1743975653,USD,35.54135,38.64695
1743975653,EUR,38.72265,42.1387
1743975653,XAU,3452.21926,3831.9969
1743975653,XAG,33.7477,36.82953
1743975653,PLT,1047.31485,1155.2281
1743976242,USD,35.54122,38.64695
1743976242,EUR,38.81279,42.21445
1743976242,XAU,3452.20742,3831.9969
1743976242,XAG,33.74759,36.82953
1743976242,PLT,1047.31125,1155.2281
1743976609,USD,35.54122,38.64624
1743976609,EUR,38.80746,42.21174
1743976609,XAU,3452.20742,3831.92628
1743976609,XAG,33.74759,36.82885
1743976609,PLT,1047.31125,1155.20681
1743976969,USD,35.51842,38.66036
1743976969,EUR,38.80316,42.23992
1743976969,XAU,3438.09552,3819.07671
1743976969,XAG,33.07525,36.08684
1743976969,PLT,1045.90599,1142.34173
