zaman,kur,alis,satis
1742936644,USD,35.73985,40.56271
1742936644,EUR,38.56509,43.77488
1742936644,XAU,3478.88674,3964.43868
1742936644,XAG,39.04011,44.5146
1742936644,PLT,1130.7293,1299.65749
1742937622,USD,35.73451,40.563
1742937622,EUR,38.55718,43.78046
1742937622,XAU,3478.36657,3964.46687
1742937622,XAG,39.03427,44.51491
1742937622,PLT,1130.56023,1299.66673
