zaman,kur,alis,satis
1741381385,USD,34.14018,37.07539
1741381385,EUR,37.03014,40.21494
1741381385,XAU,3185.27786,3521.56939
1741381385,XAG,35.62584,38.72086
1741381385,PLT,1058.1722,1154.04812
1741382170,USD,34.14248,37.07632
1741382170,EUR,37.04425,40.22855
1741382170,XAU,3187.26715,3523.6426
1741382170,XAG,35.68314,38.76366
1741382170,PLT,1058.30955,1154.01731
1741382897,USD,34.14196,37.07632
1741382897,EUR,37.01842,40.20074
1741382897,XAU,3188.29135,3524.88949
1741382897,XAG,35.68259,38.77439
1741382897,PLT,1061.4656,1156.24641
1741383848,USD,34.13465,37.07632
1741383848,EUR,36.99752,40.18665
1741383848,XAU,3187.40045,3524.6958
1741383848,XAG,35.68043,38.78273
1741383848,PLT,1061.49067,1158.21326
