zaman,kur,alis,satis
1741296948,USD,33.97389,38.7646
1741296948,EUR,36.81746,41.61209
1741296948,XAU,3256.68001,3641.6174
1741296948,XAG,35.86321,40.08925
1741296948,PLT,1022.94796,1230.42991
1741297307,USD,33.97389,38.7646
1741297307,EUR,36.81819,41.61245
1741297307,XAU,3256.94862,3641.98031
1741297307,XAG,35.86651,40.09539
1741297307,PLT,1023.21309,1230.83518
