zaman,kur,alis,satis
1737925775,USD,33.45428,36.2428
1737925775,EUR,35.03566,37.98608
1737925775,XAU,2981.02613,3272.26083
1737925775,XAG,32.77636,35.7695
1737925775,PLT,1016.85327,1115.71051
1737926510,USD,33.45428,36.2428
1737926510,EUR,35.03901,37.99333
1737926510,XAU,2981.02613,3272.26083
1737926510,XAG,32.77636,35.7695
1737926510,PLT,1016.85327,1115.71051
1737926847,USD,33.45428,36.2428
1737926847,EUR,35.08183,38.00891
1737926847,XAU,2981.02613,3272.26083
1737926847,XAG,32.77636,35.7695
1737926847,PLT,1016.85327,1115.71051
1737927234,USD,33.38557,36.27447
1737927234,EUR,35.00978,38.04213
1737927234,XAU,2974.90394,3275.1206
1737927234,XAG,32.70905,35.80076
1737927234,PLT,1014.76494,1116.68558
1737927556,USD,33.38593,36.27447
1737927556,EUR,35.01016,38.04213
1737927556,XAU,2974.93576,3275.1206
1737927556,XAG,32.7094,35.80076
1737927556,PLT,1014.77579,1116.68558
1737927901,USD,33.386,36.27447
1737927901,EUR,35.00822,38.03995
1737927901,XAU,2974.94162,3275.1206
1737927901,XAG,32.70946,35.80076
1737927901,PLT,1014.77779,1116.68558
1737928243,USD,33.3912,36.27778
1737928243,EUR,35.00967,38.03906
1737928243,XAU,2975.40541,3275.41887
1737928243,XAG,32.71456,35.80403
1737928243,PLT,1014.93599,1116.78727
1737928577,USD,33.40687,36.27778
1737928577,EUR,34.99838,38.02891
1737928577,XAU,2976.8018,3275.41887
1737928577,XAG,32.72992,35.80403
1737928577,PLT,1015.41231,1116.78727
