zaman,kur,alis,satis
1752268632,USD,37.72952,40.78536
1752268632,EUR,44.09638,47.68747
1752268632,XAU,4113.40125,4433.28068
1752268632,XAG,46.54659,50.42088
1752268632,PLT,1657.63273,1861.34848
1752269562,USD,37.72952,40.78536
1752269562,EUR,44.09638,47.68747
1752269562,XAU,4113.40125,4433.28068
1752269562,XAG,46.54659,50.42088
1752269562,PLT,1657.63273,1861.34848
1752270194,USD,37.72952,40.78536
1752270194,EUR,44.09638,47.68747
1752270194,XAU,4113.40125,4433.28068
1752270194,XAG,46.54659,50.42088
1752270194,PLT,1657.63273,1861.34848
1752270501,USD,37.72952,40.78536
1752270501,EUR,44.09638,47.68747
1752270501,XAU,4113.40125,4433.28068
1752270501,XAG,46.54659,50.42088
1752270501,PLT,1657.63273,1861.34848
1752270854,USD,37.72952,40.78536
1752270854,EUR,44.09638,47.68747
1752270854,XAU,4113.40125,4433.28068
1752270854,XAG,46.54659,50.42088
1752270854,PLT,1657.63273,1861.34848
1752271175,USD,37.72952,40.78536
1752271175,EUR,44.09638,47.68747
1752271175,XAU,4113.40125,4433.28068
1752271175,XAG,46.54659,50.42088
1752271175,PLT,1657.63273,1861.34848
1752272251,USD,37.72952,40.78536
1752272251,EUR,44.09638,47.68747
1752272251,XAU,4113.40125,4433.28068
1752272251,XAG,46.54659,50.42088
1752272251,PLT,1657.63273,1861.34848
