zaman,kur,alis,satis
1751058065,USD,37.62557,40.50634
1751058065,EUR,44.08325,47.47626
1751058065,XAU,3992.77546,4305.87265
1751058065,XAG,43.50457,46.90981
1751058065,PLT,1618.96452,1751.50111
1751059102,USD,37.62557,40.50634
1751059102,EUR,44.08325,47.47626
1751059102,XAU,3992.23398,4306.53276
1751059102,XAG,43.50457,46.90981
1751059102,PLT,1618.96452,1751.50111
1751059897,USD,37.62557,40.50634
1751059897,EUR,44.08325,47.47626
1751059897,XAU,3992.23398,4306.53276
1751059897,XAG,43.50457,46.90981
1751059897,PLT,1618.96452,1751.50111
1751060464,USD,37.62557,40.50634
1751060464,EUR,44.08325,47.47626
1751060464,XAU,3992.23398,4306.53276
1751060464,XAG,43.50457,46.90981
1751060464,PLT,1618.96452,1751.50111
1751060807,USD,37.62557,40.50634
1751060807,EUR,44.08325,47.47626
1751060807,XAU,3992.23398,4306.53276
1751060807,XAG,43.50457,46.90981
1751060807,PLT,1618.96452,1751.50111
1751061143,USD,37.62557,40.50634
1751061143,EUR,44.08325,47.47626
1751061143,XAU,3992.23398,4306.53276
1751061143,XAG,43.50457,46.90981
1751061143,PLT,1618.96452,1751.50111
1751061475,USD,37.62557,40.50634
1751061475,EUR,44.08325,47.47626
1751061475,XAU,3992.23398,4306.53276
1751061475,XAG,43.50457,46.90981
1751061475,PLT,1618.96452,1751.50111
1751062495,USD,37.62557,40.50634
1751062495,EUR,44.08325,47.47626
1751062495,XAU,3992.23398,4306.53276
1751062495,XAG,43.50457,46.90981
1751062495,PLT,1618.96452,1751.50111
1751063733,USD,37.62557,40.50634
1751063733,EUR,44.08325,47.47626
1751063733,XAU,3992.23398,4306.53276
1751063733,XAG,43.50457,46.90981
1751063733,PLT,1618.96452,1751.50111
1751064461,USD,37.62557,40.50634
1751064461,EUR,44.08325,47.47626
1751064461,XAU,3992.23398,4306.53276
1751064461,XAG,43.50457,46.90981
1751064461,PLT,1618.96452,1751.50111
1751064811,USD,37.62557,40.50634
1751064811,EUR,44.08325,47.47626
1751064811,XAU,3992.23398,4306.53276
1751064811,XAG,43.50457,46.90981
1751064811,PLT,1618.96452,1751.50111
