zaman,kur,alis,satis
1737753009,USD,33.47687,36.23604
1737753009,EUR,35.13867,38.03625
1737753009,XAU,2985.293,3271.37904
1737753009,XAG,32.96404,35.69258
1737753009,PLT,1023.91178,1111.05205
1737753784,USD,33.47676,36.23564
1737753784,EUR,35.13788,38.03438
1737753784,XAU,2984.46428,3270.36363
1737753784,XAG,32.93379,35.6619
1737753784,PLT,1020.71172,1112.2049
1737754146,USD,33.47677,36.2368
1737754146,EUR,35.12952,38.02618
1737754146,XAU,2985.22993,3271.41246
1737754146,XAG,32.9381,35.6677
1737754146,PLT,1020.6259,1112.25212
