zaman,kur,alis,satis
1751145056,USD,37.62557,40.50634
1751145056,EUR,44.08664,47.47505
1751145056,XAU,3992.23398,4306.53276
1751145056,XAG,43.50457,46.90981
1751145056,PLT,1618.96452,1751.50111
1751146033,USD,37.62557,40.50634
1751146033,EUR,44.08664,47.47505
1751146033,XAU,3992.23398,4306.53276
1751146033,XAG,43.50457,46.90981
1751146033,PLT,1618.96452,1751.50111
