zaman,kur,alis,satis
1745269218,USD,35.56978,40.7436
1745269218,EUR,40.95363,46.92237
1745269218,XAU,4062.89905,4714.81525
1745269218,XAG,37.36239,42.81791
1745269218,PLT,1096.65535,1278.82846
