zaman,kur,alis,satis
1742072456,USD,34.17403,37.14772
1742072456,EUR,37.37167,40.38333
1742072456,XAU,3252.28909,3628.44523
1742072456,XAG,37.01721,40.50846
1742072456,PLT,1088.50035,1197.83389
1742073176,USD,34.17403,37.14772
1742073176,EUR,37.37167,40.38333
1742073176,XAU,3252.28909,3628.44523
1742073176,XAG,37.01721,40.50846
1742073176,PLT,1088.50035,1197.83389
