zaman,kur,alis,satis
1741640466,USD,34.11582,38.92923
1741640466,EUR,37.15806,41.98699
1741640466,XAU,3244.37443,3632.98115
1741640466,XAG,35.41836,39.65324
1741640466,PLT,1021.62944,1228.15972
1741641296,USD,34.1197,38.9027
1741641296,EUR,37.15934,41.95276
1741641296,XAU,3244.7194,3630.34444
1741641296,XAG,35.42212,39.62446
1741641296,PLT,1021.73807,1227.43362
1741642143,USD,34.1434,38.9257
1741642143,EUR,37.18064,41.9711
1741642143,XAU,3241.63175,3634.09592
1741642143,XAG,35.44513,39.64941
1741642143,PLT,1022.40159,1228.20649
1741642617,USD,34.1418,38.9265
1741642617,EUR,37.18511,41.97928
1741642617,XAU,3241.55719,3634.04976
1741642617,XAG,35.44357,39.65028
1741642617,PLT,1022.3568,1228.23337
1741642981,USD,34.1418,38.91034
1741642981,EUR,37.18767,41.96141
1741642981,XAU,3246.68429,3631.10375
1741642981,XAG,35.44357,39.63275
1741642981,PLT,1022.3568,1227.69035
1741643337,USD,34.1418,38.9257
1741643337,EUR,37.18694,41.98426
1741643337,XAU,3246.68429,3632.63032
1741643337,XAG,35.44357,39.64941
1741643337,PLT,1022.3568,1228.20649
