zaman,kur,alis,satis
1738531264,USD,33.66578,36.48077
1738531264,EUR,34.41552,37.33004
1738531264,XAU,3029.06875,3327.83787
1738531264,XAG,33.52065,37.11063
1738531264,PLT,1051.99742,1164.92472
1738531624,USD,33.66578,36.48077
1738531624,EUR,34.40104,37.31071
1738531624,XAU,3029.06875,3327.83787
1738531624,XAG,33.52065,37.11063
1738531624,PLT,1051.99742,1164.92472
1738531995,USD,33.66578,36.48077
1738531995,EUR,34.44649,37.33734
1738531995,XAU,3029.06875,3327.83787
1738531995,XAG,33.52065,37.11063
1738531995,PLT,1051.99742,1164.92472
1738532337,USD,33.66508,36.47781
1738532337,EUR,34.44712,37.3376
1738532337,XAU,3029.00619,3327.56804
1738532337,XAG,33.51996,37.10762
1738532337,PLT,1051.9757,1164.83026
1738532674,USD,33.66508,36.47781
1738532674,EUR,34.4239,37.32957
1738532674,XAU,3029.00619,3327.56804
1738532674,XAG,33.51996,37.10762
1738532674,PLT,1051.9757,1164.83026
1738533021,USD,33.6661,36.47911
1738533021,EUR,34.44412,37.33199
1738533021,XAU,3029.09749,3327.6858
1738533021,XAG,33.52097,37.10894
1738533021,PLT,1052.0074,1164.87149
1738533362,USD,33.66531,36.4781
1738533362,EUR,34.44904,37.33424
1738533362,XAU,3029.02648,3327.594
1738533362,XAG,33.52019,37.10791
1738533362,PLT,1051.98274,1164.83935
1738534071,USD,33.66825,36.45131
1738534071,EUR,34.50457,37.36077
1738534071,XAU,3029.29106,3325.15065
1738534071,XAG,33.52311,37.08067
1738534071,PLT,1052.07463,1163.98404
1738535127,USD,33.66608,36.45131
1738535127,EUR,34.51009,37.37135
1738535127,XAU,3029.0958,3325.15065
1738535127,XAG,33.52095,37.08067
1738535127,PLT,1052.00681,1163.98404
1738535659,USD,33.66667,36.44904
1738535659,EUR,34.49454,37.35115
1738535659,XAU,3029.14905,3324.94294
1738535659,XAG,33.52154,37.07835
1738535659,PLT,1052.02531,1163.91133
