zaman,kur,alis,satis
1747343548,USD,36.20442,41.34761
1747343548,EUR,40.50224,46.26881
1747343548,XAU,3698.24962,4331.29359
1747343548,XAG,37.97069,43.41851
1747343548,PLT,1147.02779,1333.14809
1747344530,USD,36.20696,41.3465
1747344530,EUR,40.48119,46.24399
1747344530,XAU,3711.84278,4327.29133
1747344530,XAG,37.97336,43.41734
1747344530,PLT,1147.10836,1333.11204
1747345063,USD,36.20696,41.34628
1747345063,EUR,40.504,46.25409
1747345063,XAU,3711.84278,4327.26904
1747345063,XAG,37.97336,43.41711
1747345063,PLT,1147.10836,1333.10517
1747345427,USD,36.20696,41.34495
1747345427,EUR,40.50436,46.2526
1747345427,XAU,3711.84278,4327.12971
1747345427,XAG,37.97336,43.41571
1747345427,PLT,1147.10836,1333.06225
1747345759,USD,36.20696,41.36824
1747345759,EUR,40.5011,46.2952
1747345759,XAU,3711.84278,4329.56738
1747345759,XAG,37.97336,43.44017
1747345759,PLT,1147.10836,1333.81322
1747346110,USD,36.20696,41.36824
1747346110,EUR,40.50762,46.28734
1747346110,XAU,3711.84278,4329.56738
1747346110,XAG,37.97336,43.44017
1747346110,PLT,1147.10836,1333.81322
1747346451,USD,38.24075,39.37619
1747346451,EUR,42.77687,44.05014
1747346451,XAU,3838.43136,4203.94351
1747346451,XAG,38.05409,43.41476
1747346451,PLT,1215.20404,1263.897
