zaman,kur,alis,satis
1740778049,USD,34.19347,37.09218
1740778049,EUR,35.47606,38.48462
1740778049,XAU,3133.45907,3460.51367
1740778049,XAG,34.23691,37.15481
1740778049,PLT,1038.56251,1132.91396
