zaman,kur,alis,satis
1750799704,USD,36.95531,42.14887
1750799704,EUR,42.90142,48.95169
1750799704,XAU,3886.27629,4524.52945
1750799704,XAG,42.65157,48.69641
1750799704,PLT,1556.83668,1801.83628
1750800659,USD,36.94746,42.17299
1750800659,EUR,42.88418,48.97887
1750800659,XAU,3885.45035,4527.11888
1750800659,XAG,42.6425,48.72428
1750800659,PLT,1556.50581,1802.8675
1750801266,USD,36.94891,42.15973
1750801266,EUR,42.88438,48.94028
1750801266,XAU,3885.60276,4525.69555
1750801266,XAG,42.64418,48.70896
1750801266,PLT,1556.56686,1802.30067
1750801620,USD,36.9484,42.15973
1750801620,EUR,42.88785,48.94028
1750801620,XAU,3865.03383,4533.44165
1750801620,XAG,42.64358,48.70896
1750801620,PLT,1556.5452,1802.30067
1750801959,USD,36.9484,42.15973
1750801959,EUR,42.88933,48.95377
1750801959,XAU,3865.03383,4533.44165
1750801959,XAG,42.64358,48.70896
1750801959,PLT,1556.5452,1802.30067
1750802303,USD,36.94592,42.1772
1750802303,EUR,42.89236,48.98839
1750802303,XAU,3864.72787,4535.31977
1750802303,XAG,42.2146,49.30518
1750802303,PLT,1556.44082,1803.04733
1750803422,USD,38.96463,40.21167
1750803422,EUR,45.21768,46.66605
1750803422,XAU,4012.52198,4404.17634
1750803422,XAG,43.89411,47.62379
1750803422,PLT,1647.34413,1708.31534
1750804495,USD,38.96463,40.22927
1750804495,EUR,45.22313,46.6929
1750804495,XAU,4012.34083,4405.90489
1750804495,XAG,43.9051,47.65259
1750804495,PLT,1648.73312,1709.99522
1750805220,USD,38.96457,40.23039
1750805220,EUR,45.22696,46.69864
1750805220,XAU,4012.35889,4406.09449
1750805220,XAG,43.9087,47.65392
1750805220,PLT,1649.31875,1710.53511
1750805577,USD,38.96457,40.23039
1750805577,EUR,45.22306,46.69421
1750805577,XAU,4011.2237,4404.76857
1750805577,XAG,43.90625,47.6473
1750805577,PLT,1649.65661,1710.75524
