zaman,kur,alis,satis
1742851732,USD,36.54045,41.96045
1742851732,EUR,38.83767,44.34156
1742851732,XAU,3456.87905,3965.79431
1742851732,XAG,38.15546,43.60519
1742851732,PLT,1125.021,1291.12031
1742852100,USD,36.52083,41.98328
1742852100,EUR,38.83048,44.35871
1742852100,XAU,3455.02306,3967.9521
1742852100,XAG,38.13497,43.62891
1742852100,PLT,1124.41698,1291.82281
1742852579,USD,36.57997,41.90988
1742852579,EUR,38.88615,44.29592
1742852579,XAU,3467.62398,3951.24439
1742852579,XAG,37.92927,43.92708
1742852579,PLT,1126.23766,1289.56448
1742853175,USD,36.54769,41.92374
1742853175,EUR,38.85903,44.29785
1742853175,XAU,3457.56375,3962.32493
1742853175,XAG,38.16301,43.56704
1742853175,PLT,1125.24383,1289.99081
1742853534,USD,36.54991,41.92147
1742853534,EUR,38.86139,44.29874
1742853534,XAU,3457.77372,3962.11103
1742853534,XAG,38.16533,43.56469
1742853534,PLT,1125.31217,1289.92117
1742853919,USD,37.56853,38.84513
1742853919,EUR,40.44432,41.74352
1742853919,XAU,3537.82946,3834.66799
1742853919,XAG,38.97058,42.28212
1742853919,PLT,1169.39736,1216.88328
1742854977,USD,37.54675,38.8453
1742854977,EUR,40.40964,41.73212
1742854977,XAU,3536.44759,3835.32174
1742854977,XAG,38.91376,42.2388
1742854977,PLT,1168.93595,1215.73324
1742855935,USD,37.56436,38.84479
1742855935,EUR,40.43871,41.74161
1742855935,XAU,3536.23882,3833.22146
1742855935,XAG,38.91903,42.22545
1742855935,PLT,1169.01486,1215.96572
1742856418,USD,37.54583,38.84479
1742856418,EUR,40.41764,41.74084
1742856418,XAU,3533.05065,3831.68093
1742856418,XAG,38.87269,42.18706
1742856418,PLT,1167.8127,1214.8351
