zaman,kur,alis,satis
1741467720,USD,34.09181,37.08385
1741467720,EUR,36.92348,40.18258
1741467720,XAU,3178.38151,3525.08251
1741467720,XAG,35.59149,38.86883
1741467720,PLT,1059.15902,1158.67271
1741469463,USD,34.09181,37.08385
1741469463,EUR,36.92348,40.18258
1741469463,XAU,3178.38151,3525.08251
1741469463,XAG,35.59149,38.86883
1741469463,PLT,1059.15902,1158.67271
1741469819,USD,34.09181,37.08385
1741469819,EUR,36.92348,40.18258
1741469819,XAU,3178.38151,3525.08251
1741469819,XAG,35.59149,38.86883
1741469819,PLT,1059.15902,1158.67271
