zaman,kur,alis,satis
1744406153,USD,35.38849,38.4923
1744406153,EUR,40.19778,43.73803
1744406153,XAU,3663.59692,4087.11619
1744406153,XAG,36.70434,40.04175
1744406153,PLT,1076.19025,1176.24508
1744406917,USD,35.38849,38.4923
1744406917,EUR,40.19778,43.73803
1744406917,XAU,3663.59692,4087.11619
1744406917,XAG,36.70434,40.04175
1744406917,PLT,1076.19025,1176.24508
1744407386,USD,35.38849,38.4923
1744407386,EUR,40.19778,43.73803
1744407386,XAU,3663.59692,4087.11619
1744407386,XAG,36.70434,40.04175
1744407386,PLT,1076.19025,1176.24508
1744407734,USD,35.38849,38.4923
1744407734,EUR,40.19778,43.73803
1744407734,XAU,3663.59692,4087.11619
1744407734,XAG,36.70434,40.04175
1744407734,PLT,1076.19025,1176.24508
1744408072,USD,35.38849,38.4923
1744408072,EUR,40.19778,43.73803
1744408072,XAU,3663.59692,4087.11619
1744408072,XAG,36.70434,40.04175
1744408072,PLT,1076.19025,1176.24508
1744408421,USD,35.38849,38.4923
1744408421,EUR,40.19778,43.73803
1744408421,XAU,3663.59692,4087.11619
1744408421,XAG,36.70434,40.04175
1744408421,PLT,1076.19025,1176.24508
1744408759,USD,35.38849,38.4923
1744408759,EUR,40.19778,43.73803
1744408759,XAU,3663.59692,4087.11619
1744408759,XAG,36.70434,40.04175
1744408759,PLT,1076.19025,1176.24508
1744409782,USD,35.38849,38.4923
1744409782,EUR,40.19778,43.73803
1744409782,XAU,3663.59692,4087.11619
1744409782,XAG,36.70434,40.04175
1744409782,PLT,1076.19025,1176.24508
