zaman,kur,alis,satis
1743541400,USD,35.48569,38.58722
1743541400,EUR,38.29048,41.65877
1743541400,XAU,3532.05409,3921.1243
1743541400,XAG,38.41335,41.8333
1743541400,PLT,1124.52854,1231.06757
1743542525,USD,35.48929,38.58592
1743542525,EUR,38.29152,41.64964
1743542525,XAU,3532.41242,3920.99196
1743542525,XAG,38.41725,41.83188
1743542525,PLT,1124.64262,1231.02602
1743543242,USD,35.48923,38.58633
1743543242,EUR,38.2872,41.63928
1743543242,XAU,3532.40682,3921.03331
1743543242,XAG,38.41719,41.83233
1743543242,PLT,1124.64084,1231.03901
