zaman,kur,alis,satis
1745701227,USD,35.8974,39.01293
1745701227,EUR,40.78626,44.56313
1745701227,XAU,3810.95003,4276.52941
1745701227,XAG,38.16655,41.77892
1745701227,PLT,1116.24263,1234.61882
