zaman,kur,alis,satis
1752181253,USD,39.53253,40.81046
1752181253,EUR,46.25465,47.75273
1752181253,XAU,4193.63753,4349.80849
1752181253,XAG,45.81491,49.78318
1752181253,PLT,1725.89506,1805.18251
