zaman,kur,alis,satis
1743109239,USD,35.04958,40.14693
1743109239,EUR,39.05166,44.56713
1743109239,XAU,3453.58452,3967.46124
1743109239,XAG,39.15186,44.8695
1743109239,PLT,1109.89914,1305.90688
1743110073,USD,35.12356,40.11167
1743110073,EUR,39.12539,44.53334
1743110073,XAU,3456.10552,3964.23509
1743110073,XAG,39.2345,44.83008
1743110073,PLT,1112.24193,1304.75973
