zaman,kur,alis,satis
1737753009,USD,33.47687,36.23604
1737753009,EUR,35.13867,38.03625
1737753009,XAU,2985.293,3271.37904
1737753009,XAG,32.96404,35.69258
1737753009,PLT,1023.91178,1111.05205
1737753784,USD,33.47676,36.23564
1737753784,EUR,35.13788,38.03438
1737753784,XAU,2984.46428,3270.36363
1737753784,XAG,32.93379,35.6619
1737753784,PLT,1020.71172,1112.2049
1737754146,USD,33.47677,36.2368
1737754146,EUR,35.12952,38.02618
1737754146,XAU,2985.22993,3271.41246
1737754146,XAG,32.9381,35.6677
1737754146,PLT,1020.6259,1112.25212
1737754530,USD,33.47595,36.23907
1737754530,EUR,35.13234,38.03254
1737754530,XAU,2985.48019,3271.97122
1737754530,XAG,32.93084,35.66993
1737754530,PLT,1022.80735,1112.15858
1737754868,USD,33.47592,36.23878
1737754868,EUR,35.13498,38.03514
1737754868,XAU,2985.19677,3271.5442
1737754868,XAG,32.90497,35.64635
1737754868,PLT,1020.09398,1111.85857
1737755201,USD,33.47253,36.23376
1737755201,EUR,35.13043,38.02915
1737755201,XAU,2984.60436,3270.98465
1737755201,XAG,32.91026,35.65423
1737755201,PLT,1019.78645,1111.7511
1737755550,USD,33.46686,36.23673
1737755550,EUR,35.12615,38.0348
1737755550,XAU,2984.39991,3271.6539
1737755550,XAG,32.93803,35.69093
1737755550,PLT,1019.72116,1113.62468
1737755884,USD,33.48129,36.23686
1737755884,EUR,35.13091,38.0353
1737755884,XAU,2985.67599,3271.50059
1737755884,XAG,32.94578,35.68757
1737755884,PLT,1018.80453,1117.22872
1737756704,USD,33.45428,36.2428
1737756704,EUR,35.10759,38.04117
1737756704,XAU,2981.02613,3272.26083
1737756704,XAG,32.77636,35.7695
1737756704,PLT,1016.85327,1115.71051
