zaman,kur,alis,satis
1746134213,USD,36.20213,39.11856
1746134213,EUR,40.85917,44.16094
1746134213,XAU,3790.04733,4114.74437
1746134213,XAG,37.69779,40.79571
1746134213,PLT,1122.56398,1223.37833
1746134926,USD,36.20449,39.11843
1746134926,EUR,40.86546,44.16315
1746134926,XAU,3790.29532,4114.73156
1746134926,XAG,37.70026,40.79558
1746134926,PLT,1122.63744,1223.37452
1746135379,USD,36.20949,39.11496
1746135379,EUR,40.87472,44.16236
1746135379,XAU,3768.37859,4114.21152
1746135379,XAG,37.70546,40.79196
1746135379,PLT,1122.79221,1223.26596
