zaman,kur,alis,satis
1745616384,USD,35.8974,39.01293
1745616384,EUR,40.78554,44.56234
1745616384,XAU,3811.85723,4276.4135
1745616384,XAG,38.16655,41.77892
1745616384,PLT,1116.24263,1234.61882
1745616933,USD,35.8974,39.01293
1745616933,EUR,40.78554,44.56234
1745616933,XAU,3811.85723,4276.4135
1745616933,XAG,38.16655,41.77892
1745616933,PLT,1116.24263,1234.61882
1745617427,USD,35.8974,39.01293
1745617427,EUR,40.78554,44.56234
1745617427,XAU,3811.85723,4276.4135
1745617427,XAG,38.16655,41.77892
1745617427,PLT,1116.24263,1234.61882
1745617763,USD,35.8974,39.01293
1745617763,EUR,40.78554,44.56234
1745617763,XAU,3811.85723,4276.4135
1745617763,XAG,38.16655,41.77892
1745617763,PLT,1116.24263,1234.61882
1745618087,USD,35.8974,39.01293
1745618087,EUR,40.78554,44.56234
1745618087,XAU,3811.85723,4276.4135
1745618087,XAG,38.16655,41.77892
1745618087,PLT,1116.24263,1234.61882
1745618436,USD,35.8974,39.01293
1745618436,EUR,40.78554,44.56234
1745618436,XAU,3811.85723,4276.4135
1745618436,XAG,38.16655,41.77892
1745618436,PLT,1116.24263,1234.61882
1745619580,USD,35.8974,39.01293
1745619580,EUR,40.78554,44.56234
1745619580,XAU,3811.85723,4276.4135
1745619580,XAG,38.16655,41.77892
1745619580,PLT,1116.24263,1234.61882
1745620641,USD,35.8974,39.01293
1745620641,EUR,40.78554,44.56234
1745620641,XAU,3811.85723,4276.4135
1745620641,XAG,38.16655,41.77892
1745620641,PLT,1116.24263,1234.61882
1745621241,USD,35.8974,39.01293
1745621241,EUR,40.78554,44.56234
1745621241,XAU,3811.85723,4276.4135
1745621241,XAG,38.16655,41.77892
1745621241,PLT,1116.24263,1234.61882
1745621585,USD,35.8974,39.01293
1745621585,EUR,40.78554,44.56234
1745621585,XAU,3811.85723,4276.4135
1745621585,XAG,38.16655,41.77892
1745621585,PLT,1116.24263,1234.61882
1745621924,USD,35.8974,39.01293
1745621924,EUR,40.78554,44.56234
1745621924,XAU,3811.85723,4276.4135
1745621924,XAG,38.16655,41.77892
1745621924,PLT,1116.24263,1234.61882
