zaman,kur,alis,satis
1743455025,USD,35.52473,38.59876
1743455025,EUR,38.42924,41.76502
1743455025,XAU,3548.90734,3933.73397
1743455025,XAG,38.90414,42.32954
1743455025,PLT,1134.45994,1243.02643
1743456105,USD,35.53116,38.59757
1743456105,EUR,38.43476,41.76141
1743456105,XAU,3549.54889,3933.61264
1743456105,XAG,38.91117,42.32823
1743456105,PLT,1134.66502,1242.98809
1743456829,USD,35.52834,38.5966
1743456829,EUR,38.42994,41.75226
1743456829,XAU,3549.26792,3933.51413
1743456829,XAG,38.90809,42.32717
1743456829,PLT,1134.5752,1242.95697
1743457304,USD,35.52834,38.59633
1743457304,EUR,38.42923,41.76084
1743457304,XAU,3549.26792,3933.48613
1743457304,XAG,38.90809,42.32687
1743457304,PLT,1134.5752,1242.94812
