zaman,kur,alis,satis
1739654655,USD,33.9832,36.81915
1739654655,EUR,35.65109,38.64318
1739654655,XAU,3150.99034,3458.07812
1739654655,XAG,34.98796,38.13031
1739654655,PLT,1068.52418,1171.79058
1739655139,USD,33.9832,36.81915
1739655139,EUR,35.65109,38.64318
1739655139,XAU,3150.99034,3458.07812
1739655139,XAG,34.98796,38.13031
1739655139,PLT,1068.52418,1171.79058
1739655491,USD,33.9832,36.81915
1739655491,EUR,35.65109,38.64318
1739655491,XAU,3150.99034,3458.07812
1739655491,XAG,34.98796,38.13031
1739655491,PLT,1068.52418,1171.79058
1739655859,USD,33.9832,36.81915
1739655859,EUR,35.65109,38.64318
1739655859,XAU,3150.99034,3458.07812
1739655859,XAG,34.98796,38.13031
1739655859,PLT,1068.52418,1171.79058
1739656213,USD,33.9832,36.81915
1739656213,EUR,35.65109,38.64318
1739656213,XAU,3150.99034,3458.07812
1739656213,XAG,34.98796,38.13031
1739656213,PLT,1068.52418,1171.79058
1739656591,USD,33.9832,36.81915
1739656591,EUR,35.65109,38.64318
1739656591,XAU,3150.99034,3458.07812
1739656591,XAG,34.98796,38.13031
1739656591,PLT,1068.52418,1171.79058
1739657563,USD,33.9832,36.81915
1739657563,EUR,35.65109,38.64318
1739657563,XAU,3150.99034,3458.07812
1739657563,XAG,34.98796,38.13031
1739657563,PLT,1068.52418,1171.79058
1739658669,USD,33.9832,36.81915
1739658669,EUR,35.65109,38.64318
1739658669,XAU,3150.99034,3458.07812
1739658669,XAG,34.98796,38.13031
1739658669,PLT,1068.52418,1171.79058
1739659206,USD,33.9832,36.81915
1739659206,EUR,35.65109,38.64318
1739659206,XAU,3150.99034,3458.07812
1739659206,XAG,34.98796,38.13031
1739659206,PLT,1068.52418,1171.79058
1739659620,USD,33.9832,36.81915
1739659620,EUR,35.65109,38.64318
1739659620,XAU,3150.99034,3458.07812
1739659620,XAG,34.98796,38.13031
1739659620,PLT,1068.52418,1171.79058
