zaman,kur,alis,satis
1745701227,USD,35.8974,39.01293
1745701227,EUR,40.78626,44.56313
1745701227,XAU,3810.95003,4276.52941
1745701227,XAG,38.16655,41.77892
1745701227,PLT,1116.24263,1234.61882
1745702181,USD,35.8974,39.01293
1745702181,EUR,40.78626,44.56313
1745702181,XAU,3810.95003,4276.52941
1745702181,XAG,38.16655,41.77892
1745702181,PLT,1116.24263,1234.61882
1745702853,USD,35.8974,39.01293
1745702853,EUR,40.78626,44.56313
1745702853,XAU,3810.95003,4276.52941
1745702853,XAG,38.16655,41.77892
1745702853,PLT,1116.24263,1234.61882
