zaman,kur,alis,satis
1744147804,USD,35.05259,40.07945
1744147804,EUR,37.97292,43.52082
1744147804,XAU,3342.27142,3898.71116
1744147804,XAG,34.62922,39.50898
1744147804,PLT,1035.42059,1212.96212
