zaman,kur,alis,satis
1746219632,USD,35.91028,40.97636
1746219632,EUR,40.56928,46.31066
1746219632,XAU,3681.84206,4288.46029
1746219632,XAG,36.9188,42.2141
1746219632,PLT,1104.36277,1282.77213
1746220716,USD,35.91028,40.97636
1746220716,EUR,40.56928,46.31066
1746220716,XAU,3681.84206,4288.46029
1746220716,XAG,36.9188,42.2141
1746220716,PLT,1104.36277,1282.77213
