zaman,kur,alis,satis
1744232417,USD,37.19078,38.36712
1744232417,EUR,40.71944,42.02657
1744232417,XAU,3683.33373,3800.53994
1744232417,XAG,37.39352,38.58671
1744232417,PLT,1113.76834,1163.36994
