zaman,kur,alis,satis
1746046831,USD,37.89292,39.12277
1746046831,EUR,42.91676,44.32101
1746046831,XAU,3862.25113,4241.47409
1746046831,XAG,38.71234,42.05521
1746046831,PLT,1177.59735,1224.28791
1746047854,USD,35.94449,40.97469
1746047854,EUR,40.71791,46.43621
1746047854,XAU,3734.1731,4381.72265
1746047854,XAG,37.66561,42.99885
1746047854,PLT,1112.31368,1286.86542
1746048640,USD,35.94069,40.97469
1746048640,EUR,40.71146,46.44031
1746048640,XAU,3739.07013,4353.39799
1746048640,XAG,37.66163,42.99885
1746048640,PLT,1112.19621,1286.86542
1746049174,USD,35.94069,40.97469
1746049174,EUR,40.71649,46.42679
1746049174,XAU,3739.07013,4353.39799
1746049174,XAG,37.66163,42.99885
1746049174,PLT,1112.19621,1286.86542
1746049511,USD,35.94701,40.97516
1746049511,EUR,40.71718,46.42732
1746049511,XAU,3739.72769,4353.44778
1746049511,XAG,37.66825,42.99934
1746049511,PLT,1112.3918,1286.88013
