zaman,kur,alis,satis
1737406876,USD,32.23131,38.47139
1737406876,EUR,33.56505,40.06411
1737406876,XAU,2919.52543,3391.45149
1737406876,XAG,31.5788,37.86608
1737406876,PLT,976.51612,1177.69886
