zaman,kur,alis,satis
1744750834,USD,35.44076,40.76672
1744750834,EUR,39.97683,46.00035
1744750834,XAU,3622.19487,4254.51767
1744750834,XAG,36.79258,42.39445
1744750834,PLT,1086.54606,1272.06139
