zaman,kur,alis,satis
1744492510,USD,35.38849,38.4923
1744492510,EUR,40.20132,43.73495
1744492510,XAU,3663.59692,4087.11619
1744492510,XAG,36.70434,40.04175
1744492510,PLT,1076.19025,1176.24508
