zaman,kur,alis,satis
1744837240,USD,35.61368,40.70025
1744837240,EUR,40.56327,46.42108
1744837240,XAU,3767.28165,4394.84007
1744837240,XAG,37.48423,42.91145
1744837240,PLT,1103.74876,1281.35944
1744838469,USD,35.61681,40.61074
1744838469,EUR,40.59961,46.29827
1744838469,XAU,3767.61299,4385.17437
1744838469,XAG,37.48753,42.81708
1744838469,PLT,1103.84583,1278.76956
1744839075,USD,35.6221,40.62938
1744839075,EUR,40.59957,46.31749
1744839075,XAU,3768.17181,4387.18686
1744839075,XAG,37.49309,42.83673
1744839075,PLT,1100.30731,1279.78427
1744839727,USD,35.57294,40.65955
1744839727,EUR,40.54354,46.3527
1744839727,XAU,3758.9567,4397.47822
1744839727,XAG,37.44135,42.86853
1744839727,PLT,1102.48591,1281.49869
1744839944,USD,35.61368,40.61074
1744839944,EUR,40.59283,46.29706
1744839944,XAU,3767.28165,4385.17437
1744839944,XAG,36.79478,43.60661
1744839944,PLT,1103.74876,1281.15178
1744840355,USD,35.57364,40.6603
1744840355,EUR,40.54505,46.35315
1744840355,XAU,3763.04551,4390.52644
1744840355,XAG,36.7534,43.65984
1744840355,PLT,1098.4464,1280.70592
1744840624,USD,35.61686,40.63385
1744840624,EUR,40.59325,46.3234
1744840624,XAU,3767.61793,4387.66986
1744840624,XAG,37.48758,42.84144
1744840624,PLT,1100.14558,1279.92516
1744841460,USD,37.54852,38.67942
1744841460,EUR,42.80118,44.09299
1744841460,XAU,3900.12739,4273.28778
1744841460,XAG,38.62318,41.83468
1744841460,PLT,1172.87301,1213.44905
