zaman,kur,alis,satis
1751317908,USD,37.16709,42.39616
1751317908,EUR,43.78209,49.95921
1751317908,XAU,3862.03316,4531.48525
1751317908,XAG,42.8963,49.47647
1751317908,PLT,1613.15572,1865.26112
