zaman,kur,alis,satis
1742072456,USD,34.17403,37.14772
1742072456,EUR,37.37167,40.38333
1742072456,XAU,3252.28909,3628.44523
1742072456,XAG,37.01721,40.50846
1742072456,PLT,1088.50035,1197.83389
1742073176,USD,34.17403,37.14772
1742073176,EUR,37.37167,40.38333
1742073176,XAU,3252.28909,3628.44523
1742073176,XAG,37.01721,40.50846
1742073176,PLT,1088.50035,1197.83389
1742074160,USD,34.17403,37.14772
1742074160,EUR,37.37167,40.38333
1742074160,XAU,3252.28909,3628.44523
1742074160,XAG,37.01721,40.50846
1742074160,PLT,1088.50035,1197.83389
1742074502,USD,34.17403,37.14772
1742074502,EUR,37.37167,40.38333
1742074502,XAU,3252.28909,3628.44523
1742074502,XAG,37.01721,40.50846
1742074502,PLT,1088.50035,1197.83389
1742074858,USD,34.17403,37.14772
1742074858,EUR,37.37167,40.38333
1742074858,XAU,3252.28909,3628.44523
1742074858,XAG,37.01721,40.50846
1742074858,PLT,1088.50035,1197.83389
1742075216,USD,34.17403,37.14772
1742075216,EUR,37.37167,40.38333
1742075216,XAU,3252.28909,3628.44523
1742075216,XAG,37.01721,40.50846
1742075216,PLT,1088.50035,1197.83389
1742075951,USD,34.17403,37.14772
1742075951,EUR,37.37167,40.38333
1742075951,XAU,3252.28909,3628.44523
1742075951,XAG,37.01721,40.50846
1742075951,PLT,1088.50035,1197.83389
1742078155,USD,34.17403,37.14772
1742078155,EUR,37.37167,40.38333
1742078155,XAU,3252.28909,3628.44523
1742078155,XAG,37.01721,40.50846
1742078155,PLT,1088.50035,1197.83389
1742078765,USD,34.17403,37.14772
1742078765,EUR,37.37167,40.38333
1742078765,XAU,3252.28909,3628.44523
1742078765,XAG,37.01721,40.50846
1742078765,PLT,1088.50035,1197.83389
