zaman,kur,alis,satis
1747257037,USD,36.18586,41.30256
1747257037,EUR,40.43661,46.17296
1747257037,XAU,3637.37572,4238.73869
1747257037,XAG,37.24283,43.07468
1747257037,PLT,1136.92775,1317.55634
1747257412,USD,36.18586,41.30256
1747257412,EUR,40.43661,46.17048
1747257412,XAU,3637.37572,4238.73869
1747257412,XAG,37.31612,43.07468
1747257412,PLT,1136.92775,1317.55634
1747257923,USD,36.17104,41.3054
1747257923,EUR,40.42113,46.17365
1747257923,XAU,3635.88605,4239.02942
1747257923,XAG,37.22758,43.07764
1747257923,PLT,1136.46213,1317.64671
1747258272,USD,36.17104,41.3054
1747258272,EUR,40.42294,46.17365
1747258272,XAU,3635.88605,4239.02942
1747258272,XAG,37.22758,43.07764
1747258272,PLT,1136.46213,1317.64671
1747258652,USD,36.18586,41.30049
1747258652,EUR,40.4395,46.16692
1747258652,XAU,3637.37572,4238.52556
1747258652,XAG,37.24283,43.07252
1747258652,PLT,1136.92775,1317.4901
