zaman,kur,alis,satis
1743973482,USD,35.54136,38.64312
1743973482,EUR,38.71698,42.11598
1743973482,XAU,3452.22017,3831.61755
1743973482,XAG,33.74771,36.82588
1743973482,PLT,1047.31512,1155.11374
