zaman,kur,alis,satis
1741986130,USD,34.17403,37.14772
1741986130,EUR,37.37021,40.38186
1741986130,XAU,3252.28909,3628.44523
1741986130,XAG,37.01721,40.50846
1741986130,PLT,1088.50035,1197.83389
