zaman,kur,alis,satis
1739654655,USD,33.9832,36.81915
1739654655,EUR,35.65109,38.64318
1739654655,XAU,3150.99034,3458.07812
1739654655,XAG,34.98796,38.13031
1739654655,PLT,1068.52418,1171.79058
