zaman,kur,alis,satis
1752268632,USD,37.72952,40.78536
1752268632,EUR,44.09638,47.68747
1752268632,XAU,4113.40125,4433.28068
1752268632,XAG,46.54659,50.42088
1752268632,PLT,1657.63273,1861.34848
1752269562,USD,37.72952,40.78536
1752269562,EUR,44.09638,47.68747
1752269562,XAU,4113.40125,4433.28068
1752269562,XAG,46.54659,50.42088
1752269562,PLT,1657.63273,1861.34848
