zaman,kur,alis,satis
1750281392,USD,36.90553,42.07549
1750281392,EUR,42.36348,48.31612
1750281392,XAU,3918.45785,4595.03205
1750281392,XAG,43.51534,49.7446
1750281392,PLT,1558.3978,1800.47712
1750282251,USD,36.90324,42.07647
1750282251,EUR,42.36529,48.31809
1750282251,XAU,3918.21563,4595.13906
1750282251,XAG,43.51265,49.74576
1750282251,PLT,1558.30147,1800.51904
1750282835,USD,36.90371,42.07645
1750282835,EUR,42.35845,48.3046
1750282835,XAU,3918.26526,4595.13673
1750282835,XAG,43.5132,49.74573
1750282835,PLT,1558.32121,1800.51813
1750283188,USD,36.90371,42.07645
1750283188,EUR,42.35734,48.30797
1750283188,XAU,3934.28683,4578.95505
1750283188,XAG,43.5132,49.74573
1750283188,PLT,1558.32121,1800.51813
