zaman,kur,alis,satis
1750281392,USD,36.90553,42.07549
1750281392,EUR,42.36348,48.31612
1750281392,XAU,3918.45785,4595.03205
1750281392,XAG,43.51534,49.7446
1750281392,PLT,1558.3978,1800.47712
1750282251,USD,36.90324,42.07647
1750282251,EUR,42.36529,48.31809
1750282251,XAU,3918.21563,4595.13906
1750282251,XAG,43.51265,49.74576
1750282251,PLT,1558.30147,1800.51904
