zaman,kur,alis,satis
1739912574,USD,33.73313,38.7402
1739912574,EUR,35.24302,40.47576
1739912574,XAU,3273.86156,3657.73142
1739912574,XAG,36.02643,40.22012
1739912574,PLT,1038.84863,1244.45544
1739913540,USD,33.72998,38.73649
1739913540,EUR,35.23602,40.46723
1739913540,XAU,3272.898,3656.19736
1739913540,XAG,35.99566,40.18447
1739913540,PLT,1040.31618,1247.49417
1739914241,USD,33.74424,38.75449
1739914241,EUR,35.24856,40.48255
1739914241,XAU,3273.94716,3657.72196
1739914241,XAG,36.04269,40.23863
1739914241,PLT,1039.69857,1245.84824
