zaman,kur,alis,satis
1750540319,USD,37.33,40.16483
1750540319,EUR,42.99782,46.28314
1750540319,XAU,4073.98215,4393.84102
1750540319,XAG,43.17993,46.54182
1750540319,PLT,1518.72908,1642.57574
1750541217,USD,37.33,40.16483
1750541217,EUR,42.99782,46.28314
1750541217,XAU,4073.98215,4393.84102
1750541217,XAG,43.17993,46.54182
1750541217,PLT,1518.72908,1642.57574
1750541798,USD,37.33,40.16483
1750541798,EUR,42.99782,46.28314
1750541798,XAU,4073.98215,4393.84102
1750541798,XAG,43.17993,46.54182
1750541798,PLT,1518.72908,1642.57574
1750542224,USD,37.33,40.16483
1750542224,EUR,42.99782,46.28314
1750542224,XAU,4073.98215,4393.84102
1750542224,XAG,43.17993,46.54182
1750542224,PLT,1518.72908,1642.57574
1750542571,USD,37.33,40.16483
1750542571,EUR,42.99782,46.28314
1750542571,XAU,4073.98215,4393.84102
1750542571,XAG,43.17993,46.54182
1750542571,PLT,1518.72908,1642.57574
1750542932,USD,37.33,40.16483
1750542932,EUR,42.99782,46.28314
1750542932,XAU,4073.98215,4393.84102
1750542932,XAG,43.17993,46.54182
1750542932,PLT,1518.72908,1642.57574
