zaman,kur,alis,satis
1745616384,USD,35.8974,39.01293
1745616384,EUR,40.78554,44.56234
1745616384,XAU,3811.85723,4276.4135
1745616384,XAG,38.16655,41.77892
1745616384,PLT,1116.24263,1234.61882
1745616933,USD,35.8974,39.01293
1745616933,EUR,40.78554,44.56234
1745616933,XAU,3811.85723,4276.4135
1745616933,XAG,38.16655,41.77892
1745616933,PLT,1116.24263,1234.61882
1745617427,USD,35.8974,39.01293
1745617427,EUR,40.78554,44.56234
1745617427,XAU,3811.85723,4276.4135
1745617427,XAG,38.16655,41.77892
1745617427,PLT,1116.24263,1234.61882
1745617763,USD,35.8974,39.01293
1745617763,EUR,40.78554,44.56234
1745617763,XAU,3811.85723,4276.4135
1745617763,XAG,38.16655,41.77892
1745617763,PLT,1116.24263,1234.61882
1745618087,USD,35.8974,39.01293
1745618087,EUR,40.78554,44.56234
1745618087,XAU,3811.85723,4276.4135
1745618087,XAG,38.16655,41.77892
1745618087,PLT,1116.24263,1234.61882
1745618436,USD,35.8974,39.01293
1745618436,EUR,40.78554,44.56234
1745618436,XAU,3811.85723,4276.4135
1745618436,XAG,38.16655,41.77892
1745618436,PLT,1116.24263,1234.61882
