zaman,kur,alis,satis
1738703698,USD,32.56851,38.85918
1738703698,EUR,33.81491,40.3471
1738703698,XAU,3099.87115,3590.30852
1738703698,XAG,33.59836,40.10794
1738703698,PLT,1015.03966,1213.30784
1738704388,USD,32.56645,38.85787
1738704388,EUR,33.80169,40.33253
1738704388,XAU,3098.67087,3589.39171
1738704388,XAG,33.60984,40.13532
1738704388,PLT,1013.03815,1213.01708
1738704753,USD,32.56722,38.86355
1738704753,EUR,33.79989,40.33492
1738704753,XAU,3098.50433,3589.7767
1738704753,XAG,33.59179,40.11119
1738704753,PLT,1013.26109,1213.09419
