zaman,kur,alis,satis
1752010155,USD,39.40445,40.58762
1752010155,EUR,46.17414,47.604
1752010155,XAU,4031.72724,4417.77161
1752010155,XAG,45.38054,49.16679
1752010155,PLT,1733.35029,1795.26017
