zaman,kur,alis,satis
1738098872,USD,32.39258,38.64797
1738098872,EUR,33.79518,40.32258
1738098872,XAU,2997.37461,3471.74408
1738098872,XAG,31.62037,37.7403
1738098872,PLT,982.69747,1175.04008
1738099577,USD,32.38374,38.64315
1738099577,EUR,33.78272,40.31447
1738099577,XAU,2996.50248,3471.26112
1738099577,XAG,31.63256,37.75672
1738099577,PLT,983.05402,1175.88755
