zaman,kur,alis,satis
1738184451,USD,32.4444,38.71496
1738184451,EUR,33.77948,40.31002
1738184451,XAU,2992.99941,3467.2034
1738184451,XAG,32.07255,38.28618
1738184451,PLT,991.45653,1186.59907
1738185397,USD,32.438,38.71482
1738185397,EUR,33.78807,40.32729
1738185397,XAU,2992.96322,3467.65644
1738185397,XAG,32.10585,38.33708
1738185397,PLT,991.75118,1186.28358
1738186007,USD,32.43904,38.72088
1738186007,EUR,33.7898,40.33438
1738186007,XAU,2994.21101,3469.65951
1738186007,XAG,32.13192,38.37047
1738186007,PLT,990.52113,1186.28259
1738186396,USD,32.43909,38.72105
1738186396,EUR,33.78304,40.32642
1738186396,XAU,2994.88872,3470.34118
1738186396,XAG,32.14552,38.38681
1738186396,PLT,990.25136,1186.5988
1738186753,USD,32.43645,38.72032
1738186753,EUR,33.77997,40.3245
1738186753,XAU,2994.62837,3470.93069
1738186753,XAG,32.1377,38.37738
1738186753,PLT,988.76316,1186.07862
1738187107,USD,32.43531,38.71973
1738187107,EUR,33.78754,40.33473
1738187107,XAU,2994.7357,3470.55007
1738187107,XAG,32.12926,38.37056
1738187107,PLT,988.74916,1186.06038
1738187435,USD,32.43223,38.72054
1738187435,EUR,33.79211,40.34486
1738187435,XAU,2995.31969,3471.70532
1738187435,XAG,32.14081,38.38506
1738187435,PLT,988.90536,1186.33423
1738187770,USD,32.43383,38.71247
1738187770,EUR,33.80124,40.34575
1738187770,XAU,2997.0864,3472.64337
1738187770,XAG,32.15804,38.39574
1738187770,PLT,989.19417,1186.3983
1738188494,USD,35.03468,36.43526
1738188494,EUR,36.49388,37.96773
1738188494,XAU,3059.92852,3350.35495
1738188494,XAG,33.43264,37.324
1738188494,PLT,1066.74194,1117.36901
1738189593,USD,35.02643,36.43246
1738189593,EUR,36.49193,37.97064
1738189593,XAU,3053.04974,3357.54279
1738189593,XAG,33.42476,37.32113
1738189593,PLT,1066.6031,1117.28315
