zaman,kur,alis,satis
1743282248,USD,35.39486,38.61536
1743282248,EUR,38.32343,41.82044
1743282248,XAU,3492.22487,3887.13083
1743282248,XAG,38.7808,42.42735
1743282248,PLT,1116.98237,1230.14528
1743283082,USD,35.39486,38.61536
1743283082,EUR,38.32343,41.82044
1743283082,XAU,3492.22487,3887.13083
1743283082,XAG,38.7808,42.42735
1743283082,PLT,1116.98237,1230.14528
1743283802,USD,35.39486,38.61536
1743283802,EUR,38.32343,41.82044
1743283802,XAU,3492.22487,3887.13083
1743283802,XAG,38.7808,42.42735
1743283802,PLT,1116.98237,1230.14528
