zaman,kur,alis,satis
1751404088,USD,37.18771,42.42534
1751404088,EUR,43.87926,50.07039
1751404088,XAU,3928.6843,4575.01717
1751404088,XAG,42.83209,49.41095
1751404088,PLT,1613.67951,1867.61115
1751405274,USD,37.20982,42.42534
1751405274,EUR,43.91205,50.0776
1751405274,XAU,3931.02039,4575.01717
1751405274,XAG,42.85756,49.41095
1751405274,PLT,1614.63904,1867.61115
