zaman,kur,alis,satis
1750972519,USD,37.21267,42.4066
1750972519,EUR,43.51017,49.67042
1750972519,XAU,3918.50121,4557.90318
1750972519,XAG,43.82918,50.00552
1750972519,PLT,1689.2055,1951.90019
