zaman,kur,alis,satis
1750713411,USD,36.95616,42.27992
1750713411,EUR,42.78451,48.95254
1750713411,XAU,3938.7083,4600.14017
1750713411,XAG,42.86458,49.10621
1750713411,PLT,1529.23423,1776.38539
1750714320,USD,36.99958,42.26101
1750714320,EUR,42.83478,48.93022
1750714320,XAU,3943.33606,4598.08225
1750714320,XAG,42.91494,49.08424
1750714320,PLT,1531.03099,1775.5907
1750714898,USD,37.00393,42.24599
1750714898,EUR,42.83945,48.91495
1750714898,XAU,3943.80043,4596.44842
1750714898,XAG,42.92,49.0668
1750714898,PLT,1531.21129,1774.95979
1750715264,USD,36.99956,42.25931
1750715264,EUR,42.83476,48.92994
1750715264,XAU,3943.33406,4597.89685
1750715264,XAG,42.91492,49.08226
1750715264,PLT,1531.03022,1775.51911
1750715617,USD,36.99956,42.25931
1750715617,EUR,42.83291,48.92825
1750715617,XAU,3943.33406,4597.89685
1750715617,XAG,42.91492,49.08226
1750715617,PLT,1531.03022,1775.51911
