zaman,kur,alis,satis
1743022944,USD,35.45618,40.10819
1743022944,EUR,38.43114,43.62817
1743022944,XAU,3477.48779,3964.07266
1743022944,XAG,38.92465,44.39132
1743022944,PLT,1126.58061,1294.65438
