zaman,kur,alis,satis
1746652267,USD,36.06501,41.12852
1746652267,EUR,40.77329,46.52253
1746652267,XAU,3829.21552,4490.51233
1746652267,XAG,37.61162,42.94607
1746652267,PLT,1125.52121,1304.54075
