zaman,kur,alis,satis
1750368444,USD,37.02577,42.22425
1750368444,EUR,42.55593,48.54733
1750368444,XAU,3949.22312,4597.16637
1750368444,XAG,43.15697,49.56382
1750368444,PLT,1532.94353,1788.50902
1750369046,USD,37.02577,42.22425
1750369046,EUR,42.55593,48.54733
1750369046,XAU,3948.93017,4597.22091
1750369046,XAG,43.15697,49.56382
1750369046,PLT,1532.94353,1788.50902
1750369478,USD,37.02571,42.22546
1750369478,EUR,42.55587,48.54999
1750369478,XAU,3948.92419,4597.35309
1750369478,XAG,43.15691,49.56524
1750369478,PLT,1532.9412,1788.56045
