zaman,kur,alis,satis
1750281392,USD,36.90553,42.07549
1750281392,EUR,42.36348,48.31612
1750281392,XAU,3918.45785,4595.03205
1750281392,XAG,43.51534,49.7446
1750281392,PLT,1558.3978,1800.47712
