zaman,kur,alis,satis
1747257037,USD,36.18586,41.30256
1747257037,EUR,40.43661,46.17296
1747257037,XAU,3637.37572,4238.73869
1747257037,XAG,37.24283,43.07468
1747257037,PLT,1136.92775,1317.55634
