zaman,kur,alis,satis
1746738718,USD,36.11731,41.19654
1746738718,EUR,40.53554,46.25177
1746738718,XAU,3766.18679,4412.3108
1746738718,XAG,37.66869,43.02875
1746738718,PLT,1133.06013,1313.71916
1746739697,USD,36.11823,41.19042
1746739697,EUR,40.53693,46.23789
1746739697,XAU,3766.28234,4411.65493
1746739697,XAG,37.66965,43.02235
1746739697,PLT,1133.08888,1313.52388
