zaman,kur,alis,satis
1750886242,USD,37.12081,42.33109
1750886242,EUR,43.26505,49.35424
1750886242,XAU,3913.36499,4556.96087
1750886242,XAG,43.25172,49.38301
1750886242,PLT,1603.50689,1857.55229
