zaman,kur,alis,satis
1742331633,USD,34.18139,39.14546
1742331633,EUR,37.48775,42.49308
1742331633,XAU,3412.65568,3819.72408
1742331633,XAG,37.93252,42.23233
1742331633,PLT,1065.45927,1288.83035
1742332467,USD,34.26302,39.05557
1742332467,EUR,37.57556,42.40287
1742332467,XAU,3412.67048,3816.4713
1742332467,XAG,38.02311,42.13535
1742332467,PLT,1067.38186,1285.87093
