zaman,kur,alis,satis
1742590854,USD,35.4809,39.79594
1742590854,EUR,38.37294,43.05721
1742590854,XAU,3383.30107,3806.06875
1742590854,XAG,37.63618,42.32353
1742590854,PLT,1111.64837,1221.61547
1742591674,USD,35.4809,39.79594
1742591674,EUR,38.37294,43.05721
1742591674,XAU,3383.30107,3806.06875
1742591674,XAG,37.63618,42.32353
1742591674,PLT,1111.64837,1221.61547
1742592566,USD,35.4809,39.79594
1742592566,EUR,38.37294,43.05721
1742592566,XAU,3383.30107,3806.06875
1742592566,XAG,37.63618,42.32353
1742592566,PLT,1111.64837,1221.61547
1742592927,USD,35.4809,39.79594
1742592927,EUR,38.37294,43.05721
1742592927,XAU,3383.30107,3806.06875
1742592927,XAG,37.63618,42.32353
1742592927,PLT,1111.64837,1221.61547
1742593252,USD,35.4809,39.79594
1742593252,EUR,38.37294,43.05721
1742593252,XAU,3383.30107,3806.06875
1742593252,XAG,37.63618,42.32353
1742593252,PLT,1111.64837,1221.61547
1742593609,USD,35.4809,39.79594
1742593609,EUR,38.37294,43.05721
1742593609,XAU,3383.30107,3806.06875
1742593609,XAG,37.63618,42.32353
1742593609,PLT,1111.64837,1221.61547
1742593971,USD,35.4809,39.79594
1742593971,EUR,38.37294,43.05721
1742593971,XAU,3383.30107,3806.06875
1742593971,XAG,37.63618,42.32353
1742593971,PLT,1111.64837,1221.61547
1742594329,USD,35.4809,39.79594
1742594329,EUR,38.37294,43.05721
1742594329,XAU,3383.30107,3806.06875
1742594329,XAG,37.63618,42.32353
1742594329,PLT,1111.64837,1221.61547
1742594611,USD,35.4809,39.79594
1742594611,EUR,38.37294,43.05721
1742594611,XAU,3383.30107,3806.06875
1742594611,XAG,37.63618,42.32353
1742594611,PLT,1111.64837,1221.61547
1742596558,USD,35.4809,39.79594
1742596558,EUR,38.37294,43.05721
1742596558,XAU,3383.30107,3806.06875
1742596558,XAG,37.63618,42.32353
1742596558,PLT,1111.64837,1221.61547
1742597159,USD,35.4809,39.79594
1742597159,EUR,38.37294,43.05721
1742597159,XAU,3383.30107,3806.06875
1742597159,XAG,37.63618,42.32353
1742597159,PLT,1111.64837,1221.61547
1742597524,USD,35.4809,39.79594
1742597524,EUR,38.37294,43.05721
1742597524,XAU,3383.30107,3806.06875
1742597524,XAG,37.63618,42.32353
1742597524,PLT,1111.64837,1221.61547
1742597840,USD,35.4809,39.79594
1742597840,EUR,38.37294,43.05721
1742597840,XAU,3383.30107,3806.06875
1742597840,XAG,37.63618,42.32353
1742597840,PLT,1111.64837,1221.61547
1742598203,USD,35.4809,39.79594
1742598203,EUR,38.37294,43.05721
1742598203,XAU,3383.30107,3806.06875
1742598203,XAG,37.63618,42.32353
1742598203,PLT,1111.64837,1221.61547
