zaman,kur,alis,satis
1739567699,USD,33.99073,36.79336
1739567699,EUR,35.66852,38.61058
1739567699,XAU,3154.21549,3456.45804
1739567699,XAG,35.13658,38.04315
1739567699,PLT,1073.57172,1163.23787
1739568535,USD,33.98875,36.78408
1739568535,EUR,35.66678,38.60084
1739568535,XAU,3153.29878,3454.97514
1739568535,XAG,35.13126,38.03473
1739568535,PLT,1072.47099,1163.08637
1739569262,USD,33.97919,36.79416
1739569262,EUR,35.6547,38.61069
1739569262,XAU,3152.10533,3455.49081
1739569262,XAG,35.09843,38.02978
1739569262,PLT,1066.90575,1163.95647
