zaman,kur,alis,satis
1747170798,USD,36.21339,41.29639
1747170798,EUR,40.50323,46.20611
1747170798,XAU,3723.63523,4335.80584
1747170798,XAG,38.29434,43.75427
1747170798,PLT,1144.4448,1328.34031
