zaman,kur,alis,satis
1745183409,USD,36.04813,38.84247
1745183409,EUR,41.08045,44.50192
1745183409,XAU,3804.9862,4307.81642
1745183409,XAG,37.69872,40.89157
1745183409,PLT,1115.96673,1227.3471
1745184288,USD,36.05736,38.843
1745184288,EUR,41.09385,44.52907
1745184288,XAU,3805.96031,4307.8751
1745184288,XAG,37.70837,40.89213
1745184288,PLT,1116.25243,1227.36382
1745184655,USD,35.9855,38.83894
1745184655,EUR,41.06557,44.54861
1745184655,XAU,3798.37545,4307.42484
1745184655,XAG,37.63322,40.88786
1745184655,PLT,1114.02786,1227.23554
1745185114,USD,35.9855,38.83894
1745185114,EUR,41.03679,44.55798
1745185114,XAU,3798.37545,4307.42484
1745185114,XAG,37.63322,40.88786
1745185114,PLT,1114.02786,1227.23554
1745185446,USD,35.9855,38.83894
1745185446,EUR,40.98497,44.54978
1745185446,XAU,3798.37545,4307.42484
1745185446,XAG,37.63322,40.88786
1745185446,PLT,1114.02786,1227.23554
