zaman,kur,alis,satis
1739480533,USD,33.56083,38.55028
1739480533,EUR,35.11167,40.33246
1739480533,XAU,3250.5132,3632.07379
1739480533,XAG,35.29603,39.42156
1739480533,PLT,1053.36831,1258.0342
