zaman,kur,alis,satis
1743714076,USD,36.06101,41.25378
1743714076,EUR,39.01286,44.79575
1743714076,XAU,3471.33191,4054.85872
1743714076,XAG,36.90321,42.28424
1743714076,PLT,1065.64785,1257.26798
1743715789,USD,36.23683,41.18768
1743715789,EUR,39.21692,44.69607
1743715789,XAU,3489.52851,4045.5151
1743715789,XAG,37.08314,42.21649
1743715789,PLT,1070.84352,1255.25348
