zaman,kur,alis,satis
1739998985,USD,33.74926,38.7597
1739998985,EUR,35.18057,40.40466
1739998985,XAU,3276.85611,3660.70708
1739998985,XAG,35.91096,40.09593
1739998985,PLT,1029.79469,1232.23576
1739999947,USD,33.74963,38.76027
1739999947,EUR,35.18737,40.41262
1739999947,XAU,3276.62439,3660.9611
1739999947,XAG,35.94206,40.13325
1739999947,PLT,1029.38298,1231.79982
1740000598,USD,33.74897,38.7613
1740000598,EUR,35.18499,40.41253
1740000598,XAU,3275.10921,3659.31482
1740000598,XAG,35.926,40.11473
1740000598,PLT,1028.72822,1231.21408
1740000940,USD,33.74439,38.75816
1740000940,EUR,35.17853,40.40576
1740000940,XAU,3274.06205,3658.36103
1740000940,XAG,35.90468,40.087
1740000940,PLT,1029.22311,1231.77041
1740001298,USD,33.73883,38.75563
1740001298,EUR,35.16734,40.39771
1740001298,XAU,3272.76402,3656.98212
1740001298,XAG,35.87464,40.06358
1740001298,PLT,1029.05359,1231.41264
1740001681,USD,33.73897,38.75558
1740001681,EUR,35.16984,40.40037
1740001681,XAU,3271.95185,3656.44098
1740001681,XAG,35.86492,40.05251
1740001681,PLT,1027.98992,1234.72937
1740002033,USD,33.74479,38.78254
1740002033,EUR,35.17557,40.42769
1740002033,XAU,3273.67681,3660.02009
1740002033,XAG,35.87001,40.08895
1740002033,PLT,1028.71713,1236.16911
1740002361,USD,33.74396,38.79625
1740002361,EUR,35.1693,40.43578
1740002361,XAU,3273.31652,3661.18963
1740002361,XAG,35.84829,40.07495
1740002361,PLT,1028.12053,1235.84843
1740002662,USD,35.70857,36.84588
1740002662,EUR,37.19405,38.4262
1740002662,XAU,3324.38029,3560.87076
1740002662,XAG,35.8371,40.10793
1740002662,PLT,1108.85865,1164.9203
1740004933,USD,35.70738,36.84126
1740004933,EUR,37.21994,38.4107
1740004933,XAU,3313.21265,3566.23545
1740004933,XAG,35.60907,40.33334
1740004933,PLT,1108.82164,1164.77427
1740005283,USD,35.70738,36.84126
1740005283,EUR,37.22208,38.40922
1740005283,XAU,3313.21265,3566.23545
1740005283,XAG,35.8359,40.1029
1740005283,PLT,1108.82164,1164.77427
1740005639,USD,35.70738,36.84117
1740005639,EUR,37.22137,38.40986
1740005639,XAU,3313.21265,3566.22661
1740005639,XAG,36.50576,39.52716
1740005639,PLT,1108.82164,1164.77138
1740005906,USD,35.70738,36.84138
1740005906,EUR,37.22244,38.40898
1740005906,XAU,3313.14462,3566.24725
1740005906,XAG,36.48496,39.52619
1740005906,PLT,1108.82164,1164.77812
1740006254,USD,35.7109,36.84114
1740006254,EUR,37.22897,38.40799
1740006254,XAU,3375.29312,3462.97883
1740006254,XAG,37.65195,38.61515
1740006254,PLT,1109.68035,1160.87399
