zaman,kur,alis,satis
1751836326,USD,37.67578,40.58487
1751836326,EUR,44.38207,47.82926
1751836326,XAU,3994.39103,4437.45915
1751836326,XAG,44.14356,48.92474
1751836326,PLT,1688.93369,1828.41894
1751837326,USD,37.67596,40.58463
1751837326,EUR,44.37738,47.81925
1751837326,XAU,4071.36007,4400.58873
1751837326,XAG,44.14377,48.92445
1751837326,PLT,1688.94174,1828.40842
1751837882,USD,37.67601,40.58456
1751837882,EUR,44.38083,47.81145
1751837882,XAU,4071.36518,4400.58103
1751837882,XAG,44.14383,48.92437
1751837882,PLT,1688.94386,1828.40522
1751838275,USD,37.67602,40.58453
1751838275,EUR,44.38536,47.81751
1751838275,XAU,4071.3662,4400.57773
1751838275,XAG,44.14384,48.92433
1751838275,PLT,1688.94428,1828.40385
1751838626,USD,37.67602,40.58453
1751838626,EUR,44.38423,47.81669
1751838626,XAU,4071.3662,4400.57773
1751838626,XAG,44.14384,48.92433
1751838626,PLT,1688.94428,1828.40385
1751838963,USD,37.67433,40.58454
1751838963,EUR,44.38225,47.81671
1751838963,XAU,3994.23774,4426.88375
1751838963,XAG,44.14187,48.92434
1751838963,PLT,1688.86887,1828.40431
1751839760,USD,37.69019,41.11142
1751839760,EUR,44.37907,48.40911
1751839760,XAU,4077.30573,4454.84942
1751839760,XAG,45.0208,49.14181
1751839760,PLT,1693.06961,1852.45039
1751841110,USD,37.67143,41.13408
1751841110,EUR,44.3826,48.46294
1751841110,XAU,4071.84532,4452.83247
1751841110,XAG,45.04321,49.21519
1751841110,PLT,1692.96579,1855.37582
