zaman,kur,alis,satis
1743455025,USD,35.52473,38.59876
1743455025,EUR,38.42924,41.76502
1743455025,XAU,3548.90734,3933.73397
1743455025,XAG,38.90414,42.32954
1743455025,PLT,1134.45994,1243.02643
