zaman,kur,alis,satis
1737148130,USD,33.28404,36.10855
1737148130,EUR,34.19403,37.09612
1737148130,XAU,2892.21762,3176.72837
1737148130,XAG,32.42316,35.18971
1737148130,PLT,1009.91317,1096.52065
1737148953,USD,33.35869,36.11362
1737148953,EUR,34.26037,37.0905
1737148953,XAU,2898.38173,3176.88054
1737148953,XAG,32.49051,35.19117
1737148953,PLT,1012.18874,1096.74435
1737149307,USD,33.35869,36.11312
1737149307,EUR,34.26004,37.08962
1737149307,XAU,2899.61613,3177.77775
1737149307,XAG,32.49802,35.19997
1737149307,PLT,1012.29599,1096.83371
1737149712,USD,33.35948,36.11862
1737149712,EUR,34.26553,37.10141
1737149712,XAU,2900.31886,3179.07342
1737149712,XAG,32.50309,35.22043
1737149712,PLT,1012.19152,1097.20976
1737150066,USD,33.27775,36.11116
1737150066,EUR,34.17924,37.0905
1737150066,XAU,2893.48027,3178.44024
1737150066,XAG,32.44164,35.24218
1737150066,PLT,1009.71148,1097.33141
1737150394,USD,33.36362,36.11909
1737150394,EUR,34.26777,37.09972
1737150394,XAU,2900.39913,3179.62046
1737150394,XAG,32.52535,35.25108
1737150394,PLT,1012.31695,1097.14268
1737150719,USD,33.12924,36.11909
1737150719,EUR,34.02274,37.09503
1737150719,XAU,2880.08799,3179.24399
1737150719,XAG,32.29686,35.25456
1737150719,PLT,1005.2055,1097.10784
1737151064,USD,33.23317,36.11909
1737151064,EUR,34.13146,37.0972
1737151064,XAU,2890.10673,3180.73812
1737151064,XAG,32.411,35.26501
1737151064,PLT,1008.35886,1097.13107
1737151852,USD,33.14404,36.12373
1737151852,EUR,34.04423,37.12291
1737151852,XAU,2880.24391,3183.7396
1737151852,XAG,32.27399,35.36129
1737151852,PLT,1003.74704,1099.67597
