zaman,kur,alis,satis
1744147804,USD,35.05259,40.07945
1744147804,EUR,37.97292,43.52082
1744147804,XAU,3342.27142,3898.71116
1744147804,XAG,34.62922,39.50898
1744147804,PLT,1035.42059,1212.96212
1744148296,USD,35.05046,40.07945
1744148296,EUR,37.99419,43.52796
1744148296,XAU,3334.74639,3928.62694
1744148296,XAG,34.62712,39.50898
1744148296,PLT,1035.35773,1212.96212
