zaman,kur,alis,satis
1738012490,USD,32.39217,38.65066
1738012490,EUR,33.97809,40.54416
1738012490,XAU,2976.11904,3447.48597
1738012490,XAG,31.44188,37.53417
1738012490,PLT,987.73603,1180.35358
1738013300,USD,32.39208,38.64633
1738013300,EUR,33.98123,40.54309
1738013300,XAU,2975.99138,3446.79824
1738013300,XAG,31.4897,37.58463
1738013300,PLT,987.83741,1180.3456
