zaman,kur,alis,satis
1743368673,USD,35.55003,38.62849
1743368673,EUR,38.47864,41.83697
1743368673,XAU,3507.53425,3888.45252
1743368673,XAG,38.95081,42.44178
1743368673,PLT,1121.87905,1230.56355
1743369632,USD,35.55384,38.63062
1743369632,EUR,38.4977,41.83851
1743369632,XAU,3507.91072,3888.66659
1743369632,XAG,38.95499,42.44411
1743369632,PLT,1121.99946,1230.63129
1743370355,USD,35.55384,38.6306
1743370355,EUR,38.47815,41.82921
1743370355,XAU,3507.91072,3888.66454
1743370355,XAG,38.95499,42.44409
1743370355,PLT,1121.99946,1230.63065
1743370715,USD,35.55384,38.6306
1743370715,EUR,38.45753,41.79715
1743370715,XAU,3507.91072,3888.66454
1743370715,XAG,38.95499,42.44409
1743370715,PLT,1121.99946,1230.63065
1743371101,USD,35.5547,38.63139
1743371101,EUR,38.45809,41.78912
1743371101,XAU,3507.99489,3888.74443
1743371101,XAG,38.95593,42.44496
1743371101,PLT,1122.02638,1230.65593
1743371417,USD,35.5547,38.63139
1743371417,EUR,38.45418,41.78371
1743371417,XAU,3507.99489,3888.74443
1743371417,XAG,38.95593,42.44496
1743371417,PLT,1122.02638,1230.65593
1743371773,USD,35.5547,38.63139
1743371773,EUR,38.45596,41.78642
1743371773,XAU,3507.99489,3888.74443
1743371773,XAG,38.95593,42.44496
1743371773,PLT,1122.02638,1230.65593
1743372137,USD,35.54742,38.65368
1743372137,EUR,38.45236,41.81516
1743372137,XAU,3516.17198,3899.89155
1743372137,XAG,39.01207,42.4524
1743372137,PLT,1120.68136,1234.96478
1743372976,USD,35.54203,38.63631
1743372976,EUR,38.41454,41.75928
1743372976,XAU,3512.47794,3893.48877
1743372976,XAG,38.97987,42.39854
1743372976,PLT,1121.71125,1234.22353
1743374532,USD,35.55323,38.63386
1743374532,EUR,38.47358,41.8088
1743374532,XAU,3513.52823,3894.11221
1743374532,XAG,39.06875,42.47759
1743374532,PLT,1122.46489,1234.58026
1743374892,USD,35.55323,38.63386
1743374892,EUR,38.47251,41.80648
1743374892,XAU,3513.52823,3894.0618
1743374892,XAG,39.0756,42.48628
1743374892,PLT,1122.35058,1234.45605
1743375260,USD,35.5492,38.63386
1743375260,EUR,38.47313,41.81189
1743375260,XAU,3513.53924,3894.11221
1743375260,XAG,39.0906,42.50864
1743375260,PLT,1122.73764,1235.015
1743377315,USD,35.5492,38.63151
1743377315,EUR,38.45713,41.79273
1743377315,XAU,3513.15259,3893.27044
1743377315,XAG,39.09289,42.50767
1743377315,PLT,1122.04046,1233.58604
