zaman,kur,alis,satis
1741381385,USD,34.14018,37.07539
1741381385,EUR,37.03014,40.21494
1741381385,XAU,3185.27786,3521.56939
1741381385,XAG,35.62584,38.72086
1741381385,PLT,1058.1722,1154.04812
