zaman,kur,alis,satis
1741814032,USD,34.16624,38.94565
1741814032,EUR,37.40818,42.19678
1741814032,XAU,3295.60589,3702.33178
1741814032,XAG,36.52063,41.10969
1741814032,PLT,1049.57768,1262.03265
1741815422,USD,34.1721,38.95093
1741815422,EUR,37.41383,42.19851
1741815422,XAU,3297.01213,3696.85394
1741815422,XAG,36.53091,41.11562
1741815422,PLT,1049.74599,1262.21486
