zaman,kur,alis,satis
1746306633,USD,36.0063,39.14877
1746306633,EUR,40.68352,44.47124
1746306633,XAU,3731.22809,4139.50644
1746306633,XAG,37.01751,40.5295
1746306633,PLT,1107.33149,1225.82664
