zaman,kur,alis,satis
1740949247,USD,34.02749,37.21238
1740949247,EUR,35.36545,38.68562
1740949247,XAU,3117.40885,3474.26721
1740949247,XAG,33.92553,37.44759
1740949247,PLT,1033.29158,1141.80162
1740950087,USD,34.02749,37.15151
1740950087,EUR,35.38349,38.64166
1740950087,XAU,3117.40885,3468.58438
1740950087,XAG,33.92553,37.38634
1740950087,PLT,1033.29158,1139.93398
1740950801,USD,34.02749,37.149
1740950801,EUR,35.39642,38.64722
1740950801,XAU,3117.40885,3468.34997
1740950801,XAG,33.92553,37.38381
1740950801,PLT,1033.29158,1139.85694
1740951166,USD,34.02749,37.149
1740951166,EUR,35.40118,38.65242
1740951166,XAU,3117.40885,3468.34997
1740951166,XAG,33.92553,37.38381
1740951166,PLT,1033.29158,1139.85694
1740951589,USD,34.02749,37.14662
1740951589,EUR,35.40084,38.64846
1740951589,XAU,3117.40885,3468.12789
1740951589,XAG,33.92553,37.38142
1740951589,PLT,1033.29158,1139.78396
1740951951,USD,34.17801,37.14645
1740951951,EUR,35.55538,38.64754
1740951951,XAU,3131.19826,3468.11176
1740951951,XAG,34.07559,37.38124
1740951951,PLT,1037.8622,1139.77866
1740952549,USD,34.17801,37.12824
1740952549,EUR,35.56153,38.63416
1740952549,XAU,3131.19826,3466.41203
1740952549,XAG,34.07559,37.36292
1740952549,PLT,1037.8622,1139.22005
