zaman,kur,alis,satis
1737753009,USD,33.47687,36.23604
1737753009,EUR,35.13867,38.03625
1737753009,XAU,2985.293,3271.37904
1737753009,XAG,32.96404,35.69258
1737753009,PLT,1023.91178,1111.05205
