zaman,kur,alis,satis
1747170798,USD,36.21339,41.29639
1747170798,EUR,40.50323,46.20611
1747170798,XAU,3723.63523,4335.80584
1747170798,XAG,38.29434,43.75427
1747170798,PLT,1144.4448,1328.34031
1747171715,USD,36.22859,41.30201
1747171715,EUR,40.52348,46.21034
1747171715,XAU,3725.19753,4336.39623
1747171715,XAG,38.31041,43.76023
1747171715,PLT,1144.92497,1328.52119
1747172259,USD,36.2236,41.30192
1747172259,EUR,40.51248,46.20364
1747172259,XAU,3724.6851,4336.38728
1747172259,XAG,38.30514,43.76014
1747172259,PLT,1144.76748,1328.51845
1747172624,USD,36.22788,41.29979
1747172624,EUR,40.51727,46.19878
1747172624,XAU,3725.12542,4336.16365
1747172624,XAG,38.30967,43.75788
1747172624,PLT,1144.90281,1328.44994
1747172961,USD,36.22307,41.29992
1747172961,EUR,40.51297,46.20883
1747172961,XAU,3724.63029,4336.17707
1747172961,XAG,38.30458,43.75801
1747172961,PLT,1144.75063,1328.45405
1747173312,USD,36.22307,41.29992
1747173312,EUR,40.51695,46.21172
1747173312,XAU,3724.63029,4336.17707
1747173312,XAG,38.30458,43.75801
1747173312,PLT,1144.75063,1328.45405
1747173666,USD,38.19302,39.32674
1747173666,EUR,42.7334,44.00741
1747173666,XAU,3849.51365,4216.3437
1747173666,XAG,39.40585,42.68634
1747173666,PLT,1212.71561,1255.0596
