zaman,kur,alis,satis
1737493966,USD,32.26334,38.50677
1737493966,EUR,33.62518,40.13291
1737493966,XAU,2963.1589,3433.19893
1737493966,XAG,31.95373,38.15086
1737493966,PLT,980.93436,1173.7802
1737494727,USD,32.26355,38.49946
1737494727,EUR,33.63604,40.138
1737494727,XAU,2962.83232,3432.29716
1737494727,XAG,31.90311,38.08544
1737494727,PLT,979.69595,1173.74313
1737495061,USD,32.26083,38.50878
1737495061,EUR,33.63223,40.14733
1737495061,XAU,2962.52181,3433.66636
1737495061,XAG,31.88226,38.10073
1737495061,PLT,977.70481,1174.29966
1737495447,USD,32.25856,38.49914
1737495447,EUR,33.63019,40.1369
1737495447,XAU,2962.97244,3433.69087
1737495447,XAG,31.93292,38.15754
1737495447,PLT,977.50123,1174.03063
1737495781,USD,32.26102,38.49848
1737495781,EUR,33.63437,40.13852
1737495781,XAU,2963.78389,3434.40789
1737495781,XAG,31.96076,38.18659
1737495781,PLT,977.71059,1174.1714
1737496125,USD,32.26035,38.49296
1737496125,EUR,33.6411,40.14162
1737496125,XAU,2964.78608,3434.65866
1737496125,XAG,31.99226,38.18297
1737496125,PLT,979.13221,1173.17384
1737496448,USD,32.26206,38.50144
1737496448,EUR,33.64384,40.15084
1737496448,XAU,2965.88282,3436.34112
1737496448,XAG,31.99084,38.19138
1737496448,PLT,979.69224,1174.17488
