zaman,kur,alis,satis
1741381385,USD,34.14018,37.07539
1741381385,EUR,37.03014,40.21494
1741381385,XAU,3185.27786,3521.56939
1741381385,XAG,35.62584,38.72086
1741381385,PLT,1058.1722,1154.04812
1741382170,USD,34.14248,37.07632
1741382170,EUR,37.04425,40.22855
1741382170,XAU,3187.26715,3523.6426
1741382170,XAG,35.68314,38.76366
1741382170,PLT,1058.30955,1154.01731
