zaman,kur,alis,satis
1744750834,USD,35.44076,40.76672
1744750834,EUR,39.97683,46.00035
1744750834,XAU,3622.19487,4254.51767
1744750834,XAG,36.79258,42.39445
1744750834,PLT,1086.54606,1272.06139
1744751895,USD,35.55581,40.59012
1744751895,EUR,40.11442,45.80717
1744751895,XAU,3633.95268,4236.08743
1744751895,XAG,36.91201,42.2108
1744751895,PLT,1087.3328,1265.76424
