zaman,kur,alis,satis
1739739799,USD,33.9832,36.81915
1739739799,EUR,35.62085,38.60304
1739739799,XAU,3150.99034,3458.07812
1739739799,XAG,34.98796,38.13031
1739739799,PLT,1068.52418,1171.79058
