zaman,kur,alis,satis
1751836326,USD,37.67578,40.58487
1751836326,EUR,44.38207,47.82926
1751836326,XAU,3994.39103,4437.45915
1751836326,XAG,44.14356,48.92474
1751836326,PLT,1688.93369,1828.41894
