zaman,kur,alis,satis
1750540319,USD,37.33,40.16483
1750540319,EUR,42.99782,46.28314
1750540319,XAU,4073.98215,4393.84102
1750540319,XAG,43.17993,46.54182
1750540319,PLT,1518.72908,1642.57574
1750541217,USD,37.33,40.16483
1750541217,EUR,42.99782,46.28314
1750541217,XAU,4073.98215,4393.84102
1750541217,XAG,43.17993,46.54182
1750541217,PLT,1518.72908,1642.57574
1750541798,USD,37.33,40.16483
1750541798,EUR,42.99782,46.28314
1750541798,XAU,4073.98215,4393.84102
1750541798,XAG,43.17993,46.54182
1750541798,PLT,1518.72908,1642.57574
1750542224,USD,37.33,40.16483
1750542224,EUR,42.99782,46.28314
1750542224,XAU,4073.98215,4393.84102
1750542224,XAG,43.17993,46.54182
1750542224,PLT,1518.72908,1642.57574
1750542571,USD,37.33,40.16483
1750542571,EUR,42.99782,46.28314
1750542571,XAU,4073.98215,4393.84102
1750542571,XAG,43.17993,46.54182
1750542571,PLT,1518.72908,1642.57574
1750542932,USD,37.33,40.16483
1750542932,EUR,42.99782,46.28314
1750542932,XAU,4073.98215,4393.84102
1750542932,XAG,43.17993,46.54182
1750542932,PLT,1518.72908,1642.57574
1750543673,USD,37.33,40.16483
1750543673,EUR,42.99782,46.28314
1750543673,XAU,4073.98215,4393.84102
1750543673,XAG,43.17993,46.54182
1750543673,PLT,1518.72908,1642.57574
1750544933,USD,37.33,40.16483
1750544933,EUR,42.99782,46.28314
1750544933,XAU,4073.98215,4393.84102
1750544933,XAG,43.17993,46.54182
1750544933,PLT,1518.72908,1642.57574
1750545673,USD,37.33,40.16483
1750545673,EUR,42.99782,46.28314
1750545673,XAU,4073.98215,4393.84102
1750545673,XAG,43.17993,46.54182
1750545673,PLT,1518.72908,1642.57574
1750546080,USD,37.33,40.16483
1750546080,EUR,42.99782,46.28314
1750546080,XAU,4073.98215,4393.84102
1750546080,XAG,43.17993,46.54182
1750546080,PLT,1518.72908,1642.57574
1750546419,USD,37.33,40.16483
1750546419,EUR,42.99782,46.28314
1750546419,XAU,4073.98215,4393.84102
1750546419,XAG,43.17993,46.54182
1750546419,PLT,1518.72908,1642.57574
1750546752,USD,37.33,40.16483
1750546752,EUR,42.99782,46.28314
1750546752,XAU,4073.98215,4393.84102
1750546752,XAG,43.17993,46.54182
1750546752,PLT,1518.72908,1642.57574
1750547744,USD,37.33,40.16483
1750547744,EUR,42.99782,46.28314
1750547744,XAU,4073.98215,4393.84102
1750547744,XAG,43.17993,46.54182
1750547744,PLT,1518.72908,1642.57574
