zaman,kur,alis,satis
1739739799,USD,33.9832,36.81915
1739739799,EUR,35.62085,38.60304
1739739799,XAU,3150.99034,3458.07812
1739739799,XAG,34.98796,38.13031
1739739799,PLT,1068.52418,1171.79058
1739741369,USD,33.9832,36.81915
1739741369,EUR,35.61847,38.59347
1739741369,XAU,3150.99034,3458.07812
1739741369,XAG,34.98796,38.13031
1739741369,PLT,1068.52418,1171.79058
1739741722,USD,33.9832,36.81915
1739741722,EUR,35.61847,38.59347
1739741722,XAU,3150.99034,3458.07812
1739741722,XAG,34.98796,38.13031
1739741722,PLT,1068.52418,1171.79058
1739742083,USD,33.9832,36.81915
1739742083,EUR,35.61371,38.59126
1739742083,XAU,3150.99034,3458.07812
1739742083,XAG,34.98796,38.13031
1739742083,PLT,1068.52418,1171.79058
1739742359,USD,33.95913,36.80045
1739742359,EUR,35.58543,38.56871
1739742359,XAU,3148.75852,3456.32147
1739742359,XAG,34.96318,38.11094
1739742359,PLT,1067.76736,1171.19533
1739742717,USD,33.97356,36.79771
1739742717,EUR,35.60497,38.57062
1739742717,XAU,3150.09656,3456.0637
1739742717,XAG,34.97804,38.1081
1739742717,PLT,1068.2211,1171.10798
1739743081,USD,33.97356,36.79771
1739743081,EUR,35.60497,38.57062
1739743081,XAU,3150.09656,3456.0637
1739743081,XAG,34.97804,38.1081
1739743081,PLT,1068.2211,1171.10798
1739743381,USD,33.97356,36.79771
1739743381,EUR,35.62569,38.59012
1739743381,XAU,3150.09656,3456.0637
1739743381,XAG,34.97804,38.1081
1739743381,PLT,1068.2211,1171.10798
1739744227,USD,33.94789,36.81341
1739744227,EUR,35.59674,38.61101
1739744227,XAU,3147.71666,3457.53871
1739744227,XAG,34.95161,38.12437
1739744227,PLT,1067.41406,1171.6078
1739745184,USD,33.94445,36.83757
1739745184,EUR,35.5843,38.64556
1739745184,XAU,3147.39695,3459.38988
1739745184,XAG,34.94806,38.14478
1739745184,PLT,1067.30564,1172.23508
