zaman,kur,alis,satis
1738790134,USD,32.54001,38.83025
1738790134,EUR,33.8556,40.40054
1738790134,XAU,3119.12652,3613.47358
1738790134,XAG,33.78865,40.34024
1738790134,PLT,1029.27912,1232.56639
