zaman,kur,alis,satis
1737666049,USD,32.29657,38.53816
1737666049,EUR,33.64173,40.14404
1737666049,XAU,2978.30283,3450.12903
1737666049,XAG,31.63464,37.76689
1737666049,PLT,984.06302,1176.38503
