zaman,kur,alis,satis
1743541400,USD,35.48569,38.58722
1743541400,EUR,38.29048,41.65877
1743541400,XAU,3532.05409,3921.1243
1743541400,XAG,38.41335,41.8333
1743541400,PLT,1124.52854,1231.06757
1743542525,USD,35.48929,38.58592
1743542525,EUR,38.29152,41.64964
1743542525,XAU,3532.41242,3920.99196
1743542525,XAG,38.41725,41.83188
1743542525,PLT,1124.64262,1231.02602
1743543242,USD,35.48923,38.58633
1743543242,EUR,38.2872,41.63928
1743543242,XAU,3532.40682,3921.03331
1743543242,XAG,38.41719,41.83233
1743543242,PLT,1124.64084,1231.03901
1743543958,USD,35.48937,38.58612
1743543958,EUR,38.30652,41.65912
1743543958,XAU,3532.42082,3921.01263
1743543958,XAG,38.41734,41.83211
1743543958,PLT,1124.6453,1231.03251
1743544314,USD,35.5116,38.59174
1743544314,EUR,38.32874,41.66133
1743544314,XAU,3534.63329,3921.58338
1743544314,XAG,38.4414,41.83819
1743544314,PLT,1125.3497,1231.2117
1743544682,USD,35.51296,38.58762
1743544682,EUR,38.3302,41.65688
1743544682,XAU,3526.9525,3927.21133
1743544682,XAG,38.44287,41.83373
1743544682,PLT,1125.39278,1231.08023
1743544982,USD,35.51311,38.5892
1743544982,EUR,38.33321,41.65704
1743544982,XAU,3536.39673,3919.24043
1743544982,XAG,38.48117,41.8368
1743544982,PLT,1121.04966,1232.94193
1743547093,USD,35.50397,38.57597
1743547093,EUR,38.3489,41.66822
1743547093,XAU,3535.25935,3917.17977
1743547093,XAG,38.45974,41.83858
1743547093,PLT,1121.42317,1231.4651
1743547696,USD,35.49572,38.57597
1743547696,EUR,38.33893,41.66706
1743547696,XAU,3534.64226,3917.3811
1743547696,XAG,38.46461,41.84727
1743547696,PLT,1129.23097,1231.37828
1743548294,USD,35.49848,38.57444
1743548294,EUR,38.33339,41.65538
1743548294,XAU,3532.81681,3914.94867
1743548294,XAG,38.4207,41.79228
1743548294,PLT,1128.46298,1231.97446
1743548655,USD,35.49295,38.57444
1743548655,EUR,38.3221,41.64998
1743548655,XAU,3535.02541,3918.15721
1743548655,XAG,38.42852,41.7898
1743548655,PLT,1128.17303,1231.90005
1743549760,USD,35.49028,38.57444
1743549760,EUR,38.32276,41.65384
1743549760,XAU,3534.09058,3917.27644
1743549760,XAG,38.42106,41.79476
1743549760,PLT,1123.85485,1229.45686
1743550478,USD,35.50842,38.57444
1743550478,EUR,38.33809,41.64921
1743550478,XAU,3534.4419,3915.64071
1743550478,XAG,38.43385,41.78472
1743550478,PLT,1128.20807,1231.04431
1743550960,USD,35.48978,38.581
1743550960,EUR,38.31547,41.65397
1743550960,XAU,3533.92437,3917.82861
1743550960,XAG,38.41139,41.78933
1743550960,PLT,1123.40523,1229.04551
