zaman,kur,alis,satis
1741123716,USD,33.88104,38.91434
1741123716,EUR,35.98573,41.33247
1741123716,XAU,3265.87302,3649.0234
1741123716,XAG,35.17587,39.28754
1741123716,PLT,1019.54486,1226.63659
