zaman,kur,alis,satis
1745356228,USD,35.85084,38.93602
1745356228,EUR,40.94668,44.71787
1745356228,XAU,3875.63198,4347.39469
1745356228,XAG,37.43954,40.93061
1745356228,PLT,1095.62127,1212.12032
1745357198,USD,35.85084,38.93378
1745357198,EUR,40.94848,44.70434
1745357198,XAU,3859.09643,4394.98006
1745357198,XAG,37.43954,40.92825
1745357198,PLT,1097.74685,1212.74248
