zaman,kur,alis,satis
1736975368,USD,32.14186,38.34986
1736975368,EUR,33.08587,39.47658
1736975368,XAU,2902.37053,3361.83866
1736975368,XAG,31.74145,37.87827
1736975368,PLT,972.42537,1162.68441
1736976181,USD,32.1418,38.3498
1736976181,EUR,33.07777,39.4677
1736976181,XAU,2901.64363,3361.04853
1736976181,XAG,31.72072,37.87205
1736976181,PLT,972.92981,1163.31158
1736976539,USD,32.1397,38.3498
1736976539,EUR,33.07336,39.46425
1736976539,XAU,2900.8086,3360.37534
1736976539,XAG,31.63391,37.76848
1736976539,PLT,970.25206,1163.86642
1736976926,USD,32.14102,38.3494
1736976926,EUR,33.07118,39.46
1736976926,XAU,2899.7972,3358.60743
1736976926,XAG,31.59698,37.72493
1736976926,PLT,970.20912,1163.66932
1736977264,USD,32.13477,38.34578
1736977264,EUR,33.06283,39.45397
1736977264,XAU,2899.5675,3358.93802
1736977264,XAG,31.58464,37.71027
1736977264,PLT,970.24794,1164.4346
1736977602,USD,32.13496,38.34542
1736977602,EUR,33.06334,39.45399
1736977602,XAU,2900.54164,3360.25295
1736977602,XAG,31.65404,37.79375
1736977602,PLT,970.62536,1164.78128
1736977944,USD,32.13434,38.34727
1736977944,EUR,33.06688,39.46164
1736977944,XAU,2901.09933,3361.21296
1736977944,XAG,31.66583,37.80051
1736977944,PLT,970.65838,1164.83751
