zaman,kur,alis,satis
1747084490,USD,36.2197,41.29206
1747084490,EUR,40.15823,45.809
1747084490,XAU,3706.5834,4317.83183
1747084490,XAG,37.93125,43.31977
1747084490,PLT,1129.37603,1318.73123
