zaman,kur,alis,satis
1741554160,USD,34.16333,37.07277
1741554160,EUR,37.00572,40.16946
1741554160,XAU,3185.0495,3524.0293
1741554160,XAG,35.66615,38.85721
1741554160,PLT,1061.38105,1158.32652
1741554869,USD,34.16391,37.08463
1741554869,EUR,37.01625,40.18306
1741554869,XAU,3185.10281,3525.15692
1741554869,XAG,35.66675,38.86965
1741554869,PLT,1061.39881,1158.69716
1741555596,USD,34.16392,37.08463
1741555596,EUR,36.99782,40.17675
1741555596,XAU,3185.10456,3525.15692
1741555596,XAG,35.66677,38.86965
1741555596,PLT,1061.3994,1158.69716
1741555899,USD,34.16392,37.08463
1741555899,EUR,36.99782,40.18899
1741555899,XAU,3185.10456,3525.15692
1741555899,XAG,35.66677,38.86965
1741555899,PLT,1061.3994,1158.69716
1741556254,USD,34.18388,37.09211
1741556254,EUR,37.02217,40.20154
1741556254,XAU,3186.96538,3525.86711
1741556254,XAG,35.68761,38.87748
1741556254,PLT,1062.01949,1158.9306
1741556614,USD,34.1839,37.09211
1741556614,EUR,37.03723,40.19783
1741556614,XAU,3186.96712,3525.86711
1741556614,XAG,35.68763,38.87748
1741556614,PLT,1062.02007,1158.9306
1741556984,USD,34.1839,37.09211
1741556984,EUR,37.05296,40.2071
1741556984,XAU,3186.96712,3525.86711
1741556984,XAG,35.68763,38.87748
1741556984,PLT,1062.02007,1158.9306
1741557344,USD,34.17862,37.09211
1741557344,EUR,37.04724,40.2071
1741557344,XAU,3186.47504,3525.86711
1741557344,XAG,35.68212,38.87748
1741557344,PLT,1061.85609,1158.9306
1741558296,USD,34.17986,37.07987
1741558296,EUR,37.11079,40.26317
1741558296,XAU,3193.70559,3528.39877
1741558296,XAG,35.71561,38.79109
1741558296,PLT,1059.05057,1154.71188
1741559263,USD,34.17779,37.07948
1741559263,EUR,37.08359,40.2342
1741559263,XAU,3191.58258,3525.97698
1741559263,XAG,35.70366,38.78449
1741559263,PLT,1058.40398,1154.91444
