zaman,kur,alis,satis
1744750834,USD,35.44076,40.76672
1744750834,EUR,39.97683,46.00035
1744750834,XAU,3622.19487,4254.51767
1744750834,XAG,36.79258,42.39445
1744750834,PLT,1086.54606,1272.06139
1744751895,USD,35.55581,40.59012
1744751895,EUR,40.11442,45.80717
1744751895,XAU,3633.95268,4236.08743
1744751895,XAG,36.91201,42.2108
1744751895,PLT,1087.3328,1265.76424
1744752611,USD,35.55581,40.59012
1744752611,EUR,40.11406,45.80798
1744752611,XAU,3633.95268,4236.08743
1744752611,XAG,36.91201,42.2108
1744752611,PLT,1090.07304,1266.55092
1744753103,USD,35.54962,40.60807
1744753103,EUR,40.1021,45.82336
1744753103,XAU,3633.32007,4237.96024
1744753103,XAG,36.80631,42.41958
1744753103,PLT,1089.88328,1267.11087
1744753438,USD,35.54967,40.6081
1744753438,EUR,40.10572,45.82989
1744753438,XAU,3622.01884,4243.33708
1744753438,XAG,36.80637,42.41962
1744753438,PLT,1089.885,1267.11187
1744753766,USD,35.54965,40.60872
1744753766,EUR,40.10819,45.83222
1744753766,XAU,3622.01694,4243.40162
1744753766,XAG,36.90562,42.23014
1744753766,PLT,1087.14465,1266.3441
1744754097,USD,35.54965,40.60872
1744754097,EUR,40.10499,45.83018
1744754097,XAU,3633.32389,4238.02804
1744754097,XAG,36.90562,42.23014
1744754097,PLT,1089.88443,1267.13114
1744754441,USD,37.50106,38.64374
1744754441,EUR,42.32258,43.61604
1744754441,XAU,3754.56097,4115.63229
1744754441,XAG,37.98076,41.16357
1744754441,PLT,1155.32488,1196.19819
1744755521,USD,37.52274,38.64361
1744755521,EUR,42.39244,43.66226
1744755521,XAU,3758.7314,4117.1848
1744755521,XAG,37.96155,41.10209
1744755521,PLT,1153.93204,1193.7812
1744756516,USD,37.52274,38.64361
1744756516,EUR,42.3718,43.63946
1744756516,XAU,3762.94134,4121.60428
1744756516,XAG,38.00977,41.15198
1744756516,PLT,1152.70291,1197.59956
