zaman,kur,alis,satis
1738271674,USD,32.42006,38.6861
1738271674,EUR,33.69579,40.21072
1738271674,XAU,3035.69073,3517.12258
1738271674,XAG,32.94072,39.32606
1738271674,PLT,1010.30854,1206.89623
1738272276,USD,32.4219,38.6905
1738272276,EUR,33.69446,40.21065
1738272276,XAU,3029.83732,3511.54798
1738272276,XAG,32.88839,39.29321
1738272276,PLT,1007.50981,1208.07824
1738272612,USD,32.42186,38.69084
1738272612,EUR,33.69766,40.21526
1738272612,XAU,3032.6243,3513.31509
1738272612,XAG,32.90711,39.32217
1738272612,PLT,1007.50868,1207.79051
1738273022,USD,32.42354,38.68963
1738273022,EUR,33.69519,40.20743
1738273022,XAU,3033.72599,3514.24888
1738273022,XAG,32.95052,39.35701
1738273022,PLT,1008.22801,1208.64827
1738273363,USD,32.42358,38.6899
1738273363,EUR,33.69458,40.20809
1738273363,XAU,3032.35041,3513.46853
1738273363,XAG,32.97557,39.36599
1738273363,PLT,1008.03108,1208.32087
