zaman,kur,alis,satis
1741208518,USD,33.85399,38.89669
1741208518,EUR,36.53489,41.97769
1741208518,XAU,3270.37569,3655.35165
1741208518,XAG,35.95308,40.15535
1741208518,PLT,1029.07534,1231.72819
1741209335,USD,33.85402,38.89669
1741209335,EUR,36.51731,41.95825
1741209335,XAU,3268.13912,3652.93666
1741209335,XAG,35.93221,40.13447
1741209335,PLT,1028.03645,1230.8924
1741210656,USD,33.85619,38.91255
1741210656,EUR,36.53523,41.99248
1741210656,XAU,3268.80761,3654.93974
1741210656,XAG,35.93451,40.14961
1741210656,PLT,1027.77341,1231.54644
1741211016,USD,33.85619,38.91356
1741211016,EUR,36.53624,41.99512
1741211016,XAU,3268.42691,3654.54591
1741211016,XAG,35.91031,40.13098
1741211016,PLT,1028.09171,1232.07233
1741211384,USD,33.85619,38.92764
1741211384,EUR,36.53421,42.00876
1741211384,XAU,3268.091,3655.50495
1741211384,XAG,35.87235,40.12092
1741211384,PLT,1022.19241,1232.27729
