zaman,kur,alis,satis
1744147804,USD,35.05259,40.07945
1744147804,EUR,37.97292,43.52082
1744147804,XAU,3342.27142,3898.71116
1744147804,XAG,34.62922,39.50898
1744147804,PLT,1035.42059,1212.96212
1744148296,USD,35.05046,40.07945
1744148296,EUR,37.99419,43.52796
1744148296,XAU,3334.74639,3928.62694
1744148296,XAG,34.62712,39.50898
1744148296,PLT,1035.35773,1212.96212
1744148777,USD,35.03048,40.1601
1744148777,EUR,37.97878,43.61914
1744148777,XAU,3332.84584,3936.45407
1744148777,XAG,34.60738,39.58849
1744148777,PLT,1034.76766,1215.40299
1744149116,USD,35.05296,40.13728
1744149116,EUR,38.00523,43.59116
1744149116,XAU,3342.30671,3904.33632
1744149116,XAG,34.62959,39.56599
1744149116,PLT,1035.43153,1214.71221
1744149443,USD,35.09433,40.12762
1744149443,EUR,38.04905,43.58108
1744149443,XAU,3338.92075,3933.37497
1744149443,XAG,34.67047,39.55647
1744149443,PLT,1036.65377,1214.42
1744149786,USD,37.34863,38.45815
1744149786,EUR,40.85601,42.0727
1744149786,XAU,3461.90876,3791.4163
1744149786,XAG,35.41701,38.30611
1744149786,PLT,1105.6822,1147.5282
1744150660,USD,37.25057,38.44939
1744150660,EUR,40.77922,42.09535
1744150660,XAU,3449.84575,3787.04821
1744150660,XAG,35.23163,38.19858
1744150660,PLT,1098.12065,1144.79641
