zaman,kur,alis,satis
1738271674,USD,32.42006,38.6861
1738271674,EUR,33.69579,40.21072
1738271674,XAU,3035.69073,3517.12258
1738271674,XAG,32.94072,39.32606
1738271674,PLT,1010.30854,1206.89623
