zaman,kur,alis,satis
1746393326,USD,36.10879,39.22069
1746393326,EUR,40.79318,44.56633
1746393326,XAU,3741.84857,4147.11056
1746393326,XAG,37.12288,40.60395
1746393326,PLT,1110.48337,1228.07844
1746394085,USD,36.10879,39.22069
1746394085,EUR,40.79896,44.56712
1746394085,XAU,3741.84857,4147.11056
1746394085,XAG,37.12288,40.60395
1746394085,PLT,1110.48337,1228.07844
1746394586,USD,36.10879,39.22069
1746394586,EUR,40.80437,44.55135
1746394586,XAU,3741.84857,4147.11056
1746394586,XAG,37.12288,40.60395
1746394586,PLT,1110.48337,1228.07844
1746394928,USD,36.10879,39.22069
1746394928,EUR,40.77693,44.55056
1746394928,XAU,3741.84857,4147.11056
1746394928,XAG,37.12288,40.60395
1746394928,PLT,1110.48337,1228.07844
1746395265,USD,36.10879,39.22069
1746395265,EUR,40.7744,44.55214
1746395265,XAU,3741.84857,4147.11056
1746395265,XAG,37.12288,40.60395
1746395265,PLT,1110.48337,1228.07844
1746395622,USD,36.10879,39.22069
1746395622,EUR,40.7986,44.54977
1746395622,XAU,3741.84857,4147.11056
1746395622,XAG,37.12288,40.60395
1746395622,PLT,1110.48337,1228.07844
1746395976,USD,36.10879,39.22069
1746395976,EUR,40.79607,44.56318
1746395976,XAU,3741.84857,4147.11056
1746395976,XAG,37.12288,40.60395
1746395976,PLT,1110.48337,1228.07844
1746396939,USD,36.09956,39.21969
1746396939,EUR,40.80045,44.54746
1746396939,XAU,3741.26216,4146.68019
1746396939,XAG,37.16562,40.63928
1746396939,PLT,1107.76381,1221.59748
1746397950,USD,36.10204,39.22289
1746397950,EUR,40.82888,44.57829
1746397950,XAU,3742.81215,4147.50416
1746397950,XAG,37.19835,40.64678
1746397950,PLT,1111.59194,1223.61053
1746398577,USD,36.10867,39.22298
1746398577,EUR,40.84251,44.5843
1746398577,XAU,3746.67588,4150.90427
1746398577,XAG,37.22027,40.66335
1746398577,PLT,1111.36877,1223.48666
