zaman,kur,alis,satis
1743629540,USD,34.69035,39.66606
1743629540,EUR,38.33126,43.71836
1743629540,XAU,3546.92852,4055.86967
1743629540,XAG,38.5344,44.0835
1743629540,PLT,1094.82953,1288.82813
1743630031,USD,34.69035,39.66606
1743630031,EUR,38.31674,43.7119
1743630031,XAU,3520.67941,4071.76846
1743630031,XAG,38.5344,44.0835
1743630031,PLT,1094.82953,1288.82813
