zaman,kur,alis,satis
1746738718,USD,36.11731,41.19654
1746738718,EUR,40.53554,46.25177
1746738718,XAU,3766.18679,4412.3108
1746738718,XAG,37.66869,43.02875
1746738718,PLT,1133.06013,1313.71916
1746739697,USD,36.11823,41.19042
1746739697,EUR,40.53693,46.23789
1746739697,XAU,3766.28234,4411.65493
1746739697,XAG,37.66965,43.02235
1746739697,PLT,1133.08888,1313.52388
1746740235,USD,36.11768,41.2008
1746740235,EUR,40.53667,46.25697
1746740235,XAU,3764.57883,4416.34581
1746740235,XAG,37.66907,43.0332
1746740235,PLT,1133.07157,1313.85501
1746740645,USD,36.11768,41.20224
1746740645,EUR,40.53776,46.26105
1746740645,XAU,3764.57883,4416.49993
1746740645,XAG,37.66907,43.0347
1746740645,PLT,1133.07157,1313.90086
1746740978,USD,36.11768,41.20224
1746740978,EUR,40.53631,46.25982
1746740978,XAU,3764.57883,4416.49993
1746740978,XAG,37.66907,43.0347
1746740978,PLT,1133.07157,1313.90086
1746741326,USD,36.11782,41.19708
1746741326,EUR,40.53972,46.2569
1746741326,XAU,3764.59344,4415.94626
1746741326,XAG,37.66922,43.0293
1746741326,PLT,1128.02398,1319.68985
1746742103,USD,38.07647,39.24002
1746742103,EUR,42.75264,44.06223
1746742103,XAU,3910.91092,4286.94485
1746742103,XAG,38.76761,41.98999
1746742103,PLT,1203.65896,1245.53511
1746743418,USD,38.07647,39.2348
1746743418,EUR,42.75721,44.05911
1746743418,XAU,3911.61899,4286.86555
1746743418,XAG,38.75687,41.9689
1746743418,PLT,1202.39945,1245.15462
1746744121,USD,38.07647,39.24002
1746744121,EUR,42.75949,44.06772
1746744121,XAU,3919.79729,4296.35994
1746744121,XAG,38.80222,42.03135
1746744121,PLT,1203.83015,1247.20222
