zaman,kur,alis,satis
1736928807,USD,34.80307,36.04923
1736928807,EUR,35.86456,37.14981
1736928807,XAU,3012.45861,3104.47306
1736928807,XAG,33.55714,34.77376
1736928807,PLT,1048.28312,1089.00525
1736928824,USD,34.80307,36.04923
1736928824,EUR,35.86456,37.14981
1736928824,XAU,3012.45861,3104.47306
1736928824,XAG,33.55714,34.77376
1736928824,PLT,1048.28312,1089.00525
1736929019,USD,34.79755,36.04271
1736929019,EUR,35.8714,37.15571
1736929019,XAU,3013.31731,3105.27717
1736929019,XAG,33.60553,34.82078
1736929019,PLT,1050.41044,1090.18739
1736930030,USD,34.79073,36.03588
1736930030,EUR,35.83828,37.12164
1736930030,XAU,3011.52542,3103.26584
1736930030,XAG,33.62243,34.83156
1736930030,PLT,1049.92489,1089.471
1736930654,USD,34.78945,36.0336
1736930654,EUR,35.82444,37.10668
1736930654,XAU,3011.12311,3102.69962
1736930654,XAG,33.59435,34.80735
1736930654,PLT,1051.21741,1090.80395
1736931015,USD,34.78842,36.03443
1736931015,EUR,35.82721,37.1115
1736931015,XAU,3013.00955,3105.01453
1736931015,XAG,33.6079,34.82436
1736931015,PLT,1050.41452,1089.68193
1736931349,USD,34.78842,36.03214
1736931349,EUR,35.8192,37.10157
1736931349,XAU,3012.67279,3104.48203
1736931349,XAG,33.58329,34.79782
1736931349,PLT,1049.85529,1089.04512
1736932134,USD,34.78775,36.03259
1736932134,EUR,35.84495,37.12798
1736932134,XAU,3013.70297,3105.58468
1736932134,XAG,33.57257,34.78899
1736932134,PLT,1049.0743,1089.70739
1736933145,USD,34.78648,36.03148
1736933145,EUR,35.83668,37.12035
1736933145,XAU,3013.21164,3105.09594
1736933145,XAG,33.62951,34.84816
1736933145,PLT,1052.8499,1091.7359
