zaman,kur,alis,satis
1751145056,USD,37.62557,40.50634
1751145056,EUR,44.08664,47.47505
1751145056,XAU,3992.23398,4306.53276
1751145056,XAG,43.50457,46.90981
1751145056,PLT,1618.96452,1751.50111
1751146033,USD,37.62557,40.50634
1751146033,EUR,44.08664,47.47505
1751146033,XAU,3992.23398,4306.53276
1751146033,XAG,43.50457,46.90981
1751146033,PLT,1618.96452,1751.50111
1751146628,USD,37.62557,40.50634
1751146628,EUR,44.08664,47.47505
1751146628,XAU,3992.23398,4306.53276
1751146628,XAG,43.50457,46.90981
1751146628,PLT,1618.96452,1751.50111
1751147063,USD,37.62557,40.50634
1751147063,EUR,44.08664,47.47505
1751147063,XAU,3992.23398,4306.53276
1751147063,XAG,43.50457,46.90981
1751147063,PLT,1618.96452,1751.50111
1751147414,USD,37.62557,40.50634
1751147414,EUR,44.08664,47.47505
1751147414,XAU,3992.23398,4306.53276
1751147414,XAG,43.50457,46.90981
1751147414,PLT,1618.96452,1751.50111
1751147751,USD,37.62557,40.50634
1751147751,EUR,44.08664,47.47505
1751147751,XAU,3992.23398,4306.53276
1751147751,XAG,43.50457,46.90981
1751147751,PLT,1618.96452,1751.50111
1751148528,USD,37.62557,40.50634
1751148528,EUR,44.08664,47.47505
1751148528,XAU,3992.23398,4306.53276
1751148528,XAG,43.50457,46.90981
1751148528,PLT,1618.96452,1751.50111
