zaman,kur,alis,satis
1742763626,USD,35.9052,39.90788
1742763626,EUR,38.82394,43.17513
1742763626,XAU,3399.23448,3834.31628
1742763626,XAG,38.08626,42.44257
1742763626,PLT,1124.94226,1225.05164
