zaman,kur,alis,satis
1746219632,USD,35.91028,40.97636
1746219632,EUR,40.56928,46.31066
1746219632,XAU,3681.84206,4288.46029
1746219632,XAG,36.9188,42.2141
1746219632,PLT,1104.36277,1282.77213
1746220716,USD,35.91028,40.97636
1746220716,EUR,40.56928,46.31066
1746220716,XAU,3681.84206,4288.46029
1746220716,XAG,36.9188,42.2141
1746220716,PLT,1104.36277,1282.77213
1746221437,USD,36.0063,39.14877
1746221437,EUR,40.67776,44.46258
1746221437,XAU,3731.22809,4139.50644
1746221437,XAG,37.01751,40.5295
1746221437,PLT,1107.33149,1225.82664
1746221986,USD,36.0063,39.14877
1746221986,EUR,40.67776,44.46258
1746221986,XAU,3731.22809,4139.50644
1746221986,XAG,37.01751,40.5295
1746221986,PLT,1107.33149,1225.82664
1746222320,USD,36.0063,39.14877
1746222320,EUR,40.67776,44.46258
1746222320,XAU,3731.22809,4139.50644
1746222320,XAG,37.01751,40.5295
1746222320,PLT,1107.33149,1225.82664
1746222654,USD,36.0063,39.14877
1746222654,EUR,40.67776,44.46258
1746222654,XAU,3731.22809,4139.50644
1746222654,XAG,37.01751,40.5295
1746222654,PLT,1107.33149,1225.82664
1746222994,USD,36.0063,39.14877
1746222994,EUR,40.67776,44.46258
1746222994,XAU,3731.22809,4139.50644
1746222994,XAG,37.01751,40.5295
1746222994,PLT,1107.33149,1225.82664
1746223846,USD,36.0063,39.14877
1746223846,EUR,40.67776,44.46258
1746223846,XAU,3731.22809,4139.50644
1746223846,XAG,37.01751,40.5295
1746223846,PLT,1107.33149,1225.82664
1746225077,USD,36.0063,39.14877
1746225077,EUR,40.67776,44.46258
1746225077,XAU,3731.22809,4139.50644
1746225077,XAG,37.01751,40.5295
1746225077,PLT,1107.33149,1225.82664
1746225881,USD,36.0063,39.14877
1746225881,EUR,40.67776,44.46258
1746225881,XAU,3731.22809,4139.50644
1746225881,XAG,37.01751,40.5295
1746225881,PLT,1107.33149,1225.82664
1746226256,USD,36.0063,39.14877
1746226256,EUR,40.67776,44.46258
1746226256,XAU,3731.22809,4139.50644
1746226256,XAG,37.01751,40.5295
1746226256,PLT,1107.33149,1225.82664
