zaman,kur,alis,satis
1739654655,USD,33.9832,36.81915
1739654655,EUR,35.65109,38.64318
1739654655,XAU,3150.99034,3458.07812
1739654655,XAG,34.98796,38.13031
1739654655,PLT,1068.52418,1171.79058
1739655139,USD,33.9832,36.81915
1739655139,EUR,35.65109,38.64318
1739655139,XAU,3150.99034,3458.07812
1739655139,XAG,34.98796,38.13031
1739655139,PLT,1068.52418,1171.79058
1739655491,USD,33.9832,36.81915
1739655491,EUR,35.65109,38.64318
1739655491,XAU,3150.99034,3458.07812
1739655491,XAG,34.98796,38.13031
1739655491,PLT,1068.52418,1171.79058
1739655859,USD,33.9832,36.81915
1739655859,EUR,35.65109,38.64318
1739655859,XAU,3150.99034,3458.07812
1739655859,XAG,34.98796,38.13031
1739655859,PLT,1068.52418,1171.79058
