zaman,kur,alis,satis
1743368673,USD,35.55003,38.62849
1743368673,EUR,38.47864,41.83697
1743368673,XAU,3507.53425,3888.45252
1743368673,XAG,38.95081,42.44178
1743368673,PLT,1121.87905,1230.56355
1743369632,USD,35.55384,38.63062
1743369632,EUR,38.4977,41.83851
1743369632,XAU,3507.91072,3888.66659
1743369632,XAG,38.95499,42.44411
1743369632,PLT,1121.99946,1230.63129
1743370355,USD,35.55384,38.6306
1743370355,EUR,38.47815,41.82921
1743370355,XAU,3507.91072,3888.66454
1743370355,XAG,38.95499,42.44409
1743370355,PLT,1121.99946,1230.63065
1743370715,USD,35.55384,38.6306
1743370715,EUR,38.45753,41.79715
1743370715,XAU,3507.91072,3888.66454
1743370715,XAG,38.95499,42.44409
1743370715,PLT,1121.99946,1230.63065
1743371101,USD,35.5547,38.63139
1743371101,EUR,38.45809,41.78912
1743371101,XAU,3507.99489,3888.74443
1743371101,XAG,38.95593,42.44496
1743371101,PLT,1122.02638,1230.65593
1743371417,USD,35.5547,38.63139
1743371417,EUR,38.45418,41.78371
1743371417,XAU,3507.99489,3888.74443
1743371417,XAG,38.95593,42.44496
1743371417,PLT,1122.02638,1230.65593
