zaman,kur,alis,satis
1746479421,USD,35.99928,41.0738
1746479421,EUR,40.72958,46.47706
1746479421,XAU,3757.30787,4423.30318
1746479421,XAG,37.56927,42.93185
1746479421,PLT,1104.58997,1285.13276
1746480463,USD,35.99965,41.07332
1746480463,EUR,40.739,46.49377
1746480463,XAU,3797.18863,4423.56191
1746480463,XAG,37.56966,42.93134
1746480463,PLT,1104.60145,1285.11777
1746481025,USD,36.00297,41.06182
1746481025,EUR,40.7352,46.47664
1746481025,XAU,3797.53874,4422.32316
1746481025,XAG,37.57312,42.91932
1746481025,PLT,1104.7033,1284.75789
1746481438,USD,36.00302,41.06209
1746481438,EUR,40.74173,46.48721
1746481438,XAU,3778.35587,4422.04157
1746481438,XAG,37.57317,42.9196
1746481438,PLT,1104.64256,1284.82193
1746481771,USD,35.98179,41.07378
1746481771,EUR,40.71772,46.49552
1746481771,XAU,3776.12845,4423.30088
1746481771,XAG,37.55102,42.93182
1746481771,PLT,1103.99135,1285.18782
1746482103,USD,36.01779,41.06209
1746482103,EUR,40.75305,46.46586
1746482103,XAU,3799.1019,4422.35183
1746482103,XAG,37.58859,42.9196
1746482103,PLT,1105.09582,1284.82193
1746482438,USD,37.97314,39.1073
1746482438,EUR,42.97686,44.2636
1746482438,XAU,3926.16642,4300.85268
1746482438,XAG,37.61291,42.9163
1746482438,PLT,1175.47807,1216.09815
