zaman,kur,alis,satis
1737062046,USD,32.1075,38.31025
1737062046,EUR,33.06655,39.45534
1737062046,XAU,2918.38465,3380.40929
1737062046,XAG,31.80557,37.97094
1737062046,PLT,965.51195,1153.16956
1737062720,USD,32.10536,38.31025
1737062720,EUR,33.06628,39.45726
1737062720,XAU,2916.93288,3379.07676
1737062720,XAG,31.77869,37.95369
1737062720,PLT,966.22198,1154.11797
