zaman,kur,alis,satis
1750799704,USD,36.95531,42.14887
1750799704,EUR,42.90142,48.95169
1750799704,XAU,3886.27629,4524.52945
1750799704,XAG,42.65157,48.69641
1750799704,PLT,1556.83668,1801.83628
1750800659,USD,36.94746,42.17299
1750800659,EUR,42.88418,48.97887
1750800659,XAU,3885.45035,4527.11888
1750800659,XAG,42.6425,48.72428
1750800659,PLT,1556.50581,1802.8675
1750801266,USD,36.94891,42.15973
1750801266,EUR,42.88438,48.94028
1750801266,XAU,3885.60276,4525.69555
1750801266,XAG,42.64418,48.70896
1750801266,PLT,1556.56686,1802.30067
1750801620,USD,36.9484,42.15973
1750801620,EUR,42.88785,48.94028
1750801620,XAU,3865.03383,4533.44165
1750801620,XAG,42.64358,48.70896
1750801620,PLT,1556.5452,1802.30067
