zaman,kur,alis,satis
1741726923,USD,34.13914,38.9547
1741726923,EUR,37.48785,42.32332
1741726923,XAU,3276.89789,3670.01299
1741726923,XAG,36.36741,40.70495
1741726923,PLT,1042.46675,1253.60647
1741728375,USD,34.16517,38.9429
1741728375,EUR,37.50385,42.29654
1741728375,XAU,3279.23391,3668.82911
1741728375,XAG,36.39333,40.69181
1741728375,PLT,1043.21416,1254.84893
1741729131,USD,34.1671,38.94736
1741729131,EUR,37.50376,42.29337
1741729131,XAU,3279.40712,3669.27658
1741729131,XAG,36.39526,40.69678
1741729131,PLT,1043.26926,1255.00197
1741729495,USD,34.1671,38.94736
1741729495,EUR,37.51253,42.29739
1741729495,XAU,3279.40712,3669.27658
1741729495,XAG,36.39526,40.69678
1741729495,PLT,1043.26926,1255.00197
1741730089,USD,34.1671,38.9415
1741730089,EUR,37.49572,42.28185
1741730089,XAU,3279.40712,3668.68865
1741730089,XAG,36.39526,40.69026
1741730089,PLT,1043.26926,1254.80088
1741730451,USD,36.01998,37.089
1741730451,EUR,39.35485,40.43118
1741730451,XAU,3331.42469,3564.44859
1741730451,XAG,37.34943,39.95759
1741730451,PLT,1125.36887,1180.20833
1741731300,USD,36.02924,37.0917
1741731300,EUR,39.3814,40.44766
1741731300,XAU,3333.74333,3566.05652
1741731300,XAG,37.38837,39.96175
1741731300,PLT,1125.54353,1180.54686
1741732977,USD,36.01961,37.09395
1741732977,EUR,39.35773,40.43695
1741732977,XAU,3330.76249,3564.07531
1741732977,XAG,37.32072,39.8976
1741732977,PLT,1123.93491,1179.30264
1741733324,USD,36.02009,37.09395
1741733324,EUR,39.36301,40.4417
1741733324,XAU,3331.68612,3565.20007
1741733324,XAG,37.32121,39.90365
1741733324,PLT,1124.31798,1179.66178
1741733681,USD,36.02985,37.09425
1741733681,EUR,39.37695,40.44495
1741733681,XAU,3332.79313,3565.43716
1741733681,XAG,37.34024,39.91488
1741733681,PLT,1125.28601,1180.12638
1741734019,USD,36.03015,37.08952
1741734019,EUR,39.37655,40.43906
1741734019,XAU,3383.3778,3469.56869
1741734019,XAG,38.20497,39.16995
1741734019,PLT,1125.92845,1180.79967
1741734790,USD,36.0311,37.08761
1741734790,EUR,39.38526,40.44356
1741734790,XAU,3383.5933,3469.87497
1741734790,XAG,38.16884,39.14414
1741734790,PLT,1126.53336,1179.81636
1741735673,USD,36.03404,37.08767
1741735673,EUR,39.37933,40.43485
1741735673,XAU,3382.94921,3468.56085
1741735673,XAG,38.10695,39.06219
1741735673,PLT,1131.19504,1180.85963
