zaman,kur,alis,satis
1741036860,USD,33.88513,38.91975
1741036860,EUR,35.53737,40.81903
1741036860,XAU,3241.45644,3621.89831
1741036860,XAG,34.8663,38.93781
1741036860,PLT,1013.89121,1217.11378
