zaman,kur,alis,satis
1739567699,USD,33.99073,36.79336
1739567699,EUR,35.66852,38.61058
1739567699,XAU,3154.21549,3456.45804
1739567699,XAG,35.13658,38.04315
1739567699,PLT,1073.57172,1163.23787
