zaman,kur,alis,satis
1751922597,USD,37.33025,42.55989
1751922597,EUR,43.70626,49.83806
1751922597,XAU,3940.96663,4586.27257
1751922597,XAG,44.10612,50.34431
1751922597,PLT,1595.18461,1905.05469
