zaman,kur,alis,satis
1737925775,USD,33.45428,36.2428
1737925775,EUR,35.03566,37.98608
1737925775,XAU,2981.02613,3272.26083
1737925775,XAG,32.77636,35.7695
1737925775,PLT,1016.85327,1115.71051
1737926510,USD,33.45428,36.2428
1737926510,EUR,35.03901,37.99333
1737926510,XAU,2981.02613,3272.26083
1737926510,XAG,32.77636,35.7695
1737926510,PLT,1016.85327,1115.71051
1737926847,USD,33.45428,36.2428
1737926847,EUR,35.08183,38.00891
1737926847,XAU,2981.02613,3272.26083
1737926847,XAG,32.77636,35.7695
1737926847,PLT,1016.85327,1115.71051
1737927234,USD,33.38557,36.27447
1737927234,EUR,35.00978,38.04213
1737927234,XAU,2974.90394,3275.1206
1737927234,XAG,32.70905,35.80076
1737927234,PLT,1014.76494,1116.68558
