zaman,kur,alis,satis
1743800459,USD,35.44738,38.62079
1743800459,EUR,38.86026,42.34692
1743800459,XAU,3443.33064,3828.04229
1743800459,XAG,33.65848,36.8046
1743800459,PLT,1044.54602,1154.44607
1743801282,USD,35.44738,38.62079
1743801282,EUR,38.86026,42.34692
1743801282,XAU,3443.33064,3828.04229
1743801282,XAG,33.65848,36.8046
1743801282,PLT,1044.54602,1154.44607
1743802609,USD,35.44738,38.62079
1743802609,EUR,38.86026,42.34692
1743802609,XAU,3443.33064,3828.04229
1743802609,XAG,33.65848,36.8046
1743802609,PLT,1044.54602,1154.44607
1743803070,USD,35.44738,38.62079
1743803070,EUR,38.86026,42.34692
1743803070,XAU,3443.33064,3828.04229
1743803070,XAG,33.65848,36.8046
1743803070,PLT,1044.54602,1154.44607
1743803361,USD,35.44738,38.62079
1743803361,EUR,38.86026,42.34692
1743803361,XAU,3443.33064,3828.04229
1743803361,XAG,33.65848,36.8046
1743803361,PLT,1044.54602,1154.44607
1743803720,USD,35.44738,38.62079
1743803720,EUR,38.86026,42.34692
1743803720,XAU,3443.33064,3828.04229
1743803720,XAG,33.65848,36.8046
1743803720,PLT,1044.54602,1154.44607
1743804076,USD,35.44738,38.62079
1743804076,EUR,38.86026,42.34692
1743804076,XAU,3443.33064,3828.04229
1743804076,XAG,33.65848,36.8046
1743804076,PLT,1044.54602,1154.44607
1743806043,USD,35.44738,38.62079
1743806043,EUR,38.86026,42.34692
1743806043,XAU,3443.33064,3828.04229
1743806043,XAG,33.65848,36.8046
1743806043,PLT,1044.54602,1154.44607
1743806642,USD,35.44738,38.62079
1743806642,EUR,38.86026,42.34692
1743806642,XAU,3443.33064,3828.04229
1743806642,XAG,33.65848,36.8046
1743806642,PLT,1044.54602,1154.44607
