zaman,kur,alis,satis
1741814032,USD,34.16624,38.94565
1741814032,EUR,37.40818,42.19678
1741814032,XAU,3295.60589,3702.33178
1741814032,XAG,36.52063,41.10969
1741814032,PLT,1049.57768,1262.03265
1741815422,USD,34.1721,38.95093
1741815422,EUR,37.41383,42.19851
1741815422,XAU,3297.01213,3696.85394
1741815422,XAG,36.53091,41.11562
1741815422,PLT,1049.74599,1262.21486
1741815905,USD,34.1737,38.95093
1741815905,EUR,37.41813,42.20143
1741815905,XAU,3296.2787,3702.86631
1741815905,XAG,36.7249,41.08409
1741815905,PLT,1049.54029,1262.79278
1741816201,USD,34.1737,38.95093
1741816201,EUR,37.41886,42.19997
1741816201,XAU,3296.2787,3702.86631
1741816201,XAG,36.7249,41.08409
1741816201,PLT,1047.05137,1258.72695
1741816551,USD,34.1721,38.95081
1741816551,EUR,37.41712,42.19874
1741816551,XAU,3296.24693,3700.21275
1741816551,XAG,36.7233,41.08395
1741816551,PLT,1049.39837,1263.36656
1741816895,USD,36.0313,37.0923
1741816895,EUR,39.27837,40.34153
1741816895,XAU,3351.87703,3586.8855
1741816895,XAG,37.6342,40.26031
1741816895,PLT,1135.50828,1182.66113
1741817786,USD,36.02975,37.0923
1741817786,EUR,39.27449,40.3397
1741817786,XAU,3354.86671,3588.90265
1741817786,XAG,37.67908,40.28938
1741817786,PLT,1134.74634,1188.82612
1741818870,USD,36.02735,37.0965
1741818870,EUR,39.27517,40.34683
1741818870,XAU,3353.74352,3587.88921
1741818870,XAG,37.66301,40.2831
1741818870,PLT,1134.39555,1188.59152
1741819422,USD,36.031,37.0923
1741819422,EUR,39.27988,40.34482
1741819422,XAU,3353.99843,3587.81461
1741819422,XAG,37.66223,40.27121
1741819422,PLT,1135.11903,1182.79281
1741819834,USD,36.03155,37.0923
1741819834,EUR,39.27609,40.33933
1741819834,XAU,3357.5352,3591.8978
1741819834,XAG,37.68547,40.29422
1741819834,PLT,1134.98643,1183.13996
1741820140,USD,36.02995,37.0923
1741820140,EUR,39.27983,40.34555
1741820140,XAU,3359.06846,3593.18144
1741820140,XAG,37.69403,40.30149
1741820140,PLT,1136.05349,1184.79194
1741820462,USD,36.0192,37.0748
1741820462,EUR,39.26739,40.32466
1741820462,XAU,3406.16518,3492.49081
1741820462,XAG,38.54836,39.52844
1741820462,PLT,1135.43165,1183.92585
1741821438,USD,36.01945,37.0748
1741821438,EUR,39.26255,40.32028
1741821438,XAU,3403.63795,3489.81645
1741821438,XAG,38.51848,39.4928
1741821438,PLT,1135.46243,1183.50707
1741822296,USD,36.0205,37.08285
1741822296,EUR,39.25565,40.32063
1741822296,XAU,3403.05173,3490.03815
1741822296,XAG,38.54741,39.52526
1741822296,PLT,1135.61016,1184.11478
