zaman,kur,alis,satis
1738271674,USD,32.42006,38.6861
1738271674,EUR,33.69579,40.21072
1738271674,XAU,3035.69073,3517.12258
1738271674,XAG,32.94072,39.32606
1738271674,PLT,1010.30854,1206.89623
1738272276,USD,32.4219,38.6905
1738272276,EUR,33.69446,40.21065
1738272276,XAU,3029.83732,3511.54798
1738272276,XAG,32.88839,39.29321
1738272276,PLT,1007.50981,1208.07824
