zaman,kur,alis,satis
1751490642,USD,37.23026,42.48045
1751490642,EUR,43.91607,50.11886
1751490642,XAU,3955.16361,4605.98593
1751490642,XAG,43.48592,50.19491
1751490642,PLT,1690.55151,1956.77072
1751491763,USD,37.23026,42.48045
1751491763,EUR,43.91681,50.11462
1751491763,XAU,3955.16361,4605.98593
1751491763,XAG,43.48592,50.19491
1751491763,PLT,1690.55151,1956.77072
1751492363,USD,37.23026,42.48045
1751492363,EUR,43.9023,50.10187
1751492363,XAU,3955.16361,4605.98593
1751492363,XAG,43.48592,50.19491
1751492363,PLT,1690.55151,1956.77072
1751492762,USD,37.23026,42.47886
1751492762,EUR,43.90416,50.09786
1751492762,XAU,3955.16361,4605.81272
1751492762,XAG,43.48592,50.19302
1751492762,PLT,1690.55151,1956.69713
1751493115,USD,37.23026,42.47886
1751493115,EUR,43.89559,50.09277
1751493115,XAU,3955.16361,4605.81272
1751493115,XAG,43.48592,50.19302
1751493115,PLT,1690.55151,1956.69713
1751493435,USD,37.23026,42.47806
1751493435,EUR,43.89559,50.10712
1751493435,XAU,3955.16361,4605.72611
1751493435,XAG,43.48592,50.19208
1751493435,PLT,1690.55151,1956.66034
1751494373,USD,39.26166,40.45429
1751494373,EUR,46.32209,47.7308
1751494373,XAU,4088.04851,4479.8815
1751494373,XAG,44.84882,48.87656
1751494373,PLT,1790.22684,1860.94925
