zaman,kur,alis,satis
1751750867,USD,37.52903,40.41557
1751750867,EUR,44.19193,47.60631
1751750867,XAU,4055.48219,4382.25774
1751750867,XAG,43.97162,48.72066
1751750867,PLT,1682.35504,1820.79205
1751751441,USD,37.52903,40.41557
1751751441,EUR,44.19193,47.60631
1751751441,XAU,4055.48219,4382.25774
1751751441,XAG,43.97162,48.72066
1751751441,PLT,1682.35504,1820.79205
1751751857,USD,37.52903,40.41557
1751751857,EUR,44.19193,47.60631
1751751857,XAU,4055.48219,4382.25774
1751751857,XAG,43.97162,48.72066
1751751857,PLT,1682.35504,1820.79205
1751752201,USD,37.52903,40.41557
1751752201,EUR,44.19193,47.60631
1751752201,XAU,4055.48219,4382.25774
1751752201,XAG,43.97162,48.72066
1751752201,PLT,1682.35504,1820.79205
1751752518,USD,37.52903,40.41557
1751752518,EUR,44.19193,47.60631
1751752518,XAU,4055.48219,4382.25774
1751752518,XAG,43.97162,48.72066
1751752518,PLT,1682.35504,1820.79205
