zaman,kur,alis,satis
1740603906,USD,33.87788,38.91139
1740603906,EUR,35.52604,40.8052
1740603906,XAU,3267.60796,3651.03746
1740603906,XAG,35.03278,39.1113
1740603906,PLT,1024.94953,1229.08992
1740604860,USD,33.89042,38.92553
1740604860,EUR,35.52428,40.80291
1740604860,XAU,3269.32191,3652.79023
1740604860,XAG,35.0843,39.17469
1740604860,PLT,1025.72191,1232.60349
