zaman,kur,alis,satis
1737234432,USD,33.14404,36.12373
1737234432,EUR,34.0439,37.12255
1737234432,XAU,2880.24391,3183.7396
1737234432,XAG,32.27399,35.36129
1737234432,PLT,1003.74704,1099.67597
1737235316,USD,33.14404,36.12373
1737235316,EUR,34.0439,37.12255
1737235316,XAU,2880.24391,3183.7396
1737235316,XAG,32.27399,35.36129
1737235316,PLT,1003.74704,1099.67597
1737235667,USD,33.14404,36.12373
1737235667,EUR,34.0439,37.12255
1737235667,XAU,2880.24391,3183.7396
1737235667,XAG,32.27399,35.36129
1737235667,PLT,1003.74704,1099.67597
