zaman,kur,alis,satis
1747084490,USD,36.2197,41.29206
1747084490,EUR,40.15823,45.809
1747084490,XAU,3706.5834,4317.83183
1747084490,XAG,37.93125,43.31977
1747084490,PLT,1129.37603,1318.73123
1747085367,USD,36.21386,41.29215
1747085367,EUR,40.14849,45.79258
1747085367,XAU,3705.98537,4317.84074
1747085367,XAG,37.92513,43.31986
1747085367,PLT,1129.19382,1322.38858
1747085905,USD,36.21386,41.29215
1747085905,EUR,40.15067,45.79795
1747085905,XAU,3705.98537,4317.84074
1747085905,XAG,37.92513,43.31986
1747085905,PLT,1133.08032,1315.13267
