zaman,kur,alis,satis
1739135450,USD,33.56954,36.65615
1739135450,EUR,34.63,37.82585
1739135450,XAU,3088.6592,3418.03658
1739135450,XAG,34.26991,37.55927
1739135450,PLT,1051.81774,1157.80398
1739136210,USD,33.56954,36.65615
1739136210,EUR,34.63537,37.82878
1739136210,XAU,3067.59145,3441.1447
1739136210,XAG,34.26991,37.55927
1739136210,PLT,1051.81774,1157.80398
1739136547,USD,33.56954,36.73056
1739136547,EUR,34.59878,37.88647
1739136547,XAU,3088.6592,3424.9748
1739136547,XAG,34.26991,37.63551
1739136547,PLT,1051.81774,1160.15419
1739136938,USD,33.56954,36.73056
1739136938,EUR,34.56017,37.82807
1739136938,XAU,3067.59145,3448.12983
1739136938,XAG,34.26991,37.63551
1739136938,PLT,1051.81774,1160.15419
