zaman,kur,alis,satis
1739998985,USD,33.74926,38.7597
1739998985,EUR,35.18057,40.40466
1739998985,XAU,3276.85611,3660.70708
1739998985,XAG,35.91096,40.09593
1739998985,PLT,1029.79469,1232.23576
