zaman,kur,alis,satis
1737062046,USD,32.1075,38.31025
1737062046,EUR,33.06655,39.45534
1737062046,XAU,2918.38465,3380.40929
1737062046,XAG,31.80557,37.97094
1737062046,PLT,965.51195,1153.16956
