zaman,kur,alis,satis
1737839067,USD,33.45428,36.2428
1737839067,EUR,35.10659,38.04008
1737839067,XAU,2981.02613,3272.26083
1737839067,XAG,32.77636,35.7695
1737839067,PLT,1016.85327,1115.71051
1737839981,USD,33.45428,36.2428
1737839981,EUR,35.10659,38.04008
1737839981,XAU,2981.02613,3272.26083
1737839981,XAG,32.77636,35.7695
1737839981,PLT,1016.85327,1115.71051
1737840453,USD,33.45428,36.2428
1737840453,EUR,35.10659,38.04008
1737840453,XAU,2981.02613,3272.26083
1737840453,XAG,32.77636,35.7695
1737840453,PLT,1016.85327,1115.71051
1737840824,USD,33.45428,36.2428
1737840824,EUR,35.10659,38.04008
1737840824,XAU,2981.02613,3272.26083
1737840824,XAG,32.77636,35.7695
1737840824,PLT,1016.85327,1115.71051
1737841173,USD,33.45428,36.2428
1737841173,EUR,35.10659,38.04008
1737841173,XAU,2981.02613,3272.26083
1737841173,XAG,32.77636,35.7695
1737841173,PLT,1016.85327,1115.71051
1737841500,USD,33.45428,36.2428
1737841500,EUR,35.10659,38.04008
1737841500,XAU,2981.02613,3272.26083
1737841500,XAG,32.77636,35.7695
1737841500,PLT,1016.85327,1115.71051
1737841827,USD,33.45428,36.2428
1737841827,EUR,35.10659,38.04008
1737841827,XAU,2981.02613,3272.26083
1737841827,XAG,32.77636,35.7695
1737841827,PLT,1016.85327,1115.71051
1737842176,USD,33.45428,36.2428
1737842176,EUR,35.10659,38.04008
1737842176,XAU,2981.02613,3272.26083
1737842176,XAG,32.77636,35.7695
1737842176,PLT,1016.85327,1115.71051
1737842959,USD,33.45428,36.2428
1737842959,EUR,35.10659,38.04008
1737842959,XAU,2981.02613,3272.26083
1737842959,XAG,32.77636,35.7695
1737842959,PLT,1016.85327,1115.71051
1737844032,USD,33.45428,36.2428
1737844032,EUR,35.10659,38.04008
1737844032,XAU,2981.02613,3272.26083
1737844032,XAG,32.77636,35.7695
1737844032,PLT,1016.85327,1115.71051
1737844632,USD,33.45428,36.2428
1737844632,EUR,35.10659,38.04008
1737844632,XAU,2981.02613,3272.26083
1737844632,XAG,32.77636,35.7695
1737844632,PLT,1016.85327,1115.71051
1737844988,USD,33.45428,36.2428
1737844988,EUR,35.10659,38.04008
1737844988,XAU,2981.02613,3272.26083
1737844988,XAG,32.77636,35.7695
1737844988,PLT,1016.85327,1115.71051
1737845332,USD,33.45428,36.2428
1737845332,EUR,35.10659,38.04008
1737845332,XAU,2981.02613,3272.26083
1737845332,XAG,32.77636,35.7695
1737845332,PLT,1016.85327,1115.71051
