zaman,kur,alis,satis
1746393326,USD,36.10879,39.22069
1746393326,EUR,40.79318,44.56633
1746393326,XAU,3741.84857,4147.11056
1746393326,XAG,37.12288,40.60395
1746393326,PLT,1110.48337,1228.07844
