zaman,kur,alis,satis
1737321119,USD,33.34002,36.25568
1737321119,EUR,34.2472,37.26032
1737321119,XAU,2897.2747,3195.36908
1737321119,XAG,32.46483,35.49045
1737321119,PLT,1009.68216,1103.69284
