zaman,kur,alis,satis
1738790134,USD,32.54001,38.83025
1738790134,EUR,33.8556,40.40054
1738790134,XAU,3119.12652,3613.47358
1738790134,XAG,33.78865,40.34024
1738790134,PLT,1029.27912,1232.56639
1738790894,USD,32.54116,38.82926
1738790894,EUR,33.85778,40.40068
1738790894,XAU,3119.2261,3613.00325
1738790894,XAG,33.78776,40.33422
1738790894,PLT,1029.35742,1232.17309
1738791383,USD,32.54128,38.83285
1738791383,EUR,33.85172,40.39742
1738791383,XAU,3119.88036,3614.15717
1738791383,XAG,33.79625,40.34419
1738791383,PLT,1029.07867,1231.91224
