zaman,kur,alis,satis
1740517262,USD,33.8868,38.9254
1740517262,EUR,35.6357,40.9359
1740517262,XAU,3265.31901,3648.59581
1740517262,XAG,34.86251,38.92625
1740517262,PLT,1026.58932,1229.27914
