zaman,kur,alis,satis
1746565796,USD,36.04178,41.12653
1746565796,EUR,40.96004,46.77485
1746565796,XAU,3912.81349,4558.80061
1746565796,XAG,38.47024,43.95987
1746565796,PLT,1134.45495,1316.14142
