zaman,kur,alis,satis
1742505482,USD,35.9669,40.99448
1742505482,EUR,39.03524,44.50197
1742505482,XAU,3495.94798,3997.97334
1742505482,XAG,38.80649,44.31548
1742505482,PLT,1089.23434,1311.82496
1742506276,USD,35.97166,40.99572
1742506276,EUR,39.04184,44.50495
1742506276,XAU,3496.36365,3998.09447
1742506276,XAG,38.81162,44.31682
1742506276,PLT,1089.37819,1311.8647
1742506765,USD,35.97166,41.02134
1742506765,EUR,39.04148,44.53276
1742506765,XAU,3503.06091,3996.656
1742506765,XAG,38.81162,44.34451
1742506765,PLT,1089.37819,1312.68446
1742507117,USD,35.97166,40.99907
1742507117,EUR,39.04148,44.50941
1742507117,XAU,3503.06091,3994.4863
1742507117,XAG,38.81162,44.32044
1742507117,PLT,1089.37819,1311.97184
1742507483,USD,35.98733,41.00549
1742507483,EUR,39.05813,44.51597
1742507483,XAU,3504.5874,3995.11238
1742507483,XAG,38.82853,44.32738
1742507483,PLT,1089.8529,1312.17747
1742507840,USD,35.9764,41.06106
1742507840,EUR,39.04627,44.57589
1742507840,XAU,3503.52349,4000.5261
1742507840,XAG,38.81674,44.38745
1742507840,PLT,1089.52204,1313.95558
1742510037,USD,37.50624,38.6442
1742510037,EUR,40.7224,41.95988
1742510037,XAU,3582.28854,3876.17078
1742510037,XAG,39.64475,42.91506
1742510037,PLT,1175.97522,1234.89443
