zaman,kur,alis,satis
1745528432,USD,35.85585,40.99398
1745528432,EUR,40.84017,46.6987
1745528432,XAU,3799.18943,4433.60963
1745528432,XAG,38.70845,44.27645
1745528432,PLT,1113.80639,1297.4263
