zaman,kur,alis,satis
1750626567,USD,37.48607,40.29461
1750626567,EUR,42.9864,46.24411
1750626567,XAU,3987.76504,4515.87569
1750626567,XAG,43.36046,46.69221
1750626567,PLT,1525.07848,1647.88312
1750627584,USD,37.48607,40.28931
1750627584,EUR,43.00627,46.23077
1750627584,XAU,3987.76504,4515.28191
1750627584,XAG,43.36046,46.68607
1750627584,PLT,1525.07848,1647.66645
1750628328,USD,37.487,40.29461
1750628328,EUR,42.99121,46.22597
1750628328,XAU,3987.86356,4515.87569
1750628328,XAG,43.36153,46.69221
1750628328,PLT,1525.11616,1647.88312
1750628623,USD,37.487,40.29461
1750628623,EUR,42.99534,46.22839
1750628623,XAU,3987.86356,4515.87569
1750628623,XAG,43.36153,46.69221
1750628623,PLT,1525.11616,1647.88312
1750628984,USD,37.487,40.29461
1750628984,EUR,42.99346,46.23282
1750628984,XAU,3987.86356,4515.87569
1750628984,XAG,43.36153,46.69221
1750628984,PLT,1525.11616,1647.88312
