zaman,kur,alis,satis
1750799704,USD,36.95531,42.14887
1750799704,EUR,42.90142,48.95169
1750799704,XAU,3886.27629,4524.52945
1750799704,XAG,42.65157,48.69641
1750799704,PLT,1556.83668,1801.83628
