zaman,kur,alis,satis
1742331633,USD,34.18139,39.14546
1742331633,EUR,37.48775,42.49308
1742331633,XAU,3412.65568,3819.72408
1742331633,XAG,37.93252,42.23233
1742331633,PLT,1065.45927,1288.83035
1742332467,USD,34.26302,39.05557
1742332467,EUR,37.57556,42.40287
1742332467,XAU,3412.67048,3816.4713
1742332467,XAG,38.02311,42.13535
1742332467,PLT,1067.38186,1285.87093
1742333701,USD,34.2802,39.06075
1742333701,EUR,37.59371,42.40268
1742333701,XAU,3422.52058,3811.45826
1742333701,XAG,38.04217,42.14094
1742333701,PLT,1067.91693,1286.04134
1742334151,USD,34.2802,39.0607
1742334151,EUR,37.59336,42.39758
1742334151,XAU,3422.52058,3811.45307
1742334151,XAG,37.93137,42.37667
1742334151,PLT,1067.91693,1286.03959
1742334512,USD,34.2802,39.06072
1742334512,EUR,37.58959,42.39954
1742334512,XAU,3422.52058,3811.45514
1742334512,XAG,38.04217,42.1409
1742334512,PLT,1067.91693,1286.04029
1742334877,USD,34.2802,39.06011
1742334877,EUR,37.58959,42.39695
1742334877,XAU,3422.52058,3811.39591
1742334877,XAG,38.04217,42.14025
1742334877,PLT,1067.91693,1286.0203
1742335841,USD,36.13088,37.1957
1742335841,EUR,39.55893,40.63083
1742335841,XAU,3476.48343,3708.46025
1742335841,XAG,38.84731,41.28418
1742335841,PLT,1150.26646,1206.21852
1742337070,USD,36.13088,37.1957
1742337070,EUR,39.55133,40.62266
1742337070,XAU,3476.66681,3708.6925
1742337070,XAG,38.85074,41.29146
1742337070,PLT,1153.83348,1208.87143
1742337734,USD,36.13113,37.20215
1742337734,EUR,39.54618,40.62451
1742337734,XAU,3476.25501,3708.67551
1742337734,XAG,38.84186,41.29255
1742337734,PLT,1158.65514,1208.73291
1742338064,USD,36.13088,37.1957
1742338064,EUR,39.54844,40.62044
1742338064,XAU,3476.72411,3708.52137
1742338064,XAG,38.84959,41.29511
1742338064,PLT,1159.1667,1208.7994
1742338441,USD,36.13088,37.1957
1742338441,EUR,39.55206,40.62415
1742338441,XAU,3477.64098,3709.73153
1742338441,XAG,38.84948,41.30725
1742338441,PLT,1159.91705,1209.48363
1742338738,USD,36.12864,37.20198
1742338738,EUR,39.54562,40.62655
1742338738,XAU,3477.31004,3710.05207
1742338738,XAG,38.85289,41.30572
1742338738,PLT,1159.9026,1209.81986
