zaman,kur,alis,satis
1741036860,USD,33.88513,38.91975
1741036860,EUR,35.53737,40.81903
1741036860,XAU,3241.45644,3621.89831
1741036860,XAG,34.8663,38.93781
1741036860,PLT,1013.89121,1217.11378
1741037579,USD,33.88681,38.91912
1741037579,EUR,35.55031,40.83043
1741037579,XAU,3243.45472,3623.62999
1741037579,XAG,34.87574,38.94824
1741037579,PLT,1013.68648,1217.39815
1741038178,USD,33.88649,38.91907
1741038178,EUR,35.54998,40.83039
1741038178,XAU,3242.99856,3623.36309
1741038178,XAG,34.88422,38.95311
1741038178,PLT,1013.26284,1218.19507
1741038546,USD,33.88553,38.92227
1741038546,EUR,35.54118,40.8244
1741038546,XAU,3243.68005,3624.52462
1741038546,XAG,34.88654,38.9686
1741038546,PLT,1013.01116,1217.91497
1741038902,USD,33.88789,38.92189
1741038902,EUR,35.53416,40.81311
1741038902,XAU,3242.3813,3622.99978
1741038902,XAG,34.87354,38.95593
1741038902,PLT,1011.24428,1217.38372
1741041119,USD,35.8632,37.02281
1741041119,EUR,37.61009,38.82953
1741041119,XAU,3279.85502,3553.78203
1741041119,XAG,35.62143,38.45325
1741041119,PLT,1093.06059,1146.39968
1741042142,USD,35.8632,37.01153
1741042142,EUR,37.60651,38.81955
1741042142,XAU,3279.86657,3533.3577
1741042142,XAG,35.62143,38.44154
1741042142,PLT,1093.06059,1146.05044
1741042508,USD,35.8632,37.02362
1741042508,EUR,37.60686,38.83334
1741042508,XAU,3279.86657,3534.51197
1741042508,XAG,35.62143,38.4541
1741042508,PLT,1093.06059,1146.42483
1741043577,USD,35.86089,37.02377
1741043577,EUR,37.59835,38.81942
1741043577,XAU,3341.75724,3431.47632
1741043577,XAG,36.56732,37.57431
1741043577,PLT,1092.77015,1144.66237
1741044492,USD,35.86089,37.02377
1741044492,EUR,37.62596,38.84793
1741044492,XAU,3340.9139,3430.34969
1741044492,XAG,36.62348,37.5832
1741044492,PLT,1100.28006,1148.37516
1741044869,USD,35.8586,37.02392
1741044869,EUR,37.60957,38.83365
1741044869,XAU,3340.88496,3430.34008
1741044869,XAG,36.60611,37.57032
1741044869,PLT,1098.83346,1147.09055
1741045266,USD,35.86242,37.0227
1741045266,EUR,37.62075,38.83866
1741045266,XAU,3340.87126,3429.824
1741045266,XAG,36.59499,37.55248
1741045266,PLT,1098.033,1146.03809
