zaman,kur,alis,satis
1740949247,USD,34.02749,37.21238
1740949247,EUR,35.36545,38.68562
1740949247,XAU,3117.40885,3474.26721
1740949247,XAG,33.92553,37.44759
1740949247,PLT,1033.29158,1141.80162
