zaman,kur,alis,satis
1745269218,USD,35.56978,40.7436
1745269218,EUR,40.95363,46.92237
1745269218,XAU,4062.89905,4714.81525
1745269218,XAG,37.36239,42.81791
1745269218,PLT,1096.65535,1278.82846
1745270259,USD,35.6952,40.70768
1745270259,EUR,41.08231,46.87245
1745270259,XAU,4055.80257,4719.83361
1745270259,XAG,36.76079,43.57197
1745270259,PLT,1099.10876,1275.22627
1745270994,USD,35.69116,40.71013
1745270994,EUR,41.07552,46.86794
1745270994,XAU,4074.7862,4713.1704
1745270994,XAG,37.46923,42.83396
1745270994,PLT,1098.98439,1275.303
