zaman,kur,alis,satis
1738876412,USD,32.52493,38.81201
1738876412,EUR,33.78689,40.3183
1738876412,XAU,3110.36135,3603.17162
1738876412,XAG,33.70188,40.22895
1738876412,PLT,1031.87848,1241.07165
1738877151,USD,32.5241,38.81217
1738877151,EUR,33.774,40.30489
1738877151,XAU,3109.66155,3602.46754
1738877151,XAG,33.67698,40.2079
1738877151,PLT,1032.15344,1237.93228
1738877490,USD,32.52424,38.8112
1738877490,EUR,33.78065,40.31164
1738877490,XAU,3110.40432,3603.14671
1738877490,XAG,33.68862,40.22436
1738877490,PLT,1032.1473,1235.28081
