zaman,kur,alis,satis
1746911475,USD,36.26395,39.24285
1746911475,EUR,40.79441,44.16508
1746911475,XAU,3897.0106,4237.19079
1746911475,XAG,38.11409,41.32908
1746911475,PLT,1162.99813,1267.52849
1746912317,USD,36.26395,39.24285
1746912317,EUR,40.79441,44.16508
1746912317,XAU,3897.0106,4237.19079
1746912317,XAG,38.11409,41.32908
1746912317,PLT,1162.99813,1267.52849
1746912644,USD,36.26395,39.24285
1746912644,EUR,40.79441,44.16508
1746912644,XAU,3897.0106,4237.19079
1746912644,XAG,38.11409,41.32908
1746912644,PLT,1162.99813,1267.52849
