zaman,kur,alis,satis
1743888486,USD,35.44738,38.62079
1743888486,EUR,38.85352,42.33958
1743888486,XAU,3443.09251,3829.40284
1743888486,XAG,33.65848,36.8046
1743888486,PLT,1044.54602,1154.44607
1743888842,USD,35.44738,38.62079
1743888842,EUR,38.85352,42.33958
1743888842,XAU,3443.09251,3829.40284
1743888842,XAG,33.65848,36.8046
1743888842,PLT,1044.54602,1154.44607
1743889562,USD,35.44738,38.62079
1743889562,EUR,38.85352,42.33958
1743889562,XAU,3443.09251,3829.40284
1743889562,XAG,33.65848,36.8046
1743889562,PLT,1044.54602,1154.44607
1743889923,USD,35.44738,38.62079
1743889923,EUR,38.85352,42.33958
1743889923,XAU,3443.09251,3829.40284
1743889923,XAG,33.65848,36.8046
1743889923,PLT,1044.54602,1154.44607
1743890288,USD,35.44738,38.62079
1743890288,EUR,38.85352,42.33958
1743890288,XAU,3443.09251,3829.40284
1743890288,XAG,33.65848,36.8046
1743890288,PLT,1044.54602,1154.44607
