zaman,kur,alis,satis
1742160829,USD,34.41919,37.19189
1742160829,EUR,37.64241,40.42077
1742160829,XAU,3274.20961,3632.82402
1742160829,XAG,37.26671,40.55734
1742160829,PLT,1095.83687,1199.27943
