zaman,kur,alis,satis
1744492510,USD,35.38849,38.4923
1744492510,EUR,40.20132,43.73495
1744492510,XAU,3663.59692,4087.11619
1744492510,XAG,36.70434,40.04175
1744492510,PLT,1076.19025,1176.24508
1744493238,USD,35.38849,38.4923
1744493238,EUR,40.20132,43.73495
1744493238,XAU,3663.59692,4087.11619
1744493238,XAG,36.70434,40.04175
1744493238,PLT,1076.19025,1176.24508
1744493677,USD,35.38849,38.4923
1744493677,EUR,40.20132,43.73495
1744493677,XAU,3663.59692,4087.11619
1744493677,XAG,36.70434,40.04175
1744493677,PLT,1076.19025,1176.24508
1744494053,USD,35.38849,38.4923
1744494053,EUR,40.20132,43.73495
1744494053,XAU,3663.59692,4087.11619
1744494053,XAG,36.70434,40.04175
1744494053,PLT,1076.19025,1176.24508
1744494389,USD,35.38849,38.4923
1744494389,EUR,40.20132,43.73495
1744494389,XAU,3663.59692,4087.11619
1744494389,XAG,36.70434,40.04175
1744494389,PLT,1076.19025,1176.24508
1744494733,USD,35.38849,38.4923
1744494733,EUR,40.20132,43.73495
1744494733,XAU,3663.59692,4087.11619
1744494733,XAG,36.70434,40.04175
1744494733,PLT,1076.19025,1176.24508
1744495058,USD,35.38849,38.4923
1744495058,EUR,40.20132,43.73495
1744495058,XAU,3663.59692,4087.11619
1744495058,XAG,36.70434,40.04175
1744495058,PLT,1076.19025,1176.24508
1744495881,USD,35.38849,38.4923
1744495881,EUR,40.20132,43.73495
1744495881,XAU,3663.59692,4087.11619
1744495881,XAG,36.70434,40.04175
1744495881,PLT,1076.19025,1176.24508
1744496964,USD,35.38849,38.4923
1744496964,EUR,40.20132,43.73495
1744496964,XAU,3663.59692,4087.11619
1744496964,XAG,36.70434,40.04175
1744496964,PLT,1076.19025,1176.24508
