zaman,kur,alis,satis
1740778049,USD,34.19347,37.09218
1740778049,EUR,35.47606,38.48462
1740778049,XAU,3133.45907,3460.51367
1740778049,XAG,34.23691,37.15481
1740778049,PLT,1038.56251,1132.91396
1740778884,USD,34.19338,37.09122
1740778884,EUR,35.46743,38.47547
1740778884,XAU,3134.67971,3461.61136
1740778884,XAG,34.24012,37.1622
1740778884,PLT,1038.92273,1133.79109
1740780204,USD,34.01801,37.17517
1740780204,EUR,35.29879,38.59341
1740780204,XAU,3116.54052,3470.79374
1740780204,XAG,33.91608,37.41015
1740780204,PLT,1033.00377,1140.66008
