zaman,kur,alis,satis
1744059927,USD,34.96225,40.20832
1744059927,EUR,38.12773,43.86044
1744059927,XAU,3317.40855,3924.59113
1744059927,XAG,34.25914,40.60079
1744059927,PLT,1028.85929,1217.04125
1744061010,USD,34.97319,40.23816
1744061010,EUR,38.14316,43.90345
1744061010,XAU,3318.44713,3927.50395
1744061010,XAG,34.27451,40.62959
1744061010,PLT,1029.1814,1217.94453
1744061723,USD,35.06314,40.12878
1744061723,EUR,38.24652,43.78893
1744061723,XAU,3321.40828,3925.30227
1744061723,XAG,34.35451,40.52445
1744061723,PLT,1031.82824,1214.63387
1744062255,USD,35.06818,40.12303
1744062255,EUR,38.25588,43.78586
1744062255,XAU,3321.74015,3924.75278
1744062255,XAG,34.17557,40.86387
1744062255,PLT,1031.97663,1214.4598
1744062611,USD,35.06818,40.12303
1744062611,EUR,38.25412,43.78546
1744062611,XAU,3321.74015,3924.75278
1744062611,XAG,34.93966,39.93749
1744062611,PLT,1031.97663,1214.4598
1744062866,USD,35.053,40.14034
1744062866,EUR,38.24773,43.82562
1744062866,XAU,3321.4575,3914.21469
1744062866,XAG,34.1631,40.87884
1744062866,PLT,1031.53009,1214.98363
