zaman,kur,alis,satis
1743109239,USD,35.04958,40.14693
1743109239,EUR,39.05166,44.56713
1743109239,XAU,3453.58452,3967.46124
1743109239,XAG,39.15186,44.8695
1743109239,PLT,1109.89914,1305.90688
1743110073,USD,35.12356,40.11167
1743110073,EUR,39.12539,44.53334
1743110073,XAU,3456.10552,3964.23509
1743110073,XAG,39.2345,44.83008
1743110073,PLT,1112.24193,1304.75973
1743111031,USD,35.06973,40.15042
1743111031,EUR,39.06217,44.55573
1743111031,XAU,3450.80863,3968.06463
1743111031,XAG,39.17437,44.87339
1743111031,PLT,1110.53729,1306.02016
1743111510,USD,35.11884,40.09781
1743111510,EUR,39.11506,44.49735
1743111510,XAU,3455.64029,3962.86576
1743111510,XAG,39.22922,44.8146
1743111510,PLT,1112.09221,1304.30904
1743111876,USD,35.12401,40.10115
1743111876,EUR,39.12082,44.50105
1743111876,XAU,3456.14922,3963.19531
1743111876,XAG,39.235,44.81832
1743111876,PLT,1112.25599,1304.4175
1743112242,USD,35.12419,40.09662
1743112242,EUR,39.12247,44.49809
1743112242,XAU,3456.16743,3962.74791
1743112242,XAG,39.23521,44.81327
1743112242,PLT,1112.26185,1304.27025
1743112594,USD,35.12369,40.10864
1743112594,EUR,39.12445,44.5106
1743112594,XAU,3456.11827,3963.93577
1743112594,XAG,39.23465,44.8267
1743112594,PLT,1112.24603,1304.66121
1743113757,USD,37.33834,38.46206
1743113757,EUR,40.57421,41.78957
1743113757,XAU,3565.32735,3859.06264
1743113757,XAG,40.33577,43.67852
1743113757,PLT,1182.97073,1235.43445
