zaman,kur,alis,satis
1739394270,USD,33.56823,38.55525
1739394270,EUR,34.87538,40.05698
1739394270,XAU,3219.84526,3597.4415
1739394270,XAG,35.11182,39.20992
1739394270,PLT,1044.36404,1247.42651
