zaman,kur,alis,satis
1737493966,USD,32.26334,38.50677
1737493966,EUR,33.62518,40.13291
1737493966,XAU,2963.1589,3433.19893
1737493966,XAG,31.95373,38.15086
1737493966,PLT,980.93436,1173.7802
