zaman,kur,alis,satis
1742505482,USD,35.9669,40.99448
1742505482,EUR,39.03524,44.50197
1742505482,XAU,3495.94798,3997.97334
1742505482,XAG,38.80649,44.31548
1742505482,PLT,1089.23434,1311.82496
1742506276,USD,35.97166,40.99572
1742506276,EUR,39.04184,44.50495
1742506276,XAU,3496.36365,3998.09447
1742506276,XAG,38.81162,44.31682
1742506276,PLT,1089.37819,1311.8647
1742506765,USD,35.97166,41.02134
1742506765,EUR,39.04148,44.53276
1742506765,XAU,3503.06091,3996.656
1742506765,XAG,38.81162,44.34451
1742506765,PLT,1089.37819,1312.68446
1742507117,USD,35.97166,40.99907
1742507117,EUR,39.04148,44.50941
1742507117,XAU,3503.06091,3994.4863
1742507117,XAG,38.81162,44.32044
1742507117,PLT,1089.37819,1311.97184
