zaman,kur,alis,satis
1747084490,USD,36.2197,41.29206
1747084490,EUR,40.15823,45.809
1747084490,XAU,3706.5834,4317.83183
1747084490,XAG,37.93125,43.31977
1747084490,PLT,1129.37603,1318.73123
1747085367,USD,36.21386,41.29215
1747085367,EUR,40.14849,45.79258
1747085367,XAU,3705.98537,4317.84074
1747085367,XAG,37.92513,43.31986
1747085367,PLT,1129.19382,1322.38858
1747085905,USD,36.21386,41.29215
1747085905,EUR,40.15067,45.79795
1747085905,XAU,3705.98537,4317.84074
1747085905,XAG,37.92513,43.31986
1747085905,PLT,1133.08032,1315.13267
1747086272,USD,36.21386,41.29208
1747086272,EUR,40.15067,45.79375
1747086272,XAU,3705.98537,4317.83406
1747086272,XAG,37.92513,43.31979
1747086272,PLT,1129.33279,1322.22648
1747086598,USD,36.2197,41.29199
1747086598,EUR,40.15715,45.79364
1747086598,XAU,3706.5834,4317.82403
1747086598,XAG,37.93125,43.31969
1747086598,PLT,1129.51502,1318.72885
1747086936,USD,36.219,41.29223
1747086936,EUR,40.16108,45.80589
1747086936,XAU,3697.26366,4320.15899
1747086936,XAG,37.93051,43.31995
1747086936,PLT,1129.49316,1318.73667
1747087709,USD,38.19356,39.32826
1747087709,EUR,42.36468,43.62683
1747087709,XAU,3828.29617,4192.941
1747087709,XAG,38.97662,42.1945
1747087709,PLT,1201.93891,1248.57628
1747089041,USD,38.19134,39.32816
1747089041,EUR,42.36107,43.62477
1747089041,XAU,3831.42371,4196.30136
1747089041,XAG,39.01146,42.23585
1747089041,PLT,1204.77595,1248.3582
1747089783,USD,38.19356,39.32817
1747089783,EUR,42.36888,43.62989
1747089783,XAU,3831.64621,4195.88766
1747089783,XAG,39.0269,42.24623
1747089783,PLT,1205.01763,1245.76363
