zaman,kur,alis,satis
1743888486,USD,35.44738,38.62079
1743888486,EUR,38.85352,42.33958
1743888486,XAU,3443.09251,3829.40284
1743888486,XAG,33.65848,36.8046
1743888486,PLT,1044.54602,1154.44607
