zaman,kur,alis,satis
1746046831,USD,37.89292,39.12277
1746046831,EUR,42.91676,44.32101
1746046831,XAU,3862.25113,4241.47409
1746046831,XAG,38.71234,42.05521
1746046831,PLT,1177.59735,1224.28791
