zaman,kur,alis,satis
1750368444,USD,37.02577,42.22425
1750368444,EUR,42.55593,48.54733
1750368444,XAU,3949.22312,4597.16637
1750368444,XAG,43.15697,49.56382
1750368444,PLT,1532.94353,1788.50902
1750369046,USD,37.02577,42.22425
1750369046,EUR,42.55593,48.54733
1750369046,XAU,3948.93017,4597.22091
1750369046,XAG,43.15697,49.56382
1750369046,PLT,1532.94353,1788.50902
1750369478,USD,37.02571,42.22546
1750369478,EUR,42.55587,48.54999
1750369478,XAU,3948.92419,4597.35309
1750369478,XAG,43.15691,49.56524
1750369478,PLT,1532.9412,1788.56045
1750369814,USD,37.02571,42.22496
1750369814,EUR,42.55476,48.5511
1750369814,XAU,3949.21714,4597.09408
1750369814,XAG,43.15691,49.56466
1750369814,PLT,1532.9412,1788.53925
1750370144,USD,37.02731,42.22203
1750370144,EUR,42.56326,48.54309
1750370144,XAU,3949.09471,4596.97972
1750370144,XAG,43.15877,49.56122
1750370144,PLT,1533.0074,1788.41519
1750370951,USD,39.03835,40.20736
1750370951,EUR,44.89059,46.23645
1750370951,XAU,4074.91184,4464.21118
1750370951,XAG,44.55717,48.2437
1750370951,PLT,1629.69942,1689.87247
1750372269,USD,39.03835,40.21408
1750372269,EUR,44.87224,46.2277
1750372269,XAU,4072.37096,4461.90944
1750372269,XAG,44.5327,48.22925
1750372269,PLT,1628.87197,1689.00317
1750373036,USD,39.03835,40.20736
1750373036,EUR,44.8699,46.21796
1750373036,XAU,4069.78411,4458.19493
1750373036,XAG,44.54126,48.22516
1750373036,PLT,1633.13459,1690.22188
1750373451,USD,39.03881,40.21182
1750373451,EUR,44.88721,46.23756
1750373451,XAU,4071.14781,4460.06811
1750373451,XAG,44.55157,48.24376
1750373451,PLT,1634.34459,1691.94964
