zaman,kur,alis,satis
1750886242,USD,37.12081,42.33109
1750886242,EUR,43.26505,49.35424
1750886242,XAU,3913.36499,4556.96087
1750886242,XAG,43.25172,49.38301
1750886242,PLT,1603.50689,1857.55229
1750887104,USD,37.11916,42.33296
1750887104,EUR,43.25422,49.3488
1750887104,XAU,3913.19151,4557.16265
1750887104,XAG,43.2498,49.3852
1750887104,PLT,1603.4358,1857.63454
