zaman,kur,alis,satis
1745875492,USD,35.87703,40.93961
1745875492,EUR,40.97013,46.76573
1745875492,XAU,3795.63359,4421.99492
1745875492,XAG,38.22335,43.67968
1745875492,PLT,1130.98314,1315.07902
1745875959,USD,35.87586,40.93801
1745875959,EUR,40.97059,46.76145
1745875959,XAU,3795.50994,4421.82237
1745875959,XAG,38.2221,43.67797
1745875959,PLT,1130.9463,1315.0277
1745876444,USD,35.87726,40.94249
1745876444,EUR,40.97219,46.76041
1745876444,XAU,3795.65832,4422.30551
1745876444,XAG,38.2236,43.68275
1745876444,PLT,1130.99051,1315.17139
1745876780,USD,35.87726,40.94249
1745876780,EUR,40.96681,46.76041
1745876780,XAU,3795.65832,4422.30551
1745876780,XAG,38.2236,43.68275
1745876780,PLT,1130.99051,1315.17139
