zaman,kur,alis,satis
1738184451,USD,32.4444,38.71496
1738184451,EUR,33.77948,40.31002
1738184451,XAU,2992.99941,3467.2034
1738184451,XAG,32.07255,38.28618
1738184451,PLT,991.45653,1186.59907
