zaman,kur,alis,satis
1744924579,USD,35.38815,40.54109
1744924579,EUR,40.20696,46.07697
1744924579,XAU,3724.85785,4356.45406
1744924579,XAG,37.00852,42.4711
1744924579,PLT,1095.45761,1280.74071
1744925340,USD,35.37022,40.63765
1744925340,EUR,40.21063,46.21923
1744925340,XAU,3722.97024,4366.83056
1744925340,XAG,36.98976,42.57226
1744925340,PLT,1094.90247,1283.79127
1744925816,USD,35.37022,40.63765
1744925816,EUR,40.20356,46.21029
1744925816,XAU,3722.97024,4366.83056
1744925816,XAG,36.98976,42.57226
1744925816,PLT,1094.90247,1283.79127
