zaman,kur,alis,satis
1745788271,USD,35.96895,39.08963
1745788271,EUR,40.869,44.65939
1745788271,XAU,3818.54634,4284.93771
1745788271,XAG,38.24263,41.86106
1745788271,PLT,1118.46762,1237.04626
