zaman,kur,alis,satis
1744837240,USD,35.61368,40.70025
1744837240,EUR,40.56327,46.42108
1744837240,XAU,3767.28165,4394.84007
1744837240,XAG,37.48423,42.91145
1744837240,PLT,1103.74876,1281.35944
1744838469,USD,35.61681,40.61074
1744838469,EUR,40.59961,46.29827
1744838469,XAU,3767.61299,4385.17437
1744838469,XAG,37.48753,42.81708
1744838469,PLT,1103.84583,1278.76956
