zaman,kur,alis,satis
1743714076,USD,36.06101,41.25378
1743714076,EUR,39.01286,44.79575
1743714076,XAU,3471.33191,4054.85872
1743714076,XAG,36.90321,42.28424
1743714076,PLT,1065.64785,1257.26798
