zaman,kur,alis,satis
1743800459,USD,35.44738,38.62079
1743800459,EUR,38.86026,42.34692
1743800459,XAU,3443.33064,3828.04229
1743800459,XAG,33.65848,36.8046
1743800459,PLT,1044.54602,1154.44607
