zaman,kur,alis,satis
1740430867,USD,33.88049,38.907
1740430867,EUR,35.44881,40.70879
1740430867,XAU,3306.96511,3694.35783
1740430867,XAG,35.6157,39.76669
1740430867,PLT,1028.05449,1228.85014
