zaman,kur,alis,satis
1742245365,USD,34.21625,39.02494
1742245365,EUR,37.44608,42.28563
1742245365,XAU,3377.27619,3766.48078
1742245365,XAG,37.79716,41.92237
1742245365,PLT,1069.15817,1285.88272
1742246327,USD,34.23135,39.0183
1742246327,EUR,37.45197,42.26759
1742246327,XAU,3378.76652,3765.83939
1742246327,XAG,37.81384,41.91523
1742246327,PLT,1069.62996,1285.66375
1742247534,USD,34.23717,39.0106
1742247534,EUR,37.47206,42.26157
1742247534,XAU,3379.34086,3765.09623
1742247534,XAG,37.82026,41.90696
1742247534,PLT,1069.81179,1285.41003
1742247893,USD,34.23717,39.0106
1742247893,EUR,37.47206,42.26157
1742247893,XAU,3377.25842,3765.30937
1742247893,XAG,37.82026,41.90696
1742247893,PLT,1069.81179,1285.41003
1742248263,USD,34.2342,39.00711
1742248263,EUR,37.46882,42.25663
1742248263,XAU,3379.04815,3764.75908
1742248263,XAG,37.81699,41.90321
1742248263,PLT,1069.71912,1285.29493
1742248571,USD,34.23439,39.00654
1742248571,EUR,37.46936,42.25988
1742248571,XAU,3376.98435,3764.91773
1742248571,XAG,37.81719,41.9026
1742248571,PLT,1069.72497,1285.27633
1742248942,USD,36.07861,37.14131
1742248942,EUR,39.42264,40.49061
1742248942,XAU,3434.6944,3663.85662
1742248942,XAG,38.65288,41.08424
1742248942,PLT,1157.24744,1206.20485
1742251023,USD,36.08173,37.14109
1742251023,EUR,39.42461,40.48814
1742251023,XAU,3434.35097,3662.96799
1742251023,XAG,38.62769,41.06944
1742251023,PLT,1152.51743,1207.0846
1742251571,USD,36.08208,37.14108
1742251571,EUR,39.42463,40.48702
1742251571,XAU,3433.84588,3662.3689
1742251571,XAG,38.61665,41.05367
1742251571,PLT,1152.05579,1207.21612
1742251927,USD,36.07863,37.14045
1742251927,EUR,39.42302,40.49004
1742251927,XAU,3433.97529,3662.80733
1742251927,XAG,38.60953,41.05297
1742251927,PLT,1151.84188,1207.33952
1742252293,USD,36.08242,37.1406
1742252293,EUR,39.425,40.4865
1742252293,XAU,3433.78715,3662.13881
1742252293,XAG,38.60572,41.03871
1742252293,PLT,1151.97458,1206.99686
1742252544,USD,36.08272,37.1421
1742252544,EUR,39.41847,40.48183
1742252544,XAU,3483.8967,3568.73711
1742252544,XAG,39.35525,40.27736
1742252544,PLT,1153.03311,1206.69803
1742254342,USD,36.08223,37.1431
1742254342,EUR,39.41505,40.47995
1742254342,XAU,3485.34804,3570.47413
1742254342,XAG,39.31981,40.24619
1742254342,PLT,1152.42973,1207.44955
1742254824,USD,36.0805,37.14457
1742254824,EUR,39.41388,40.48192
1742254824,XAU,3485.88876,3571.55524
1742254824,XAG,39.3249,40.2454
1742254824,PLT,1152.91612,1207.37748
