zaman,kur,alis,satis
1746219632,USD,35.91028,40.97636
1746219632,EUR,40.56928,46.31066
1746219632,XAU,3681.84206,4288.46029
1746219632,XAG,36.9188,42.2141
1746219632,PLT,1104.36277,1282.77213
1746220716,USD,35.91028,40.97636
1746220716,EUR,40.56928,46.31066
1746220716,XAU,3681.84206,4288.46029
1746220716,XAG,36.9188,42.2141
1746220716,PLT,1104.36277,1282.77213
1746221437,USD,36.0063,39.14877
1746221437,EUR,40.67776,44.46258
1746221437,XAU,3731.22809,4139.50644
1746221437,XAG,37.01751,40.5295
1746221437,PLT,1107.33149,1225.82664
