zaman,kur,alis,satis
1738098872,USD,32.39258,38.64797
1738098872,EUR,33.79518,40.32258
1738098872,XAU,2997.37461,3471.74408
1738098872,XAG,31.62037,37.7403
1738098872,PLT,982.69747,1175.04008
