zaman,kur,alis,satis
1752095786,USD,37.39453,42.62929
1752095786,EUR,43.82003,49.96366
1752095786,XAU,3920.80552,4562.18165
1752095786,XAG,43.71749,49.90906
1752095786,PLT,1609.5119,1866.13773
1752096698,USD,37.39593,42.62977
1752096698,EUR,43.81868,49.96379
1752096698,XAU,3920.95257,4562.23294
1752096698,XAG,43.71913,49.90962
1752096698,PLT,1609.57226,1866.15871
1752097356,USD,37.39663,42.62977
1752097356,EUR,43.82773,49.9672
1752097356,XAU,3921.0261,4562.23294
1752097356,XAG,43.71995,49.90962
1752097356,PLT,1592.81918,1884.42892
1752097715,USD,37.39663,42.62977
1752097715,EUR,43.82025,49.97019
1752097715,XAU,3921.0261,4562.23294
1752097715,XAG,43.71995,49.90962
1752097715,PLT,1592.81918,1884.42892
1752098063,USD,37.39453,42.62929
1752098063,EUR,43.82115,49.96664
1752098063,XAU,3905.71408,4570.16819
1752098063,XAG,43.71749,49.90906
1752098063,PLT,1609.5119,1866.13773
1752098402,USD,37.39453,42.62929
1752098402,EUR,43.83462,49.98113
1752098402,XAU,3912.79115,4572.28802
1752098402,XAG,43.71424,49.88165
1752098402,PLT,1593.01658,1884.00841
1752099550,USD,39.41952,40.59472
1752099550,EUR,46.21545,47.59731
1752099550,XAU,4055.06539,4441.38022
1752099550,XAG,44.98605,48.6895
1752099550,PLT,1706.90922,1772.42187
1752100692,USD,39.41952,40.59472
1752100692,EUR,46.21663,47.59731
1752100692,XAU,4055.72514,4441.79498
1752100692,XAG,44.98234,48.69217
1752100692,PLT,1710.02346,1769.93939
1752101347,USD,39.41952,40.59472
1752101347,EUR,46.21742,47.59731
1752101347,XAU,4056.09167,4442.51746
1752101347,XAG,44.96998,48.6788
1752101347,PLT,1707.21304,1768.31925
