zaman,kur,alis,satis
1739826240,USD,33.69917,38.70723
1739826240,EUR,35.32684,40.57872
1739826240,XAU,3211.56409,3625.43134
1739826240,XAG,35.25974,39.69573
1739826240,PLT,1036.74688,1246.28223
