zaman,kur,alis,satis
1747343548,USD,36.20442,41.34761
1747343548,EUR,40.50224,46.26881
1747343548,XAU,3698.24962,4331.29359
1747343548,XAG,37.97069,43.41851
1747343548,PLT,1147.02779,1333.14809
