zaman,kur,alis,satis
1739221811,USD,32.62705,38.92594
1739221811,EUR,33.63294,40.12642
1739221811,XAU,3175.43558,3677.96637
1739221811,XAG,33.61259,40.12428
1739221811,PLT,1035.63026,1242.32447
1739222654,USD,32.6235,38.92324
1739222654,EUR,33.62341,40.11779
1739222654,XAU,3175.04654,3677.68536
1739222654,XAG,33.59635,40.1315
1739222654,PLT,1035.94766,1242.02536
1739223008,USD,32.62545,38.92378
1739223008,EUR,33.62314,40.11484
1739223008,XAU,3175.01791,3677.5467
1739223008,XAG,33.61619,40.12079
1739223008,PLT,1036.26136,1242.91863
