zaman,kur,alis,satis
1751750867,USD,37.52903,40.41557
1751750867,EUR,44.19193,47.60631
1751750867,XAU,4055.48219,4382.25774
1751750867,XAG,43.97162,48.72066
1751750867,PLT,1682.35504,1820.79205
