zaman,kur,alis,satis
1751404088,USD,37.18771,42.42534
1751404088,EUR,43.87926,50.07039
1751404088,XAU,3928.6843,4575.01717
1751404088,XAG,42.83209,49.41095
1751404088,PLT,1613.67951,1867.61115
1751405274,USD,37.20982,42.42534
1751405274,EUR,43.91205,50.0776
1751405274,XAU,3931.02039,4575.01717
1751405274,XAG,42.85756,49.41095
1751405274,PLT,1614.63904,1867.61115
1751405921,USD,37.2102,42.42534
1751405921,EUR,43.91473,50.0793
1751405921,XAU,3931.0599,4575.01717
1751405921,XAG,42.85799,49.41095
1751405921,PLT,1614.65527,1867.61115
1751406403,USD,37.20982,42.42534
1751406403,EUR,43.91801,50.07972
1751406403,XAU,3927.21435,4578.77078
1751406403,XAG,42.85756,49.41095
1751406403,PLT,1614.63904,1867.61115
1751406760,USD,37.21342,42.42534
1751406760,EUR,43.92486,50.08524
1751406760,XAU,3927.59428,4578.77078
1751406760,XAG,42.86171,49.41095
1751406760,PLT,1614.79525,1867.61115
