zaman,kur,alis,satis
1736975368,USD,32.14186,38.34986
1736975368,EUR,33.08587,39.47658
1736975368,XAU,2902.37053,3361.83866
1736975368,XAG,31.74145,37.87827
1736975368,PLT,972.42537,1162.68441
