zaman,kur,alis,satis
1747257037,USD,36.18586,41.30256
1747257037,EUR,40.43661,46.17296
1747257037,XAU,3637.37572,4238.73869
1747257037,XAG,37.24283,43.07468
1747257037,PLT,1136.92775,1317.55634
1747257412,USD,36.18586,41.30256
1747257412,EUR,40.43661,46.17048
1747257412,XAU,3637.37572,4238.73869
1747257412,XAG,37.31612,43.07468
1747257412,PLT,1136.92775,1317.55634
1747257923,USD,36.17104,41.3054
1747257923,EUR,40.42113,46.17365
1747257923,XAU,3635.88605,4239.02942
1747257923,XAG,37.22758,43.07764
1747257923,PLT,1136.46213,1317.64671
1747258272,USD,36.17104,41.3054
1747258272,EUR,40.42294,46.17365
1747258272,XAU,3635.88605,4239.02942
1747258272,XAG,37.22758,43.07764
1747258272,PLT,1136.46213,1317.64671
1747258652,USD,36.18586,41.30049
1747258652,EUR,40.4395,46.16692
1747258652,XAU,3637.37572,4238.52556
1747258652,XAG,37.24283,43.07252
1747258652,PLT,1136.92775,1317.4901
1747258993,USD,36.18492,41.3015
1747258993,EUR,40.43846,46.16929
1747258993,XAU,3637.28174,4238.62939
1747258993,XAG,37.31516,43.0749
1747258993,PLT,1136.89837,1317.52237
1747259347,USD,36.18679,41.29788
1747259347,EUR,40.43874,46.1607
1747259347,XAU,3637.46971,4238.25778
1747259347,XAG,37.31709,43.07112
1747259347,PLT,1136.95713,1317.40686
1747259686,USD,36.18861,41.29729
1747259686,EUR,40.44295,46.15881
1747259686,XAU,3637.65298,4238.19767
1747259686,XAG,37.31897,43.07051
1747259686,PLT,1137.01441,1317.38817
1747260025,USD,36.21161,41.251
1747260025,EUR,40.47444,46.11119
1747260025,XAU,3642.78329,4235.32465
1747260025,XAG,37.51382,42.78218
1747260025,PLT,1137.73679,1315.91134
1747260971,USD,38.13235,39.33809
1747260971,EUR,42.63311,43.98235
1747260971,XAU,3759.20293,4124.6394
1747260971,XAG,38.51135,41.76587
1747260971,PLT,1199.31456,1258.81502
