zaman,kur,alis,satis
1740171894,USD,34.18017,37.0312
1740171894,EUR,35.75896,38.74204
1740171894,XAU,3227.38003,3539.77415
1740171894,XAG,35.72253,38.7153
1740171894,PLT,1064.36802,1157.85141
