zaman,kur,alis,satis
1738617054,USD,32.56454,38.90992
1738617054,EUR,33.52389,40.05699
1738617054,XAU,3071.48811,3562.74254
1738617054,XAG,32.96712,39.40846
1738617054,PLT,1012.19364,1212.77784
