zaman,kur,alis,satis
1739394270,USD,33.56823,38.55525
1739394270,EUR,34.87538,40.05698
1739394270,XAU,3219.84526,3597.4415
1739394270,XAG,35.11182,39.20992
1739394270,PLT,1044.36404,1247.42651
1739395238,USD,33.56657,38.55525
1739395238,EUR,34.86996,40.05351
1739395238,XAU,3222.23959,3600.40583
1739395238,XAG,35.13081,39.24279
1739395238,PLT,1044.33353,1255.76127
1739395835,USD,33.56823,38.55564
1739395835,EUR,34.8643,40.04543
1739395835,XAU,3222.97597,3601.10013
1739395835,XAG,35.13473,39.24198
1739395835,PLT,1044.21676,1255.79925
1739396190,USD,33.56478,38.55597
1739396190,EUR,34.8577,40.04153
1739396190,XAU,3222.29001,3600.72078
1739396190,XAG,35.13331,39.24717
1739396190,PLT,1043.58366,1254.89336
1739396551,USD,33.56776,38.55306
1739396551,EUR,34.85442,40.03118
1739396551,XAU,3222.4317,3600.2756
1739396551,XAG,35.14515,39.25395
1739396551,PLT,1043.93929,1255.20038
1739397218,USD,33.55992,38.55097
1739397218,EUR,34.84225,40.02478
1739397218,XAU,3222.76688,3601.34591
1739397218,XAG,35.13803,39.25061
1739397218,PLT,1043.95843,1255.35842
1739397573,USD,33.56218,38.56009
1739397573,EUR,34.84828,40.03964
1739397573,XAU,3223.13863,3602.65671
1739397573,XAG,35.14257,39.25868
1739397573,PLT,1041.59252,1256.48141
1739398296,USD,35.50251,36.62328
1739398296,EUR,36.85694,38.03108
1739398296,XAU,3212.83301,3583.27497
1739398296,XAG,35.93823,38.62617
1739398296,PLT,1124.88045,1182.14561
1739399982,USD,35.5213,36.62328
1739399982,EUR,36.88638,38.03877
1739399982,XAU,3236.54513,3579.05428
1739399982,XAG,35.95724,38.62617
1739399982,PLT,1125.47551,1182.14561
1739400367,USD,35.5213,36.62769
1739400367,EUR,36.88922,38.05031
1739400367,XAU,3214.44337,3583.70704
1739400367,XAG,35.95724,38.63083
1739400367,PLT,1125.47551,1182.28815
1739400750,USD,35.5213,36.62531
1739400750,EUR,36.88638,38.03685
1739400750,XAU,3214.44337,3583.47363
1739400750,XAG,35.95724,38.62831
1739400750,PLT,1125.47551,1182.21114
1739401363,USD,35.5196,36.62257
1739401363,EUR,36.88995,38.03657
1739401363,XAU,3323.45598,3407.94659
1739401363,XAG,36.88256,37.80797
1739401363,PLT,1129.61363,1177.71087
1739402927,USD,35.51834,36.6212
1739402927,EUR,36.8929,38.0399
1739402927,XAU,3320.42025,3404.58148
1739402927,XAG,36.86867,37.80304
1739402927,PLT,1129.78937,1180.53625
