zaman,kur,alis,satis
1739826240,USD,33.69917,38.70723
1739826240,EUR,35.32684,40.57872
1739826240,XAU,3211.56409,3625.43134
1739826240,XAG,35.25974,39.69573
1739826240,PLT,1036.74688,1246.28223
1739827132,USD,33.68442,38.70101
1739827132,EUR,35.31272,40.57297
1739827132,XAU,3210.15779,3624.84861
1739827132,XAG,35.2443,39.68935
1739827132,PLT,1036.29291,1246.08191
1739829177,USD,33.68503,38.69321
1739829177,EUR,35.31539,40.5679
1739829177,XAU,3210.21635,3624.1187
1739829177,XAG,35.24494,39.68136
1739829177,PLT,1034.83388,1247.59461
1739829530,USD,33.68228,38.71153
1739829530,EUR,35.3098,40.58439
1739829530,XAU,3209.95372,3625.83385
1739829530,XAG,35.24206,39.70014
1739829530,PLT,1034.74922,1248.18504
