zaman,kur,alis,satis
1751404088,USD,37.18771,42.42534
1751404088,EUR,43.87926,50.07039
1751404088,XAU,3928.6843,4575.01717
1751404088,XAG,42.83209,49.41095
1751404088,PLT,1613.67951,1867.61115
