zaman,kur,alis,satis
1740690803,USD,33.86636,38.91045
1740690803,EUR,35.22779,40.47503
1740690803,XAU,3220.76592,3599.96619
1740690803,XAG,34.34405,38.36573
1740690803,PLT,1008.58541,1206.20717
1740691760,USD,33.86587,38.91019
1740691760,EUR,35.21373,40.45959
1740691760,XAU,3221.335,3600.51824
1740691760,XAG,34.37327,38.39619
1740691760,PLT,1005.59899,1209.30285
1740692113,USD,33.86572,38.91095
1740692113,EUR,35.21764,40.46544
1740692113,XAU,3222.39605,3601.52729
1740692113,XAG,34.39733,38.42398
1740692113,PLT,1006.18891,1210.08652
1740692496,USD,33.86572,38.91052
1740692496,EUR,35.21561,40.46266
1740692496,XAU,3222.38485,3601.66295
1740692496,XAG,34.39843,38.42478
1740692496,PLT,1009.16062,1209.33848
1740692832,USD,33.86553,38.89457
1740692832,EUR,35.21406,40.44413
1740692832,XAU,3222.63594,3600.26044
1740692832,XAG,34.39604,38.40903
1740692832,PLT,1009.18691,1208.71614
1740693193,USD,33.86946,38.97264
1740693193,EUR,35.21374,40.52102
1740693193,XAU,3222.87539,3607.34897
1740693193,XAG,34.40773,38.49474
1740693193,PLT,1008.75204,1210.44442
