zaman,kur,alis,satis
1751922597,USD,37.33025,42.55989
1751922597,EUR,43.70626,49.83806
1751922597,XAU,3940.96663,4586.27257
1751922597,XAG,44.10612,50.34431
1751922597,PLT,1595.18461,1905.05469
1751923673,USD,37.32768,42.56698
1751923673,EUR,43.70436,49.84679
1751923673,XAU,3940.69518,4587.0369
1751923673,XAG,44.10308,50.3527
1751923673,PLT,1594.77631,1905.77093
1751924247,USD,37.32768,42.56698
1751924247,EUR,43.70474,49.8536
1751924247,XAU,3940.69518,4587.0369
1751924247,XAG,44.10308,50.3527
1751924247,PLT,1637.97851,1894.27605
