zaman,kur,alis,satis
1736928807,USD,34.80307,36.04923
1736928807,EUR,35.86456,37.14981
1736928807,XAU,3012.45861,3104.47306
1736928807,XAG,33.55714,34.77376
1736928807,PLT,1048.28312,1089.00525
1736928824,USD,34.80307,36.04923
1736928824,EUR,35.86456,37.14981
1736928824,XAU,3012.45861,3104.47306
1736928824,XAG,33.55714,34.77376
1736928824,PLT,1048.28312,1089.00525
1736929019,USD,34.79755,36.04271
1736929019,EUR,35.8714,37.15571
1736929019,XAU,3013.31731,3105.27717
1736929019,XAG,33.60553,34.82078
1736929019,PLT,1050.41044,1090.18739
1736930030,USD,34.79073,36.03588
1736930030,EUR,35.83828,37.12164
1736930030,XAU,3011.52542,3103.26584
1736930030,XAG,33.62243,34.83156
1736930030,PLT,1049.92489,1089.471
