zaman,kur,alis,satis
1752095786,USD,37.39453,42.62929
1752095786,EUR,43.82003,49.96366
1752095786,XAU,3920.80552,4562.18165
1752095786,XAG,43.71749,49.90906
1752095786,PLT,1609.5119,1866.13773
1752096698,USD,37.39593,42.62977
1752096698,EUR,43.81868,49.96379
1752096698,XAU,3920.95257,4562.23294
1752096698,XAG,43.71913,49.90962
1752096698,PLT,1609.57226,1866.15871
1752097356,USD,37.39663,42.62977
1752097356,EUR,43.82773,49.9672
1752097356,XAU,3921.0261,4562.23294
1752097356,XAG,43.71995,49.90962
1752097356,PLT,1592.81918,1884.42892
1752097715,USD,37.39663,42.62977
1752097715,EUR,43.82025,49.97019
1752097715,XAU,3921.0261,4562.23294
1752097715,XAG,43.71995,49.90962
1752097715,PLT,1592.81918,1884.42892
1752098063,USD,37.39453,42.62929
1752098063,EUR,43.82115,49.96664
1752098063,XAU,3905.71408,4570.16819
1752098063,XAG,43.71749,49.90906
1752098063,PLT,1609.5119,1866.13773
