zaman,kur,alis,satis
1742505482,USD,35.9669,40.99448
1742505482,EUR,39.03524,44.50197
1742505482,XAU,3495.94798,3997.97334
1742505482,XAG,38.80649,44.31548
1742505482,PLT,1089.23434,1311.82496
