zaman,kur,alis,satis
1745010813,USD,35.74003,38.75931
1745010813,EUR,40.70968,44.38521
1745010813,XAU,3772.46529,4298.59287
1745010813,XAG,37.37651,40.80402
1745010813,PLT,1106.42865,1224.71921
