zaman,kur,alis,satis
1746565796,USD,36.04178,41.12653
1746565796,EUR,40.96004,46.77485
1746565796,XAU,3912.81349,4558.80061
1746565796,XAG,38.47024,43.95987
1746565796,PLT,1134.45495,1316.14142
1746566828,USD,36.07127,41.12762
1746566828,EUR,41.00871,46.77814
1746566828,XAU,3905.84127,4561.90111
1746566828,XAG,38.50172,43.96103
1746566828,PLT,1135.38318,1316.17619
1746567436,USD,36.073,41.12338
1746567436,EUR,41.01284,46.76715
1746567436,XAU,3916.2028,4558.45117
1746567436,XAG,38.50356,43.9565
1746567436,PLT,1135.43763,1316.04054
1746567801,USD,36.06115,41.13545
1746567801,EUR,40.99683,46.77883
1746567801,XAU,3904.7448,4562.77055
1746567801,XAG,38.49091,43.96941
1746567801,PLT,1135.06445,1316.42703
1746568127,USD,36.06837,41.13238
1746568127,EUR,41.0083,46.77533
1746568127,XAU,3905.64156,4562.42915
1746568127,XAG,38.49862,43.96612
1746568127,PLT,1135.29195,1316.32854
1746568474,USD,36.06115,41.13545
1746568474,EUR,41.00549,46.78582
1746568474,XAU,3901.7433,4569.41195
1746568474,XAG,38.49091,43.96941
1746568474,PLT,1135.06445,1316.42703
1746568809,USD,36.06115,41.13545
1746568809,EUR,41.00369,46.78623
1746568809,XAU,3901.45798,4569.41195
1746568809,XAG,38.49091,43.96941
1746568809,PLT,1135.06445,1316.42703
1746569882,USD,38.0353,39.16567
1746569882,EUR,43.10161,44.38646
1746569882,XAU,4011.12936,4393.83545
1746569882,XAG,39.46011,42.73337
1746569882,PLT,1205.64356,1249.11248
