zaman,kur,alis,satis
1738012490,USD,32.39217,38.65066
1738012490,EUR,33.97809,40.54416
1738012490,XAU,2976.11904,3447.48597
1738012490,XAG,31.44188,37.53417
1738012490,PLT,987.73603,1180.35358
1738013300,USD,32.39208,38.64633
1738013300,EUR,33.98123,40.54309
1738013300,XAU,2975.99138,3446.79824
1738013300,XAG,31.4897,37.58463
1738013300,PLT,987.83741,1180.3456
1738013662,USD,32.39287,38.65158
1738013662,EUR,33.97655,40.54242
1738013662,XAU,2975.81442,3447.0152
1738013662,XAG,31.47172,37.56613
1738013662,PLT,987.75734,1180.25741
1738014006,USD,32.39003,38.64839
1738014006,EUR,33.97649,40.54255
1738014006,XAU,2974.33863,3445.52432
1738014006,XAG,31.46584,37.56054
1738014006,PLT,987.77486,1180.28416
1738014350,USD,32.3906,38.64866
1738014350,EUR,33.98001,40.54631
1738014350,XAU,2974.04403,3445.05846
1738014350,XAG,31.45077,37.53595
1738014350,PLT,987.68816,1180.29242
1738014689,USD,32.38643,38.64844
1738014689,EUR,33.97661,40.54724
1738014689,XAU,2973.26028,3444.63713
1738014689,XAG,31.44464,37.54071
1738014689,PLT,988.18589,1180.16155
1738015047,USD,32.3914,38.65894
1738015047,EUR,33.98473,40.56135
1738015047,XAU,2972.73975,3444.4671
1738015047,XAG,31.44738,37.54718
1738015047,PLT,988.34777,1180.35789
1738015834,USD,34.97473,36.36506
1738015834,EUR,36.69304,38.16549
1738015834,XAU,3024.90281,3330.05156
1738015834,XAG,31.44119,37.60375
1738015834,PLT,1064.11357,1114.66896
1738016893,USD,34.97554,36.37787
1738016893,EUR,36.69634,38.17166
1738016893,XAU,3024.97313,3331.22445
1738016893,XAG,31.44192,37.617
1738016893,PLT,1064.13831,1115.06156
