zaman,kur,alis,satis
1743022944,USD,35.45618,40.10819
1743022944,EUR,38.43114,43.62817
1743022944,XAU,3477.48779,3964.07266
1743022944,XAG,38.92465,44.39132
1743022944,PLT,1126.58061,1294.65438
1743023790,USD,35.45936,40.0987
1743023790,EUR,38.43745,43.62392
1743023790,XAU,3477.79958,3963.13438
1743023790,XAG,38.92814,44.38081
1743023790,PLT,1126.68162,1294.34794
1743024623,USD,35.45218,40.10381
1743024623,EUR,38.37927,43.56013
1743024623,XAU,3477.0953,3963.63953
1743024623,XAG,38.41648,45.08932
1743024623,PLT,1126.45346,1294.51292
1743025109,USD,35.45936,40.10381
1743025109,EUR,38.39026,43.5658
1743025109,XAU,3477.79958,3963.63953
1743025109,XAG,38.92814,44.38646
1743025109,PLT,1126.68162,1294.51292
1743025591,USD,35.45218,40.10381
1743025591,EUR,38.38714,43.57594
1743025591,XAU,3477.0953,3963.63953
1743025591,XAG,38.92026,44.38646
1743025591,PLT,1126.45346,1294.51292
1743026189,USD,35.45716,40.10208
1743026189,EUR,38.38074,43.56352
1743026189,XAU,3475.78392,3965.32094
1743026189,XAG,38.92573,44.38455
1743026189,PLT,1126.61181,1294.45702
