zaman,kur,alis,satis
1743109239,USD,35.04958,40.14693
1743109239,EUR,39.05166,44.56713
1743109239,XAU,3453.58452,3967.46124
1743109239,XAG,39.15186,44.8695
1743109239,PLT,1109.89914,1305.90688
