zaman,kur,alis,satis
1738444313,USD,33.42965,36.41916
1738444313,EUR,34.62409,37.73535
1738444313,XAU,3007.82266,3322.2177
1738444313,XAG,33.28554,37.04796
1738444313,PLT,1044.61864,1162.95735
