zaman,kur,alis,satis
1741814032,USD,34.16624,38.94565
1741814032,EUR,37.40818,42.19678
1741814032,XAU,3295.60589,3702.33178
1741814032,XAG,36.52063,41.10969
1741814032,PLT,1049.57768,1262.03265
1741815422,USD,34.1721,38.95093
1741815422,EUR,37.41383,42.19851
1741815422,XAU,3297.01213,3696.85394
1741815422,XAG,36.53091,41.11562
1741815422,PLT,1049.74599,1262.21486
1741815905,USD,34.1737,38.95093
1741815905,EUR,37.41813,42.20143
1741815905,XAU,3296.2787,3702.86631
1741815905,XAG,36.7249,41.08409
1741815905,PLT,1049.54029,1262.79278
1741816201,USD,34.1737,38.95093
1741816201,EUR,37.41886,42.19997
1741816201,XAU,3296.2787,3702.86631
1741816201,XAG,36.7249,41.08409
1741816201,PLT,1047.05137,1258.72695
1741816551,USD,34.1721,38.95081
1741816551,EUR,37.41712,42.19874
1741816551,XAU,3296.24693,3700.21275
1741816551,XAG,36.7233,41.08395
1741816551,PLT,1049.39837,1263.36656
