zaman,kur,alis,satis
1744924579,USD,35.38815,40.54109
1744924579,EUR,40.20696,46.07697
1744924579,XAU,3724.85785,4356.45406
1744924579,XAG,37.00852,42.4711
1744924579,PLT,1095.45761,1280.74071
