zaman,kur,alis,satis
1740085500,USD,33.74644,38.7761
1740085500,EUR,35.4449,40.72848
1740085500,XAU,3278.50186,3664.66436
1740085500,XAG,36.08561,40.30761
1740085500,PLT,1037.80973,1240.12999
1740086458,USD,33.74637,38.77274
1740086458,EUR,35.43976,40.71913
1740086458,XAU,3280.77141,3666.86566
1740086458,XAG,36.10856,40.33349
1740086458,PLT,1035.35384,1240.06016
