zaman,kur,alis,satis
1752010155,USD,39.40445,40.58762
1752010155,EUR,46.17414,47.604
1752010155,XAU,4031.72724,4417.77161
1752010155,XAG,45.38054,49.16679
1752010155,PLT,1733.35029,1795.26017
1752010798,USD,39.40445,40.58762
1752010798,EUR,46.19187,47.58736
1752010798,XAU,4031.72724,4417.77161
1752010798,XAG,45.38054,49.16679
1752010798,PLT,1733.35029,1795.26017
1752011229,USD,39.40445,40.58762
1752011229,EUR,46.19266,47.59101
1752011229,XAU,4031.72724,4417.77161
1752011229,XAG,45.38054,49.16679
1752011229,PLT,1733.35029,1795.26017
1752011566,USD,39.40445,40.58762
1752011566,EUR,46.18399,47.5898
1752011566,XAU,4031.72724,4417.77161
1752011566,XAG,45.38054,49.16679
1752011566,PLT,1733.35029,1795.26017
1752011912,USD,39.40445,40.58762
1752011912,EUR,46.18123,47.59913
1752011912,XAU,4015.4719,4429.24637
1752011912,XAG,45.02443,49.82413
1752011912,PLT,1733.35029,1795.26017
1752012931,USD,39.41859,40.58366
1752012931,EUR,46.22026,47.58922
1752012931,XAU,4035.91014,4419.37147
1752012931,XAG,45.37542,49.10808
1752012931,PLT,1728.69317,1795.24194
1752014129,USD,39.4287,40.58647
1752014129,EUR,46.24513,47.60428
1752014129,XAU,4034.08603,4416.37341
1752014129,XAG,45.38335,49.11549
1752014129,PLT,1730.66885,1795.62749
1752014875,USD,39.42989,40.58647
1752014875,EUR,46.2422,47.59901
1752014875,XAU,4034.51358,4416.69445
1752014875,XAG,45.37731,49.1048
1752014875,PLT,1730.41729,1797.69144
1752015317,USD,39.4303,40.59343
1752015317,EUR,46.2474,47.61244
1752015317,XAU,4033.76057,4416.76932
1752015317,XAG,45.36418,49.09464
1752015317,PLT,1729.49797,1796.34035
1752015658,USD,39.43072,40.59026
1752015658,EUR,46.24435,47.60507
1752015658,XAU,4154.87668,4296.69168
1752015658,XAG,46.56108,47.95117
1752015658,PLT,1729.51656,1797.67612
1752016845,USD,39.43147,40.58705
1752016845,EUR,46.24523,47.60131
1752016845,XAU,4157.91332,4299.16297
1752016845,XAG,46.54421,47.92781
1752016845,PLT,1728.32107,1795.65306
