zaman,kur,alis,satis
1745961315,USD,35.90832,40.98475
1745961315,EUR,40.87695,46.69802
1745961315,XAU,3768.86106,4391.59845
1745961315,XAG,37.99275,43.4337
1745961315,PLT,1123.49976,1302.93264
1745962126,USD,35.91475,40.96842
1745962126,EUR,40.87242,46.68024
1745962126,XAU,3769.53624,4389.84904
1745962126,XAG,37.99956,43.4164
1745962126,PLT,1123.70103,1302.47978
1745962632,USD,35.94291,40.96842
1745962632,EUR,40.90806,46.63148
1745962632,XAU,3765.93901,4394.75694
1745962632,XAG,38.02935,43.4164
1745962632,PLT,1124.58188,1302.53272
1745962978,USD,35.91253,40.97268
1745962978,EUR,40.87456,46.656
1745962978,XAU,3762.77885,4395.21392
1745962978,XAG,37.99721,43.42091
1745962978,PLT,1123.6314,1302.66816
1745963320,USD,35.91466,40.97352
1745963320,EUR,40.87016,46.6713
1745963320,XAU,3762.97948,4395.30417
1745963320,XAG,37.99946,43.4218
1745963320,PLT,1123.6981,1302.69491
1745963649,USD,35.91253,40.97352
1745963649,EUR,40.87636,46.67417
1745963649,XAU,3762.75612,4395.30417
1745963649,XAG,37.99721,43.4218
1745963649,PLT,1123.6314,1302.69491
1745963990,USD,35.94674,40.9811
1745963990,EUR,40.92069,46.68281
1745963990,XAU,3767.96749,4396.11759
1745963990,XAG,38.0334,43.42984
1745963990,PLT,1124.70182,1302.93599
1745965024,USD,37.91061,39.03315
1745965024,EUR,43.18133,44.46267
1745965024,XAU,3902.12415,4273.09279
1745965024,XAG,39.11923,42.34454
1745965024,PLT,1192.25553,1235.63965
1745966047,USD,37.91061,39.03325
1745966047,EUR,43.19118,44.47214
1745966047,XAU,3898.43468,4269.1276
1745966047,XAG,39.12992,42.35492
1745966047,PLT,1189.13874,1238.06722
1745966660,USD,37.88972,39.03449
1745966660,EUR,43.15184,44.45717
1745966660,XAU,3895.63993,4268.51787
1745966660,XAG,39.09767,42.34085
1745966660,PLT,1188.09389,1237.70476
