zaman,kur,alis,satis
1741123716,USD,33.88104,38.91434
1741123716,EUR,35.98573,41.33247
1741123716,XAU,3265.87302,3649.0234
1741123716,XAG,35.17587,39.28754
1741123716,PLT,1019.54486,1226.63659
1741124078,USD,33.88361,38.9173
1741124078,EUR,35.99253,41.3399
1741124078,XAU,3266.53623,3649.73925
1741124078,XAG,35.17194,39.27824
1741124078,PLT,1019.25081,1226.28648
1741124517,USD,33.88125,38.91197
1741124517,EUR,35.97714,41.32063
1741124517,XAU,3265.62473,3648.30116
1741124517,XAG,35.13536,39.23232
1741124517,PLT,1019.05225,1225.96671
