zaman,kur,alis,satis
1740344667,USD,34.09101,37.0372
1740344667,EUR,35.73215,38.83166
1740344667,XAU,3181.60924,3577.04658
1740344667,XAG,35.4863,38.73849
1740344667,PLT,1060.97755,1164.57659
1740345612,USD,34.17024,37.05467
1740345612,EUR,35.81007,38.83959
1740345612,XAU,3226.89316,3545.10751
1740345612,XAG,35.56878,38.75675
1740345612,PLT,1063.44357,1165.12571
