zaman,kur,alis,satis
1738962874,USD,33.71493,36.53926
1738962874,EUR,34.83257,37.75163
1738962874,XAU,3105.36216,3407.26109
1738962874,XAG,34.52737,37.42564
1738962874,PLT,1057.92316,1149.23676
1738963519,USD,33.71344,36.54246
1738963519,EUR,34.82902,37.75238
1738963519,XAU,3105.46409,3407.84533
1738963519,XAG,34.52043,37.4301
1738963519,PLT,1056.18568,1153.79021
