zaman,kur,alis,satis
1738703698,USD,32.56851,38.85918
1738703698,EUR,33.81491,40.3471
1738703698,XAU,3099.87115,3590.30852
1738703698,XAG,33.59836,40.10794
1738703698,PLT,1015.03966,1213.30784
