zaman,kur,alis,satis
1739221799,USD,34.45,37.47
1739221799,EUR,35.557,38.674
1739221799,GBP,42.707,46.451
1739221799,XAU,3144.715319,3707.176094
