zaman,kur,alis,satis
1743109232,USD,36.371,39.636
1743109232,EUR,39.217,42.738
1743109232,GBP,47.053,51.277
1743109232,XAU,3495.569576,4108.064256
1743110067,USD,36.371,39.636
1743110067,EUR,39.217,42.738
1743110067,GBP,47.053,51.277
1743110067,XAU,3495.569576,4108.064256
1743111027,USD,36.371,39.636
1743111027,EUR,39.217,42.738
1743111027,GBP,47.053,51.277
1743111027,XAU,3495.569576,4108.064256
1743111506,USD,36.371,39.636
1743111506,EUR,39.217,42.738
1743111506,GBP,47.053,51.277
1743111506,XAU,3495.569576,4108.064256
1743111870,USD,36.371,39.636
1743111870,EUR,39.217,42.738
1743111870,GBP,47.053,51.277
1743111870,XAU,3495.569576,4108.064256
1743112236,USD,36.371,39.636
1743112236,EUR,39.217,42.738
1743112236,GBP,47.053,51.277
1743112236,XAU,3495.569576,4108.064256
1743112589,USD,36.371,39.636
1743112589,EUR,39.217,42.738
1743112589,GBP,47.053,51.277
1743112589,XAU,3495.569576,4108.064256
1743113752,USD,36.371,39.636
1743113752,EUR,39.217,42.738
1743113752,GBP,47.053,51.277
1743113752,XAU,3495.569576,4108.064256
1743114832,USD,36.371,39.636
1743114832,EUR,39.217,42.738
1743114832,GBP,47.053,51.277
1743114832,XAU,3495.569576,4108.064256
1743115514,USD,36.371,39.636
1743115514,EUR,39.217,42.738
1743115514,GBP,47.053,51.277
1743115514,XAU,3495.569576,4108.064256
1743115874,USD,36.371,39.636
1743115874,EUR,39.217,42.738
1743115874,GBP,47.053,51.277
1743115874,XAU,3495.569576,4108.064256
1743116151,USD,36.371,39.636
1743116151,EUR,39.217,42.738
1743116151,GBP,47.053,51.277
1743116151,XAU,3495.569576,4108.064256
1743116514,USD,36.371,39.636
1743116514,EUR,39.217,42.738
1743116514,GBP,47.053,51.277
1743116514,XAU,3495.569576,4108.064256
