zaman,kur,alis,satis
1743800442,USD,36.291,39.55
1743800442,EUR,39.882,43.463
1743800442,GBP,46.997,51.217
1743800442,XAU,3468.045804,4078.088704
1743801277,USD,36.291,39.55
1743801277,EUR,39.882,43.463
1743801277,GBP,46.997,51.217
1743801277,XAU,3468.045804,4078.088704
1743802598,USD,36.291,39.55
1743802598,EUR,39.882,43.463
1743802598,GBP,46.997,51.217
1743802598,XAU,3468.045804,4078.088704
1743803066,USD,36.291,39.55
1743803066,EUR,39.882,43.463
1743803066,GBP,46.997,51.217
1743803066,XAU,3468.045804,4078.088704
1743803355,USD,36.291,39.55
1743803355,EUR,39.882,43.463
1743803355,GBP,46.997,51.217
1743803355,XAU,3468.045804,4078.088704
1743803716,USD,36.291,39.55
1743803716,EUR,39.882,43.463
1743803716,GBP,46.997,51.217
1743803716,XAU,3468.045804,4078.088704
1743804071,USD,36.291,39.55
1743804071,EUR,39.882,43.463
1743804071,GBP,46.997,51.217
1743804071,XAU,3468.045804,4078.088704
1743806038,USD,36.291,39.55
1743806038,EUR,39.882,43.463
1743806038,GBP,46.997,51.217
1743806038,XAU,3468.045804,4078.088704
1743806637,USD,36.291,39.55
1743806637,EUR,39.882,43.463
1743806637,GBP,46.997,51.217
1743806637,XAU,3468.045804,4078.088704
1743807000,USD,36.291,39.55
1743807000,EUR,39.882,43.463
1743807000,GBP,46.997,51.217
1743807000,XAU,3468.045804,4078.088704
1743807363,USD,36.291,39.55
1743807363,EUR,39.882,43.463
1743807363,GBP,46.997,51.217
1743807363,XAU,3468.045804,4078.088704
1743807716,USD,36.291,39.55
1743807716,EUR,39.882,43.463
1743807716,GBP,46.997,51.217
1743807716,XAU,3468.045804,4078.088704
1743808562,USD,36.291,39.55
1743808562,EUR,39.882,43.463
1743808562,GBP,46.997,51.217
1743808562,XAU,3468.045804,4078.088704
1743809401,USD,36.291,39.55
1743809401,EUR,39.882,43.463
1743809401,GBP,46.997,51.217
1743809401,XAU,3468.045804,4078.088704
1743809878,USD,36.291,39.55
1743809878,EUR,39.882,43.463
1743809878,GBP,46.997,51.217
1743809878,XAU,3468.045804,4078.088704
1743810292,USD,36.291,39.55
1743810292,EUR,39.882,43.463
1743810292,GBP,46.997,51.217
1743810292,XAU,3468.045804,4078.088704
1743810650,USD,36.291,39.55
1743810650,EUR,39.882,43.463
1743810650,GBP,46.997,51.217
1743810650,XAU,3468.045804,4078.088704
