zaman,kur,alis,satis
1739221799,USD,34.45,37.47
1739221799,EUR,35.557,38.674
1739221799,GBP,42.707,46.451
1739221799,XAU,3144.715319,3707.176094
1739222649,USD,34.45,37.47
1739222649,EUR,35.557,38.674
1739222649,GBP,42.707,46.451
1739222649,XAU,3144.715319,3707.176094
1739223003,USD,34.45,37.47
1739223003,EUR,35.557,38.674
1739223003,GBP,42.707,46.451
1739223003,XAU,3144.715319,3707.176094
1739223391,USD,34.45,37.47
1739223391,EUR,35.557,38.674
1739223391,GBP,42.707,46.451
1739223391,XAU,3144.715319,3707.176094
1739223725,USD,34.45,37.47
1739223725,EUR,35.557,38.674
1739223725,GBP,42.707,46.451
1739223725,XAU,3144.715319,3707.176094
1739224061,USD,34.45,37.47
1739224061,EUR,35.557,38.674
1739224061,GBP,42.707,46.451
1739224061,XAU,3144.715319,3707.176094
1739224401,USD,34.45,37.47
1739224401,EUR,35.557,38.674
1739224401,GBP,42.707,46.451
1739224401,XAU,3144.715319,3707.176094
