zaman,kur,alis,satis
1742763620,USD,36.287,39.545
1742763620,EUR,39.298,42.826
1742763620,GBP,46.969,51.185
1742763620,XAU,3439.011515,4047.15513
1742765218,USD,36.287,39.545
1742765218,EUR,39.298,42.826
1742765218,GBP,46.969,51.185
1742765218,XAU,3439.011515,4047.15513
