zaman,kur,alis,satis
1737493960,USD,34.09,37.079
1737493960,EUR,35.38,38.483
1737493960,GBP,41.894,45.566
1737493960,XAU,2922.834793,3467.718817
1737494719,USD,34.09,37.079
1737494719,EUR,35.38,38.483
1737494719,GBP,41.894,45.566
1737494719,XAU,2922.834793,3467.718817
