zaman,kur,alis,satis
1743022937,USD,36.371,39.636
1743022937,EUR,39.188,42.706
1743022937,GBP,46.9,51.111
1743022937,XAU,3448.747737,4058.528658
