zaman,kur,alis,satis
1738962864,USD,34.358,37.37
1738962864,EUR,35.617,38.739
1738962864,GBP,42.758,46.507
1738962864,XAU,3100.935066,3659.39813
