zaman,kur,alis,satis
1742418088,USD,36.326,39.78
1742418088,EUR,39.598,43.362
1742418088,GBP,47.134,51.614
1742418088,XAU,3456.828261,4086.271014
1742418933,USD,36.326,39.78
1742418933,EUR,39.598,43.362
1742418933,GBP,47.134,51.614
1742418933,XAU,3456.828261,4086.271014
