zaman,kur,alis,satis
1746652263,USD,36.925,40.223
1746652263,EUR,41.937,45.684
1746652263,GBP,49.365,53.774
1746652263,XAU,3943.456998,4590.265252
1746653186,USD,36.925,40.223
1746653186,EUR,41.937,45.684
1746653186,GBP,49.365,53.774
1746653186,XAU,3943.456998,4590.265252
1746653682,USD,36.925,40.223
1746653682,EUR,41.937,45.684
1746653682,GBP,49.365,53.774
1746653682,XAU,3943.456998,4590.265252
1746654133,USD,36.925,40.223
1746654133,EUR,41.937,45.684
1746654133,GBP,49.365,53.774
1746654133,XAU,3943.456998,4590.265252
1746654462,USD,36.925,40.223
1746654462,EUR,41.937,45.684
1746654462,GBP,49.365,53.774
1746654462,XAU,3943.456998,4590.265252
1746654805,USD,36.925,40.223
1746654805,EUR,41.937,45.684
1746654805,GBP,49.365,53.774
1746654805,XAU,3943.456998,4590.265252
1746655139,USD,36.925,40.223
1746655139,EUR,41.937,45.684
1746655139,GBP,49.365,53.774
1746655139,XAU,3943.456998,4590.265252
1746656178,USD,36.925,40.223
1746656178,EUR,41.937,45.684
1746656178,GBP,49.365,53.774
1746656178,XAU,3943.456998,4590.265252
1746657302,USD,36.925,40.223
1746657302,EUR,41.937,45.684
1746657302,GBP,49.365,53.774
1746657302,XAU,3943.456998,4590.265252
1746657944,USD,36.925,40.223
1746657944,EUR,41.937,45.684
1746657944,GBP,49.365,53.774
1746657944,XAU,3943.456998,4590.265252
1746658266,USD,36.925,40.223
1746658266,EUR,41.937,45.684
1746658266,GBP,49.365,53.774
1746658266,XAU,3943.456998,4590.265252
1746658598,USD,36.925,40.223
1746658598,EUR,41.937,45.684
1746658598,GBP,49.365,53.774
1746658598,XAU,3943.456998,4590.265252
1746659467,USD,36.925,40.223
1746659467,EUR,41.937,45.684
1746659467,GBP,49.365,53.774
1746659467,XAU,3943.456998,4590.265252
1746660492,USD,36.925,40.223
1746660492,EUR,41.937,45.684
1746660492,GBP,49.365,53.774
1746660492,XAU,3943.456998,4590.265252
1746661125,USD,36.925,40.223
1746661125,EUR,41.937,45.684
1746661125,GBP,49.365,53.774
1746661125,XAU,3943.456998,4590.265252
1746661536,USD,36.925,40.223
1746661536,EUR,41.937,45.684
1746661536,GBP,49.365,53.774
1746661536,XAU,3943.456998,4590.265252
1746661872,USD,36.925,40.223
1746661872,EUR,41.937,45.684
1746661872,GBP,49.365,53.774
1746661872,XAU,3943.456998,4590.265252
1746662217,USD,36.925,40.223
1746662217,EUR,41.937,45.684
1746662217,GBP,49.365,53.774
1746662217,XAU,3943.456998,4590.265252
1746665866,USD,36.925,40.223
1746665866,EUR,41.937,45.684
1746665866,GBP,49.365,53.774
1746665866,XAU,3943.456998,4590.265252
