zaman,kur,alis,satis
1742590828,USD,36.287,39.545
1742590828,EUR,39.298,42.826
1742590828,GBP,46.969,51.185
1742590828,XAU,3439.011515,4047.15513
1742591669,USD,36.287,39.545
1742591669,EUR,39.298,42.826
1742591669,GBP,46.969,51.185
1742591669,XAU,3439.011515,4047.15513
1742592560,USD,36.287,39.545
1742592560,EUR,39.298,42.826
1742592560,GBP,46.969,51.185
1742592560,XAU,3439.011515,4047.15513
1742592923,USD,36.287,39.545
1742592923,EUR,39.298,42.826
1742592923,GBP,46.969,51.185
1742592923,XAU,3439.011515,4047.15513
1742593245,USD,36.287,39.545
1742593245,EUR,39.298,42.826
1742593245,GBP,46.969,51.185
1742593245,XAU,3439.011515,4047.15513
1742593603,USD,36.287,39.545
1742593603,EUR,39.298,42.826
1742593603,GBP,46.969,51.185
1742593603,XAU,3439.011515,4047.15513
1742593966,USD,36.287,39.545
1742593966,EUR,39.298,42.826
1742593966,GBP,46.969,51.185
1742593966,XAU,3439.011515,4047.15513
1742594324,USD,36.287,39.545
1742594324,EUR,39.298,42.826
1742594324,GBP,46.969,51.185
1742594324,XAU,3439.011515,4047.15513
1742594606,USD,36.287,39.545
1742594606,EUR,39.298,42.826
1742594606,GBP,46.969,51.185
1742594606,XAU,3439.011515,4047.15513
1742596552,USD,36.287,39.545
1742596552,EUR,39.298,42.826
1742596552,GBP,46.969,51.185
1742596552,XAU,3439.011515,4047.15513
1742597154,USD,36.287,39.545
1742597154,EUR,39.298,42.826
1742597154,GBP,46.969,51.185
1742597154,XAU,3439.011515,4047.15513
1742597518,USD,36.287,39.545
1742597518,EUR,39.298,42.826
1742597518,GBP,46.969,51.185
1742597518,XAU,3439.011515,4047.15513
1742597835,USD,36.287,39.545
1742597835,EUR,39.298,42.826
1742597835,GBP,46.969,51.185
1742597835,XAU,3439.011515,4047.15513
1742598197,USD,36.287,39.545
1742598197,EUR,39.298,42.826
1742598197,GBP,46.969,51.185
1742598197,XAU,3439.011515,4047.15513
1742599829,USD,36.287,39.545
1742599829,EUR,39.298,42.826
1742599829,GBP,46.969,51.185
1742599829,XAU,3439.011515,4047.15513
1742600322,USD,36.287,39.545
1742600322,EUR,39.298,42.826
1742600322,GBP,46.969,51.185
1742600322,XAU,3439.011515,4047.15513
1742600688,USD,36.287,39.545
1742600688,EUR,39.298,42.826
1742600688,GBP,46.969,51.185
1742600688,XAU,3439.011515,4047.15513
1742610145,USD,36.287,39.545
1742610145,EUR,39.298,42.826
1742610145,GBP,46.969,51.185
1742610145,XAU,3439.011515,4047.15513
1742613028,USD,36.287,39.545
1742613028,EUR,39.298,42.826
1742613028,GBP,46.969,51.185
1742613028,XAU,3439.011515,4047.15513
