zaman,kur,alis,satis
1743455018,USD,36.209,39.461
1743455018,EUR,39.113,42.625
1743455018,GBP,46.945,51.161
1743455018,XAU,3495.05531,4106.207701
