zaman,kur,alis,satis
1740690797,USD,34.897,37.956
1740690797,EUR,36.422,39.614
1740690797,GBP,44.155,48.025
1740690797,XAU,3144.367822,3712.270219
1740691755,USD,34.897,37.956
1740691755,EUR,36.422,39.614
1740691755,GBP,44.155,48.025
1740691755,XAU,3144.367822,3712.270219
1740692108,USD,34.897,37.956
1740692108,EUR,36.422,39.614
1740692108,GBP,44.155,48.025
1740692108,XAU,3144.367822,3712.270219
1740692490,USD,34.897,37.956
1740692490,EUR,36.422,39.614
1740692490,GBP,44.155,48.025
1740692490,XAU,3144.367822,3712.270219
1740692827,USD,34.897,37.956
1740692827,EUR,36.422,39.614
1740692827,GBP,44.155,48.025
1740692827,XAU,3144.367822,3712.270219
