zaman,kur,alis,satis
1743022937,USD,36.371,39.636
1743022937,EUR,39.188,42.706
1743022937,GBP,46.9,51.111
1743022937,XAU,3448.747737,4058.528658
1743023784,USD,36.371,39.636
1743023784,EUR,39.188,42.706
1743023784,GBP,46.9,51.111
1743023784,XAU,3448.747737,4058.528658
1743024619,USD,36.371,39.636
1743024619,EUR,39.188,42.706
1743024619,GBP,46.9,51.111
1743024619,XAU,3448.747737,4058.528658
1743025102,USD,36.371,39.636
1743025102,EUR,39.188,42.706
1743025102,GBP,46.9,51.111
1743025102,XAU,3448.747737,4058.528658
1743025585,USD,36.371,39.636
1743025585,EUR,39.188,42.706
1743025585,GBP,46.9,51.111
1743025585,XAU,3448.747737,4058.528658
1743026182,USD,36.371,39.636
1743026182,EUR,39.188,42.706
1743026182,GBP,46.9,51.111
1743026182,XAU,3448.747737,4058.528658
1743026539,USD,36.371,39.636
1743026539,EUR,39.188,42.706
1743026539,GBP,46.9,51.111
1743026539,XAU,3448.747737,4058.528658
1743027478,USD,36.371,39.636
1743027478,EUR,39.188,42.706
1743027478,GBP,46.9,51.111
1743027478,XAU,3448.747737,4058.528658
