zaman,kur,alis,satis
1751490632,USD,38.033,41.431
1751490632,EUR,44.769,48.768
1751490632,GBP,51.798,56.424
1751490632,XAU,4008.503289,4670.631562
