zaman,kur,alis,satis
1738876406,USD,34.353,37.364
1738876406,EUR,35.6,38.72
1738876406,GBP,42.587,46.32
1738876406,XAU,3060.814841,3616.734022
1738877146,USD,34.353,37.364
1738877146,EUR,35.6,38.72
1738877146,GBP,42.587,46.32
1738877146,XAU,3060.814841,3616.734022
1738877485,USD,34.353,37.364
1738877485,EUR,35.6,38.72
1738877485,GBP,42.587,46.32
1738877485,XAU,3060.814841,3616.734022
1738877877,USD,34.353,37.364
1738877877,EUR,35.6,38.72
1738877877,GBP,42.587,46.32
1738877877,XAU,3060.814841,3616.734022
1738878218,USD,34.353,37.364
1738878218,EUR,35.6,38.72
1738878218,GBP,42.587,46.32
1738878218,XAU,3060.814841,3616.734022
1738878558,USD,34.353,37.364
1738878558,EUR,35.6,38.72
1738878558,GBP,42.587,46.32
1738878558,XAU,3060.814841,3616.734022
1738878911,USD,34.353,37.364
1738878911,EUR,35.6,38.72
1738878911,GBP,42.587,46.32
1738878911,XAU,3060.814841,3616.734022
1738879265,USD,34.353,37.364
1738879265,EUR,35.6,38.72
1738879265,GBP,42.587,46.32
1738879265,XAU,3060.814841,3616.734022
1738880311,USD,34.353,37.364
1738880311,EUR,35.6,38.72
1738880311,GBP,42.587,46.32
1738880311,XAU,3060.814841,3616.734022
1738881148,USD,34.353,37.364
1738881148,EUR,35.6,38.72
1738881148,GBP,42.587,46.32
1738881148,XAU,3060.814841,3616.734022
1738881647,USD,34.353,37.364
1738881647,EUR,35.6,38.72
1738881647,GBP,42.587,46.32
1738881647,XAU,3060.814841,3616.734022
1738881974,USD,34.353,37.364
1738881974,EUR,35.6,38.72
1738881974,GBP,42.587,46.32
1738881974,XAU,3060.814841,3616.734022
1738882311,USD,34.353,37.364
1738882311,EUR,35.6,38.72
1738882311,GBP,42.587,46.32
1738882311,XAU,3060.814841,3616.734022
1738882645,USD,34.353,37.364
1738882645,EUR,35.6,38.72
1738882645,GBP,42.587,46.32
1738882645,XAU,3060.814841,3616.734022
1738883551,USD,34.353,37.364
1738883551,EUR,35.6,38.72
1738883551,GBP,42.587,46.32
1738883551,XAU,3060.814841,3616.734022
1738884411,USD,34.353,37.364
1738884411,EUR,35.6,38.72
1738884411,GBP,42.587,46.32
1738884411,XAU,3060.814841,3616.734022
1738884793,USD,34.353,37.364
1738884793,EUR,35.6,38.72
1738884793,GBP,42.587,46.32
1738884793,XAU,3060.814841,3616.734022
1738885226,USD,34.353,37.364
1738885226,EUR,35.6,38.72
1738885226,GBP,42.587,46.32
1738885226,XAU,3060.814841,3616.734022
1738885558,USD,34.353,37.364
1738885558,EUR,35.6,38.72
1738885558,GBP,42.587,46.32
1738885558,XAU,3060.814841,3616.734022
