zaman,kur,alis,satis
1738444304,USD,34.206,37.279
1738444304,EUR,35.516,38.707
1738444304,GBP,42.518,46.338
1738444304,XAU,3014.492092,3572.843798
