zaman,kur,alis,satis
1751404079,USD,38.078,41.479
1751404079,EUR,44.949,48.964
1751404079,GBP,52.327,57.0
1751404079,XAU,4016.4848,4679.586479
1751405269,USD,38.078,41.479
1751405269,EUR,44.949,48.964
1751405269,GBP,52.327,57
1751405269,XAU,4016.4848,4679.586479
1751405915,USD,38.078,41.479
1751405915,EUR,44.949,48.964
1751405915,GBP,52.327,57
1751405915,XAU,4016.4848,4679.586479
