zaman,kur,alis,satis
1737062040,USD,33.871,36.915
1737062040,EUR,34.804,37.932
1737062040,GBP,41.316,45.029
1737062040,XAU,2882.129864,3428.324657
1737062714,USD,33.871,36.915
1737062714,EUR,34.804,37.932
1737062714,GBP,41.316,45.029
1737062714,XAU,2882.129864,3428.324657
1737063054,USD,33.871,36.915
1737063054,EUR,34.804,37.932
1737063054,GBP,41.316,45.029
1737063054,XAU,2882.129864,3428.324657
1737063428,USD,33.871,36.915
1737063428,EUR,34.804,37.932
1737063428,GBP,41.316,45.029
1737063428,XAU,2882.129864,3428.324657
