zaman,kur,alis,satis
1746393320,USD,36.77,40.055
1746393320,EUR,41.648,45.369
1746393320,GBP,48.934,53.305
1746393320,XAU,3779.332922,4414.032047
1746394080,USD,36.77,40.055
1746394080,EUR,41.648,45.369
1746394080,GBP,48.934,53.305
1746394080,XAU,3779.332922,4414.032047
1746394578,USD,36.77,40.055
1746394578,EUR,41.648,45.369
1746394578,GBP,48.934,53.305
1746394578,XAU,3779.332922,4414.032047
1746394924,USD,36.77,40.055
1746394924,EUR,41.648,45.369
1746394924,GBP,48.934,53.305
1746394924,XAU,3779.332922,4414.032047
1746395258,USD,36.77,40.055
1746395258,EUR,41.648,45.369
1746395258,GBP,48.934,53.305
1746395258,XAU,3779.332922,4414.032047
1746395615,USD,36.77,40.055
1746395615,EUR,41.648,45.369
1746395615,GBP,48.934,53.305
1746395615,XAU,3779.332922,4414.032047
1746395968,USD,36.77,40.055
1746395968,EUR,41.648,45.369
1746395968,GBP,48.934,53.305
1746395968,XAU,3779.332922,4414.032047
