zaman,kur,alis,satis
1746393320,USD,36.77,40.055
1746393320,EUR,41.648,45.369
1746393320,GBP,48.934,53.305
1746393320,XAU,3779.332922,4414.032047
