zaman,kur,alis,satis
1750713402,USD,37.974,41.365
1750713402,EUR,43.639,47.537
1750713402,GBP,51.029,55.587
1750713402,XAU,4056.255053,4720.883534
1750714297,USD,37.974,41.365
1750714297,EUR,43.639,47.537
1750714297,GBP,51.029,55.587
1750714297,XAU,4056.255053,4720.883534
1750714893,USD,37.974,41.365
1750714893,EUR,43.639,47.537
1750714893,GBP,51.029,55.587
1750714893,XAU,4056.255053,4720.883534
1750715257,USD,37.974,41.365
1750715257,EUR,43.639,47.537
1750715257,GBP,51.029,55.587
1750715257,XAU,4056.255053,4720.883534
1750715606,USD,37.974,41.365
1750715606,EUR,43.639,47.537
1750715606,GBP,51.029,55.587
1750715606,XAU,4056.255053,4720.883534
1750715939,USD,37.974,41.365
1750715939,EUR,43.639,47.537
1750715939,GBP,51.029,55.587
1750715939,XAU,4056.255053,4720.883534
1750717050,USD,37.974,41.365
1750717050,EUR,43.639,47.537
1750717050,GBP,51.029,55.587
1750717050,XAU,4056.255053,4720.883534
1750718191,USD,37.974,41.365
1750718191,EUR,43.639,47.537
1750718191,GBP,51.029,55.587
1750718191,XAU,4056.255053,4720.883534
1750718867,USD,37.974,41.365
1750718867,EUR,43.639,47.537
1750718867,GBP,51.029,55.587
1750718867,XAU,4056.255053,4720.883534
1750719204,USD,37.974,41.365
1750719204,EUR,43.639,47.537
1750719204,GBP,51.029,55.587
1750719204,XAU,4056.255053,4720.883534
1750719549,USD,37.974,41.365
1750719549,EUR,43.639,47.537
1750719549,GBP,51.029,55.587
1750719549,XAU,4056.255053,4720.883534
1750720419,USD,37.974,41.365
1750720419,EUR,43.639,47.537
1750720419,GBP,51.029,55.587
1750720419,XAU,4056.255053,4720.883534
1750721282,USD,37.974,41.365
1750721282,EUR,43.639,47.537
1750721282,GBP,51.029,55.587
1750721282,XAU,4056.255053,4720.883534
