zaman,kur,alis,satis
1746306622,USD,36.77,40.055
1746306622,EUR,41.648,45.369
1746306622,GBP,48.934,53.305
1746306622,XAU,3779.332922,4414.032047
1746307516,USD,36.77,40.055
1746307516,EUR,41.648,45.369
1746307516,GBP,48.934,53.305
1746307516,XAU,3779.332922,4414.032047
1746307876,USD,36.77,40.055
1746307876,EUR,41.648,45.369
1746307876,GBP,48.934,53.305
1746307876,XAU,3779.332922,4414.032047
1746308286,USD,36.77,40.055
1746308286,EUR,41.648,45.369
1746308286,GBP,48.934,53.305
1746308286,XAU,3779.332922,4414.032047
1746308637,USD,36.77,40.055
1746308637,EUR,41.648,45.369
1746308637,GBP,48.934,53.305
1746308637,XAU,3779.332922,4414.032047
1746308993,USD,36.77,40.055
1746308993,EUR,41.648,45.369
1746308993,GBP,48.934,53.305
1746308993,XAU,3779.332922,4414.032047
1746309334,USD,36.77,40.055
1746309334,EUR,41.648,45.369
1746309334,GBP,48.934,53.305
1746309334,XAU,3779.332922,4414.032047
1746310077,USD,36.77,40.055
1746310077,EUR,41.648,45.369
1746310077,GBP,48.934,53.305
1746310077,XAU,3779.332922,4414.032047
1746311293,USD,36.77,40.055
1746311293,EUR,41.648,45.369
1746311293,GBP,48.934,53.305
1746311293,XAU,3779.332922,4414.032047
1746311940,USD,36.77,40.055
1746311940,EUR,41.648,45.369
1746311940,GBP,48.934,53.305
1746311940,XAU,3779.332922,4414.032047
1746312321,USD,36.77,40.055
1746312321,EUR,41.648,45.369
1746312321,GBP,48.934,53.305
1746312321,XAU,3779.332922,4414.032047
1746312666,USD,36.77,40.055
1746312666,EUR,41.648,45.369
1746312666,GBP,48.934,53.305
1746312666,XAU,3779.332922,4414.032047
1746313015,USD,36.77,40.055
1746313015,EUR,41.648,45.369
1746313015,GBP,48.934,53.305
1746313015,XAU,3779.332922,4414.032047
1746313842,USD,36.77,40.055
1746313842,EUR,41.648,45.369
1746313842,GBP,48.934,53.305
1746313842,XAU,3779.332922,4414.032047
