zaman,kur,alis,satis
1742677329,USD,36.287,39.545
1742677329,EUR,39.298,42.826
1742677329,GBP,46.969,51.185
1742677329,XAU,3439.011515,4047.15513
