zaman,kur,alis,satis
1747257032,USD,37.022,40.329
1747257032,EUR,41.587,45.302
1747257032,GBP,49.376,53.787
1747257032,XAU,3707.317466,4339.252797
1747257274,USD,37.022,40.329
1747257274,EUR,41.587,45.302
1747257274,GBP,49.376,53.787
1747257274,XAU,3707.317466,4339.252797
1747257918,USD,37.022,40.329
1747257918,EUR,41.587,45.302
1747257918,GBP,49.376,53.787
1747257918,XAU,3707.317466,4339.252797
1747258266,USD,37.022,40.329
1747258266,EUR,41.587,45.302
1747258266,GBP,49.376,53.787
1747258266,XAU,3707.317466,4339.252797
1747258648,USD,37.022,40.329
1747258648,EUR,41.587,45.302
1747258648,GBP,49.376,53.787
1747258648,XAU,3707.317466,4339.252797
1747258988,USD,37.022,40.329
1747258988,EUR,41.587,45.302
1747258988,GBP,49.376,53.787
1747258988,XAU,3707.317466,4339.252797
