zaman,kur,alis,satis
1741554154,USD,34.797,37.932
1741554154,EUR,37.831,41.239
1741554154,GBP,45.017,49.072
1741554154,XAU,3197.501303,3775.113807
1741554863,USD,34.797,37.932
1741554863,EUR,37.831,41.239
1741554863,GBP,45.017,49.072
1741554863,XAU,3197.501303,3775.113807
