zaman,kur,alis,satis
1744750829,USD,36.458,39.715
1744750829,EUR,41.254,44.939
1744750829,GBP,48.263,52.575
1744750829,XAU,3700.667101,4326.164489
1744751883,USD,36.458,39.715
1744751883,EUR,41.254,44.939
1744751883,GBP,48.263,52.575
1744751883,XAU,3700.667101,4326.164489
1744752606,USD,36.458,39.715
1744752606,EUR,41.254,44.939
1744752606,GBP,48.263,52.575
1744752606,XAU,3700.667101,4326.164489
1744753096,USD,36.458,39.715
1744753096,EUR,41.254,44.939
1744753096,GBP,48.263,52.575
1744753096,XAU,3700.667101,4326.164489
1744753430,USD,36.458,39.715
1744753430,EUR,41.254,44.939
1744753430,GBP,48.263,52.575
1744753430,XAU,3700.667101,4326.164489
1744753761,USD,36.458,39.715
1744753761,EUR,41.254,44.939
1744753761,GBP,48.263,52.575
1744753761,XAU,3700.667101,4326.164489
1744754092,USD,36.458,39.715
1744754092,EUR,41.254,44.939
1744754092,GBP,48.263,52.575
1744754092,XAU,3700.667101,4326.164489
1744754434,USD,36.458,39.715
1744754434,EUR,41.254,44.939
1744754434,GBP,48.263,52.575
1744754434,XAU,3700.667101,4326.164489
1744755516,USD,36.458,39.715
1744755516,EUR,41.254,44.939
1744755516,GBP,48.263,52.575
1744755516,XAU,3700.667101,4326.164489
