zaman,kur,alis,satis
1746479416,USD,36.876,40.17
1746479416,EUR,41.859,45.599
1746479416,GBP,49.181,53.574
1746479416,XAU,3848.873279,4488.646907
