zaman,kur,alis,satis
1741381379,USD,34.797,37.932
1741381379,EUR,37.831,41.239
1741381379,GBP,45.017,49.072
1741381379,XAU,3197.501303,3775.113807
1741382165,USD,34.797,37.932
1741382165,EUR,37.831,41.239
1741382165,GBP,45.017,49.072
1741382165,XAU,3197.501303,3775.113807
1741382891,USD,34.797,37.932
1741382891,EUR,37.831,41.239
1741382891,GBP,45.017,49.072
1741382891,XAU,3197.501303,3775.113807
