zaman,kur,alis,satis
1752010139,USD,38.254,41.67
1752010139,EUR,44.881,48.89
1752010139,GBP,51.975,56.617
1752010139,XAU,3974.896986,4637.10936
