zaman,kur,alis,satis
1738790129,USD,34.391,37.406
1738790129,EUR,35.8,38.938
1738790129,GBP,43.085,46.862
1738790129,XAU,3096.591184,3657.55952
