zaman,kur,alis,satis
1745183403,USD,36.437,39.702
1745183403,EUR,41.464,45.179
1745183403,GBP,48.411,52.748
1745183403,XAU,3822.547059,4456.832317
