zaman,kur,alis,satis
1738531258,USD,34.206,37.279
1738531258,EUR,35.516,38.707
1738531258,GBP,42.518,46.338
1738531258,XAU,3014.492092,3572.843798
1738531618,USD,34.206,37.279
1738531618,EUR,35.516,38.707
1738531618,GBP,42.518,46.338
1738531618,XAU,3014.492092,3572.843798
1738531987,USD,34.206,37.279
1738531987,EUR,35.516,38.707
1738531987,GBP,42.518,46.338
1738531987,XAU,3014.492092,3572.843798
1738532331,USD,34.206,37.279
1738532331,EUR,35.516,38.707
1738532331,GBP,42.518,46.338
1738532331,XAU,3014.492092,3572.843798
1738532668,USD,34.206,37.279
1738532668,EUR,35.516,38.707
1738532668,GBP,42.518,46.338
1738532668,XAU,3014.492092,3572.843798
