zaman,kur,alis,satis
1739654650,USD,34.547,37.575
1739654650,EUR,36.265,39.445
1739654650,GBP,43.602,47.424
1739654650,XAU,3166.945265,3732.436162
1739655132,USD,34.547,37.575
1739655132,EUR,36.265,39.445
1739655132,GBP,43.602,47.424
1739655132,XAU,3166.945265,3732.436162
1739655486,USD,34.547,37.575
1739655486,EUR,36.265,39.445
1739655486,GBP,43.602,47.424
1739655486,XAU,3166.945265,3732.436162
1739655853,USD,34.547,37.575
1739655853,EUR,36.265,39.445
1739655853,GBP,43.602,47.424
1739655853,XAU,3166.945265,3732.436162
1739656209,USD,34.547,37.575
1739656209,EUR,36.265,39.445
1739656209,GBP,43.602,47.424
1739656209,XAU,3166.945265,3732.436162
1739656583,USD,34.547,37.575
1739656583,EUR,36.265,39.445
1739656583,GBP,43.602,47.424
1739656583,XAU,3166.945265,3732.436162
