zaman,kur,alis,satis
1750194770,USD,37.646,41.009
1750194770,EUR,43.529,47.417
1750194770,GBP,51.041,55.6
1750194770,XAU,4020.186245,4679.037235
1750195784,USD,37.646,41.009
1750195784,EUR,43.529,47.417
1750195784,GBP,51.041,55.6
1750195784,XAU,4020.186245,4679.037235
1750196461,USD,37.646,41.009
1750196461,EUR,43.529,47.417
1750196461,GBP,51.041,55.6
1750196461,XAU,4020.186245,4679.037235
1750196911,USD,37.646,41.009
1750196911,EUR,43.529,47.417
1750196911,GBP,51.041,55.6
1750196911,XAU,4020.186245,4679.037235
1750197258,USD,37.646,41.009
1750197258,EUR,43.529,47.417
1750197258,GBP,51.041,55.6
1750197258,XAU,4020.186245,4679.037235
1750197602,USD,37.646,41.009
1750197602,EUR,43.529,47.417
1750197602,GBP,51.041,55.6
1750197602,XAU,4020.186245,4679.037235
1750198672,USD,37.646,41.009
1750198672,EUR,43.529,47.417
1750198672,GBP,51.041,55.6
1750198672,XAU,4020.186245,4679.037235
1750199803,USD,37.646,41.009
1750199803,EUR,43.529,47.417
1750199803,GBP,51.041,55.6
1750199803,XAU,4020.186245,4679.037235
1750200439,USD,37.646,41.009
1750200439,EUR,43.529,47.417
1750200439,GBP,51.041,55.6
1750200439,XAU,4020.186245,4679.037235
1750200794,USD,37.646,41.009
1750200794,EUR,43.529,47.417
1750200794,GBP,51.041,55.6
1750200794,XAU,4020.186245,4679.037235
1750201118,USD,37.646,41.009
1750201118,EUR,43.529,47.417
1750201118,GBP,51.041,55.6
1750201118,XAU,4020.186245,4679.037235
1750202117,USD,37.646,41.009
1750202117,EUR,43.529,47.417
1750202117,GBP,51.041,55.6
1750202117,XAU,4020.186245,4679.037235
1750203004,USD,37.646,41.009
1750203004,EUR,43.529,47.417
1750203004,GBP,51.041,55.6
1750203004,XAU,4020.186245,4679.037235
