zaman,kur,alis,satis
1744837229,USD,36.488,39.75
1744837229,EUR,41.529,45.241
1744837229,GBP,48.406,52.732
1744837229,XAU,3804.674907,4437.450182
1744838330,USD,36.488,39.75
1744838330,EUR,41.529,45.241
1744838330,GBP,48.406,52.732
1744838330,XAU,3804.674907,4437.450182
