zaman,kur,alis,satis
1743800442,USD,36.291,39.55
1743800442,EUR,39.882,43.463
1743800442,GBP,46.997,51.217
1743800442,XAU,3468.045804,4078.088704
1743801277,USD,36.291,39.55
1743801277,EUR,39.882,43.463
1743801277,GBP,46.997,51.217
1743801277,XAU,3468.045804,4078.088704
1743802598,USD,36.291,39.55
1743802598,EUR,39.882,43.463
1743802598,GBP,46.997,51.217
1743802598,XAU,3468.045804,4078.088704
1743803066,USD,36.291,39.55
1743803066,EUR,39.882,43.463
1743803066,GBP,46.997,51.217
1743803066,XAU,3468.045804,4078.088704
