zaman,kur,alis,satis
1740344661,USD,34.795,37.845
1740344661,EUR,36.453,39.648
1740344661,GBP,44.044,47.904
1740344661,XAU,3204.380055,3773.972471
1740345607,USD,34.795,37.845
1740345607,EUR,36.453,39.648
1740345607,GBP,44.044,47.904
1740345607,XAU,3204.380055,3773.972471
1740346635,USD,34.795,37.845
1740346635,EUR,36.453,39.648
1740346635,GBP,44.044,47.904
1740346635,XAU,3204.380055,3773.972471
1740347230,USD,34.795,37.845
1740347230,EUR,36.453,39.648
1740347230,GBP,44.044,47.904
1740347230,XAU,3204.380055,3773.972471
1740347588,USD,34.795,37.845
1740347588,EUR,36.453,39.648
1740347588,GBP,44.044,47.904
1740347588,XAU,3204.380055,3773.972471
1740347949,USD,34.795,37.845
1740347949,EUR,36.453,39.648
1740347949,GBP,44.044,47.904
1740347949,XAU,3204.380055,3773.972471
1740348680,USD,34.795,37.845
1740348680,EUR,36.453,39.648
1740348680,GBP,44.044,47.904
1740348680,XAU,3204.380055,3773.972471
1740349754,USD,34.795,37.845
1740349754,EUR,36.453,39.648
1740349754,GBP,44.044,47.904
1740349754,XAU,3204.380055,3773.972471
1740350950,USD,34.795,37.845
1740350950,EUR,36.453,39.648
1740350950,GBP,44.044,47.904
1740350950,XAU,3204.380055,3773.972471
1740351310,USD,34.795,37.845
1740351310,EUR,36.453,39.648
1740351310,GBP,44.044,47.904
1740351310,XAU,3204.380055,3773.972471
1740351670,USD,34.795,37.845
1740351670,EUR,36.453,39.648
1740351670,GBP,44.044,47.904
1740351670,XAU,3204.380055,3773.972471
1740352513,USD,34.795,37.845
1740352513,EUR,36.453,39.648
1740352513,GBP,44.044,47.904
1740352513,XAU,3204.380055,3773.972471
1740353315,USD,34.795,37.845
1740353315,EUR,36.453,39.648
1740353315,GBP,44.044,47.904
1740353315,XAU,3204.380055,3773.972471
