zaman,kur,alis,satis
1713959708,USD,31.767,33.063
1713959708,EUR,33.943,35.341
1713959708,GBP,39.512,41.127
1713959708,XAU,2387.297331,2614.101088
1713959835,USD,31.767,33.063
1713959835,EUR,33.943,35.341
1713959835,GBP,39.489,41.11
1713959835,XAU,2386.667895,2613.461203
