zaman,kur,alis,satis
1751317902,USD,38,41.394
1751317902,EUR,44.521,48.498
1751317902,GBP,52.057,56.706
1751317902,XAU,3937.143784,4594.243347
