zaman,kur,alis,satis
1751058060,USD,38.036,41.434
1751058060,EUR,44.57,48.552
1751058060,GBP,52.208,56.872
1751058060,XAU,3921.151143,4577.883541
1751059096,USD,38.036,41.434
1751059096,EUR,44.57,48.552
1751059096,GBP,52.208,56.872
1751059096,XAU,3921.151143,4577.883541
1751059888,USD,38.036,41.434
1751059888,EUR,44.57,48.552
1751059888,GBP,52.208,56.872
1751059888,XAU,3921.151143,4577.883541
1751060459,USD,38.036,41.434
1751060459,EUR,44.57,48.552
1751060459,GBP,52.208,56.872
1751060459,XAU,3921.151143,4577.883541
1751060802,USD,38.036,41.434
1751060802,EUR,44.57,48.552
1751060802,GBP,52.208,56.872
1751060802,XAU,3921.151143,4577.883541
1751061139,USD,38.036,41.434
1751061139,EUR,44.57,48.552
1751061139,GBP,52.208,56.872
1751061139,XAU,3921.151143,4577.883541
1751061471,USD,38.036,41.434
1751061471,EUR,44.57,48.552
1751061471,GBP,52.208,56.872
1751061471,XAU,3921.151143,4577.883541
1751062490,USD,38.036,41.434
1751062490,EUR,44.57,48.552
1751062490,GBP,52.208,56.872
1751062490,XAU,3921.151143,4577.883541
1751063729,USD,38.036,41.434
1751063729,EUR,44.57,48.552
1751063729,GBP,52.208,56.872
1751063729,XAU,3921.151143,4577.883541
1751064456,USD,38.036,41.434
1751064456,EUR,44.57,48.552
1751064456,GBP,52.208,56.872
1751064456,XAU,3921.151143,4577.883541
1751064805,USD,38.036,41.434
1751064805,EUR,44.57,48.552
1751064805,GBP,52.208,56.872
1751064805,XAU,3921.151143,4577.883541
1751065132,USD,38.036,41.434
1751065132,EUR,44.57,48.552
1751065132,GBP,52.208,56.872
1751065132,XAU,3921.151143,4577.883541
1751066192,USD,38.036,41.434
1751066192,EUR,44.57,48.552
1751066192,GBP,52.208,56.872
1751066192,XAU,3921.151143,4577.883541
