zaman,kur,alis,satis
1750626559,USD,37.84,41.219
1750626559,EUR,43.587,47.481
1750626559,GBP,51.08,55.642
1750626559,XAU,4021.017951,4681.938475
1750627580,USD,37.84,41.219
1750627580,EUR,43.587,47.481
1750627580,GBP,51.08,55.642
1750627580,XAU,4021.017951,4681.938475
1750628184,USD,37.84,41.219
1750628184,EUR,43.587,47.481
1750628184,GBP,51.08,55.642
1750628184,XAU,4021.017951,4681.938475
1750628618,USD,37.84,41.219
1750628618,EUR,43.587,47.481
1750628618,GBP,51.08,55.642
1750628618,XAU,4021.017951,4681.938475
1750628977,USD,37.84,41.219
1750628977,EUR,43.587,47.481
1750628977,GBP,51.08,55.642
1750628977,XAU,4021.017951,4681.938475
1750629291,USD,37.84,41.219
1750629291,EUR,43.587,47.481
1750629291,GBP,51.08,55.642
1750629291,XAU,4021.017951,4681.938475
1750629633,USD,37.84,41.219
1750629633,EUR,43.587,47.481
1750629633,GBP,51.08,55.642
1750629633,XAU,4021.017951,4681.938475
1750630731,USD,37.84,41.219
1750630731,EUR,43.587,47.481
1750630731,GBP,51.08,55.642
1750630731,XAU,4021.017951,4681.938475
1750631751,USD,37.84,41.219
1750631751,EUR,43.587,47.481
1750631751,GBP,51.08,55.642
1750631751,XAU,4021.017951,4681.938475
1750632373,USD,37.84,41.219
1750632373,EUR,43.587,47.481
1750632373,GBP,51.08,55.642
1750632373,XAU,4021.017951,4681.938475
1750632708,USD,37.84,41.219
1750632708,EUR,43.587,47.481
1750632708,GBP,51.08,55.642
1750632708,XAU,4021.017951,4681.938475
1750633043,USD,37.84,41.219
1750633043,EUR,43.587,47.481
1750633043,GBP,51.08,55.642
1750633043,XAU,4021.017951,4681.938475
1750633964,USD,37.84,41.219
1750633964,EUR,43.587,47.481
1750633964,GBP,51.08,55.642
1750633964,XAU,4021.017951,4681.938475
1750634917,USD,37.84,41.219
1750634917,EUR,43.587,47.481
1750634917,GBP,51.08,55.642
1750634917,XAU,4021.017951,4681.938475
1750635502,USD,37.84,41.219
1750635502,EUR,43.587,47.481
1750635502,GBP,51.08,55.642
1750635502,XAU,4021.017951,4681.938475
1750635977,USD,37.84,41.219
1750635977,EUR,43.587,47.481
1750635977,GBP,51.08,55.642
1750635977,XAU,4021.017951,4681.938475
