zaman,kur,alis,satis
1740517257,USD,34.92,37.981
1740517257,EUR,36.651,39.863
1740517257,GBP,44.258,48.137
1740517257,XAU,3214.536186,3786.081662
1740517969,USD,34.92,37.981
1740517969,EUR,36.651,39.863
1740517969,GBP,44.258,48.137
1740517969,XAU,3214.536186,3786.081662
1740518937,USD,34.92,37.981
1740518937,EUR,36.651,39.863
1740518937,GBP,44.258,48.137
1740518937,XAU,3214.536186,3786.081662
1740519305,USD,34.92,37.981
1740519305,EUR,36.651,39.863
1740519305,GBP,44.258,48.137
1740519305,XAU,3214.536186,3786.081662
