zaman,kur,alis,satis
1750540310,USD,37.84,41.219
1750540310,EUR,43.587,47.481
1750540310,GBP,51.08,55.642
1750540310,XAU,4021.017951,4681.938475
