zaman,kur,alis,satis
1740171890,USD,34.795,37.845
1740171890,EUR,36.453,39.648
1740171890,GBP,44.044,47.904
1740171890,XAU,3204.380055,3773.972471
