zaman,kur,alis,satis
1738098867,USD,34.192,37.265
1738098867,EUR,35.617,38.817
1738098867,GBP,42.515,46.335
1738098867,XAU,2948.717949,3502.58206
1738099568,USD,34.192,37.265
1738099568,EUR,35.617,38.817
1738099568,GBP,42.515,46.335
1738099568,XAU,2948.717949,3502.58206
1738099901,USD,34.192,37.265
1738099901,EUR,35.617,38.817
1738099901,GBP,42.515,46.335
1738099901,XAU,2948.717949,3502.58206
1738100265,USD,34.192,37.265
1738100265,EUR,35.617,38.817
1738100265,GBP,42.515,46.335
1738100265,XAU,2948.717949,3502.58206
1738100618,USD,34.192,37.265
1738100618,EUR,35.617,38.817
1738100618,GBP,42.515,46.335
1738100618,XAU,2948.717949,3502.58206
1738100949,USD,34.192,37.265
1738100949,EUR,35.617,38.817
1738100949,GBP,42.515,46.335
1738100949,XAU,2948.717949,3502.58206
1738101290,USD,34.192,37.265
1738101290,EUR,35.617,38.817
1738101290,GBP,42.515,46.335
1738101290,XAU,2948.717949,3502.58206
1738101624,USD,34.192,37.265
1738101624,EUR,35.617,38.817
1738101624,GBP,42.515,46.335
1738101624,XAU,2948.717949,3502.58206
1738102558,USD,34.192,37.265
1738102558,EUR,35.617,38.817
1738102558,GBP,42.515,46.335
1738102558,XAU,2948.717949,3502.58206
1738103437,USD,34.192,37.265
1738103437,EUR,35.617,38.817
1738103437,GBP,42.515,46.335
1738103437,XAU,2948.717949,3502.58206
1738103939,USD,34.192,37.265
1738103939,EUR,35.617,38.817
1738103939,GBP,42.515,46.335
1738103939,XAU,2948.717949,3502.58206
1738104270,USD,34.192,37.265
1738104270,EUR,35.617,38.817
1738104270,GBP,42.515,46.335
1738104270,XAU,2948.717949,3502.58206
1738104616,USD,34.192,37.265
1738104616,EUR,35.617,38.817
1738104616,GBP,42.515,46.335
1738104616,XAU,2948.717949,3502.58206
1738104944,USD,34.192,37.265
1738104944,EUR,35.617,38.817
1738104944,GBP,42.515,46.335
1738104944,XAU,2948.717949,3502.58206
1738105676,USD,34.192,37.265
1738105676,EUR,35.617,38.817
1738105676,GBP,42.515,46.335
1738105676,XAU,2948.717949,3502.58206
1738106560,USD,34.192,37.265
1738106560,EUR,35.617,38.817
1738106560,GBP,42.515,46.335
1738106560,XAU,2948.717949,3502.58206
1738106937,USD,34.192,37.265
1738106937,EUR,35.617,38.817
1738106937,GBP,42.515,46.335
1738106937,XAU,2948.717949,3502.58206
1738107337,USD,34.192,37.265
1738107337,EUR,35.617,38.817
1738107337,GBP,42.515,46.335
1738107337,XAU,2948.717949,3502.58206
