zaman,kur,alis,satis
1745356223,USD,36.553,39.819
1745356223,EUR,41.913,45.658
1745356223,GBP,48.919,53.289
1745356223,XAU,3953.852156,4597.273927
1745357191,USD,36.553,39.819
1745357191,EUR,41.913,45.658
1745357191,GBP,48.919,53.289
1745357191,XAU,3953.852156,4597.273927
1745357699,USD,36.553,39.819
1745357699,EUR,41.913,45.658
1745357699,GBP,48.919,53.289
1745357699,XAU,3953.852156,4597.273927
1745358116,USD,36.553,39.819
1745358116,EUR,41.913,45.658
1745358116,GBP,48.919,53.289
1745358116,XAU,3953.852156,4597.273927
1745358449,USD,36.553,39.819
1745358449,EUR,41.913,45.658
1745358449,GBP,48.919,53.289
1745358449,XAU,3953.852156,4597.273927
1745358779,USD,36.553,39.819
1745358779,EUR,41.913,45.658
1745358779,GBP,48.919,53.289
1745358779,XAU,3953.852156,4597.273927
1745359122,USD,36.553,39.819
1745359122,EUR,41.913,45.658
1745359122,GBP,48.919,53.289
1745359122,XAU,3953.852156,4597.273927
1745360096,USD,36.553,39.819
1745360096,EUR,41.913,45.658
1745360096,GBP,48.919,53.289
1745360096,XAU,3953.852156,4597.273927
1745361204,USD,36.553,39.819
1745361204,EUR,41.913,45.658
1745361204,GBP,48.919,53.289
1745361204,XAU,3953.852156,4597.273927
1745361829,USD,36.553,39.819
1745361829,EUR,41.913,45.658
1745361829,GBP,48.919,53.289
1745361829,XAU,3953.852156,4597.273927
1745362184,USD,36.553,39.819
1745362184,EUR,41.913,45.658
1745362184,GBP,48.919,53.289
1745362184,XAU,3953.852156,4597.273927
1745362516,USD,36.553,39.819
1745362516,EUR,41.913,45.658
1745362516,GBP,48.919,53.289
1745362516,XAU,3953.852156,4597.273927
1745362853,USD,36.553,39.819
1745362853,EUR,41.913,45.658
1745362853,GBP,48.919,53.289
1745362853,XAU,3953.852156,4597.273927
1745363936,USD,36.553,39.819
1745363936,EUR,41.913,45.658
1745363936,GBP,48.919,53.289
1745363936,XAU,3953.852156,4597.273927
