zaman,kur,alis,satis
1745269213,USD,36.558,39.825
1745269213,EUR,42.09,45.85
1745269213,GBP,49.021,53.401
1745269213,XAU,3941.62887,4584.006366
