zaman,kur,alis,satis
1742072451,USD,35.039,38.171
1742072451,EUR,38.153,41.563
1742072451,GBP,45.355,49.409
1742072451,XAU,3286.828095,3870.324159
1742073171,USD,35.039,38.171
1742073171,EUR,38.153,41.563
1742073171,GBP,45.355,49.409
1742073171,XAU,3286.828095,3870.324159
1742074155,USD,35.039,38.171
1742074155,EUR,38.153,41.563
1742074155,GBP,45.355,49.409
1742074155,XAU,3286.828095,3870.324159
1742074496,USD,35.039,38.171
1742074496,EUR,38.153,41.563
1742074496,GBP,45.355,49.409
1742074496,XAU,3286.828095,3870.324159
1742074853,USD,35.039,38.171
1742074853,EUR,38.153,41.563
1742074853,GBP,45.355,49.409
1742074853,XAU,3286.828095,3870.324159
1742075211,USD,35.039,38.171
1742075211,EUR,38.153,41.563
1742075211,GBP,45.355,49.409
1742075211,XAU,3286.828095,3870.324159
1742075946,USD,35.039,38.171
1742075946,EUR,38.153,41.563
1742075946,GBP,45.355,49.409
1742075946,XAU,3286.828095,3870.324159
1742078151,USD,35.039,38.171
1742078151,EUR,38.153,41.563
1742078151,GBP,45.355,49.409
1742078151,XAU,3286.828095,3870.324159
1742078753,USD,35.039,38.171
1742078753,EUR,38.153,41.563
1742078753,GBP,45.355,49.409
1742078753,XAU,3286.828095,3870.324159
1742079351,USD,35.039,38.171
1742079351,EUR,38.153,41.563
1742079351,GBP,45.355,49.409
1742079351,XAU,3286.828095,3870.324159
1742079714,USD,35.039,38.171
1742079714,EUR,38.153,41.563
1742079714,GBP,45.355,49.409
1742079714,XAU,3286.828095,3870.324159
1742080554,USD,35.039,38.171
1742080554,EUR,38.153,41.563
1742080554,GBP,45.355,49.409
1742080554,XAU,3286.828095,3870.324159
1742081368,USD,35.039,38.171
1742081368,EUR,38.153,41.563
1742081368,GBP,45.355,49.409
1742081368,XAU,3286.828095,3870.324159
1742081611,USD,35.039,38.171
1742081611,EUR,38.153,41.563
1742081611,GBP,45.355,49.409
1742081611,XAU,3286.828095,3870.324159
