zaman,kur,alis,satis
1742851727,USD,36.361,39.626
1742851727,EUR,39.354,42.887
1742851727,GBP,47.103,51.331
1742851727,XAU,3441.145282,4050.201382
1742852095,USD,36.361,39.626
1742852095,EUR,39.354,42.887
1742852095,GBP,47.103,51.331
1742852095,XAU,3441.145282,4050.201382
1742852570,USD,36.361,39.626
1742852570,EUR,39.354,42.887
1742852570,GBP,47.103,51.331
1742852570,XAU,3441.145282,4050.201382
1742853167,USD,36.361,39.626
1742853167,EUR,39.354,42.887
1742853167,GBP,47.103,51.331
1742853167,XAU,3441.145282,4050.201382
1742853528,USD,36.361,39.626
1742853528,EUR,39.354,42.887
1742853528,GBP,47.103,51.331
1742853528,XAU,3441.145282,4050.201382
1742853913,USD,36.361,39.626
1742853913,EUR,39.354,42.887
1742853913,GBP,47.103,51.331
1742853913,XAU,3441.145282,4050.201382
1742854973,USD,36.361,39.626
1742854973,EUR,39.354,42.887
1742854973,GBP,47.103,51.331
1742854973,XAU,3441.145282,4050.201382
1742855931,USD,36.361,39.626
1742855931,EUR,39.354,42.887
1742855931,GBP,47.103,51.331
1742855931,XAU,3441.145282,4050.201382
1742856409,USD,36.361,39.626
1742856409,EUR,39.354,42.887
1742856409,GBP,47.103,51.331
1742856409,XAU,3441.145282,4050.201382
