zaman,kur,alis,satis
1738357846,USD,34.206,37.279
1738357846,EUR,35.516,38.707
1738357846,GBP,42.518,46.338
1738357846,XAU,3014.492092,3572.843798
