zaman,kur,alis,satis
1743455018,USD,36.209,39.461
1743455018,EUR,39.113,42.625
1743455018,GBP,46.945,51.161
1743455018,XAU,3495.05531,4106.207701
1743456097,USD,36.209,39.461
1743456097,EUR,39.113,42.625
1743456097,GBP,46.945,51.161
1743456097,XAU,3495.05531,4106.207701
1743456824,USD,36.209,39.461
1743456824,EUR,39.113,42.625
1743456824,GBP,46.945,51.161
1743456824,XAU,3495.05531,4106.207701
1743457299,USD,36.209,39.461
1743457299,EUR,39.113,42.625
1743457299,GBP,46.945,51.161
1743457299,XAU,3495.05531,4106.207701
1743457659,USD,36.209,39.461
1743457659,EUR,39.113,42.625
1743457659,GBP,46.945,51.161
1743457659,XAU,3495.05531,4106.207701
1743458627,USD,36.209,39.461
1743458627,EUR,39.113,42.625
1743458627,GBP,46.945,51.161
1743458627,XAU,3495.05531,4106.207701
1743459711,USD,36.209,39.461
1743459711,EUR,39.113,42.625
1743459711,GBP,46.945,51.161
1743459711,XAU,3495.05531,4106.207701
1743460672,USD,36.209,39.461
1743460672,EUR,39.113,42.625
1743460672,GBP,46.945,51.161
1743460672,XAU,3495.05531,4106.207701
1743461280,USD,36.209,39.461
1743461280,EUR,39.113,42.625
1743461280,GBP,46.945,51.161
1743461280,XAU,3495.05531,4106.207701
