zaman,kur,alis,satis
1744232412,USD,36.373,39.622
1744232412,EUR,40.221,43.814
1744232412,GBP,46.535,50.693
1744232412,XAU,3511.041378,4123.218696
1744233200,USD,36.373,39.622
1744233200,EUR,40.221,43.814
1744233200,GBP,46.535,50.693
1744233200,XAU,3511.041378,4123.218696
1744234039,USD,36.373,39.622
1744234039,EUR,40.221,43.814
1744234039,GBP,46.535,50.693
1744234039,XAU,3511.041378,4123.218696
1744234526,USD,36.373,39.622
1744234526,EUR,40.221,43.814
1744234526,GBP,46.535,50.693
1744234526,XAU,3511.041378,4123.218696
