zaman,kur,alis,satis
1739135445,USD,34.358,37.37
1739135445,EUR,35.617,38.739
1739135445,GBP,42.758,46.507
1739135445,XAU,3100.935066,3659.39813
