zaman,kur,alis,satis
1737666043,USD,34.068,37.129
1737666043,EUR,35.463,38.65
1737666043,GBP,42.006,45.78
1737666043,XAU,2930.288921,3481.76966
1737666992,USD,34.068,37.129
1737666992,EUR,35.463,38.65
1737666992,GBP,42.006,45.78
1737666992,XAU,2930.288921,3481.76966
1737667610,USD,34.068,37.129
1737667610,EUR,35.463,38.65
1737667610,GBP,42.006,45.78
1737667610,XAU,2930.288921,3481.76966
1737667980,USD,34.068,37.129
1737667980,EUR,35.463,38.65
1737667980,GBP,42.006,45.78
1737667980,XAU,2930.288921,3481.76966
1737668343,USD,34.068,37.129
1737668343,EUR,35.463,38.65
1737668343,GBP,42.006,45.78
1737668343,XAU,2930.288921,3481.76966
1737668677,USD,34.068,37.129
1737668677,EUR,35.463,38.65
1737668677,GBP,42.006,45.78
1737668677,XAU,2930.288921,3481.76966
1737669024,USD,34.068,37.129
1737669024,EUR,35.463,38.65
1737669024,GBP,42.006,45.78
1737669024,XAU,2930.288921,3481.76966
