zaman,kur,alis,satis
1747084485,USD,37.047,40.356
1747084485,EUR,41.198,44.878
1747084485,GBP,48.946,53.319
1747084485,XAU,3777.750527,4414.370003
1747085361,USD,37.047,40.356
1747085361,EUR,41.198,44.878
1747085361,GBP,48.946,53.319
1747085361,XAU,3777.750527,4414.370003
1747085899,USD,37.047,40.356
1747085899,EUR,41.198,44.878
1747085899,GBP,48.946,53.319
1747085899,XAU,3777.750527,4414.370003
1747086262,USD,37.047,40.356
1747086262,EUR,41.198,44.878
1747086262,GBP,48.946,53.319
1747086262,XAU,3777.750527,4414.370003
1747086593,USD,37.047,40.356
1747086593,EUR,41.198,44.878
1747086593,GBP,48.946,53.319
1747086593,XAU,3777.750527,4414.370003
1747086930,USD,37.047,40.356
1747086930,EUR,41.198,44.878
1747086930,GBP,48.946,53.319
1747086930,XAU,3777.750527,4414.370003
1747087704,USD,37.047,40.356
1747087704,EUR,41.198,44.878
1747087704,GBP,48.946,53.319
1747087704,XAU,3777.750527,4414.370003
1747089036,USD,37.047,40.356
1747089036,EUR,41.198,44.878
1747089036,GBP,48.946,53.319
1747089036,XAU,3777.750527,4414.370003
1747089779,USD,37.047,40.356
1747089779,EUR,41.198,44.878
1747089779,GBP,48.946,53.319
1747089779,XAU,3777.750527,4414.370003
1747090163,USD,37.047,40.356
1747090163,EUR,41.198,44.878
1747090163,GBP,48.946,53.319
1747090163,XAU,3777.750527,4414.370003
1747090522,USD,37.047,40.356
1747090522,EUR,41.198,44.878
1747090522,GBP,48.946,53.319
1747090522,XAU,3777.750527,4414.370003
1747091277,USD,37.047,40.356
1747091277,EUR,41.198,44.878
1747091277,GBP,48.946,53.319
1747091277,XAU,3777.750527,4414.370003
1747092375,USD,37.047,40.356
1747092375,EUR,41.198,44.878
1747092375,GBP,48.946,53.319
1747092375,XAU,3777.750527,4414.370003
1747092889,USD,37.047,40.356
1747092889,EUR,41.198,44.878
1747092889,GBP,48.946,53.319
1747092889,XAU,3777.750527,4414.370003
1747093696,USD,37.047,40.356
1747093696,EUR,41.198,44.878
1747093696,GBP,48.946,53.319
1747093696,XAU,3777.750527,4414.370003
1747094039,USD,37.047,40.356
1747094039,EUR,41.198,44.878
1747094039,GBP,48.946,53.319
1747094039,XAU,3777.750527,4414.370003
1747094374,USD,37.047,40.356
1747094374,EUR,41.198,44.878
1747094374,GBP,48.946,53.319
1747094374,XAU,3777.750527,4414.370003
1747099451,USD,37.047,40.356
1747099451,EUR,41.198,44.878
1747099451,GBP,48.946,53.319
1747099451,XAU,3777.750527,4414.370003
1747104765,USD,37.047,40.356
1747104765,EUR,41.198,44.878
1747104765,GBP,48.946,53.319
1747104765,XAU,3777.750527,4414.370003
