zaman,kur,alis,satis
1741036852,USD,34.9,37.959
1741036852,EUR,36.532,39.734
1741036852,GBP,44.278,48.159
1741036852,XAU,3151.11173,3718.399852
1741037574,USD,34.9,37.959
1741037574,EUR,36.532,39.734
1741037574,GBP,44.278,48.159
1741037574,XAU,3151.11173,3718.399852
1741038174,USD,34.9,37.959
1741038174,EUR,36.532,39.734
1741038174,GBP,44.278,48.159
1741038174,XAU,3151.11173,3718.399852
1741038539,USD,34.9,37.959
1741038539,EUR,36.532,39.734
1741038539,GBP,44.278,48.159
1741038539,XAU,3151.11173,3718.399852
1741038896,USD,34.9,37.959
1741038896,EUR,36.532,39.734
1741038896,GBP,44.278,48.159
1741038896,XAU,3151.11173,3718.399852
