zaman,kur,alis,satis
1745356223,USD,36.553,39.819
1745356223,EUR,41.913,45.658
1745356223,GBP,48.919,53.289
1745356223,XAU,3953.852156,4597.273927
