zaman,kur,alis,satis
1752181238,USD,38.34,41.681
1752181238,EUR,44.893,48.804
1752181238,GBP,52.047,56.582
1752181238,XAU,4005.987225,4661.825159
1752182478,USD,38.34,41.681
1752182478,EUR,44.893,48.804
1752182478,GBP,52.047,56.582
1752182478,XAU,4005.987225,4661.825159
1752183339,USD,38.34,41.681
1752183339,EUR,44.893,48.804
1752183339,GBP,52.047,56.582
1752183339,XAU,4005.987225,4661.825159
1752183949,USD,38.34,41.681
1752183949,EUR,44.893,48.804
1752183949,GBP,52.047,56.582
1752183949,XAU,4005.987225,4661.825159
1752184283,USD,38.34,41.681
1752184283,EUR,44.893,48.804
1752184283,GBP,52.047,56.582
1752184283,XAU,4005.987225,4661.825159
1752184610,USD,38.34,41.681
1752184610,EUR,44.893,48.804
1752184610,GBP,52.047,56.582
1752184610,XAU,4005.987225,4661.825159
1752185518,USD,38.34,41.681
1752185518,EUR,44.893,48.804
1752185518,GBP,52.047,56.582
1752185518,XAU,4005.987225,4661.825159
1752186844,USD,38.34,41.681
1752186844,EUR,44.893,48.804
1752186844,GBP,52.047,56.582
1752186844,XAU,4005.987225,4661.825159
1752187630,USD,38.34,41.681
1752187630,EUR,44.893,48.804
1752187630,GBP,52.047,56.582
1752187630,XAU,4005.987225,4661.825159
1752188091,USD,38.34,41.681
1752188091,EUR,44.893,48.804
1752188091,GBP,52.047,56.582
1752188091,XAU,4005.987225,4661.825159
1752188435,USD,38.34,41.681
1752188435,EUR,44.893,48.804
1752188435,GBP,52.047,56.582
1752188435,XAU,4005.987225,4661.825159
