zaman,kur,alis,satis
1746219628,USD,36.77,40.055
1746219628,EUR,41.648,45.369
1746219628,GBP,48.934,53.305
1746219628,XAU,3779.332922,4414.032047
1746220711,USD,36.77,40.055
1746220711,EUR,41.648,45.369
1746220711,GBP,48.934,53.305
1746220711,XAU,3779.332922,4414.032047
1746221432,USD,36.77,40.055
1746221432,EUR,41.648,45.369
1746221432,GBP,48.934,53.305
1746221432,XAU,3779.332922,4414.032047
1746221981,USD,36.77,40.055
1746221981,EUR,41.648,45.369
1746221981,GBP,48.934,53.305
1746221981,XAU,3779.332922,4414.032047
1746222314,USD,36.77,40.055
1746222314,EUR,41.648,45.369
1746222314,GBP,48.934,53.305
1746222314,XAU,3779.332922,4414.032047
1746222649,USD,36.77,40.055
1746222649,EUR,41.648,45.369
1746222649,GBP,48.934,53.305
1746222649,XAU,3779.332922,4414.032047
