zaman,kur,alis,satis
1738876406,USD,34.353,37.364
1738876406,EUR,35.6,38.72
1738876406,GBP,42.587,46.32
1738876406,XAU,3060.814841,3616.734022
