zaman,kur,alis,satis
1744147799,USD,36.369,39.618
1744147799,EUR,39.72,43.269
1744147799,GBP,46.545,50.703
1744147799,XAU,3436.231086,4043.568438
