zaman,kur,alis,satis
1740862969,USD,34.893,37.952
1740862969,EUR,36.315,39.498
1740862969,GBP,44.015,47.872
1740862969,XAU,3100.864946,3665.06471
1740863812,USD,34.893,37.952
1740863812,EUR,36.315,39.498
1740863812,GBP,44.015,47.872
1740863812,XAU,3100.864946,3665.06471
1740865374,USD,34.893,37.952
1740865374,EUR,36.315,39.498
1740865374,GBP,44.015,47.872
1740865374,XAU,3100.864946,3665.06471
