zaman,kur,alis,satis
1740259118,USD,34.795,37.845
1740259118,EUR,36.453,39.648
1740259118,GBP,44.044,47.904
1740259118,XAU,3204.380055,3773.972471
1740259717,USD,34.795,37.845
1740259717,EUR,36.453,39.648
1740259717,GBP,44.044,47.904
1740259717,XAU,3204.380055,3773.972471
1740260089,USD,34.795,37.845
1740260089,EUR,36.453,39.648
1740260089,GBP,44.044,47.904
1740260089,XAU,3204.380055,3773.972471
