zaman,kur,alis,satis
1742160824,USD,35.039,38.171
1742160824,EUR,38.153,41.563
1742160824,GBP,45.355,49.409
1742160824,XAU,3286.828095,3870.324159
1742161186,USD,35.039,38.171
1742161186,EUR,38.153,41.563
1742161186,GBP,45.355,49.409
1742161186,XAU,3286.828095,3870.324159
