zaman,kur,alis,satis
1752354709,USD,38.315,41.737
1752354709,EUR,44.792,48.792
1752354709,GBP,51.748,56.37
1752354709,XAU,4061.02833,4730.067066
1752355719,USD,38.315,41.737
1752355719,EUR,44.792,48.792
1752355719,GBP,51.748,56.37
1752355719,XAU,4061.02833,4730.067066
1752356295,USD,38.315,41.737
1752356295,EUR,44.792,48.792
1752356295,GBP,51.748,56.37
1752356295,XAU,4061.02833,4730.067066
