zaman,kur,alis,satis
1743109232,USD,36.371,39.636
1743109232,EUR,39.217,42.738
1743109232,GBP,47.053,51.277
1743109232,XAU,3495.569576,4108.064256
1743110067,USD,36.371,39.636
1743110067,EUR,39.217,42.738
1743110067,GBP,47.053,51.277
1743110067,XAU,3495.569576,4108.064256
1743111027,USD,36.371,39.636
1743111027,EUR,39.217,42.738
1743111027,GBP,47.053,51.277
1743111027,XAU,3495.569576,4108.064256
