zaman,kur,alis,satis
1746911470,USD,36.945,40.245
1746911470,EUR,41.579,45.294
1746911470,GBP,49.085,53.47
1746911470,XAU,3887.471578,4530.685915
1746912310,USD,36.945,40.245
1746912310,EUR,41.579,45.294
1746912310,GBP,49.085,53.47
1746912310,XAU,3887.471578,4530.685915
1746912637,USD,36.945,40.245
1746912637,EUR,41.579,45.294
1746912637,GBP,49.085,53.47
1746912637,XAU,3887.471578,4530.685915
1746913052,USD,36.945,40.245
1746913052,EUR,41.579,45.294
1746913052,GBP,49.085,53.47
1746913052,XAU,3887.471578,4530.685915
