zaman,kur,alis,satis
1713959708,USD,31.767,33.063
1713959708,EUR,33.943,35.341
1713959708,GBP,39.512,41.127
1713959708,XAU,2387.297331,2614.101088
1713959835,USD,31.767,33.063
1713959835,EUR,33.943,35.341
1713959835,GBP,39.489,41.11
1713959835,XAU,2386.667895,2613.461203
1713959930,USD,31.765,33.061
1713959930,EUR,33.947,35.346
1713959930,GBP,39.494,41.118
1713959930,XAU,2387.229964,2614.020659
1713961570,USD,31.763,33.06
1713961570,EUR,33.942,35.331
1713961570,GBP,39.514,41.129
1713961570,XAU,2385.651787,2612.82807
1713963157,USD,31.738,33.034
1713963157,EUR,33.909,35.306
1713963157,GBP,39.47,41.094
1713963157,XAU,2390.412232,2616.920024
1713963848,USD,31.727,33.022
1713963848,EUR,33.898,35.294
1713963848,GBP,39.463,41.086
1713963848,XAU,2391.24124,2618.31909
