zaman,kur,alis,satis
1746219628,USD,36.77,40.055
1746219628,EUR,41.648,45.369
1746219628,GBP,48.934,53.305
1746219628,XAU,3779.332922,4414.032047
