zaman,kur,alis,satis
1737666043,USD,34.068,37.129
1737666043,EUR,35.463,38.65
1737666043,GBP,42.006,45.78
1737666043,XAU,2930.288921,3481.76966
1737666992,USD,34.068,37.129
1737666992,EUR,35.463,38.65
1737666992,GBP,42.006,45.78
1737666992,XAU,2930.288921,3481.76966
1737667610,USD,34.068,37.129
1737667610,EUR,35.463,38.65
1737667610,GBP,42.006,45.78
1737667610,XAU,2930.288921,3481.76966
1737667980,USD,34.068,37.129
1737667980,EUR,35.463,38.65
1737667980,GBP,42.006,45.78
1737667980,XAU,2930.288921,3481.76966
1737668343,USD,34.068,37.129
1737668343,EUR,35.463,38.65
1737668343,GBP,42.006,45.78
1737668343,XAU,2930.288921,3481.76966
1737668677,USD,34.068,37.129
1737668677,EUR,35.463,38.65
1737668677,GBP,42.006,45.78
1737668677,XAU,2930.288921,3481.76966
1737669024,USD,34.068,37.129
1737669024,EUR,35.463,38.65
1737669024,GBP,42.006,45.78
1737669024,XAU,2930.288921,3481.76966
1737669356,USD,34.068,37.129
1737669356,EUR,35.463,38.65
1737669356,GBP,42.006,45.78
1737669356,XAU,2930.288921,3481.76966
1737670076,USD,34.068,37.129
1737670076,EUR,35.463,38.65
1737670076,GBP,42.006,45.78
1737670076,XAU,2930.288921,3481.76966
1737671167,USD,34.068,37.129
1737671167,EUR,35.463,38.65
1737671167,GBP,42.006,45.78
1737671167,XAU,2930.288921,3481.76966
1737671730,USD,34.068,37.129
1737671730,EUR,35.463,38.65
1737671730,GBP,42.006,45.78
1737671730,XAU,2930.288921,3481.76966
1737672083,USD,34.068,37.129
1737672083,EUR,35.463,38.65
1737672083,GBP,42.006,45.78
1737672083,XAU,2930.288921,3481.76966
1737672429,USD,34.068,37.129
1737672429,EUR,35.463,38.65
1737672429,GBP,42.006,45.78
1737672429,XAU,2930.288921,3481.76966
1737672774,USD,34.068,37.129
1737672774,EUR,35.463,38.65
1737672774,GBP,42.006,45.78
1737672774,XAU,2930.288921,3481.76966
1737673114,USD,34.068,37.129
1737673114,EUR,35.463,38.65
1737673114,GBP,42.006,45.78
1737673114,XAU,2930.288921,3481.76966
1737673994,USD,34.068,37.129
1737673994,EUR,35.463,38.65
1737673994,GBP,42.006,45.78
1737673994,XAU,2930.288921,3481.76966
