zaman,kur,alis,satis
1740430860,USD,34.896,37.955
1740430860,EUR,36.531,39.733
1740430860,GBP,44.171,48.043
1740430860,XAU,3220.012957,3791.590204
1740431631,USD,34.896,37.955
1740431631,EUR,36.531,39.733
1740431631,GBP,44.171,48.043
1740431631,XAU,3220.012957,3791.590204
1740432466,USD,34.896,37.955
1740432466,EUR,36.531,39.733
1740432466,GBP,44.171,48.043
1740432466,XAU,3220.012957,3791.590204
1740432883,USD,34.896,37.955
1740432883,EUR,36.531,39.733
1740432883,GBP,44.171,48.043
1740432883,XAU,3220.012957,3791.590204
1740433594,USD,34.896,37.955
1740433594,EUR,36.531,39.733
1740433594,GBP,44.171,48.043
1740433594,XAU,3220.012957,3791.590204
1740434615,USD,34.896,37.955
1740434615,EUR,36.531,39.733
1740434615,GBP,44.171,48.043
1740434615,XAU,3220.012957,3791.590204
1740435593,USD,34.896,37.955
1740435593,EUR,36.531,39.733
1740435593,GBP,44.171,48.043
1740435593,XAU,3220.012957,3791.590204
