zaman,kur,alis,satis
1740259118,USD,34.795,37.845
1740259118,EUR,36.453,39.648
1740259118,GBP,44.044,47.904
1740259118,XAU,3204.380055,3773.972471
1740259717,USD,34.795,37.845
1740259717,EUR,36.453,39.648
1740259717,GBP,44.044,47.904
1740259717,XAU,3204.380055,3773.972471
1740260089,USD,34.795,37.845
1740260089,EUR,36.453,39.648
1740260089,GBP,44.044,47.904
1740260089,XAU,3204.380055,3773.972471
1740260492,USD,34.795,37.845
1740260492,EUR,36.453,39.648
1740260492,GBP,44.044,47.904
1740260492,XAU,3204.380055,3773.972471
1740261089,USD,34.795,37.845
1740261089,EUR,36.453,39.648
1740261089,GBP,44.044,47.904
1740261089,XAU,3204.380055,3773.972471
1740261458,USD,34.795,37.845
1740261458,EUR,36.453,39.648
1740261458,GBP,44.044,47.904
1740261458,XAU,3204.380055,3773.972471
1740261814,USD,34.795,37.845
1740261814,EUR,36.453,39.648
1740261814,GBP,44.044,47.904
1740261814,XAU,3204.380055,3773.972471
1740262651,USD,34.795,37.845
1740262651,EUR,36.453,39.648
1740262651,GBP,44.044,47.904
1740262651,XAU,3204.380055,3773.972471
1740263489,USD,34.795,37.845
1740263489,EUR,36.453,39.648
1740263489,GBP,44.044,47.904
1740263489,XAU,3204.380055,3773.972471
1740263973,USD,34.795,37.845
1740263973,EUR,36.453,39.648
1740263973,GBP,44.044,47.904
1740263973,XAU,3204.380055,3773.972471
