zaman,kur,alis,satis
1741899700,USD,35.029,38.175
1741899700,EUR,37.977,41.388
1741899700,GBP,45.331,49.402
1741899700,XAU,3266.372208,3850.664812
