zaman,kur,alis,satis
1739912568,USD,34.741,37.786
1739912568,EUR,36.294,39.475
1739912568,GBP,43.812,47.652
1739912568,XAU,3193.368435,3761.578088
