zaman,kur,alis,satis
1745961309,USD,36.737,40.019
1745961309,EUR,41.912,45.656
1745961309,GBP,49.32,53.726
1745961309,XAU,3837.545808,4475.176668
1745962118,USD,36.737,40.019
1745962118,EUR,41.912,45.656
1745962118,GBP,49.32,53.726
1745962118,XAU,3837.545808,4475.176668
1745962627,USD,36.737,40.019
1745962627,EUR,41.912,45.656
1745962627,GBP,49.32,53.726
1745962627,XAU,3837.545808,4475.176668
1745962972,USD,36.737,40.019
1745962972,EUR,41.912,45.656
1745962972,GBP,49.32,53.726
1745962972,XAU,3837.545808,4475.176668
1745963315,USD,36.737,40.019
1745963315,EUR,41.912,45.656
1745963315,GBP,49.32,53.726
1745963315,XAU,3837.545808,4475.176668
1745963644,USD,36.737,40.019
1745963644,EUR,41.912,45.656
1745963644,GBP,49.32,53.726
1745963644,XAU,3837.545808,4475.176668
1745963985,USD,36.737,40.019
1745963985,EUR,41.912,45.656
1745963985,GBP,49.32,53.726
1745963985,XAU,3837.545808,4475.176668
1745965014,USD,36.737,40.019
1745965014,EUR,41.912,45.656
1745965014,GBP,49.32,53.726
1745965014,XAU,3837.545808,4475.176668
1745966032,USD,36.737,40.019
1745966032,EUR,41.912,45.656
1745966032,GBP,49.32,53.726
1745966032,XAU,3837.545808,4475.176668
1745966651,USD,36.737,40.019
1745966651,EUR,41.912,45.656
1745966651,GBP,49.32,53.726
1745966651,XAU,3837.545808,4475.176668
1745966997,USD,36.737,40.019
1745966997,EUR,41.912,45.656
1745966997,GBP,49.32,53.726
1745966997,XAU,3837.545808,4475.176668
1745967341,USD,36.737,40.019
1745967341,EUR,41.912,45.656
1745967341,GBP,49.32,53.726
1745967341,XAU,3837.545808,4475.176668
1745968116,USD,36.737,40.019
1745968116,EUR,41.912,45.656
1745968116,GBP,49.32,53.726
1745968116,XAU,3837.545808,4475.176668
