zaman,kur,alis,satis
1737666043,USD,34.068,37.129
1737666043,EUR,35.463,38.65
1737666043,GBP,42.006,45.78
1737666043,XAU,2930.288921,3481.76966
1737666992,USD,34.068,37.129
1737666992,EUR,35.463,38.65
1737666992,GBP,42.006,45.78
1737666992,XAU,2930.288921,3481.76966
