zaman,kur,alis,satis
1738703694,USD,34.4,37.415
1738703694,EUR,35.583,38.702
1738703694,GBP,42.8,46.552
1738703694,XAU,3061.31646,3618.982868
