zaman,kur,alis,satis
1750194770,USD,37.646,41.009
1750194770,EUR,43.529,47.417
1750194770,GBP,51.041,55.6
1750194770,XAU,4020.186245,4679.037235
1750195784,USD,37.646,41.009
1750195784,EUR,43.529,47.417
1750195784,GBP,51.041,55.6
1750195784,XAU,4020.186245,4679.037235
1750196461,USD,37.646,41.009
1750196461,EUR,43.529,47.417
1750196461,GBP,51.041,55.6
1750196461,XAU,4020.186245,4679.037235
1750196911,USD,37.646,41.009
1750196911,EUR,43.529,47.417
1750196911,GBP,51.041,55.6
1750196911,XAU,4020.186245,4679.037235
