zaman,kur,alis,satis
1740085495,USD,34.781,37.83
1740085495,EUR,36.348,39.534
1740085495,GBP,43.922,47.772
1740085495,XAU,3206.032777,3775.608144
1740086454,USD,34.781,37.83
1740086454,EUR,36.348,39.534
1740086454,GBP,43.922,47.772
1740086454,XAU,3206.032777,3775.608144
