zaman,kur,alis,satis
1752095771,USD,38.28,41.699
1752095771,EUR,44.847,48.852
1752095771,GBP,52.088,56.739
1752095771,XAU,3996.633536,4660.657546
