zaman,kur,alis,satis
1739998977,USD,34.77,37.817
1739998977,EUR,36.272,39.451
1739998977,GBP,43.81,47.65
1739998977,XAU,3207.773749,3777.331263
