zaman,kur,alis,satis
1746134208,USD,36.74,40.022
1746134208,EUR,41.76,45.491
1746134208,GBP,49.07,53.454
1746134208,XAU,3761.662994,4470.423909
1746134921,USD,36.74,40.022
1746134921,EUR,41.76,45.491
1746134921,GBP,49.07,53.454
1746134921,XAU,3761.662994,4470.423909
1746135372,USD,36.74,40.022
1746135372,EUR,41.76,45.491
1746135372,GBP,49.07,53.454
1746135372,XAU,3761.662994,4470.423909
1746135711,USD,36.74,40.022
1746135711,EUR,41.76,45.491
1746135711,GBP,49.07,53.454
1746135711,XAU,3761.662994,4470.423909
1746136078,USD,36.74,40.022
1746136078,EUR,41.76,45.491
1746136078,GBP,49.07,53.454
1746136078,XAU,3761.662994,4470.423909
1746136404,USD,36.74,40.022
1746136404,EUR,41.76,45.491
1746136404,GBP,49.07,53.454
1746136404,XAU,3761.662994,4470.423909
