zaman,kur,alis,satis
1751836316,USD,37.998,41.392
1751836316,EUR,44.749,48.746
1751836316,GBP,51.902,56.538
1751836316,XAU,3993.117189,4653.989365
1751837307,USD,37.998,41.392
1751837307,EUR,44.749,48.746
1751837307,GBP,51.902,56.538
1751837307,XAU,3993.117189,4653.989365
1751837877,USD,37.998,41.392
1751837877,EUR,44.749,48.746
1751837877,GBP,51.902,56.538
1751837877,XAU,3993.117189,4653.989365
1751838270,USD,37.998,41.392
1751838270,EUR,44.749,48.746
1751838270,GBP,51.902,56.538
1751838270,XAU,3993.117189,4653.989365
