zaman,kur,alis,satis
1745096945,USD,36.437,39.702
1745096945,EUR,41.464,45.179
1745096945,GBP,48.411,52.748
1745096945,XAU,3822.547059,4456.832317
1745097867,USD,36.437,39.702
1745097867,EUR,41.464,45.179
1745097867,GBP,48.411,52.748
1745097867,XAU,3822.547059,4456.832317
1745098298,USD,36.437,39.702
1745098298,EUR,41.464,45.179
1745098298,GBP,48.411,52.748
1745098298,XAU,3822.547059,4456.832317
1745098685,USD,36.437,39.702
1745098685,EUR,41.464,45.179
1745098685,GBP,48.411,52.748
1745098685,XAU,3822.547059,4456.832317
1745099012,USD,36.437,39.702
1745099012,EUR,41.464,45.179
1745099012,GBP,48.411,52.748
1745099012,XAU,3822.547059,4456.832317
1745099348,USD,36.437,39.702
1745099348,EUR,41.464,45.179
1745099348,GBP,48.411,52.748
1745099348,XAU,3822.547059,4456.832317
1745099691,USD,36.437,39.702
1745099691,EUR,41.464,45.179
1745099691,GBP,48.411,52.748
1745099691,XAU,3822.547059,4456.832317
1745100026,USD,36.437,39.702
1745100026,EUR,41.464,45.179
1745100026,GBP,48.411,52.748
1745100026,XAU,3822.547059,4456.832317
1745101039,USD,36.437,39.702
1745101039,EUR,41.464,45.179
1745101039,GBP,48.411,52.748
1745101039,XAU,3822.547059,4456.832317
1745101945,USD,36.437,39.702
1745101945,EUR,41.464,45.179
1745101945,GBP,48.411,52.748
1745101945,XAU,3822.547059,4456.832317
1745102496,USD,36.437,39.702
1745102496,EUR,41.464,45.179
1745102496,GBP,48.411,52.748
1745102496,XAU,3822.547059,4456.832317
1745102852,USD,36.437,39.702
1745102852,EUR,41.464,45.179
1745102852,GBP,48.411,52.748
1745102852,XAU,3822.547059,4456.832317
