zaman,kur,alis,satis
1751058060,USD,38.036,41.434
1751058060,EUR,44.57,48.552
1751058060,GBP,52.208,56.872
1751058060,XAU,3921.151143,4577.883541
1751059096,USD,38.036,41.434
1751059096,EUR,44.57,48.552
1751059096,GBP,52.208,56.872
1751059096,XAU,3921.151143,4577.883541
1751059888,USD,38.036,41.434
1751059888,EUR,44.57,48.552
1751059888,GBP,52.208,56.872
1751059888,XAU,3921.151143,4577.883541
1751060459,USD,38.036,41.434
1751060459,EUR,44.57,48.552
1751060459,GBP,52.208,56.872
1751060459,XAU,3921.151143,4577.883541
1751060802,USD,38.036,41.434
1751060802,EUR,44.57,48.552
1751060802,GBP,52.208,56.872
1751060802,XAU,3921.151143,4577.883541
