zaman,kur,alis,satis
1741296943,USD,34.841,37.971
1741296943,EUR,37.727,41.116
1741296943,GBP,44.955,48.993
1741296943,XAU,3186.999138,3764.216418
1741297301,USD,34.841,37.971
1741297301,EUR,37.727,41.116
1741297301,GBP,44.955,48.993
1741297301,XAU,3186.999138,3764.216418
