zaman,kur,alis,satis
1752010139,USD,38.254,41.67
1752010139,EUR,44.881,48.89
1752010139,GBP,51.975,56.617
1752010139,XAU,3974.896986,4637.10936
1752010788,USD,38.254,41.67
1752010788,EUR,44.881,48.89
1752010788,GBP,51.975,56.617
1752010788,XAU,3974.896986,4637.10936
1752011217,USD,38.254,41.67
1752011217,EUR,44.881,48.89
1752011217,GBP,51.975,56.617
1752011217,XAU,3974.896986,4637.10936
1752011548,USD,38.254,41.67
1752011548,EUR,44.881,48.89
1752011548,GBP,51.975,56.617
1752011548,XAU,3974.896986,4637.10936
1752011893,USD,38.254,41.67
1752011893,EUR,44.881,48.89
1752011893,GBP,51.975,56.617
1752011893,XAU,3974.896986,4637.10936
1752012917,USD,38.254,41.67
1752012917,EUR,44.881,48.89
1752012917,GBP,51.975,56.617
1752012917,XAU,3974.896986,4637.10936
1752014121,USD,38.254,41.67
1752014121,EUR,44.881,48.89
1752014121,GBP,51.975,56.617
1752014121,XAU,3974.896986,4637.10936
1752014855,USD,38.254,41.67
1752014855,EUR,44.881,48.89
1752014855,GBP,51.975,56.617
1752014855,XAU,3974.896986,4637.10936
1752015305,USD,38.254,41.67
1752015305,EUR,44.881,48.89
1752015305,GBP,51.975,56.617
1752015305,XAU,3974.896986,4637.10936
1752015643,USD,38.254,41.67
1752015643,EUR,44.881,48.89
1752015643,GBP,51.975,56.617
1752015643,XAU,3974.896986,4637.10936
1752016833,USD,38.254,41.67
1752016833,EUR,44.881,48.89
1752016833,GBP,51.975,56.617
1752016833,XAU,3974.896986,4637.10936
1752017632,USD,38.254,41.67
1752017632,EUR,44.881,48.89
1752017632,GBP,51.975,56.617
1752017632,XAU,3974.896986,4637.10936
1752018279,USD,38.254,41.67
1752018279,EUR,44.881,48.89
1752018279,GBP,51.975,56.617
1752018279,XAU,3974.896986,4637.10936
1752018651,USD,38.254,41.67
1752018651,EUR,44.881,48.89
1752018651,GBP,51.975,56.617
1752018651,XAU,3974.896986,4637.10936
1752018991,USD,38.254,41.67
1752018991,EUR,44.881,48.89
1752018991,GBP,51.975,56.617
1752018991,XAU,3974.896986,4637.10936
1752022550,USD,38.254,41.67
1752022550,EUR,44.881,48.89
1752022550,GBP,51.975,56.617
1752022550,XAU,3974.896986,4637.10936
1752029102,USD,38.254,41.67
1752029102,EUR,44.881,48.89
1752029102,GBP,51.975,56.617
1752029102,XAU,3974.896986,4637.10936
1752032681,USD,38.254,41.67
1752032681,EUR,44.881,48.89
1752032681,GBP,51.975,56.617
1752032681,XAU,3974.896986,4637.10936
1752034830,USD,38.254,41.67
1752034830,EUR,44.881,48.89
1752034830,GBP,51.975,56.617
1752034830,XAU,3974.896986,4637.10936
1752036633,USD,38.254,41.67
1752036633,EUR,44.881,48.89
1752036633,GBP,51.975,56.617
1752036633,XAU,3974.896986,4637.10936
