zaman,kur,alis,satis
1737062040,USD,33.871,36.915
1737062040,EUR,34.804,37.932
1737062040,GBP,41.316,45.029
1737062040,XAU,2882.129864,3428.324657
1737062714,USD,33.871,36.915
1737062714,EUR,34.804,37.932
1737062714,GBP,41.316,45.029
1737062714,XAU,2882.129864,3428.324657
1737063054,USD,33.871,36.915
1737063054,EUR,34.804,37.932
1737063054,GBP,41.316,45.029
1737063054,XAU,2882.129864,3428.324657
1737063428,USD,33.871,36.915
1737063428,EUR,34.804,37.932
1737063428,GBP,41.316,45.029
1737063428,XAU,2882.129864,3428.324657
1737063763,USD,33.871,36.915
1737063763,EUR,34.804,37.932
1737063763,GBP,41.316,45.029
1737063763,XAU,2882.129864,3428.324657
1737064110,USD,33.871,36.915
1737064110,EUR,34.804,37.932
1737064110,GBP,41.316,45.029
1737064110,XAU,2882.129864,3428.324657
1737064439,USD,33.871,36.915
1737064439,EUR,34.804,37.932
1737064439,GBP,41.316,45.029
1737064439,XAU,2882.129864,3428.324657
