zaman,kur,alis,satis
1740430860,USD,34.896,37.955
1740430860,EUR,36.531,39.733
1740430860,GBP,44.171,48.043
1740430860,XAU,3220.012957,3791.590204
1740431631,USD,34.896,37.955
1740431631,EUR,36.531,39.733
1740431631,GBP,44.171,48.043
1740431631,XAU,3220.012957,3791.590204
1740432466,USD,34.896,37.955
1740432466,EUR,36.531,39.733
1740432466,GBP,44.171,48.043
1740432466,XAU,3220.012957,3791.590204
