zaman,kur,alis,satis
1744232412,USD,36.373,39.622
1744232412,EUR,40.221,43.814
1744232412,GBP,46.535,50.693
1744232412,XAU,3511.041378,4123.218696
