zaman,kur,alis,satis
1740949235,USD,34.893,37.952
1740949235,EUR,36.315,39.498
1740949235,GBP,44.015,47.872
1740949235,XAU,3100.864946,3665.06471
1740950083,USD,34.893,37.952
1740950083,EUR,36.315,39.498
1740950083,GBP,44.015,47.872
1740950083,XAU,3100.864946,3665.06471
