zaman,kur,alis,satis
1742590828,USD,36.287,39.545
1742590828,EUR,39.298,42.826
1742590828,GBP,46.969,51.185
1742590828,XAU,3439.011515,4047.15513
1742591669,USD,36.287,39.545
1742591669,EUR,39.298,42.826
1742591669,GBP,46.969,51.185
1742591669,XAU,3439.011515,4047.15513
