zaman,kur,alis,satis
1739826234,USD,34.673,37.712
1739826234,EUR,36.318,39.502
1739826234,GBP,43.706,47.536
1739826234,XAU,3159.067564,3724.515229
1739827121,USD,34.673,37.712
1739827121,EUR,36.318,39.502
1739827121,GBP,43.706,47.536
1739827121,XAU,3159.067564,3724.515229
