zaman,kur,alis,satis
1744492506,USD,36.334,39.581
1744492506,EUR,41.321,45.014
1744492506,GBP,47.595,51.847
1744492506,XAU,3696.97029,4320.962049
1744493232,USD,36.334,39.581
1744493232,EUR,41.321,45.014
1744493232,GBP,47.595,51.847
1744493232,XAU,3696.97029,4320.962049
1744493670,USD,36.334,39.581
1744493670,EUR,41.321,45.014
1744493670,GBP,47.595,51.847
1744493670,XAU,3696.97029,4320.962049
1744494046,USD,36.334,39.581
1744494046,EUR,41.321,45.014
1744494046,GBP,47.595,51.847
1744494046,XAU,3696.97029,4320.962049
1744494383,USD,36.334,39.581
1744494383,EUR,41.321,45.014
1744494383,GBP,47.595,51.847
1744494383,XAU,3696.97029,4320.962049
1744494724,USD,36.334,39.581
1744494724,EUR,41.321,45.014
1744494724,GBP,47.595,51.847
1744494724,XAU,3696.97029,4320.962049
1744495053,USD,36.334,39.581
1744495053,EUR,41.321,45.014
1744495053,GBP,47.595,51.847
1744495053,XAU,3696.97029,4320.962049
1744495873,USD,36.334,39.581
1744495873,EUR,41.321,45.014
1744495873,GBP,47.595,51.847
1744495873,XAU,3696.97029,4320.962049
1744496958,USD,36.334,39.581
1744496958,EUR,41.321,45.014
1744496958,GBP,47.595,51.847
1744496958,XAU,3696.97029,4320.962049
1744497524,USD,36.334,39.581
1744497524,EUR,41.321,45.014
1744497524,GBP,47.595,51.847
1744497524,XAU,3696.97029,4320.962049
1744497861,USD,36.334,39.581
1744497861,EUR,41.321,45.014
1744497861,GBP,47.595,51.847
1744497861,XAU,3696.97029,4320.962049
1744498200,USD,36.334,39.581
1744498200,EUR,41.321,45.014
1744498200,GBP,47.595,51.847
1744498200,XAU,3696.97029,4320.962049
1744498544,USD,36.334,39.581
1744498544,EUR,41.321,45.014
1744498544,GBP,47.595,51.847
1744498544,XAU,3696.97029,4320.962049
