zaman,kur,alis,satis
1743196637,USD,36.209,39.461
1743196637,EUR,39.113,42.625
1743196637,GBP,46.945,51.161
1743196637,XAU,3495.05531,4106.207701
1743197479,USD,36.209,39.461
1743197479,EUR,39.113,42.625
1743197479,GBP,46.945,51.161
1743197479,XAU,3495.05531,4106.207701
1743197836,USD,36.209,39.461
1743197836,EUR,39.113,42.625
1743197836,GBP,46.945,51.161
1743197836,XAU,3495.05531,4106.207701
1743198559,USD,36.209,39.461
1743198559,EUR,39.113,42.625
1743198559,GBP,46.945,51.161
1743198559,XAU,3495.05531,4106.207701
1743198930,USD,36.209,39.461
1743198930,EUR,39.113,42.625
1743198930,GBP,46.945,51.161
1743198930,XAU,3495.05531,4106.207701
1743199284,USD,36.209,39.461
1743199284,EUR,39.113,42.625
1743199284,GBP,46.945,51.161
1743199284,XAU,3495.05531,4106.207701
1743200147,USD,36.209,39.461
1743200147,EUR,39.113,42.625
1743200147,GBP,46.945,51.161
1743200147,XAU,3495.05531,4106.207701
1743201231,USD,36.209,39.461
1743201231,EUR,39.113,42.625
1743201231,GBP,46.945,51.161
1743201231,XAU,3495.05531,4106.207701
1743201714,USD,36.209,39.461
1743201714,EUR,39.113,42.625
1743201714,GBP,46.945,51.161
1743201714,XAU,3495.05531,4106.207701
1743202070,USD,36.209,39.461
1743202070,EUR,39.113,42.625
1743202070,GBP,46.945,51.161
1743202070,XAU,3495.05531,4106.207701
1743202417,USD,36.209,39.461
1743202417,EUR,39.113,42.625
1743202417,GBP,46.945,51.161
1743202417,XAU,3495.05531,4106.207701
