zaman,kur,alis,satis
1740690797,USD,34.897,37.956
1740690797,EUR,36.422,39.614
1740690797,GBP,44.155,48.025
1740690797,XAU,3144.367822,3712.270219
1740691755,USD,34.897,37.956
1740691755,EUR,36.422,39.614
1740691755,GBP,44.155,48.025
1740691755,XAU,3144.367822,3712.270219
