zaman,kur,alis,satis
1743368668,USD,36.209,39.461
1743368668,EUR,39.113,42.625
1743368668,GBP,46.945,51.161
1743368668,XAU,3495.05531,4106.207701
1743369627,USD,36.209,39.461
1743369627,EUR,39.113,42.625
1743369627,GBP,46.945,51.161
1743369627,XAU,3495.05531,4106.207701
1743370350,USD,36.209,39.461
1743370350,EUR,39.113,42.625
1743370350,GBP,46.945,51.161
1743370350,XAU,3495.05531,4106.207701
