zaman,kur,alis,satis
1743196637,USD,36.209,39.461
1743196637,EUR,39.113,42.625
1743196637,GBP,46.945,51.161
1743196637,XAU,3495.05531,4106.207701
1743197479,USD,36.209,39.461
1743197479,EUR,39.113,42.625
1743197479,GBP,46.945,51.161
1743197479,XAU,3495.05531,4106.207701
1743197836,USD,36.209,39.461
1743197836,EUR,39.113,42.625
1743197836,GBP,46.945,51.161
1743197836,XAU,3495.05531,4106.207701
1743198559,USD,36.209,39.461
1743198559,EUR,39.113,42.625
1743198559,GBP,46.945,51.161
1743198559,XAU,3495.05531,4106.207701
1743198930,USD,36.209,39.461
1743198930,EUR,39.113,42.625
1743198930,GBP,46.945,51.161
1743198930,XAU,3495.05531,4106.207701
