zaman,kur,alis,satis
1750540310,USD,37.84,41.219
1750540310,EUR,43.587,47.481
1750540310,GBP,51.08,55.642
1750540310,XAU,4021.017951,4681.938475
1750541206,USD,37.84,41.219
1750541206,EUR,43.587,47.481
1750541206,GBP,51.08,55.642
1750541206,XAU,4021.017951,4681.938475
1750541786,USD,37.84,41.219
1750541786,EUR,43.587,47.481
1750541786,GBP,51.08,55.642
1750541786,XAU,4021.017951,4681.938475
1750542217,USD,37.84,41.219
1750542217,EUR,43.587,47.481
1750542217,GBP,51.08,55.642
1750542217,XAU,4021.017951,4681.938475
1750542559,USD,37.84,41.219
1750542559,EUR,43.587,47.481
1750542559,GBP,51.08,55.642
1750542559,XAU,4021.017951,4681.938475
1750542923,USD,37.84,41.219
1750542923,EUR,43.587,47.481
1750542923,GBP,51.08,55.642
1750542923,XAU,4021.017951,4681.938475
1750543667,USD,37.84,41.219
1750543667,EUR,43.587,47.481
1750543667,GBP,51.08,55.642
1750543667,XAU,4021.017951,4681.938475
1750544922,USD,37.84,41.219
1750544922,EUR,43.587,47.481
1750544922,GBP,51.08,55.642
1750544922,XAU,4021.017951,4681.938475
1750545661,USD,37.84,41.219
1750545661,EUR,43.587,47.481
1750545661,GBP,51.08,55.642
1750545661,XAU,4021.017951,4681.938475
1750546071,USD,37.84,41.219
1750546071,EUR,43.587,47.481
1750546071,GBP,51.08,55.642
1750546071,XAU,4021.017951,4681.938475
1750546413,USD,37.84,41.219
1750546413,EUR,43.587,47.481
1750546413,GBP,51.08,55.642
1750546413,XAU,4021.017951,4681.938475
