zaman,kur,alis,satis
1739135445,USD,34.358,37.37
1739135445,EUR,35.617,38.739
1739135445,GBP,42.758,46.507
1739135445,XAU,3100.935066,3659.39813
1739136199,USD,34.358,37.37
1739136199,EUR,35.617,38.739
1739136199,GBP,42.758,46.507
1739136199,XAU,3100.935066,3659.39813
1739136542,USD,34.358,37.37
1739136542,EUR,35.617,38.739
1739136542,GBP,42.758,46.507
1739136542,XAU,3100.935066,3659.39813
1739136928,USD,34.358,37.37
1739136928,EUR,35.617,38.739
1739136928,GBP,42.758,46.507
1739136928,XAU,3100.935066,3659.39813
1739137258,USD,34.358,37.37
1739137258,EUR,35.617,38.739
1739137258,GBP,42.758,46.507
1739137258,XAU,3100.935066,3659.39813
1739137609,USD,34.358,37.37
1739137609,EUR,35.617,38.739
1739137609,GBP,42.758,46.507
1739137609,XAU,3100.935066,3659.39813
1739137948,USD,34.358,37.37
1739137948,EUR,35.617,38.739
1739137948,GBP,42.758,46.507
1739137948,XAU,3100.935066,3659.39813
1739138280,USD,34.358,37.37
1739138280,EUR,35.617,38.739
1739138280,GBP,42.758,46.507
1739138280,XAU,3100.935066,3659.39813
1739139118,USD,34.358,37.37
1739139118,EUR,35.617,38.739
1739139118,GBP,42.758,46.507
1739139118,XAU,3100.935066,3659.39813
