zaman,kur,alis,satis
1751663478,USD,37.998,41.392
1751663478,EUR,44.749,48.746
1751663478,GBP,51.902,56.538
1751663478,XAU,3993.117189,4653.989365
1751664511,USD,37.998,41.392
1751664511,EUR,44.749,48.746
1751664511,GBP,51.902,56.538
1751664511,XAU,3993.117189,4653.989365
1751665085,USD,37.998,41.392
1751665085,EUR,44.749,48.746
1751665085,GBP,51.902,56.538
1751665085,XAU,3993.117189,4653.989365
1751665539,USD,37.998,41.392
1751665539,EUR,44.749,48.746
1751665539,GBP,51.902,56.538
1751665539,XAU,3993.117189,4653.989365
1751665904,USD,37.998,41.392
1751665904,EUR,44.749,48.746
1751665904,GBP,51.902,56.538
1751665904,XAU,3993.117189,4653.989365
