zaman,kur,alis,satis
1739480526,USD,34.55,37.579
1739480526,EUR,35.927,39.077
1739480526,GBP,43.119,46.898
1739480526,XAU,3161.116761,3725.422169
1739481483,USD,34.55,37.579
1739481483,EUR,35.927,39.077
1739481483,GBP,43.119,46.898
1739481483,XAU,3161.116761,3725.422169
1739482202,USD,34.55,37.579
1739482202,EUR,35.927,39.077
1739482202,GBP,43.119,46.898
1739482202,XAU,3161.116761,3725.422169
