zaman,kur,alis,satis
1747170791,USD,37.044,40.354
1747170791,EUR,41.269,44.956
1747170791,GBP,49.088,53.473
1747170791,XAU,3783.82068,4421.087117
