zaman,kur,alis,satis
1739567693,USD,34.547,37.575
1739567693,EUR,36.265,39.445
1739567693,GBP,43.602,47.424
1739567693,XAU,3166.945265,3732.436162
1739568529,USD,34.547,37.575
1739568529,EUR,36.265,39.445
1739568529,GBP,43.602,47.424
1739568529,XAU,3166.945265,3732.436162
