zaman,kur,alis,satis
1742851727,USD,36.361,39.626
1742851727,EUR,39.354,42.887
1742851727,GBP,47.103,51.331
1742851727,XAU,3441.145282,4050.201382
1742852095,USD,36.361,39.626
1742852095,EUR,39.354,42.887
1742852095,GBP,47.103,51.331
1742852095,XAU,3441.145282,4050.201382
