zaman,kur,alis,satis
1750368426,USD,37.816,41.193
1750368426,EUR,43.401,47.277
1750368426,GBP,50.839,55.38
1750368426,XAU,4012.538687,4672.792438
