zaman,kur,alis,satis
1743541395,USD,36.209,39.461
1743541395,EUR,39.113,42.625
1743541395,GBP,46.945,51.161
1743541395,XAU,3495.05531,4106.207701
1743542515,USD,36.209,39.461
1743542515,EUR,39.113,42.625
1743542515,GBP,46.945,51.161
1743542515,XAU,3495.05531,4106.207701
