zaman,kur,alis,satis
1746652263,USD,36.925,40.223
1746652263,EUR,41.937,45.684
1746652263,GBP,49.365,53.774
1746652263,XAU,3943.456998,4590.265252
1746653186,USD,36.925,40.223
1746653186,EUR,41.937,45.684
1746653186,GBP,49.365,53.774
1746653186,XAU,3943.456998,4590.265252
