zaman,kur,alis,satis
1743541395,USD,36.209,39.461
1743541395,EUR,39.113,42.625
1743541395,GBP,46.945,51.161
1743541395,XAU,3495.05531,4106.207701
1743542515,USD,36.209,39.461
1743542515,EUR,39.113,42.625
1743542515,GBP,46.945,51.161
1743542515,XAU,3495.05531,4106.207701
1743543236,USD,36.209,39.461
1743543236,EUR,39.113,42.625
1743543236,GBP,46.945,51.161
1743543236,XAU,3495.05531,4106.207701
1743543952,USD,36.209,39.461
1743543952,EUR,39.113,42.625
1743543952,GBP,46.945,51.161
1743543952,XAU,3495.05531,4106.207701
1743544310,USD,36.209,39.461
1743544310,EUR,39.113,42.625
1743544310,GBP,46.945,51.161
1743544310,XAU,3495.05531,4106.207701
1743544673,USD,36.209,39.461
1743544673,EUR,39.113,42.625
1743544673,GBP,46.945,51.161
1743544673,XAU,3495.05531,4106.207701
1743544976,USD,36.209,39.461
1743544976,EUR,39.113,42.625
1743544976,GBP,46.945,51.161
1743544976,XAU,3495.05531,4106.207701
1743547089,USD,36.209,39.461
1743547089,EUR,39.113,42.625
1743547089,GBP,46.945,51.161
1743547089,XAU,3495.05531,4106.207701
1743547690,USD,36.209,39.461
1743547690,EUR,39.113,42.625
1743547690,GBP,46.945,51.161
1743547690,XAU,3495.05531,4106.207701
1743548286,USD,36.209,39.461
1743548286,EUR,39.113,42.625
1743548286,GBP,46.945,51.161
1743548286,XAU,3495.05531,4106.207701
1743548649,USD,36.209,39.461
1743548649,EUR,39.113,42.625
1743548649,GBP,46.945,51.161
1743548649,XAU,3495.05531,4106.207701
1743549754,USD,36.209,39.461
1743549754,EUR,39.113,42.625
1743549754,GBP,46.945,51.161
1743549754,XAU,3495.05531,4106.207701
1743550474,USD,36.209,39.461
1743550474,EUR,39.113,42.625
1743550474,GBP,46.945,51.161
1743550474,XAU,3495.05531,4106.207701
1743550953,USD,36.209,39.461
1743550953,EUR,39.113,42.625
1743550953,GBP,46.945,51.161
1743550953,XAU,3495.05531,4106.207701
1743551311,USD,36.209,39.461
1743551311,EUR,39.113,42.625
1743551311,GBP,46.945,51.161
1743551311,XAU,3495.05531,4106.207701
1743551669,USD,36.209,39.461
1743551669,EUR,39.113,42.625
1743551669,GBP,46.945,51.161
1743551669,XAU,3495.05531,4106.207701
1743552028,USD,36.209,39.461
1743552028,EUR,39.113,42.625
1743552028,GBP,46.945,51.161
1743552028,XAU,3495.05531,4106.207701
1743560419,USD,36.209,39.461
1743560419,EUR,39.113,42.625
1743560419,GBP,46.945,51.161
1743560419,XAU,3495.05531,4106.207701
1743563544,USD,36.209,39.461
1743563544,EUR,39.113,42.625
1743563544,GBP,46.945,51.161
1743563544,XAU,3495.05531,4106.207701
