zaman,kur,alis,satis
1737062040,USD,33.871,36.915
1737062040,EUR,34.804,37.932
1737062040,GBP,41.316,45.029
1737062040,XAU,2882.129864,3428.324657
