zaman,kur,alis,satis
1746479416,USD,36.876,40.17
1746479416,EUR,41.859,45.599
1746479416,GBP,49.181,53.574
1746479416,XAU,3848.873279,4488.646907
1746480456,USD,36.876,40.17
1746480456,EUR,41.859,45.599
1746480456,GBP,49.181,53.574
1746480456,XAU,3848.873279,4488.646907
1746481021,USD,36.876,40.17
1746481021,EUR,41.859,45.599
1746481021,GBP,49.181,53.574
1746481021,XAU,3848.873279,4488.646907
1746481432,USD,36.876,40.17
1746481432,EUR,41.859,45.599
1746481432,GBP,49.181,53.574
1746481432,XAU,3848.873279,4488.646907
1746481764,USD,36.876,40.17
1746481764,EUR,41.859,45.599
1746481764,GBP,49.181,53.574
1746481764,XAU,3848.873279,4488.646907
1746482098,USD,36.876,40.17
1746482098,EUR,41.859,45.599
1746482098,GBP,49.181,53.574
1746482098,XAU,3848.873279,4488.646907
1746482433,USD,36.876,40.17
1746482433,EUR,41.859,45.599
1746482433,GBP,49.181,53.574
1746482433,XAU,3848.873279,4488.646907
1746483576,USD,36.876,40.17
1746483576,EUR,41.859,45.599
1746483576,GBP,49.181,53.574
1746483576,XAU,3848.873279,4488.646907
1746484649,USD,36.876,40.17
1746484649,EUR,41.859,45.599
1746484649,GBP,49.181,53.574
1746484649,XAU,3848.873279,4488.646907
1746485190,USD,36.876,40.17
1746485190,EUR,41.859,45.599
1746485190,GBP,49.181,53.574
1746485190,XAU,3848.873279,4488.646907
1746485529,USD,36.876,40.17
1746485529,EUR,41.859,45.599
1746485529,GBP,49.181,53.574
1746485529,XAU,3848.873279,4488.646907
1746485862,USD,36.876,40.17
1746485862,EUR,41.859,45.599
1746485862,GBP,49.181,53.574
1746485862,XAU,3848.873279,4488.646907
1746486785,USD,36.876,40.17
1746486785,EUR,41.859,45.599
1746486785,GBP,49.181,53.574
1746486785,XAU,3848.873279,4488.646907
1746487702,USD,36.876,40.17
1746487702,EUR,41.859,45.599
1746487702,GBP,49.181,53.574
1746487702,XAU,3848.873279,4488.646907
1746488311,USD,36.876,40.17
1746488311,EUR,41.859,45.599
1746488311,GBP,49.181,53.574
1746488311,XAU,3848.873279,4488.646907
1746488716,USD,36.876,40.17
1746488716,EUR,41.859,45.599
1746488716,GBP,49.181,53.574
1746488716,XAU,3848.873279,4488.646907
1746489042,USD,36.876,40.17
1746489042,EUR,41.859,45.599
1746489042,GBP,49.181,53.574
1746489042,XAU,3848.873279,4488.646907
1746489387,USD,36.876,40.17
1746489387,EUR,41.859,45.599
1746489387,GBP,49.181,53.574
1746489387,XAU,3848.873279,4488.646907
