zaman,kur,alis,satis
1751922583,USD,38.229,41.643
1751922583,EUR,44.864,48.871
1751922583,GBP,52.145,56.801
1751922583,XAU,3998.587641,4662.099117
1751923667,USD,38.229,41.643
1751923667,EUR,44.864,48.871
1751923667,GBP,52.145,56.801
1751923667,XAU,3998.587641,4662.099117
