zaman,kur,alis,satis
1751317902,USD,38,41.394
1751317902,EUR,44.521,48.498
1751317902,GBP,52.057,56.706
1751317902,XAU,3937.143784,4594.243347
1751318957,USD,38,41.394
1751318957,EUR,44.521,48.498
1751318957,GBP,52.057,56.706
1751318957,XAU,3937.143784,4594.243347
1751319565,USD,38,41.394
1751319565,EUR,44.521,48.498
1751319565,GBP,52.057,56.706
1751319565,XAU,3937.143784,4594.243347
1751319966,USD,38,41.394
1751319966,EUR,44.521,48.498
1751319966,GBP,52.057,56.706
1751319966,XAU,3937.143784,4594.243347
1751320306,USD,38,41.394
1751320306,EUR,44.521,48.498
1751320306,GBP,52.057,56.706
1751320306,XAU,3937.143784,4594.243347
1751320635,USD,38,41.394
1751320635,EUR,44.521,48.498
1751320635,GBP,52.057,56.706
1751320635,XAU,3937.143784,4594.243347
1751321566,USD,38,41.394
1751321566,EUR,44.521,48.498
1751321566,GBP,52.057,56.706
1751321566,XAU,3937.143784,4594.243347
1751322842,USD,38,41.394
1751322842,EUR,44.521,48.498
1751322842,GBP,52.057,56.706
1751322842,XAU,3937.143784,4594.243347
1751323599,USD,38,41.394
1751323599,EUR,44.521,48.498
1751323599,GBP,52.057,56.706
1751323599,XAU,3937.143784,4594.243347
1751323993,USD,38,41.394
1751323993,EUR,44.521,48.498
1751323993,GBP,52.057,56.706
1751323993,XAU,3937.143784,4594.243347
1751324323,USD,38,41.394
1751324323,EUR,44.521,48.498
1751324323,GBP,52.057,56.706
1751324323,XAU,3937.143784,4594.243347
1751325342,USD,38,41.394
1751325342,EUR,44.521,48.498
1751325342,GBP,52.057,56.706
1751325342,XAU,3937.143784,4594.243347
1751326250,USD,38,41.394
1751326250,EUR,44.521,48.498
1751326250,GBP,52.057,56.706
1751326250,XAU,3937.143784,4594.243347
1751326881,USD,38,41.394
1751326881,EUR,44.521,48.498
1751326881,GBP,52.057,56.706
1751326881,XAU,3937.143784,4594.243347
1751327403,USD,38,41.394
1751327403,EUR,44.521,48.498
1751327403,GBP,52.057,56.706
1751327403,XAU,3937.143784,4594.243347
