zaman,kur,alis,satis
1744924574,USD,36.451,39.708
1744924574,EUR,41.412,45.112
1744924574,GBP,48.356,52.676
1744924574,XAU,3779.093471,4409.671098
1744925333,USD,36.451,39.708
1744925333,EUR,41.412,45.112
1744925333,GBP,48.356,52.676
1744925333,XAU,3779.093471,4409.671098
1744925810,USD,36.451,39.708
1744925810,EUR,41.412,45.112
1744925810,GBP,48.356,52.676
1744925810,XAU,3779.093471,4409.671098
