zaman,kur,alis,satis
1738012485,USD,34.163,37.233
1738012485,EUR,35.953,39.184
1738012485,GBP,42.769,46.611
1738012485,XAU,2943.819253,3497.165951
1738013295,USD,34.163,37.233
1738013295,EUR,35.953,39.184
1738013295,GBP,42.769,46.611
1738013295,XAU,2943.819253,3497.165951
1738013657,USD,34.163,37.233
1738013657,EUR,35.953,39.184
1738013657,GBP,42.769,46.611
1738013657,XAU,2943.819253,3497.165951
