zaman,kur,alis,satis
1751404079,USD,38.078,41.479
1751404079,EUR,44.949,48.964
1751404079,GBP,52.327,57.0
1751404079,XAU,4016.4848,4679.586479
1751405269,USD,38.078,41.479
1751405269,EUR,44.949,48.964
1751405269,GBP,52.327,57
1751405269,XAU,4016.4848,4679.586479
1751405915,USD,38.078,41.479
1751405915,EUR,44.949,48.964
1751405915,GBP,52.327,57
1751405915,XAU,4016.4848,4679.586479
1751406397,USD,38.078,41.479
1751406397,EUR,44.949,48.964
1751406397,GBP,52.327,57
1751406397,XAU,4016.4848,4679.586479
1751406755,USD,38.078,41.479
1751406755,EUR,44.949,48.964
1751406755,GBP,52.327,57
1751406755,XAU,4016.4848,4679.586479
1751407090,USD,38.078,41.479
1751407090,EUR,44.949,48.964
1751407090,GBP,52.327,57
1751407090,XAU,4016.4848,4679.586479
1751408081,USD,38.078,41.479
1751408081,EUR,44.949,48.964
1751408081,GBP,52.327,57
1751408081,XAU,4016.4848,4679.586479
1751409273,USD,38.078,41.479
1751409273,EUR,44.949,48.964
1751409273,GBP,52.327,57
1751409273,XAU,4016.4848,4679.586479
1751410009,USD,38.078,41.479
1751410009,EUR,44.949,48.964
1751410009,GBP,52.327,57
1751410009,XAU,4016.4848,4679.586479
1751410367,USD,38.078,41.479
1751410367,EUR,44.949,48.964
1751410367,GBP,52.327,57
1751410367,XAU,4016.4848,4679.586479
1751410700,USD,38.078,41.479
1751410700,EUR,44.949,48.964
1751410700,GBP,52.327,57
1751410700,XAU,4016.4848,4679.586479
