zaman,kur,alis,satis
1745961309,USD,36.737,40.019
1745961309,EUR,41.912,45.656
1745961309,GBP,49.32,53.726
1745961309,XAU,3837.545808,4475.176668
1745962118,USD,36.737,40.019
1745962118,EUR,41.912,45.656
1745962118,GBP,49.32,53.726
1745962118,XAU,3837.545808,4475.176668
