zaman,kur,alis,satis
1744750829,USD,36.458,39.715
1744750829,EUR,41.254,44.939
1744750829,GBP,48.263,52.575
1744750829,XAU,3700.667101,4326.164489
