zaman,kur,alis,satis
1745701221,USD,36.664,39.94
1745701221,EUR,41.561,45.274
1745701221,GBP,48.837,53.2
1745701221,XAU,3787.217152,4420.549437
1745702176,USD,36.664,39.94
1745702176,EUR,41.561,45.274
1745702176,GBP,48.837,53.2
1745702176,XAU,3787.217152,4420.549437
1745702848,USD,36.664,39.94
1745702848,EUR,41.561,45.274
1745702848,GBP,48.837,53.2
1745702848,XAU,3787.217152,4420.549437
1745703241,USD,36.664,39.94
1745703241,EUR,41.561,45.274
1745703241,GBP,48.837,53.2
1745703241,XAU,3787.217152,4420.549437
1745703595,USD,36.664,39.94
1745703595,EUR,41.561,45.274
1745703595,GBP,48.837,53.2
1745703595,XAU,3787.217152,4420.549437
