zaman,kur,alis,satis
1744924574,USD,36.451,39.708
1744924574,EUR,41.412,45.112
1744924574,GBP,48.356,52.676
1744924574,XAU,3779.093471,4409.671098
