zaman,kur,alis,satis
1745528426,USD,36.652,39.928
1745528426,EUR,41.718,45.446
1745528426,GBP,48.854,53.22
1745528426,XAU,3844.125835,4481.304924
