zaman,kur,alis,satis
1737234426,USD,33.878,36.923
1737234426,EUR,34.888,38.023
1737234426,GBP,41.345,45.06
1737234426,XAU,2875.582934,3421.246027
1737235310,USD,33.878,36.923
1737235310,EUR,34.888,38.023
1737235310,GBP,41.345,45.06
1737235310,XAU,2875.582934,3421.246027
1737235661,USD,33.878,36.923
1737235661,EUR,34.888,38.023
1737235661,GBP,41.345,45.06
1737235661,XAU,2875.582934,3421.246027
1737236051,USD,33.878,36.923
1737236051,EUR,34.888,38.023
1737236051,GBP,41.345,45.06
1737236051,XAU,2875.582934,3421.246027
