zaman,kur,alis,satis
1750886236,USD,37.991,41.384
1750886236,EUR,44.073,48.01
1750886236,GBP,51.736,56.357
1750886236,XAU,3980.495909,4640.331555
1750887098,USD,37.991,41.384
1750887098,EUR,44.073,48.01
1750887098,GBP,51.736,56.357
1750887098,XAU,3980.495909,4640.331555
1750887729,USD,37.991,41.384
1750887729,EUR,44.073,48.01
1750887729,GBP,51.736,56.357
1750887729,XAU,3980.495909,4640.331555
