zaman,kur,alis,satis
1737839060,USD,34.052,37.111
1737839060,EUR,35.647,38.85
1737839060,GBP,42.303,46.103
1737839060,XAU,2962.628772,3518.966187
