zaman,kur,alis,satis
1740862969,USD,34.893,37.952
1740862969,EUR,36.315,39.498
1740862969,GBP,44.015,47.872
1740862969,XAU,3100.864946,3665.06471
1740863812,USD,34.893,37.952
1740863812,EUR,36.315,39.498
1740863812,GBP,44.015,47.872
1740863812,XAU,3100.864946,3665.06471
1740865374,USD,34.893,37.952
1740865374,EUR,36.315,39.498
1740865374,GBP,44.015,47.872
1740865374,XAU,3100.864946,3665.06471
1740865974,USD,34.893,37.952
1740865974,EUR,36.315,39.498
1740865974,GBP,44.015,47.872
1740865974,XAU,3100.864946,3665.06471
1740866335,USD,34.893,37.952
1740866335,EUR,36.315,39.498
1740866335,GBP,44.015,47.872
1740866335,XAU,3100.864946,3665.06471
1740866697,USD,34.893,37.952
1740866697,EUR,36.315,39.498
1740866697,GBP,44.015,47.872
1740866697,XAU,3100.864946,3665.06471
1740868492,USD,34.893,37.952
1740868492,EUR,36.315,39.498
1740868492,GBP,44.015,47.872
1740868492,XAU,3100.864946,3665.06471
1740868925,USD,34.893,37.952
1740868925,EUR,36.315,39.498
1740868925,GBP,44.015,47.872
1740868925,XAU,3100.864946,3665.06471
1740869574,USD,34.893,37.952
1740869574,EUR,36.315,39.498
1740869574,GBP,44.015,47.872
1740869574,XAU,3100.864946,3665.06471
1740869939,USD,34.893,37.952
1740869939,EUR,36.315,39.498
1740869939,GBP,44.015,47.872
1740869939,XAU,3100.864946,3665.06471
1740870659,USD,34.893,37.952
1740870659,EUR,36.315,39.498
1740870659,GBP,44.015,47.872
1740870659,XAU,3100.864946,3665.06471
1740871741,USD,34.893,37.952
1740871741,EUR,36.315,39.498
1740871741,GBP,44.015,47.872
1740871741,XAU,3100.864946,3665.06471
1740872102,USD,34.893,37.952
1740872102,EUR,36.315,39.498
1740872102,GBP,44.015,47.872
1740872102,XAU,3100.864946,3665.06471
1740872465,USD,34.893,37.952
1740872465,EUR,36.315,39.498
1740872465,GBP,44.015,47.872
1740872465,XAU,3100.864946,3665.06471
1740872749,USD,34.893,37.952
1740872749,EUR,36.315,39.498
1740872749,GBP,44.015,47.872
1740872749,XAU,3100.864946,3665.06471
1740873106,USD,34.893,37.952
1740873106,EUR,36.315,39.498
1740873106,GBP,44.015,47.872
1740873106,XAU,3100.864946,3665.06471
1740873474,USD,34.893,37.952
1740873474,EUR,36.315,39.498
1740873474,GBP,44.015,47.872
1740873474,XAU,3100.864946,3665.06471
