zaman,kur,alis,satis
1745701221,USD,36.664,39.94
1745701221,EUR,41.561,45.274
1745701221,GBP,48.837,53.2
1745701221,XAU,3787.217152,4420.549437
1745702176,USD,36.664,39.94
1745702176,EUR,41.561,45.274
1745702176,GBP,48.837,53.2
1745702176,XAU,3787.217152,4420.549437
1745702848,USD,36.664,39.94
1745702848,EUR,41.561,45.274
1745702848,GBP,48.837,53.2
1745702848,XAU,3787.217152,4420.549437
1745703241,USD,36.664,39.94
1745703241,EUR,41.561,45.274
1745703241,GBP,48.837,53.2
1745703241,XAU,3787.217152,4420.549437
1745703595,USD,36.664,39.94
1745703595,EUR,41.561,45.274
1745703595,GBP,48.837,53.2
1745703595,XAU,3787.217152,4420.549437
1745703928,USD,36.664,39.94
1745703928,EUR,41.561,45.274
1745703928,GBP,48.837,53.2
1745703928,XAU,3787.217152,4420.549437
1745704286,USD,36.664,39.94
1745704286,EUR,41.561,45.274
1745704286,GBP,48.837,53.2
1745704286,XAU,3787.217152,4420.549437
1745704606,USD,36.664,39.94
1745704606,EUR,41.561,45.274
1745704606,GBP,48.837,53.2
1745704606,XAU,3787.217152,4420.549437
1745705409,USD,36.664,39.94
1745705409,EUR,41.561,45.274
1745705409,GBP,48.837,53.2
1745705409,XAU,3787.217152,4420.549437
1745706539,USD,36.664,39.94
1745706539,EUR,41.561,45.274
1745706539,GBP,48.837,53.2
1745706539,XAU,3787.217152,4420.549437
1745707136,USD,36.664,39.94
1745707136,EUR,41.561,45.274
1745707136,GBP,48.837,53.2
1745707136,XAU,3787.217152,4420.549437
1745707523,USD,36.664,39.94
1745707523,EUR,41.561,45.274
1745707523,GBP,48.837,53.2
1745707523,XAU,3787.217152,4420.549437
1745707854,USD,36.664,39.94
1745707854,EUR,41.561,45.274
1745707854,GBP,48.837,53.2
1745707854,XAU,3787.217152,4420.549437
