zaman,kur,alis,satis
1742072451,USD,35.039,38.171
1742072451,EUR,38.153,41.563
1742072451,GBP,45.355,49.409
1742072451,XAU,3286.828095,3870.324159
1742073171,USD,35.039,38.171
1742073171,EUR,38.153,41.563
1742073171,GBP,45.355,49.409
1742073171,XAU,3286.828095,3870.324159
1742074155,USD,35.039,38.171
1742074155,EUR,38.153,41.563
1742074155,GBP,45.355,49.409
1742074155,XAU,3286.828095,3870.324159
