zaman,kur,alis,satis
1750626559,USD,37.84,41.219
1750626559,EUR,43.587,47.481
1750626559,GBP,51.08,55.642
1750626559,XAU,4021.017951,4681.938475
1750627580,USD,37.84,41.219
1750627580,EUR,43.587,47.481
1750627580,GBP,51.08,55.642
1750627580,XAU,4021.017951,4681.938475
1750628184,USD,37.84,41.219
1750628184,EUR,43.587,47.481
1750628184,GBP,51.08,55.642
1750628184,XAU,4021.017951,4681.938475
