zaman,kur,alis,satis
1741726918,USD,35.009,38.154
1741726918,EUR,38.249,41.685
1741726918,GBP,45.337,49.409
1741726918,XAU,3202.059405,3781.035088
1741728371,USD,35.009,38.154
1741728371,EUR,38.249,41.685
1741728371,GBP,45.337,49.409
1741728371,XAU,3202.059405,3781.035088
1741729125,USD,35.009,38.154
1741729125,EUR,38.249,41.685
1741729125,GBP,45.337,49.409
1741729125,XAU,3202.059405,3781.035088
1741729490,USD,35.009,38.154
1741729490,EUR,38.249,41.685
1741729490,GBP,45.337,49.409
1741729490,XAU,3202.059405,3781.035088
1741730084,USD,35.009,38.154
1741730084,EUR,38.249,41.685
1741730084,GBP,45.337,49.409
1741730084,XAU,3202.059405,3781.035088
1741730446,USD,35.009,38.154
1741730446,EUR,38.249,41.685
1741730446,GBP,45.337,49.409
1741730446,XAU,3202.059405,3781.035088
1741731294,USD,35.009,38.154
1741731294,EUR,38.249,41.685
1741731294,GBP,45.337,49.409
1741731294,XAU,3202.059405,3781.035088
1741732969,USD,35.009,38.154
1741732969,EUR,38.249,41.685
1741732969,GBP,45.337,49.409
1741732969,XAU,3202.059405,3781.035088
1741733319,USD,35.009,38.154
1741733319,EUR,38.249,41.685
1741733319,GBP,45.337,49.409
1741733319,XAU,3202.059405,3781.035088
1741733676,USD,35.009,38.154
1741733676,EUR,38.249,41.685
1741733676,GBP,45.337,49.409
1741733676,XAU,3202.059405,3781.035088
