zaman,kur,alis,satis
1740517257,USD,34.92,37.981
1740517257,EUR,36.651,39.863
1740517257,GBP,44.258,48.137
1740517257,XAU,3214.536186,3786.081662
1740517969,USD,34.92,37.981
1740517969,EUR,36.651,39.863
1740517969,GBP,44.258,48.137
1740517969,XAU,3214.536186,3786.081662
1740518937,USD,34.92,37.981
1740518937,EUR,36.651,39.863
1740518937,GBP,44.258,48.137
1740518937,XAU,3214.536186,3786.081662
1740519305,USD,34.92,37.981
1740519305,EUR,36.651,39.863
1740519305,GBP,44.258,48.137
1740519305,XAU,3214.536186,3786.081662
1740519777,USD,34.92,37.981
1740519777,EUR,36.651,39.863
1740519777,GBP,44.258,48.137
1740519777,XAU,3214.536186,3786.081662
1740520113,USD,34.92,37.981
1740520113,EUR,36.651,39.863
1740520113,GBP,44.258,48.137
1740520113,XAU,3214.536186,3786.081662
1740520475,USD,34.92,37.981
1740520475,EUR,36.651,39.863
1740520475,GBP,44.258,48.137
1740520475,XAU,3214.536186,3786.081662
1740520711,USD,34.92,37.981
1740520711,EUR,36.651,39.863
1740520711,GBP,44.258,48.137
1740520711,XAU,3214.536186,3786.081662
1740522607,USD,34.92,37.981
1740522607,EUR,36.651,39.863
1740522607,GBP,44.258,48.137
1740522607,XAU,3214.536186,3786.081662
1740523337,USD,34.92,37.981
1740523337,EUR,36.651,39.863
1740523337,GBP,44.258,48.137
1740523337,XAU,3214.536186,3786.081662
1740523935,USD,34.92,37.981
1740523935,EUR,36.651,39.863
1740523935,GBP,44.258,48.137
1740523935,XAU,3214.536186,3786.081662
1740524296,USD,34.92,37.981
1740524296,EUR,36.651,39.863
1740524296,GBP,44.258,48.137
1740524296,XAU,3214.536186,3786.081662
1740524663,USD,34.92,37.981
1740524663,EUR,36.651,39.863
1740524663,GBP,44.258,48.137
1740524663,XAU,3214.536186,3786.081662
1740525596,USD,34.92,37.981
1740525596,EUR,36.651,39.863
1740525596,GBP,44.258,48.137
1740525596,XAU,3214.536186,3786.081662
1740526250,USD,34.92,37.981
1740526250,EUR,36.651,39.863
1740526250,GBP,44.258,48.137
1740526250,XAU,3214.536186,3786.081662
