zaman,kur,alis,satis
1736975363,USD,33.909,36.956
1736975363,EUR,35.031,38.179
1736975363,GBP,41.698,45.444
1736975363,XAU,2845.77357,3390.125124
1736976175,USD,33.909,36.956
1736976175,EUR,35.031,38.179
1736976175,GBP,41.698,45.444
1736976175,XAU,2845.77357,3390.125124
1736976532,USD,33.909,36.956
1736976532,EUR,35.031,38.179
1736976532,GBP,41.698,45.444
1736976532,XAU,2845.77357,3390.125124
1736976921,USD,33.909,36.956
1736976921,EUR,35.031,38.179
1736976921,GBP,41.698,45.444
1736976921,XAU,2845.77357,3390.125124
1736977260,USD,33.909,36.956
1736977260,EUR,35.031,38.179
1736977260,GBP,41.698,45.444
1736977260,XAU,2845.77357,3390.125124
