zaman,kur,alis,satis
1745010804,USD,36.437,39.702
1745010804,EUR,41.464,45.179
1745010804,GBP,48.411,52.748
1745010804,XAU,3822.547059,4456.832317
1745011668,USD,36.437,39.702
1745011668,EUR,41.464,45.179
1745011668,GBP,48.411,52.748
1745011668,XAU,3822.547059,4456.832317
