zaman,kur,alis,satis
1752181238,USD,38.34,41.681
1752181238,EUR,44.893,48.804
1752181238,GBP,52.047,56.582
1752181238,XAU,4005.987225,4661.825159
1752182478,USD,38.34,41.681
1752182478,EUR,44.893,48.804
1752182478,GBP,52.047,56.582
1752182478,XAU,4005.987225,4661.825159
1752183339,USD,38.34,41.681
1752183339,EUR,44.893,48.804
1752183339,GBP,52.047,56.582
1752183339,XAU,4005.987225,4661.825159
