zaman,kur,alis,satis
1742851727,USD,36.361,39.626
1742851727,EUR,39.354,42.887
1742851727,GBP,47.103,51.331
1742851727,XAU,3441.145282,4050.201382
1742852095,USD,36.361,39.626
1742852095,EUR,39.354,42.887
1742852095,GBP,47.103,51.331
1742852095,XAU,3441.145282,4050.201382
1742852570,USD,36.361,39.626
1742852570,EUR,39.354,42.887
1742852570,GBP,47.103,51.331
1742852570,XAU,3441.145282,4050.201382
1742853167,USD,36.361,39.626
1742853167,EUR,39.354,42.887
1742853167,GBP,47.103,51.331
1742853167,XAU,3441.145282,4050.201382
1742853528,USD,36.361,39.626
1742853528,EUR,39.354,42.887
1742853528,GBP,47.103,51.331
1742853528,XAU,3441.145282,4050.201382
1742853913,USD,36.361,39.626
1742853913,EUR,39.354,42.887
1742853913,GBP,47.103,51.331
1742853913,XAU,3441.145282,4050.201382
1742854973,USD,36.361,39.626
1742854973,EUR,39.354,42.887
1742854973,GBP,47.103,51.331
1742854973,XAU,3441.145282,4050.201382
1742855931,USD,36.361,39.626
1742855931,EUR,39.354,42.887
1742855931,GBP,47.103,51.331
1742855931,XAU,3441.145282,4050.201382
1742856409,USD,36.361,39.626
1742856409,EUR,39.354,42.887
1742856409,GBP,47.103,51.331
1742856409,XAU,3441.145282,4050.201382
1742856773,USD,36.361,39.626
1742856773,EUR,39.354,42.887
1742856773,GBP,47.103,51.331
1742856773,XAU,3441.145282,4050.201382
1742857131,USD,36.361,39.626
1742857131,EUR,39.354,42.887
1742857131,GBP,47.103,51.331
1742857131,XAU,3441.145282,4050.201382
1742857499,USD,36.361,39.626
1742857499,EUR,39.354,42.887
1742857499,GBP,47.103,51.331
1742857499,XAU,3441.145282,4050.201382
1742858618,USD,36.361,39.626
1742858618,EUR,39.354,42.887
1742858618,GBP,47.103,51.331
1742858618,XAU,3441.145282,4050.201382
1742859270,USD,36.361,39.626
1742859270,EUR,39.354,42.887
1742859270,GBP,47.103,51.331
1742859270,XAU,3441.145282,4050.201382
1742859786,USD,36.361,39.626
1742859786,EUR,39.354,42.887
1742859786,GBP,47.103,51.331
1742859786,XAU,3441.145282,4050.201382
1742860142,USD,36.361,39.626
1742860142,EUR,39.354,42.887
1742860142,GBP,47.103,51.331
1742860142,XAU,3441.145282,4050.201382
1742860439,USD,36.361,39.626
1742860439,EUR,39.354,42.887
1742860439,GBP,47.103,51.331
1742860439,XAU,3441.145282,4050.201382
1742860742,USD,36.361,39.626
1742860742,EUR,39.354,42.887
1742860742,GBP,47.103,51.331
1742860742,XAU,3441.145282,4050.201382
1742869105,USD,36.361,39.626
1742869105,EUR,39.354,42.887
1742869105,GBP,47.103,51.331
1742869105,XAU,3441.145282,4050.201382
