zaman,kur,alis,satis
1750368426,USD,37.816,41.193
1750368426,EUR,43.401,47.277
1750368426,GBP,50.839,55.38
1750368426,XAU,4012.538687,4672.792438
1750369035,USD,37.816,41.193
1750369035,EUR,43.401,47.277
1750369035,GBP,50.839,55.38
1750369035,XAU,4012.538687,4672.792438
1750369464,USD,37.816,41.193
1750369464,EUR,43.401,47.277
1750369464,GBP,50.839,55.38
1750369464,XAU,4012.538687,4672.792438
1750369802,USD,37.816,41.193
1750369802,EUR,43.401,47.277
1750369802,GBP,50.839,55.38
1750369802,XAU,4012.538687,4672.792438
1750370135,USD,37.816,41.193
1750370135,EUR,43.401,47.277
1750370135,GBP,50.839,55.38
1750370135,XAU,4012.538687,4672.792438
1750370941,USD,37.816,41.193
1750370941,EUR,43.401,47.277
1750370941,GBP,50.839,55.38
1750370941,XAU,4012.538687,4672.792438
1750372256,USD,37.816,41.193
1750372256,EUR,43.401,47.277
1750372256,GBP,50.839,55.38
1750372256,XAU,4012.538687,4672.792438
1750373026,USD,37.816,41.193
1750373026,EUR,43.401,47.277
1750373026,GBP,50.839,55.38
1750373026,XAU,4012.538687,4672.792438
1750373443,USD,37.816,41.193
1750373443,EUR,43.401,47.277
1750373443,GBP,50.839,55.38
1750373443,XAU,4012.538687,4672.792438
1750373775,USD,37.816,41.193
1750373775,EUR,43.401,47.277
1750373775,GBP,50.839,55.38
1750373775,XAU,4012.538687,4672.792438
1750374633,USD,37.816,41.193
1750374633,EUR,43.401,47.277
1750374633,GBP,50.839,55.38
1750374633,XAU,4012.538687,4672.792438
