zaman,kur,alis,satis
1747343538,USD,36.966,40.268
1747343538,EUR,41.431,45.133
1747343538,GBP,49.202,53.597
1747343538,XAU,3730.329065,4363.082689
1747344524,USD,36.966,40.268
1747344524,EUR,41.431,45.133
1747344524,GBP,49.202,53.597
1747344524,XAU,3730.329065,4363.082689
1747345058,USD,36.966,40.268
1747345058,EUR,41.431,45.133
1747345058,GBP,49.202,53.597
1747345058,XAU,3730.329065,4363.082689
1747345421,USD,36.966,40.268
1747345421,EUR,41.431,45.133
1747345421,GBP,49.202,53.597
1747345421,XAU,3730.329065,4363.082689
1747345753,USD,36.966,40.268
1747345753,EUR,41.431,45.133
1747345753,GBP,49.202,53.597
1747345753,XAU,3730.329065,4363.082689
1747346105,USD,36.966,40.268
1747346105,EUR,41.431,45.133
1747346105,GBP,49.202,53.597
1747346105,XAU,3730.329065,4363.082689
1747346446,USD,36.966,40.268
1747346446,EUR,41.431,45.133
1747346446,GBP,49.202,53.597
1747346446,XAU,3730.329065,4363.082689
1747347552,USD,36.966,40.268
1747347552,EUR,41.431,45.133
1747347552,GBP,49.202,53.597
1747347552,XAU,3730.329065,4363.082689
1747348597,USD,36.966,40.268
1747348597,EUR,41.431,45.133
1747348597,GBP,49.202,53.597
1747348597,XAU,3730.329065,4363.082689
