zaman,kur,alis,satis
1739912568,USD,34.741,37.786
1739912568,EUR,36.294,39.475
1739912568,GBP,43.812,47.652
1739912568,XAU,3193.368435,3761.578088
1739913532,USD,34.741,37.786
1739913532,EUR,36.294,39.475
1739913532,GBP,43.812,47.652
1739913532,XAU,3193.368435,3761.578088
1739914233,USD,34.741,37.786
1739914233,EUR,36.294,39.475
1739914233,GBP,43.812,47.652
1739914233,XAU,3193.368435,3761.578088
1739914593,USD,34.741,37.786
1739914593,EUR,36.294,39.475
1739914593,GBP,43.812,47.652
1739914593,XAU,3193.368435,3761.578088
1739914951,USD,34.741,37.786
1739914951,EUR,36.294,39.475
1739914951,GBP,43.812,47.652
1739914951,XAU,3193.368435,3761.578088
1739915306,USD,34.741,37.786
1739915306,EUR,36.294,39.475
1739915306,GBP,43.812,47.652
1739915306,XAU,3193.368435,3761.578088
1739916053,USD,34.741,37.786
1739916053,EUR,36.294,39.475
1739916053,GBP,43.812,47.652
1739916053,XAU,3193.368435,3761.578088
1739916833,USD,34.741,37.786
1739916833,EUR,36.294,39.475
1739916833,GBP,43.812,47.652
1739916833,XAU,3193.368435,3761.578088
1739917967,USD,34.741,37.786
1739917967,EUR,36.294,39.475
1739917967,GBP,43.812,47.652
1739917967,XAU,3193.368435,3761.578088
1739918517,USD,34.741,37.786
1739918517,EUR,36.294,39.475
1739918517,GBP,43.812,47.652
1739918517,XAU,3193.368435,3761.578088
1739918819,USD,34.741,37.786
1739918819,EUR,36.294,39.475
1739918819,GBP,43.812,47.652
1739918819,XAU,3193.368435,3761.578088
