zaman,kur,alis,satis
1751836316,USD,37.998,41.392
1751836316,EUR,44.749,48.746
1751836316,GBP,51.902,56.538
1751836316,XAU,3993.117189,4653.989365
