zaman,kur,alis,satis
1743196637,USD,36.209,39.461
1743196637,EUR,39.113,42.625
1743196637,GBP,46.945,51.161
1743196637,XAU,3495.05531,4106.207701
1743197479,USD,36.209,39.461
1743197479,EUR,39.113,42.625
1743197479,GBP,46.945,51.161
1743197479,XAU,3495.05531,4106.207701
