zaman,kur,alis,satis
1738357846,USD,34.206,37.279
1738357846,EUR,35.516,38.707
1738357846,GBP,42.518,46.338
1738357846,XAU,3014.492092,3572.843798
1738358610,USD,34.206,37.279
1738358610,EUR,35.516,38.707
1738358610,GBP,42.518,46.338
1738358610,XAU,3014.492092,3572.843798
1738358941,USD,34.206,37.279
1738358941,EUR,35.516,38.707
1738358941,GBP,42.518,46.338
1738358941,XAU,3014.492092,3572.843798
1738359372,USD,34.206,37.279
1738359372,EUR,35.516,38.707
1738359372,GBP,42.518,46.338
1738359372,XAU,3014.492092,3572.843798
1738359709,USD,34.206,37.279
1738359709,EUR,35.516,38.707
1738359709,GBP,42.518,46.338
1738359709,XAU,3014.492092,3572.843798
1738360047,USD,34.206,37.279
1738360047,EUR,35.516,38.707
1738360047,GBP,42.518,46.338
1738360047,XAU,3014.492092,3572.843798
1738360385,USD,34.206,37.279
1738360385,EUR,35.516,38.707
1738360385,GBP,42.518,46.338
1738360385,XAU,3014.492092,3572.843798
1738360849,USD,34.206,37.279
1738360849,EUR,35.516,38.707
1738360849,GBP,42.518,46.338
1738360849,XAU,3014.492092,3572.843798
1738361581,USD,34.206,37.279
1738361581,EUR,35.516,38.707
1738361581,GBP,42.518,46.338
1738361581,XAU,3014.492092,3572.843798
1738362552,USD,34.206,37.279
1738362552,EUR,35.516,38.707
1738362552,GBP,42.518,46.338
1738362552,XAU,3014.492092,3572.843798
1738363037,USD,34.206,37.279
1738363037,EUR,35.516,38.707
1738363037,GBP,42.518,46.338
1738363037,XAU,3014.492092,3572.843798
