zaman,kur,alis,satis
1750799700,USD,37.847,41.227
1750799700,EUR,44.001,47.931
1750799700,GBP,51.634,56.246
1750799700,XAU,3942.761764,4598.747324
1750800650,USD,37.847,41.227
1750800650,EUR,44.001,47.931
1750800650,GBP,51.634,56.246
1750800650,XAU,3942.761764,4598.747324
1750801261,USD,37.847,41.227
1750801261,EUR,44.001,47.931
1750801261,GBP,51.634,56.246
1750801261,XAU,3942.761764,4598.747324
1750801615,USD,37.847,41.227
1750801615,EUR,44.001,47.931
1750801615,GBP,51.634,56.246
1750801615,XAU,3942.761764,4598.747324
1750801955,USD,37.847,41.227
1750801955,EUR,44.001,47.931
1750801955,GBP,51.634,56.246
1750801955,XAU,3942.761764,4598.747324
1750802298,USD,37.847,41.227
1750802298,EUR,44.001,47.931
1750802298,GBP,51.634,56.246
1750802298,XAU,3942.761764,4598.747324
