zaman,kur,alis,satis
1745616379,USD,36.664,39.94
1745616379,EUR,41.561,45.274
1745616379,GBP,48.837,53.2
1745616379,XAU,3787.217152,4420.549437
