zaman,kur,alis,satis
1747257032,USD,37.022,40.329
1747257032,EUR,41.587,45.302
1747257032,GBP,49.376,53.787
1747257032,XAU,3707.317466,4339.252797
1747257274,USD,37.022,40.329
1747257274,EUR,41.587,45.302
1747257274,GBP,49.376,53.787
1747257274,XAU,3707.317466,4339.252797
