zaman,kur,alis,satis
1741036852,USD,34.9,37.959
1741036852,EUR,36.532,39.734
1741036852,GBP,44.278,48.159
1741036852,XAU,3151.11173,3718.399852
1741037574,USD,34.9,37.959
1741037574,EUR,36.532,39.734
1741037574,GBP,44.278,48.159
1741037574,XAU,3151.11173,3718.399852
1741038174,USD,34.9,37.959
1741038174,EUR,36.532,39.734
1741038174,GBP,44.278,48.159
1741038174,XAU,3151.11173,3718.399852
1741038539,USD,34.9,37.959
1741038539,EUR,36.532,39.734
1741038539,GBP,44.278,48.159
1741038539,XAU,3151.11173,3718.399852
1741038896,USD,34.9,37.959
1741038896,EUR,36.532,39.734
1741038896,GBP,44.278,48.159
1741038896,XAU,3151.11173,3718.399852
1741041111,USD,34.9,37.959
1741041111,EUR,36.532,39.734
1741041111,GBP,44.278,48.159
1741041111,XAU,3151.11173,3718.399852
1741042135,USD,34.9,37.959
1741042135,EUR,36.532,39.734
1741042135,GBP,44.278,48.159
1741042135,XAU,3151.11173,3718.399852
1741042495,USD,34.9,37.959
1741042495,EUR,36.532,39.734
1741042495,GBP,44.278,48.159
1741042495,XAU,3151.11173,3718.399852
1741043571,USD,34.9,37.959
1741043571,EUR,36.532,39.734
1741043571,GBP,44.278,48.159
1741043571,XAU,3151.11173,3718.399852
1741044487,USD,34.9,37.959
1741044487,EUR,36.532,39.734
1741044487,GBP,44.278,48.159
1741044487,XAU,3151.11173,3718.399852
1741044864,USD,34.9,37.959
1741044864,EUR,36.532,39.734
1741044864,GBP,44.278,48.159
1741044864,XAU,3151.11173,3718.399852
1741045261,USD,34.9,37.959
1741045261,EUR,36.532,39.734
1741045261,GBP,44.278,48.159
1741045261,XAU,3151.11173,3718.399852
1741045621,USD,34.9,37.959
1741045621,EUR,36.532,39.734
1741045621,GBP,44.278,48.159
1741045621,XAU,3151.11173,3718.399852
1741048758,USD,34.9,37.959
1741048758,EUR,36.532,39.734
1741048758,GBP,44.278,48.159
1741048758,XAU,3151.11173,3718.399852
