zaman,kur,alis,satis
1743888480,USD,36.291,39.55
1743888480,EUR,39.882,43.463
1743888480,GBP,46.997,51.217
1743888480,XAU,3468.045804,4078.088704
1743888837,USD,36.291,39.55
1743888837,EUR,39.882,43.463
1743888837,GBP,46.997,51.217
1743888837,XAU,3468.045804,4078.088704
1743889557,USD,36.291,39.55
1743889557,EUR,39.882,43.463
1743889557,GBP,46.997,51.217
1743889557,XAU,3468.045804,4078.088704
1743889918,USD,36.291,39.55
1743889918,EUR,39.882,43.463
1743889918,GBP,46.997,51.217
1743889918,XAU,3468.045804,4078.088704
1743890281,USD,36.291,39.55
1743890281,EUR,39.882,43.463
1743890281,GBP,46.997,51.217
1743890281,XAU,3468.045804,4078.088704
1743890639,USD,36.291,39.55
1743890639,EUR,39.882,43.463
1743890639,GBP,46.997,51.217
1743890639,XAU,3468.045804,4078.088704
