zaman,kur,alis,satis
1737148124,USD,33.878,36.923
1737148124,EUR,34.888,38.023
1737148124,GBP,41.345,45.06
1737148124,XAU,2875.582934,3421.246027
1737148948,USD,33.878,36.923
1737148948,EUR,34.888,38.023
1737148948,GBP,41.345,45.06
1737148948,XAU,2875.582934,3421.246027
