zaman,kur,alis,satis
1745875487,USD,36.76,40.044
1745875487,EUR,41.75,45.48
1745875487,GBP,49.155,53.546
1745875487,XAU,3858.000168,4497.088883
1745875953,USD,36.76,40.044
1745875953,EUR,41.75,45.48
1745875953,GBP,49.155,53.546
1745875953,XAU,3858.000168,4497.088883
