zaman,kur,alis,satis
1745096945,USD,36.437,39.702
1745096945,EUR,41.464,45.179
1745096945,GBP,48.411,52.748
1745096945,XAU,3822.547059,4456.832317
1745097867,USD,36.437,39.702
1745097867,EUR,41.464,45.179
1745097867,GBP,48.411,52.748
1745097867,XAU,3822.547059,4456.832317
1745098298,USD,36.437,39.702
1745098298,EUR,41.464,45.179
1745098298,GBP,48.411,52.748
1745098298,XAU,3822.547059,4456.832317
