zaman,kur,alis,satis
1740344661,USD,34.795,37.845
1740344661,EUR,36.453,39.648
1740344661,GBP,44.044,47.904
1740344661,XAU,3204.380055,3773.972471
