zaman,kur,alis,satis
1737925769,USD,34.052,37.111
1737925769,EUR,35.647,38.85
1737925769,GBP,42.303,46.103
1737925769,XAU,2962.628772,3518.966187
1737926505,USD,34.052,37.111
1737926505,EUR,35.647,38.85
1737926505,GBP,42.303,46.103
1737926505,XAU,2962.628772,3518.966187
1737926842,USD,34.052,37.111
1737926842,EUR,35.647,38.85
1737926842,GBP,42.303,46.103
1737926842,XAU,2962.628772,3518.966187
1737927229,USD,34.052,37.111
1737927229,EUR,35.647,38.85
1737927229,GBP,42.303,46.103
1737927229,XAU,2962.628772,3518.966187
1737927552,USD,34.052,37.111
1737927552,EUR,35.647,38.85
1737927552,GBP,42.303,46.103
1737927552,XAU,2962.628772,3518.966187
1737927896,USD,34.052,37.111
1737927896,EUR,35.647,38.85
1737927896,GBP,42.303,46.103
1737927896,XAU,2962.628772,3518.966187
1737928236,USD,34.052,37.111
1737928236,EUR,35.647,38.85
1737928236,GBP,42.303,46.103
1737928236,XAU,2962.628772,3518.966187
