zaman,kur,alis,satis
1737406871,USD,33.998,37.053
1737406871,EUR,35.363,38.541
1737406871,GBP,41.831,45.59
1737406871,XAU,2883.662359,3432.051601
