zaman,kur,alis,satis
1750713402,USD,37.974,41.365
1750713402,EUR,43.639,47.537
1750713402,GBP,51.029,55.587
1750713402,XAU,4056.255053,4720.883534
1750714297,USD,37.974,41.365
1750714297,EUR,43.639,47.537
1750714297,GBP,51.029,55.587
1750714297,XAU,4056.255053,4720.883534
