zaman,kur,alis,satis
1737580095,USD,34.081,37.145
1737580095,EUR,35.559,38.755
1737580095,GBP,42.118,45.903
1737580095,XAU,2939.167139,3491.387413
