zaman,kur,alis,satis
1713963665,USD,32.00300,33.10900
1713963665,EUR,34.16405,35.38935
1713963665,GBP,39.74600,41.21620
1713963665,JPY,20.61385,21.44375
1713963665,CHF,34.97545,36.26945
1713963665,AUD,20.72790,21.55290
1713963665,CAD,23.34995,24.23395
1713963665,SAR,8.46465,8.89285
1713963665,CNY,4.19100,4.65000
1713963665,QAR,8.08595,9.20895
1713963665,XAU,2395.26,2506.86
1713963665,XAG,28.4149,29.1209
