zaman,kur,alis,satis
1738703468,EUR,35.8726768,38.66072
1738703468,USD,34.5807457,37.2057533
1738703468,XAU,3167.67261,3388.24927
