zaman,kur,alis,satis
1737838855,EUR,36.021904,38.70744
1737838855,USD,34.2874222,36.9171753
1737838855,XAU,3068.7583,3273.16455
1737839776,EUR,36.021904,38.70744
1737839776,USD,34.2874222,36.9171753
1737839776,XAU,3068.7583,3273.16455
1737840325,EUR,36.0678368,38.75154
1737840325,USD,34.32982,36.9578552
1737840325,XAU,3072.90747,3277.169
