zaman,kur,alis,satis
1743109874,EUR,39.73622,42.4381027
1743109874,USD,36.7901878,39.30513
1743109874,XAU,3622.52954,3845.183
1743110835,EUR,39.53271,42.2551765
1743110835,USD,36.61597,39.14529
1743110835,XAU,3605.497,3829.42432
1743111435,EUR,39.54052,42.24494
1743111435,USD,36.62355,39.1389961
1743111435,XAU,3606.238,3828.80371
1743111674,EUR,39.54001,42.2449455
1743111674,USD,36.62273,39.139
1743111674,XAU,3606.158,3828.8042
1743112158,EUR,39.55941,42.25226
1743112158,USD,36.6372261,39.1432953
1743112158,XAU,3607.5752,3829.22778
1743112462,EUR,39.5652466,42.253746
1743112462,USD,36.6422844,39.1439667
1743112462,XAU,3608.06958,3829.294
1743113658,EUR,39.560482,42.2467575
1743113658,USD,36.641346,39.1413841
1743113658,XAU,3614.00342,3827.13135
