zaman,kur,alis,satis
1745270055,EUR,42.7056923,45.32264
1745270055,USD,37.04173,39.42841
1745270055,XAU,4091.972,4313.1
1745270833,EUR,42.65554,45.26711
1745270833,USD,37.0027657,39.3855247
1745270833,XAU,4087.70581,4308.36426
