zaman,kur,alis,satis
1742332097,EUR,38.791626,41.4395828
1742332097,USD,35.4265556,37.877018
1742332097,XAU,3466.3042,3680.936
1742333489,EUR,38.8047371,41.4445
1742333489,USD,35.4408569,37.8825226
1742333489,XAU,3467.6936,3681.47534
1742334076,EUR,38.7974663,41.4367371
1742334076,USD,35.4408569,37.8825226
1742334076,XAU,3467.6936,3681.47534
1742334322,EUR,38.7963753,41.4371071
1742334322,USD,35.4408569,37.8825226
1742334322,XAU,3467.6936,3681.47534
