zaman,kur,alis,satis
1747170745,EUR,41.99765,44.67709
1747170745,USD,37.5088768,39.9729347
1747170745,XAU,3940.50757,4151.84229
1747171578,EUR,42.0237732,44.68225
1747171578,USD,37.5322342,39.97406
1747171578,XAU,3942.94165,4151.96
1747172184,EUR,42.01724,44.67991
1747172184,USD,37.5322342,39.97406
1747172184,XAU,3942.94165,4151.96
1747172475,EUR,42.0133972,44.6787376
1747172475,USD,37.5322342,39.97406
1747172475,XAU,3942.94165,4151.96
1747172904,EUR,42.0210838,44.6791267
1747172904,USD,37.5322342,39.97406
1747172904,XAU,3942.94165,4151.96
1747173142,EUR,42.02262,44.68069
1747173142,USD,37.5322342,39.97406
1747173142,XAU,3942.94165,4151.96
1747173500,EUR,42.0222359,44.68225
1747173500,USD,37.5322342,39.97406
1747173500,XAU,3942.94165,4151.96
1747174638,EUR,42.03454,44.6834221
1747174638,USD,37.5322342,39.97406
1747174638,XAU,3942.55859,4151.85938
1747175657,EUR,42.01527,44.68567
1747175657,USD,37.5132942,39.9739723
1747175657,XAU,3940.807,4152.026
1747176261,EUR,42.0163879,44.6884041
1747176261,USD,37.5122337,39.9739723
1747176261,XAU,3943.50024,4154.87646
1747176677,EUR,42.0311966,44.70013
1747176677,USD,37.512764,39.97328
1747176677,XAU,3942.14746,4153.41064
