zaman,kur,alis,satis
1751490440,EUR,45.5961761,48.3418541
1751490440,USD,38.58205,41.0706253
1751490440,XAU,4171.3374,4419.70166
1751491639,EUR,45.4509773,48.1868
1751491639,USD,38.45545,40.9379272
1751491639,XAU,4157.714,4405.347
1751492237,EUR,45.4387741,48.1747856
1751492237,USD,38.4554443,40.9379234
1751492237,XAU,4157.714,4405.347
1751492597,EUR,45.4387741,48.17479
1751492597,USD,38.4554443,40.9379234
1751492597,XAU,4157.714,4405.347
