zaman,kur,alis,satis
1741123568,EUR,37.3728561,39.96601
1741123568,USD,35.1866646,37.6107864
1741123568,XAU,3308.23853,3509.84521
1741123990,EUR,37.3703156,39.9648056
1741123990,USD,35.1897125,37.6148338
1741123990,XAU,3309.61353,3511.33447
1741124346,EUR,37.360508,39.9539528
1741124346,USD,35.1842155,37.6084175
1741124346,XAU,3308.36938,3509.988
