zaman,kur,alis,satis
1747170745,EUR,41.99765,44.67709
1747170745,USD,37.5088768,39.9729347
1747170745,XAU,3940.50757,4151.84229
