zaman,kur,alis,satis
1751663346,EUR,45.3166962,48.1250648
1751663346,USD,38.3533173,41.0201
1751663346,XAU,4130.07568,4376.218
1751664426,EUR,45.3739548,48.1801147
1751664426,USD,38.39934,41.0642662
1751664426,XAU,4135.49854,4381.46973
1751665024,EUR,45.3739548,48.1801147
1751665024,USD,38.39934,41.0642662
1751665024,XAU,4135.49854,4381.46973
1751665450,EUR,45.3739548,48.1801147
1751665450,USD,38.39934,41.0642662
1751665450,XAU,4135.49854,4381.46973
1751665691,EUR,45.3739548,48.1801147
1751665691,USD,38.39934,41.0642662
1751665691,XAU,4135.49854,4381.46973
1751665984,EUR,45.3739548,48.1801147
1751665984,USD,38.39934,41.0642662
1751665984,XAU,4135.49854,4381.46973
1751667068,EUR,45.3739548,48.1801147
1751667068,USD,38.39934,41.0642662
1751667068,XAU,4135.49854,4381.46973
1751668089,EUR,45.3739548,48.1801147
1751668089,USD,38.39934,41.0642662
1751668089,XAU,4135.49854,4381.46973
1751669121,EUR,45.3739548,48.1801147
1751669121,USD,38.39934,41.0642662
1751669121,XAU,4135.49854,4381.46973
1751669224,EUR,45.3739548,48.1801147
1751669224,USD,38.39934,41.0642662
1751669224,XAU,4135.49854,4381.46973
1751669224,EUR,45.3739548,48.1801147
1751669224,USD,38.39934,41.0642662
1751669224,XAU,4135.49854,4381.46973
1751669224,EUR,45.3739548,48.1801147
1751669224,USD,38.39934,41.0642662
1751669224,XAU,4135.49854,4381.46973
1751669224,EUR,45.3739548,48.1801147
1751669224,USD,38.39934,41.0642662
1751669224,XAU,4135.49854,4381.46973
1751669224,EUR,45.3739548,48.1801147
1751669224,USD,38.39934,41.0642662
1751669224,XAU,4135.49854,4381.46973
1751669224,EUR,45.3739548,48.1801147
1751669224,USD,38.39934,41.0642662
1751669224,XAU,4135.49854,4381.46973
1751669224,EUR,45.3739548,48.1801147
1751669224,USD,38.39934,41.0642662
1751669224,XAU,4135.49854,4381.46973
1751669224,EUR,45.3739548,48.1801147
1751669224,USD,38.39934,41.0642662
1751669224,XAU,4135.49854,4381.46973
1751669224,EUR,45.3739548,48.1801147
1751669224,USD,38.39934,41.0642662
1751669224,XAU,4135.49854,4381.46973
1751669224,EUR,45.3739548,48.1801147
1751669224,USD,38.39934,41.0642662
1751669224,XAU,4135.49854,4381.46973
1751686516,EUR,45.3739548,48.1801147
1751686516,USD,38.39934,41.0642662
1751686516,XAU,4135.49854,4381.46973
1751687945,EUR,45.3739548,48.1801147
1751687945,USD,38.39934,41.0642662
1751687945,XAU,4135.49854,4381.46973
