zaman,kur,alis,satis
1739394050,EUR,36.1865921,38.7652245
1739394050,USD,34.85191,37.2757
1739394050,XAU,3263.30542,3464.08521
