zaman,kur,alis,satis
1743196580,EUR,39.6524963,43.05967
1743196580,USD,36.5685577,39.8458862
1743196580,XAU,3645.941,3921.099
1743197355,EUR,39.7023,43.1078453
1743197355,USD,36.6126328,39.88849
1743197355,XAU,3650.74463,3925.7688
1743197660,EUR,39.7023,43.1078453
1743197660,USD,36.6126328,39.88849
1743197660,XAU,3650.74463,3925.7688
1743198377,EUR,39.7023,43.1078453
1743198377,USD,36.6126328,39.88849
1743198377,XAU,3650.74463,3925.7688
1743198795,EUR,39.7023,43.1078453
1743198795,USD,36.6126328,39.88849
1743198795,XAU,3650.74463,3925.7688
1743199157,EUR,39.7023,43.1078453
1743199157,USD,36.6126328,39.88849
1743199157,XAU,3650.74463,3925.7688
1743199875,EUR,39.7023,43.1078453
1743199875,USD,36.6126328,39.88849
1743199875,XAU,3650.74463,3925.7688
1743201139,EUR,39.7023,43.1078453
1743201139,USD,36.6126328,39.88849
1743201139,XAU,3650.74463,3925.7688
1743201501,EUR,39.7023,43.1078453
1743201501,USD,36.6126328,39.88849
1743201501,XAU,3650.74463,3925.7688
1743201642,EUR,39.7023,43.1078453
1743201642,USD,36.6126328,39.88849
1743201642,XAU,3650.74463,3925.7688
