zaman,kur,alis,satis
1751403977,EUR,45.58264,48.27829
1751403977,USD,38.5425148,40.9894524
1751403977,XAU,4143.786,4386.69238
