zaman,kur,alis,satis
1751663346,EUR,45.3166962,48.1250648
1751663346,USD,38.3533173,41.0201
1751663346,XAU,4130.07568,4376.218
1751664426,EUR,45.3739548,48.1801147
1751664426,USD,38.39934,41.0642662
1751664426,XAU,4135.49854,4381.46973
