zaman,kur,alis,satis
1744319658,EUR,41.2500534,43.9259758
1744319658,USD,36.8066025,39.26489
1744319658,XAU,3773.78735,3985.892
