zaman,kur,alis,satis
1742246174,EUR,38.6936531,41.3318939
1742246174,USD,35.4204,37.8630638
1742246174,XAU,3419.87939,3641.01318
1742247430,EUR,38.7040977,41.3476219
1742247430,USD,35.42331,37.87239
1742247430,XAU,3420.15845,3641.917
1742248219,EUR,38.70248,41.3376961
1742248219,USD,35.4205,37.8629646
1742248219,XAU,3419.889,3641.00342
