zaman,kur,alis,satis
1740862937,EUR,36.41307,39.0907745
1740862937,USD,35.10217,37.7312927
1740862937,XAU,3233.43359,3438.56885
1740863734,EUR,36.41307,39.0907745
1740863734,USD,35.10217,37.7312927
1740863734,XAU,3233.43359,3438.56885
1740865156,EUR,36.45723,39.1329346
1740865156,USD,35.14294,37.7703667
1740865156,XAU,3237.56421,3442.54858
1740865875,EUR,36.45723,39.1329346
1740865875,USD,35.14294,37.7703667
1740865875,XAU,3237.56421,3442.54858
1740866125,EUR,36.45723,39.1329346
1740866125,USD,35.14294,37.7703667
1740866125,XAU,3237.56421,3442.54858
1740866534,EUR,36.45723,39.1329346
1740866534,USD,35.14294,37.7703667
1740866534,XAU,3237.56421,3442.54858
1740868337,EUR,36.45723,39.1329346
1740868337,USD,35.14294,37.7703667
1740868337,XAU,3237.56421,3442.54858
1740868753,EUR,36.45723,39.1329346
1740868753,USD,35.14294,37.7703667
1740868753,XAU,3237.56421,3442.54858
1740869474,EUR,36.45723,39.1329346
1740869474,USD,35.14294,37.7703667
1740869474,XAU,3237.56421,3442.54858
1740869895,EUR,36.45723,39.1329346
1740869895,USD,35.14294,37.7703667
1740869895,XAU,3237.56421,3442.54858
1740870494,EUR,36.45723,39.1329346
1740870494,USD,35.14294,37.7703667
1740870494,XAU,3237.56421,3442.54858
1740871575,EUR,36.45723,39.1329346
1740871575,USD,35.14294,37.7703667
1740871575,XAU,3237.56421,3442.54858
1740871993,EUR,36.45723,39.1329346
1740871993,USD,35.14294,37.7703667
1740871993,XAU,3237.56421,3442.54858
1740872355,EUR,36.45723,39.1329346
1740872355,USD,35.14294,37.7703667
1740872355,XAU,3237.56421,3442.54858
1740872657,EUR,36.45723,39.1329346
1740872657,USD,35.14294,37.7703667
1740872657,XAU,3237.56421,3442.54858
