zaman,kur,alis,satis
1738616833,EUR,35.65886,38.2754326
1738616833,USD,34.6791153,37.14506
1738616833,XAU,3147.513,3353.08667
