zaman,kur,alis,satis
1738876349,EUR,35.9419632,38.53133
1738876349,USD,34.63248,37.0664
1738876349,XAU,3188.31177,3393.73779
1738876942,EUR,35.9313049,38.51974
1738876942,USD,34.63248,37.06638
1738876942,XAU,3187.28369,3392.76
