zaman,kur,alis,satis
1751490440,EUR,45.5961761,48.3418541
1751490440,USD,38.58205,41.0706253
1751490440,XAU,4171.3374,4419.70166
1751491639,EUR,45.4509773,48.1868
1751491639,USD,38.45545,40.9379272
1751491639,XAU,4157.714,4405.347
1751492237,EUR,45.4387741,48.1747856
1751492237,USD,38.4554443,40.9379234
1751492237,XAU,4157.714,4405.347
1751492597,EUR,45.4387741,48.17479
1751492597,USD,38.4554443,40.9379234
1751492597,XAU,4157.714,4405.347
1751492904,EUR,45.4352341,48.1719856
1751492904,USD,38.4554443,40.9379234
1751492904,XAU,4157.714,4405.347
1751493264,EUR,45.41988,48.1531754
1751493264,USD,38.4554443,40.9379234
1751493264,XAU,4157.714,4405.347
1751494159,EUR,45.4705124,48.19389
1751494159,USD,38.4606628,40.9341
1751494159,XAU,4161.23633,4407.004
1751495544,EUR,45.46736,48.1910858
1751495544,USD,38.4606628,40.9341
1751495544,XAU,4167.0293,4412.842
1751496262,EUR,45.46811,48.18988
1751496262,USD,38.4619637,40.9340935
1751496262,XAU,4165.5127,4411.16943
1751496557,EUR,45.4720459,48.193882
1751496557,USD,38.4619637,40.9340935
1751496557,XAU,4164.88,4410.501
