zaman,kur,alis,satis
1745617042,EUR,42.2074051,44.83956
1745617042,USD,37.0524063,39.58837
1745617042,XAU,3965.41772,4171.28857
