zaman,kur,alis,satis
1745875759,EUR,42.5522842,45.1458931
1745875759,USD,37.2148323,39.5834
1745875759,XAU,4020.56616,4226.379
1745876060,EUR,42.5516434,45.143795
1745876060,USD,37.2146034,39.5819
1745876060,XAU,4020.5415,4226.21729
1745876662,EUR,42.5521965,45.14341
1745876662,USD,37.214756,39.5819
1745876662,XAU,4020.55762,4226.21729
1745876904,EUR,42.5522079,45.14418
1745876904,USD,37.2147675,39.5819
1745876904,XAU,4020.55884,4226.21729
1745877080,EUR,42.5518265,45.1414757
1745877080,USD,37.2147675,39.5819
1745877080,XAU,4020.55884,4226.21729
