zaman,kur,alis,satis
1741987707,EUR,38.4645844,41.17178
1741987707,USD,35.2773438,37.904438
1741987707,XAU,3403.50244,3611.53931
