zaman,kur,alis,satis
1746479362,EUR,42.3192139,44.8246
1746479362,USD,37.3597,39.66123
1746479362,XAU,3997.25,4234.40967
