zaman,kur,alis,satis
1746134185,EUR,42.1842079,44.9190674
1746134185,USD,37.1365776,39.765
1746134185,XAU,3963.91675,4179.4126
1746134841,EUR,42.0774536,44.8164368
1746134841,USD,37.0423241,39.6743851
1746134841,XAU,3953.963,4169.788
1746136702,EUR,42.0774536,44.8164368
1746136702,USD,37.04232,39.6743851
1746136702,XAU,3953.96265,4169.788
