zaman,kur,alis,satis
1741900402,EUR,38.4795456,41.0988464
1741900402,USD,35.4639359,37.8833275
1741900402,XAU,3409.873,3625.69531
1741901243,EUR,38.394,41.0163574
1741901243,USD,35.3736954,37.8096962
1741901243,XAU,3401.25659,3618.59375
1741901791,EUR,38.39554,41.02005
1741901791,USD,35.3744469,37.8097038
1741901791,XAU,3401.32813,3618.59424
1741902385,EUR,38.3900681,41.0200577
1741902385,USD,35.3697357,37.8097076
1741902385,XAU,3400.87842,3618.59473
1741902683,EUR,38.39122,41.0230179
1741902683,USD,35.3697968,37.8097153
1741902683,XAU,3400.88428,3618.59546
1741903163,EUR,38.39256,41.021637
1741903163,USD,35.370697,37.8094635
1741903163,XAU,3400.97021,3618.571
1741904136,EUR,38.40104,41.02003
1741904136,USD,35.3765068,37.8100243
1741904136,XAU,3406.18335,3610.864
1741905197,EUR,38.4039459,41.023674
1741905197,USD,35.37751,37.81202
1741905197,XAU,3410.65283,3614.68457
1741905794,EUR,38.3955154,41.0172958
1741905794,USD,35.37509,37.81124
1741905794,XAU,3411.64453,3616.02
1741906228,EUR,38.3983269,41.0156631
1741906228,USD,35.37902,37.81144
1741906228,XAU,3410.6106,3614.74756
1741906637,EUR,38.40065,41.0193558
1741906637,USD,35.37815,37.81144
1741906637,XAU,3410.51587,3614.56982
1741907541,EUR,38.3925934,41.0079651
1741907541,USD,35.3750725,37.8070641
1741907541,XAU,3409.92969,3613.67383
1741908438,EUR,38.3988152,41.0150681
1741908438,USD,35.3751259,37.80715
1741908438,XAU,3411.27612,3615.16479
1741909236,EUR,38.3917351,41.00741
1741909236,USD,35.3752861,37.8072281
1741909236,XAU,3412.00269,3615.84814
1741909634,EUR,38.3988152,41.0142746
1741909634,USD,35.3751259,37.8071
1741909634,XAU,3409.47974,3613.47559
1741912697,EUR,38.3974457,41.0110664
1741912697,USD,35.3752,37.8055038
1741912697,XAU,3408.02954,3611.57886
1741921274,EUR,38.3528252,40.9642334
1741921274,USD,35.3765373,37.8062
1741921274,XAU,3406.89746,3610.45923
1741923043,EUR,38.35612,40.96932
1741923043,USD,35.37523,37.80612
1741923043,XAU,3410.45776,3614.05713
1741924579,EUR,38.36647,40.9798164
1741924579,USD,35.3730621,37.8042374
1741924579,XAU,3416.10425,3619.87573
1741924939,EUR,38.36545,40.97916
1741924939,USD,35.3734627,37.8046532
1741924939,XAU,3417.764,3621.529
