zaman,kur,alis,satis
1739654531,EUR,36.5904121,39.2738533
1739654531,USD,34.8206367,37.447876
1739654531,XAU,3242.94531,3448.481
1739655051,EUR,36.63458,39.31621
1739655051,USD,34.86108,37.4866333
1739655051,XAU,3247.08374,3452.46753
1739655327,EUR,36.63458,39.31621
1739655327,USD,34.86108,37.4866333
1739655327,XAU,3247.08374,3452.46753
1739655787,EUR,36.63458,39.31621
1739655787,USD,34.86108,37.4866333
1739655787,XAU,3247.08374,3452.46753
