zaman,kur,alis,satis
1739567597,EUR,36.5463524,39.2315979
1739567597,USD,34.7802849,37.409214
1739567597,XAU,3238.817,3444.50415
1739568378,EUR,36.5904121,39.2738533
1739568378,USD,34.8206367,37.447876
1739568378,XAU,3242.94531,3448.481
