zaman,kur,alis,satis
1738962753,EUR,35.69642,38.3739052
1738962753,USD,34.5320854,37.1630669
1738962753,XAU,3192.15015,3402.36328
1738963405,EUR,35.73969,38.4153481
1738963405,USD,34.5723,37.2016
1738963405,XAU,3196.23438,3406.30249
