zaman,kur,alis,satis
1743801074,EUR,40.1617622,42.982502
1743801074,USD,36.6324043,39.3600273
1743801074,XAU,3597.25342,3816.49878
