zaman,kur,alis,satis
1739567597,EUR,36.5463524,39.2315979
1739567597,USD,34.7802849,37.409214
1739567597,XAU,3238.817,3444.50415
1739568378,EUR,36.5904121,39.2738533
1739568378,USD,34.8206367,37.447876
1739568378,XAU,3242.94531,3448.481
1739569037,EUR,36.5904121,39.2738533
1739569037,USD,34.8206367,37.447876
1739569037,XAU,3242.94531,3448.481
1739569275,EUR,36.5904121,39.2738533
1739569275,USD,34.8206367,37.447876
1739569275,XAU,3242.94531,3448.481
1739569702,EUR,36.5904121,39.2738533
1739569702,USD,34.8206367,37.447876
1739569702,XAU,3242.94531,3448.481
1739570058,EUR,36.5904121,39.2738533
1739570058,USD,34.8206367,37.447876
1739570058,XAU,3242.94531,3448.481
1739570438,EUR,36.5904121,39.2738533
1739570438,USD,34.8206367,37.447876
1739570438,XAU,3242.94531,3448.481
1739571197,EUR,36.5904121,39.2738533
1739571197,USD,34.8206367,37.447876
1739571197,XAU,3242.94531,3448.481
1739572280,EUR,36.5904121,39.2738533
1739572280,USD,34.8206367,37.447876
1739572280,XAU,3242.94531,3448.481
1739572829,EUR,36.5904121,39.2738533
1739572829,USD,34.8206367,37.447876
1739572829,XAU,3242.94531,3448.481
1739572994,EUR,36.5904121,39.2738533
1739572994,USD,34.8206367,37.447876
1739572994,XAU,3242.94531,3448.481
1739573356,EUR,36.5904121,39.2738533
1739573356,USD,34.8206367,37.447876
1739573356,XAU,3242.94531,3448.481
1739574139,EUR,36.5904121,39.2738533
1739574139,USD,34.8206367,37.447876
1739574139,XAU,3242.94531,3448.481
1739574978,EUR,36.5904121,39.2738533
1739574978,USD,34.8206367,37.447876
1739574978,XAU,3242.94531,3448.481
