zaman,kur,alis,satis
1742072962,EUR,38.4645844,41.17178
1742072962,USD,35.2773438,37.904438
1742072962,XAU,3403.50244,3611.53931
1742074041,EUR,38.50915,41.2144432
1742074041,USD,35.31634,37.94177
1742074041,XAU,3407.65356,3615.534
1742074239,EUR,38.50915,41.2144432
1742074239,USD,35.31634,37.94177
1742074239,XAU,3407.65356,3615.534
1742074640,EUR,38.50915,41.2144432
1742074640,USD,35.31634,37.94177
1742074640,XAU,3407.65356,3615.534
1742075129,EUR,38.50915,41.2144432
1742075129,USD,35.31634,37.94177
1742075129,XAU,3407.65356,3615.534
1742075841,EUR,38.50915,41.2144432
1742075841,USD,35.31634,37.94177
1742075841,XAU,3407.65356,3615.534
1742078001,EUR,38.50915,41.2144432
1742078001,USD,35.31634,37.94177
1742078001,XAU,3407.65356,3615.534
1742078731,EUR,38.50915,41.2144432
1742078731,USD,35.31634,37.94177
1742078731,XAU,3407.65356,3615.534
1742079262,EUR,38.50915,41.2144432
1742079262,USD,35.31634,37.94177
1742079262,XAU,3407.65356,3615.534
1742079651,EUR,38.50915,41.2144432
1742079651,USD,35.31634,37.94177
1742079651,XAU,3407.65356,3615.534
