zaman,kur,alis,satis
1745442744,EUR,42.01408,44.7467957
1745442744,USD,37.0825958,39.5583763
1745442744,XAU,3941.33765,4164.56738
1745443577,EUR,42.011982,44.71354
1745443577,USD,37.0867767,39.555172
1745443577,XAU,3940.799,4163.295
1745444184,EUR,42.0139732,44.7229233
1745444184,USD,37.0871925,39.555954
1745444184,XAU,3940.843,4163.378
1745444543,EUR,42.01482,44.720108
1745444543,USD,37.0872726,39.5572243
1745444543,XAU,3940.85132,4163.5127
1745444904,EUR,42.0197639,44.7148323
1745444904,USD,37.0872726,39.5573425
1745444904,XAU,3940.85132,4163.52539
1745445260,EUR,42.0308075,44.72986
1745445260,USD,37.08763,39.5573
1745445260,XAU,3940.8894,4163.521
1745446100,EUR,42.0723038,44.78976
1745446100,USD,37.06994,39.5596924
1745446100,XAU,3967.978,4190.815
1745447235,EUR,42.0908,44.8075333
1745447235,USD,37.0701866,39.56174
1745447235,XAU,3966.635,4189.29248
1745448338,EUR,42.08017,44.79671
1745448338,USD,37.0701866,39.56174
1745448338,XAU,3971.53,4194.473
1745448794,EUR,42.0763741,44.79285
1745448794,USD,37.0701866,39.56174
1745448794,XAU,3966.89087,4189.553
1745449035,EUR,42.0592842,44.77507
1745449035,USD,37.0701866,39.56174
1745449035,XAU,3966.40356,4189.181
1745450075,EUR,42.0864944,44.7791634
1745450075,USD,37.0811272,39.5541
1745450075,XAU,3969.15234,4189.98
