zaman,kur,alis,satis
1743888375,EUR,40.26159,43.08023
1743888375,USD,36.71968,39.4456253
1743888375,XAU,3606.64331,3825.736
