zaman,kur,alis,satis
1742851577,EUR,39.6956749,42.6120033
1742851577,USD,36.76453,39.4637871
1742851577,XAU,3569.43286,3810.33521
1742851840,EUR,39.70021,42.6150856
1742851840,USD,36.76454,39.4637871
1742851840,XAU,3569.434,3810.33521
1742852427,EUR,39.6975746,42.60646
1742852427,USD,36.76454,39.465435
1742852427,XAU,3569.434,3810.49585
1742852954,EUR,39.76009,42.6023331
1742852954,USD,36.8133659,39.4501953
1742852954,XAU,3574.142,3809.013
1742853378,EUR,39.762352,42.6031036
1742853378,USD,36.8133659,39.4501953
1742853378,XAU,3574.142,3809.013
