zaman,kur,alis,satis
1750368195,EUR,44.0436058,46.7633972
1750368195,USD,38.26879,40.7425
1750368195,XAU,4105.28027,4448.23975
1750368797,EUR,44.0441322,46.75783
1750368797,USD,38.26788,40.7452774
1750368797,XAU,4105.183,4448.545
1750369275,EUR,44.04874,46.7663078
1750369275,USD,38.2681427,40.7453766
1750369275,XAU,4105.211,4448.55566
1750369702,EUR,44.0499725,46.7667923
1750369702,USD,38.2678528,40.74407
1750369702,XAU,4105.18,4448.41162
1750369995,EUR,44.05517,46.7706947
1750369995,USD,38.26828,40.7460747
1750369995,XAU,4105.226,4448.63232
1750370835,EUR,44.0654373,46.75256
1750370835,USD,38.2778969,40.73688
1750370835,XAU,4151.495,4396.255
1750372157,EUR,44.0657349,46.7493553
1750372157,USD,38.2812271,40.73687
1750372157,XAU,4149.42432,4393.386
1750372836,EUR,44.0611,46.7465858
1750372836,USD,38.2792358,40.73688
1750372836,XAU,4144.6123,4388.72852
1750373235,EUR,44.0643654,46.7485733
1750373235,USD,38.2807159,40.73688
1750373235,XAU,4147.014,4390.956
1750373595,EUR,44.0812874,46.76609
1750373595,USD,38.280098,40.7368736
1750373595,XAU,4147.3,4391.32666
1750374557,EUR,44.0764351,46.7573128
1750374557,USD,38.28372,40.7368622
1750374557,XAU,4149.051,4392.618
1750375531,EUR,44.1453972,46.7961578
1750375531,USD,38.3055077,40.7332458
1750375531,XAU,4155.86328,4396.6543
1750376236,EUR,44.11823,46.7970352
1750376236,USD,38.28156,40.73332
1750376236,XAU,4151.09766,4394.3457
1750376660,EUR,44.1389236,46.8037529
1750376660,USD,38.2927322,40.7325821
1750376660,XAU,4151.674,4393.54932
1750376955,EUR,44.11824,46.79233
1750376955,USD,38.28157,40.7295837
1750376955,XAU,4152.32031,4395.501
1750377438,EUR,44.1275749,46.8061943
1750377438,USD,38.28151,40.73332
1750377438,XAU,4152.44,4395.9585
