zaman,kur,alis,satis
1752182239,EUR,45.5783463,48.268
1752182239,USD,38.8937454,41.3369
1752182239,XAU,4157.883,4404.967
1752183260,EUR,45.47437,48.1633
1752183260,USD,38.800766,41.2467079
1752183260,XAU,4147.9873,4395.307
1752183934,EUR,45.475956,48.1665268
1752183934,USD,38.800766,41.2467079
1752183934,XAU,4147.9873,4395.307
