zaman,kur,alis,satis
1751663346,EUR,45.3166962,48.1250648
1751663346,USD,38.3533173,41.0201
1751663346,XAU,4130.07568,4376.218
