zaman,kur,alis,satis
1741469244,EUR,38.058773,40.7692261
1741469244,USD,35.0349731,37.66811
1741469244,XAU,3294.257,3501.05933
1741469664,EUR,38.058773,40.7692261
1741469664,USD,35.0349731,37.66811
1741469664,XAU,3294.257,3501.05933
1741470083,EUR,38.058773,40.7692261
1741470083,USD,35.0349731,37.66811
1741470083,XAU,3294.257,3501.05933
1741470633,EUR,38.058773,40.7692261
1741470633,USD,35.0349731,37.66811
1741470633,XAU,3294.257,3501.05933
1741471047,EUR,38.058773,40.7692261
1741471047,USD,35.0349731,37.66811
1741471047,XAU,3294.257,3501.05933
1741472419,EUR,38.058773,40.7692261
1741472419,USD,35.0349731,37.66811
1741472419,XAU,3294.257,3501.05933
1741472890,EUR,38.058773,40.7692261
1741472890,USD,35.0349731,37.66811
1741472890,XAU,3294.257,3501.05933
1741473188,EUR,38.058773,40.7692261
1741473188,USD,35.0349731,37.66811
1741473188,XAU,3294.257,3501.05933
1741473617,EUR,38.058773,40.7692261
1741473617,USD,35.0349731,37.66811
1741473617,XAU,3294.257,3501.05933
1741474093,EUR,38.058773,40.7692261
1741474093,USD,35.0349731,37.66811
1741474093,XAU,3294.257,3501.05933
1741474570,EUR,38.058773,40.7692261
1741474570,USD,35.0349731,37.66811
1741474570,XAU,3294.257,3501.05933
1741475289,EUR,38.058773,40.7692261
1741475289,USD,35.0349731,37.66811
1741475289,XAU,3294.257,3501.05933
1741475826,EUR,38.058773,40.7692261
1741475826,USD,35.0349731,37.66811
1741475826,XAU,3294.257,3501.05933
1741477266,EUR,38.058773,40.7692261
1741477266,USD,35.0349731,37.66811
1741477266,XAU,3294.257,3501.05933
1741477266,EUR,38.058773,40.7692261
1741477266,USD,35.0349731,37.66811
1741477266,XAU,3294.257,3501.05933
1741477930,EUR,38.058773,40.7692261
1741477930,USD,35.0349731,37.66811
1741477930,XAU,3294.257,3501.05933
1741478052,EUR,38.058773,40.7692261
1741478052,USD,35.0349731,37.66811
1741478052,XAU,3294.257,3501.05933
1741480376,EUR,38.058773,40.7692261
1741480376,USD,35.0349731,37.66811
1741480376,XAU,3294.257,3501.05933
1741484946,EUR,38.058773,40.7692261
1741484946,USD,35.0349731,37.66811
1741484946,XAU,3294.257,3501.05933
1741487168,EUR,38.058773,40.7692261
1741487168,USD,35.0349731,37.66811
1741487168,XAU,3294.257,3501.05933
