zaman,kur,alis,satis
1745702835,EUR,42.2623978,44.89257
1745702835,USD,37.0985,39.63277
1745702835,XAU,3970.787,4176.482
1745703378,EUR,42.2623978,44.89257
1745703378,USD,37.0985,39.63277
1745703378,XAU,3970.787,4176.482
1745704394,EUR,42.2623978,44.89257
1745704394,USD,37.0985,39.63277
1745704394,XAU,3970.787,4176.482
1745706435,EUR,42.2623978,44.89257
1745706435,USD,37.0985,39.63277
1745706435,XAU,3970.787,4176.482
1745709924,EUR,42.2623978,44.89257
1745709924,USD,37.0985,39.63277
1745709924,XAU,3970.787,4176.482
1745711175,EUR,42.2623978,44.89257
1745711175,USD,37.0985,39.63277
1745711175,XAU,3970.787,4176.482
1745711426,EUR,42.2623978,44.89257
1745711426,USD,37.0985,39.63277
1745711426,XAU,3970.787,4176.482
1745721676,EUR,42.2623978,44.89257
1745721676,USD,37.0985,39.63277
1745721676,XAU,3970.787,4176.482
1745724262,EUR,42.2623978,44.89257
1745724262,USD,37.0985,39.63277
1745724262,XAU,3970.787,4176.482
1745726180,EUR,42.2623978,44.89257
1745726180,USD,37.0985,39.63277
1745726180,XAU,3970.787,4176.482
1745728832,EUR,42.2623978,44.89257
1745728832,USD,37.0985,39.63277
1745728832,XAU,3970.787,4176.482
