zaman,kur,alis,satis
1747343304,EUR,41.96832,44.7272377
1747343304,USD,37.4890366,40.0229721
1747343304,XAU,3925.58154,4144.52539
