zaman,kur,alis,satis
1750713387,EUR,44.40899,47.205574
1750713387,USD,38.292347,40.84243
1750713387,XAU,4152.476,4407.34668
1750714161,EUR,44.45957,47.1932564
1750714161,USD,38.3370628,40.8317871
1750714161,XAU,4157.302,4406.19238
