zaman,kur,alis,satis
1751577138,EUR,45.2135277,47.9174232
1751577138,USD,38.3831367,40.8382568
1751577138,XAU,4108.31055,4351.16455
1751578097,EUR,45.2524872,47.95356
1751578097,USD,38.42902,40.88228
1751578097,XAU,4113.71338,4356.369
1751578695,EUR,45.2607422,47.9614372
1751578695,USD,38.4290123,40.88388
1751578695,XAU,4113.713,4356.54053
1751579056,EUR,45.2658539,47.96863
1751579056,USD,38.4290123,40.88388
1751579056,XAU,4113.713,4356.54053
1751579475,EUR,45.2638931,47.96395
1751579475,USD,38.42902,40.8822823
1751579475,XAU,4113.71338,4356.369
1751579835,EUR,45.2662544,47.96675
1751579835,USD,38.42902,40.8822823
1751579835,XAU,4113.71338,4356.369
1751580737,EUR,45.25545,47.9461823
1751580737,USD,38.43154,40.8787231
1751580737,XAU,4110.707,4352.8667
1751581829,EUR,45.2613945,47.9540367
1751581829,USD,38.4302368,40.8796272
1751581829,XAU,4112.2124,4354.55664
1751582536,EUR,45.2684746,47.960434
1751582536,USD,38.4302368,40.8796272
1751582536,XAU,4114.956,4357.42139
1751583075,EUR,45.26808,47.9600334
1751583075,USD,38.4302368,40.8796272
1751583075,XAU,4116.195,4358.693
1751583257,EUR,45.2684746,47.96083
1751583257,USD,38.4302368,40.8796272
1751583257,XAU,4116.6875,4359.10352
1751584228,EUR,45.28463,47.960907
1751584228,USD,38.4379578,40.8742523
1751584228,XAU,4118.0166,4359.09229
1751585297,EUR,45.295208,47.97007
1751585297,USD,38.43926,40.8735466
1751585297,XAU,4120.60938,4361.4707
