zaman,kur,alis,satis
1751145011,EUR,45.1500664,47.90661
1751145011,USD,38.43818,41.06497
1751145011,XAU,4067.12549,4279.66553
1751145909,EUR,45.20816,47.96247
1751145909,USD,38.4851227,41.11009
1751145909,XAU,4072.55469,4284.904
1751146512,EUR,45.2081,47.9624062
1751146512,USD,38.48507,41.1100349
1751146512,XAU,4072.549,4284.898
