zaman,kur,alis,satis
1736889149,EUR,35.1937981,37.7747574
1736889149,USD,34.1974258,36.6286469
1736889149,XAU,2945.50879,3138.902
