zaman,kur,alis,satis
1744838350,EUR,42.1355743,44.8224373
1744838350,USD,36.92299,39.3830376
1744838350,XAU,3991.5752,4210.825
1744838896,EUR,42.1484528,44.83034
1744838896,USD,36.9416,39.392
1744838896,XAU,3992.57324,4210.84229
1744839671,EUR,42.15316,44.82484
1744839671,USD,36.9400864,39.3848076
1744839671,XAU,3992.41064,4210.067
1744839791,EUR,42.15392,44.826767
1744839791,USD,36.9400864,39.3848076
1744839791,XAU,3992.41064,4210.067
1744840151,EUR,42.15703,44.8295
1744840151,USD,36.942482,39.387207
1744840151,XAU,3992.66772,4210.325
1744840455,EUR,42.15362,44.82642
1744840455,USD,36.942482,39.387207
1744840455,XAU,3992.66772,4210.325
1744841231,EUR,42.16258,44.82705
1744841231,USD,36.9450264,39.3884354
1744841231,XAU,4001.494,4218.718
1744842633,EUR,42.1524963,44.8250427
1744842633,USD,36.9408264,39.3920746
1744842633,XAU,4004.92334,4218.961
1744843230,EUR,42.1502266,44.82481
1744843230,USD,36.9408264,39.39356
1744843230,XAU,4004.98364,4219.50439
1744843452,EUR,42.1559,44.8309631
1744843452,USD,36.9408264,39.39356
1744843452,XAU,4006.06641,4220.395
1744843872,EUR,42.14833,44.822113
1744843872,USD,36.9408264,39.39356
1744843872,XAU,4004.08374,4218.30469
1744844293,EUR,42.1551437,44.8294258
1744844293,USD,36.9408264,39.39356
1744844293,XAU,4002.84277,4217.31543
1744845328,EUR,42.1591759,44.8244934
1744845328,USD,36.94503,39.389904
1744845328,XAU,4001.94482,4215.264
1744846093,EUR,42.16621,44.8318
1744846093,USD,36.9452248,39.39125
1744846093,XAU,4003.82715,4217.25244
1744846632,EUR,42.1927757,44.8537064
1744846632,USD,36.9459534,39.3871841
1744846632,XAU,4003.84424,4216.986
1744846872,EUR,42.17572,44.83859
1744846872,USD,36.9412842,39.384388
1744846872,XAU,4001.96826,4215.08838
1744847231,EUR,42.18055,44.8429756
1744847231,USD,36.9412079,39.3838463
1744847231,XAU,4002.70142,4215.883
1744847591,EUR,42.1766663,44.84079
1744847591,USD,36.942112,39.3859749
1744847591,XAU,4002.37354,4215.755
1744850951,EUR,42.06269,44.7132225
1744850951,USD,36.94804,39.3817
1744850951,XAU,3998.44922,4210.78174
1744856230,EUR,42.05952,44.71101
1744856230,USD,36.94658,39.38144
1744856230,XAU,3982.85327,4194.952
1744859352,EUR,42.064785,44.7160072
1744859352,USD,36.94655,39.38144
1744859352,XAU,3988.83521,4200.886
1744861390,EUR,42.0442772,44.69523
1744861390,USD,36.94682,39.38177
1744861390,XAU,3990.48218,4202.702
1744861992,EUR,42.03988,44.69142
1744861992,USD,36.9462776,39.3818
1744861992,XAU,3993.34448,4205.52441
