zaman,kur,alis,satis
1743109874,EUR,39.73622,42.4381027
1743109874,USD,36.7901878,39.30513
1743109874,XAU,3622.52954,3845.183
