zaman,kur,alis,satis
1740517881,EUR,36.9634476,39.55559
1740517881,USD,35.1662941,37.59602
1740517881,XAU,3310.71753,3515.15454
1740518784,EUR,36.96426,39.55586
1740518784,USD,35.16775,37.5962753
1740518784,XAU,3311.29419,3515.673
1740519148,EUR,36.96255,39.55932
1740519148,USD,35.1644135,37.5978165
1740519148,XAU,3311.06323,3515.748
1740519565,EUR,36.9517822,39.55121
1740519565,USD,35.1658363,37.60162
1740519565,XAU,3311.08057,3516.09448
1740519933,EUR,36.9552345,39.5545959
1740519933,USD,35.1656876,37.6017
1740519933,XAU,3307.99341,3513.11816
1740520347,EUR,36.9449158,39.5586739
1740520347,USD,35.16033,37.60942
1740520347,XAU,3308.50171,3514.859
1740520588,EUR,36.9563942,39.570797
1740520588,USD,35.1654167,37.6139679
1740520588,XAU,3310.137,3516.29053
1740522507,EUR,36.965477,39.5730324
1740522507,USD,35.181263,37.62168
1740522507,XAU,3299.99121,3519.23828
1740523244,EUR,36.96743,39.57652
1740523244,USD,35.1810646,37.6218529
1740523244,XAU,3299.97266,3519.25439
1740523843,EUR,36.9656258,39.5757866
1740523843,USD,35.1810646,37.6218529
1740523843,XAU,3299.97266,3519.25439
1740524187,EUR,36.9717827,39.5763245
1740524187,USD,35.1900139,37.6248131
1740524187,XAU,3300.80664,3519.53345
1740524606,EUR,36.97892,39.5715
1740524606,USD,35.1919937,37.6209221
1740524606,XAU,3309.697,3516.131
1740525508,EUR,36.9936943,39.58584
1740525508,USD,35.1926537,37.6212921
1740525508,XAU,3311.47656,3516.213
1740526106,EUR,37.0025,39.5943642
1740526106,USD,35.1924438,37.6213722
1740526106,XAU,3311.2832,3515.57129
1740526642,EUR,37.0092621,39.5990028
1740526642,USD,35.1916656,37.6188
1740526642,XAU,3313.27637,3517.312
1740527183,EUR,37.0005951,39.5925636
1740527183,USD,35.18892,37.6182632
1740527183,XAU,3313.6687,3517.94556
1740527906,EUR,37.0023651,39.5924835
1740527906,USD,35.1916275,37.6192322
1740527906,XAU,3316.09229,3520.196
1740530911,EUR,37.0100632,39.6002731
1740530911,USD,35.1920853,37.6193123
1740530911,XAU,3323.144,3527.49561
1740535947,EUR,36.97994,39.570755
1740535947,USD,35.1915855,37.61951
1740535947,XAU,3314.023,3518.08667
1740538860,EUR,36.9534874,39.544136
1740538860,USD,35.1918373,37.6200333
1740538860,XAU,3318.84985,3523.33887
1740539963,EUR,36.9439735,39.5351219
1740539963,USD,35.18828,37.61774
1740539963,XAU,3317.78564,3522.1438
1740541347,EUR,36.94533,39.5310822
1740541347,USD,35.1906,37.6145935
1740541347,XAU,3317.702,3521.56372
