zaman,kur,alis,satis
1744751653,EUR,41.6823769,44.3527756
1744751653,USD,36.89923,39.3439522
1744751653,XAU,3852.27124,4065.41382
1744752431,EUR,41.6728668,44.3423767
1744752431,USD,36.89923,39.3439522
1744752431,XAU,3852.27124,4065.41382
1744752929,EUR,41.6656876,44.33431
1744752929,USD,36.89923,39.3439522
1744752929,XAU,3852.27124,4065.41382
1744753337,EUR,41.6577454,44.32931
1744753337,USD,36.89923,39.3439522
1744753337,XAU,3852.27124,4065.41382
1744753695,EUR,41.6687126,44.3320045
1744753695,USD,36.89923,39.3439522
1744753695,XAU,3852.27124,4065.41382
1744753824,EUR,41.66871,44.33815
1744753824,USD,36.89923,39.3439522
1744753824,XAU,3852.27124,4065.41382
1744754232,EUR,41.6653061,44.3346939
1744754232,USD,36.89923,39.3439522
1744754232,XAU,3852.27124,4065.41382
1744755373,EUR,41.7242928,44.3900566
1744755373,USD,36.89523,39.34671
1744755373,XAU,3854.786,4066.343
1744756392,EUR,41.70199,44.36589
1744756392,USD,36.89523,39.34539
1744756392,XAU,3858.01831,4069.93652
1744756826,EUR,41.7140846,44.38186
1744756826,USD,36.89523,39.3479576
1744756826,XAU,3861.482,4073.64
1744757230,EUR,41.7155952,44.38263
1744757230,USD,36.8952255,39.3479576
1744757230,XAU,3862.78149,4074.61523
1744757591,EUR,41.72013,44.3876228
1744757591,USD,36.8952255,39.3479576
1744757591,XAU,3865.01733,4077.06177
1744758430,EUR,41.6851463,44.33132
1744758430,USD,36.90945,39.3440437
1744758430,XAU,3864.78125,4074.7373
1744759457,EUR,41.703373,44.3483963
1744759457,USD,36.9105225,39.3441849
1744759457,XAU,3868.357,4078.37158
1744759870,EUR,41.7117157,44.36225
1744759870,USD,36.90585,39.3442039
1744759870,XAU,3868.78369,4079.15259
1744760293,EUR,41.72563,44.37197
1744760293,USD,36.9114838,39.34635
1744760293,XAU,3871.10645,4081.27881
1744760774,EUR,41.7362175,44.3811874
1744760774,USD,36.91148,39.3449821
1744760774,XAU,3870.195,4080.086
1744761073,EUR,41.7414932,44.3879662
1744761073,USD,36.9114647,39.3452
1744761073,XAU,3869.33057,4079.281
1744761321,EUR,41.73506,44.3749962
1744761321,USD,36.9154778,39.3446045
1744761321,XAU,3867.924,4077.34082
1744765751,EUR,41.8263474,44.47327
1744765751,USD,36.9039268,39.3384171
1744765751,XAU,3904.828,4115.554
