zaman,kur,alis,satis
1752010023,EUR,45.5507965,48.236557
1752010023,USD,38.77857,41.21601
1752010023,XAU,4112.249,4365.019
