zaman,kur,alis,satis
1744319658,EUR,41.2500534,43.9259758
1744319658,USD,36.8066025,39.26489
1744319658,XAU,3773.78735,3985.892
1744320376,EUR,41.1505241,43.8309937
1744320376,USD,36.7207222,39.1828079
1744320376,XAU,3765.05029,3977.49
1744320856,EUR,41.14538,43.8291779
1744320856,USD,36.72117,39.1887
1744320856,XAU,3765.09546,3978.093
1744321157,EUR,41.16557,43.8492355
1744321157,USD,36.73517,39.1990967
1744321157,XAU,3766.52,3979.15723
1744321458,EUR,41.1562233,43.8431129
1744321458,USD,36.73254,39.1991
1744321458,XAU,3766.25244,3979.15747
1744321876,EUR,41.16039,43.84464
1744321876,USD,36.73458,39.1990967
1744321876,XAU,3766.46021,3979.15723
