zaman,kur,alis,satis
1739998858,EUR,36.5025978,39.0831261
1739998858,USD,35.04009,37.4641151
1739998858,XAU,3319.5752,3521.37573
1739999728,EUR,36.5031548,39.08587
1739999728,USD,35.040966,37.4663963
1739999728,XAU,3320.7207,3522.67261
1740000439,EUR,36.5021667,39.08459
1740000439,USD,35.0412178,37.4666443
1740000439,XAU,3317.4082,3519.30957
1740000858,EUR,36.4901848,39.0789337
1740000858,USD,35.0348969,37.4661255
1740000858,XAU,3316.444,3518.849
1740001039,EUR,36.4865723,39.07901
1740001039,USD,35.0303955,37.4651451
1740001039,XAU,3314.85376,3517.581
1740001581,EUR,36.4852943,39.0765381
1740001581,USD,35.03055,37.4645271
1740001581,XAU,3314.64941,3517.27661
