zaman,kur,alis,satis
1742505200,EUR,39.8349075,42.55544
1742505200,USD,36.69799,39.2203026
1742505200,XAU,3604.28955,3821.56763
1742506040,EUR,39.7999039,42.4674721
1742506040,USD,36.66608,39.1396027
1742506040,XAU,3601.17749,3813.64355
1742506641,EUR,39.80178,42.4728241
1742506641,USD,36.66608,39.1396027
1742506641,XAU,3601.17749,3813.64355
1742507000,EUR,39.80178,42.46977
1742507000,USD,36.66608,39.1396027
1742507000,XAU,3601.17749,3813.64355
1742507431,EUR,39.8025551,42.4697647
1742507431,USD,36.66679,39.1396027
1742507431,XAU,3601.24683,3813.64331
1742507665,EUR,39.8025551,42.4697647
1742507665,USD,36.66679,39.1396027
1742507665,XAU,3601.24683,3813.64331
1742509881,EUR,39.8149147,42.4734077
1742509881,USD,36.66191,39.1327477
1742509881,XAU,3600.324,3812.442
1742510544,EUR,39.81095,42.4693565
1742510544,USD,36.661026,39.13148
1742510544,XAU,3599.85181,3811.85083
1742510906,EUR,39.81996,42.46973
1742510906,USD,36.6703644,39.13288
1742510906,XAU,3600.13428,3811.26343
1742511145,EUR,39.823082,42.47416
1742511145,USD,36.67151,39.1352
1742511145,XAU,3602.26343,3813.814
1742511383,EUR,39.8379669,42.4666061
1742511383,USD,36.6855659,39.1282425
1742511383,XAU,3604.02026,3813.449
