zaman,kur,alis,satis
1714994144,EUR,33.878273,35.31839
1714994144,USD,31.4621563,32.78714
1714994144,XAU,2351.133,2457.33936
1714996158,EUR,33.90641,35.3485565
1714996158,USD,31.4765854,32.8036766
1714996158,XAU,2348.98071,2455.203
1714996537,EUR,33.900856,35.33984
1714996537,USD,31.4742565,32.79865
1714996537,XAU,2348.60156,2454.59448
1714997953,EUR,33.9135742,35.3550034
1714997953,USD,31.466547,32.7926254
1714997953,XAU,2346.61426,2452.705
1714999343,EUR,33.9359055,35.3765945
1714999343,USD,31.4684181,32.79334
1714999343,XAU,2352.163,2458.2644
1715000144,EUR,33.9259453,35.3685226
1715000144,USD,31.4588833,32.78408
1715000144,XAU,2355.09839,2461.38477
1715001049,EUR,33.93365,35.37321
1715001049,USD,31.4657135,32.78991
1715001049,XAU,2354.58374,2460.81567
1715001796,EUR,33.9217949,35.3652039
1715001796,USD,31.4603462,32.7872963
1715001796,XAU,2353.66138,2460.03613
1715002047,EUR,33.921463,35.36247
1715002047,USD,31.4596081,32.78544
1715002047,XAU,2356.29053,2462.47681
1715002535,EUR,33.8798027,35.32621
1715002535,USD,31.4284477,32.7586
1715002535,XAU,2352.3042,2458.95142
