zaman,kur,alis,satis
1750799473,EUR,44.6154137,47.10513
1750799473,USD,38.3807259,40.6385574
1750799473,XAU,4084.277,4328.72852
