zaman,kur,alis,satis
1747343304,EUR,41.96832,44.7272377
1747343304,USD,37.4890366,40.0229721
1747343304,XAU,3925.58154,4144.52539
1747344441,EUR,41.81642,44.5631027
1747344441,USD,37.372036,39.8894768
1747344441,XAU,3913.42773,4130.584
