zaman,kur,alis,satis
1739654531,EUR,36.5904121,39.2738533
1739654531,USD,34.8206367,37.447876
1739654531,XAU,3242.94531,3448.481
