zaman,kur,alis,satis
1714994144,EUR,33.878273,35.31839
1714994144,USD,31.4621563,32.78714
1714994144,XAU,2351.133,2457.33936
1714996158,EUR,33.90641,35.3485565
1714996158,USD,31.4765854,32.8036766
1714996158,XAU,2348.98071,2455.203
1714996537,EUR,33.900856,35.33984
1714996537,USD,31.4742565,32.79865
1714996537,XAU,2348.60156,2454.59448
