zaman,kur,alis,satis
1745529037,EUR,42.40023,45.01195
1745529037,USD,37.2059135,39.5813141
1745529037,XAU,4001.74927,4245.214
1745530035,EUR,42.3374977,44.91909
1745530035,USD,37.1260529,39.48825
1745530035,XAU,3993.23267,4235.1416
1745530695,EUR,42.3315964,44.9223824
1745530695,USD,37.127552,39.48775
1745530695,XAU,3993.39258,4235.0874
1745531233,EUR,42.3243141,44.90274
1745531233,USD,37.12082,39.4810066
1745531233,XAU,3992.674,4234.35742
1745531355,EUR,42.32203,44.9069824
1745531355,USD,37.12082,39.4810066
1745531355,XAU,3992.674,4234.35742
