zaman,kur,alis,satis
1737667386,EUR,35.69511,38.2857475
1737667386,USD,34.29372,36.7278633
1737667386,XAU,3036.97974,3236.70215
