zaman,kur,alis,satis
1745962039,EUR,42.3700447,45.0082436
1745962039,USD,37.182354,39.5750122
1745962039,XAU,3986.44922,4194.26465
