zaman,kur,alis,satis
1738098667,EUR,35.9312935,38.53023
1738098667,USD,34.4656944,36.9060974
1738098667,XAU,3068.408,3267.73438
1738099328,EUR,35.92229,38.5161171
1738099328,USD,34.46147,36.8967056
1738099328,XAU,3068.18213,3267.08276
1738099694,EUR,35.9222946,38.5157623
1738099694,USD,34.4614754,36.8967133
1738099694,XAU,3068.18237,3267.03687
1738100063,EUR,35.9184036,38.5120659
1738100063,USD,34.4614754,36.89696
1738100063,XAU,3067.93237,3267.03613
1738100547,EUR,35.9166374,38.5109863
1738100547,USD,34.4614754,36.89696
1738100547,XAU,3067.80713,3267.40625
