zaman,kur,alis,satis
1745788583,EUR,42.2623978,44.89257
1745788583,USD,37.0985,39.63277
1745788583,XAU,3970.787,4176.482
