zaman,kur,alis,satis
1740690677,EUR,36.5200462,39.12017
1740690677,USD,35.14633,37.59005
1740690677,XAU,3256.68774,3459.33716
1740691638,EUR,36.4285355,39.028595
1740691638,USD,35.06628,37.5104332
1740691638,XAU,3249.88428,3452.53467
1740691939,EUR,36.4244041,39.0290642
1740691939,USD,35.06473,37.5122948
1740691939,XAU,3250.15674,3453.13
1740692235,EUR,36.4289627,39.03357
1740692235,USD,35.06358,37.51205
1740692235,XAU,3251.13721,3454.20142
