zaman,kur,alis,satis
1745010620,EUR,41.8039322,44.60517
1745010620,USD,36.58592,39.2648125
1745010620,XAU,3940.45728,4158.13037
1745011454,EUR,41.85849,44.657547
1745011454,USD,36.63158,39.3086281
1745011454,XAU,3945.81372,4163.291
