zaman,kur,alis,satis
1738185327,EUR,35.9383125,38.5425339
1738185327,USD,34.5282745,36.9751549
1738185327,XAU,3064.32544,3264.49048
