zaman,kur,alis,satis
1744751653,EUR,41.6823769,44.3527756
1744751653,USD,36.89923,39.3439522
1744751653,XAU,3852.27124,4065.41382
