zaman,kur,alis,satis
1746050906,EUR,42.1842079,44.9190674
1746050906,USD,37.1365776,39.765
1746050906,XAU,3963.91675,4179.4126
1746054863,EUR,42.1842079,44.9190674
1746054863,USD,37.1365776,39.765
1746054863,XAU,3963.91675,4179.4126
1746057201,EUR,42.1842079,44.9190674
1746057201,USD,37.1365776,39.765
1746057201,XAU,3963.91675,4179.4126
1746070464,EUR,42.1842079,44.9190674
1746070464,USD,37.1365776,39.765
1746070464,XAU,3963.91675,4179.4126
1746073344,EUR,42.1842079,44.9190674
1746073344,USD,37.1365776,39.765
1746073344,XAU,3963.91675,4179.4126
1746075043,EUR,42.1842079,44.9190674
1746075043,USD,37.1365776,39.765
1746075043,XAU,3963.91675,4179.4126
1746085349,EUR,42.1842079,44.9190674
1746085349,USD,37.1365776,39.765
1746085349,XAU,3963.91675,4179.4126
1746086963,EUR,42.1842079,44.9190674
1746086963,USD,37.1365776,39.765
1746086963,XAU,3963.91675,4179.4126
1746091763,EUR,42.1842079,44.9190674
1746091763,USD,37.1365776,39.765
1746091763,XAU,3963.91675,4179.4126
1746094401,EUR,42.1842079,44.9190674
1746094401,USD,37.1365776,39.765
1746094401,XAU,3963.91675,4179.4126
1746097845,EUR,42.1842079,44.9190674
1746097845,USD,37.1365776,39.765
1746097845,XAU,3963.91675,4179.4126
1746099750,EUR,42.1842079,44.9190674
1746099750,USD,37.1365776,39.765
1746099750,XAU,3963.91675,4179.4126
1746100041,EUR,42.1842079,44.9190674
1746100041,USD,37.1365776,39.765
1746100041,XAU,3963.91675,4179.4126
1746105561,EUR,42.1842079,44.9190674
1746105561,USD,37.1365776,39.765
1746105561,XAU,3963.91675,4179.4126
1746107445,EUR,42.1842079,44.9190674
1746107445,USD,37.1365776,39.765
1746107445,XAU,3963.91675,4179.4126
1746111443,EUR,42.1842079,44.9190674
1746111443,USD,37.1365776,39.765
1746111443,XAU,3963.91675,4179.4126
1746114051,EUR,42.1842079,44.9190674
1746114051,USD,37.1365776,39.765
1746114051,XAU,3963.91675,4179.4126
1746121248,EUR,42.1842079,44.9190674
1746121248,USD,37.1365776,39.765
1746121248,XAU,3963.91675,4179.4126
1746121880,EUR,42.1842079,44.9190674
1746121880,USD,37.1365776,39.765
1746121880,XAU,3963.91675,4179.4126
