zaman,kur,alis,satis
1747256840,EUR,41.917202,44.6350327
1747256840,USD,37.47208,39.968174
1747256840,XAU,3845.04639,4059.59619
