zaman,kur,alis,satis
1738703468,EUR,35.8726768,38.66072
1738703468,USD,34.5807457,37.2057533
1738703468,XAU,3167.67261,3388.24927
1738704319,EUR,35.8602142,38.6471329
1738704319,USD,34.582077,37.2063026
1738704319,XAU,3166.74414,3387.02783
1738704494,EUR,35.8587952,38.6463051
1738704494,USD,34.582077,37.2069
1738704494,XAU,3166.34473,3386.73267
1738704978,EUR,35.86301,38.6499138
1738704978,USD,34.5823746,37.20653
1738704978,XAU,3166.68018,3386.78052
