zaman,kur,alis,satis
1744059650,EUR,40.06289,42.7888641
1744059650,USD,36.7307243,39.231987
1744059650,XAU,3530.71313,3744.67041
