zaman,kur,alis,satis
1741123568,EUR,37.3728561,39.96601
1741123568,USD,35.1866646,37.6107864
1741123568,XAU,3308.23853,3509.84521
