zaman,kur,alis,satis
1751922434,EUR,45.3246155,48.0983658
1751922434,USD,38.63956,41.1509666
1751922434,XAU,4152.838,4402.72168
1751923633,EUR,45.41087,48.1100845
1751923633,USD,38.71189,41.1692238
1751923633,XAU,4160.576,4404.685
1751924179,EUR,45.4112663,48.1141129
1751924179,USD,38.71189,41.1692238
1751924179,XAU,4160.576,4404.685
1751924539,EUR,45.4112663,48.11532
1751924539,USD,38.71189,41.1692238
1751924539,XAU,4160.576,4404.685
1751925031,EUR,45.4136429,48.1149178
1751925031,USD,38.71189,41.1692238
1751925031,XAU,4160.576,4404.685
1751925378,EUR,45.41404,48.1157227
1751925378,USD,38.71189,41.1692238
1751925378,XAU,4160.576,4404.685
1751926272,EUR,45.4693,48.1494446
1751926272,USD,38.7326851,41.17327
1751926272,XAU,4171.92432,4414.387
