zaman,kur,alis,satis
1750626431,EUR,44.2304,46.9737663
1750626431,USD,38.2896729,40.91555
1750626431,XAU,4174.789,4389.29346
1750627456,EUR,44.2304,46.9737663
1750627456,USD,38.2896729,40.91555
1750627456,XAU,4174.789,4389.29346
