zaman,kur,alis,satis
1739221583,EUR,35.79138,38.3663673
1739221583,USD,34.7619972,37.1874161
1739221583,XAU,3260.72119,3461.97778
1739222532,EUR,35.78724,38.362236
1739222532,USD,34.7604,37.18552
1739222532,XAU,3260.62964,3461.78833
1739222831,EUR,35.7875938,38.362236
1739222831,USD,34.7604,37.18552
1739222831,XAU,3260.27441,3461.50879
1739223256,EUR,35.78442,38.3599
1739223256,USD,34.76078,37.18607
1739223256,XAU,3260.53882,3461.875
1739223495,EUR,35.7842636,38.3602333
1739223495,USD,34.7606277,37.18604
1739223495,XAU,3261.087,3462.05859
1739224031,EUR,35.78763,38.36365
1739224031,USD,34.76078,37.1861877
1739224031,XAU,3262.121,3463.37866
1739224273,EUR,35.7826271,38.3596039
1739224273,USD,34.76008,37.18684
1739224273,XAU,3261.82666,3463.5332
1739224633,EUR,35.785984,38.3635254
1739224633,USD,34.75953,37.18677
1739224633,XAU,3262.22217,3464.763
1739225592,EUR,35.7939758,38.4108963
1739225592,USD,34.768322,37.2175865
1739225592,XAU,3262.388,3468.33252
1739226375,EUR,35.7929459,38.4072075
1739226375,USD,34.768364,37.2175331
1739226375,XAU,3262.39185,3468.32739
1739226793,EUR,35.78745,38.3942833
1739226793,USD,34.7633743,37.2085152
1739226793,XAU,3261.92676,3467.481
1739227237,EUR,35.78923,38.3950081
1739227237,USD,34.7633743,37.2085152
1739227237,XAU,3261.92676,3467.481
1739227874,EUR,35.7838821,38.38666
1739227874,USD,34.7633743,37.2085152
1739227874,XAU,3261.92676,3467.481
1739228233,EUR,35.77749,38.3807755
1739228233,USD,34.7613258,37.20844
1739228233,XAU,3261.7356,3467.47363
1739229376,EUR,35.7767143,38.365406
1739229376,USD,34.76611,37.2030334
1739229376,XAU,3265.88574,3468.99536
1739229974,EUR,35.76724,38.35011
1739229974,USD,34.7638359,37.1962852
1739229974,XAU,3267.56641,3469.55151
1739230244,EUR,35.7673569,38.35011
1739230244,USD,34.7632561,37.1962852
1739230244,XAU,3267.61523,3469.57471
1739230753,EUR,35.76839,38.3512
1739230753,USD,34.763916,37.1962852
1739230753,XAU,3274.76343,3476.94629
1739231175,EUR,35.7685852,38.3519249
1739231175,USD,34.76307,37.1962852
1739231175,XAU,3276.71313,3479.27881
1739231475,EUR,35.76723,38.3497467
1739231475,USD,34.7631378,37.1962852
1739231475,XAU,3275.72241,3477.891
1739231835,EUR,35.7719841,38.36042
1739231835,USD,34.76637,37.2045364
1739231835,XAU,3275.54272,3478.306
