zaman,kur,alis,satis
1736889149,EUR,35.1937981,37.7747574
1736889149,USD,34.1974258,36.6286469
1736889149,XAU,2945.50879,3138.902
1736889647,EUR,35.19772,37.7789955
1736889647,USD,34.1974831,36.6289444
1736889647,XAU,2945.41235,3138.89355
1736890250,EUR,35.20936,37.7911377
1736890250,USD,34.197197,36.6285973
1736890250,XAU,2945.613,3139.15015
1736890461,EUR,35.2089577,37.7902641
1736890461,USD,34.1964645,36.6280975
1736890461,XAU,2945.483,3139.02686
1736890842,EUR,35.20869,37.7887421
1736890842,USD,34.1992722,36.6293945
1736890842,XAU,2946.412,3139.75879
