zaman,kur,alis,satis
1746565704,EUR,42.47077,45.1861267
1746565704,USD,37.32959,39.7912636
1746565704,XAU,4142.75537,4363.34229
1746567337,EUR,42.51997,45.2112656
1746567337,USD,37.3439369,39.8000374
1746567337,XAU,4144.3335,4364.31348
1746567680,EUR,42.5123,45.19843
1746567680,USD,37.34493,39.8000336
1746567680,XAU,4144.44238,4364.31348
1746567934,EUR,42.51383,45.19843
1746567934,USD,37.34493,39.8000336
1746567934,XAU,4144.44238,4364.31348
