zaman,kur,alis,satis
1745875759,EUR,42.5522842,45.1458931
1745875759,USD,37.2148323,39.5834
1745875759,XAU,4020.56616,4226.379
1745876060,EUR,42.5516434,45.143795
1745876060,USD,37.2146034,39.5819
1745876060,XAU,4020.5415,4226.21729
1745876662,EUR,42.5521965,45.14341
1745876662,USD,37.214756,39.5819
1745876662,XAU,4020.55762,4226.21729
1745876904,EUR,42.5522079,45.14418
1745876904,USD,37.2147675,39.5819
1745876904,XAU,4020.55884,4226.21729
1745877080,EUR,42.5518265,45.1414757
1745877080,USD,37.2147675,39.5819
1745877080,XAU,4020.55884,4226.21729
1745880079,EUR,42.51385,45.1284943
1745880079,USD,37.193512,39.59255
1745880079,XAU,4011.79126,4220.57568
1745880745,EUR,42.515934,45.1200256
1745880745,USD,37.2010155,39.59123
1745880745,XAU,4011.026,4218.843
1745881761,EUR,42.49751,45.10904
1745881761,USD,37.1958923,39.5927925
1745881761,XAU,4010.42822,4218.96
1745881761,EUR,42.49751,45.10904
1745881761,USD,37.1958923,39.5927925
1745881761,XAU,4010.42822,4218.96
1745884039,EUR,42.50304,45.0889854
1745884039,USD,37.20508,39.58097
1745884039,XAU,4014.143,4220.21338
1745887041,EUR,42.5028,45.080246
1745887041,USD,37.205864,39.5739822
1745887041,XAU,4006.52075,4211.445
1745893039,EUR,42.5352364,45.1076
1745893039,USD,37.2109146,39.574585
1745893039,XAU,3999.16821,4203.468
1745896281,EUR,42.3968849,45.0383339
1745896281,USD,37.15238,39.5779152
1745896281,XAU,3979.50977,4190.203
1745910504,EUR,43.1218147,44.32513
1745910504,USD,37.8411751,38.92341
1745910504,XAU,4029.305,4149.9165
1745912601,EUR,43.1351738,44.340435
1745912601,USD,37.83,38.914856
1745912601,XAU,4032.02759,4153.038
1745915787,EUR,43.1357079,44.3408
1745915787,USD,37.85769,38.9420433
1745915787,XAU,4033.60986,4154.566
1745916744,EUR,43.12608,44.33225
1745916744,USD,37.8610764,38.94563
1745916744,XAU,4029.43237,4150.352
1745917042,EUR,43.1057739,44.3100166
1745917042,USD,37.8623352,38.94613
1745917042,XAU,4029.26,4149.946
1745918185,EUR,43.1194038,44.3251572
1745918185,USD,37.8528557,38.93771
1745918185,XAU,4026.23022,4147.1333
1745919863,EUR,43.11605,44.3201065
1745919863,USD,37.85902,38.94242
1745919863,XAU,4023.67163,4144.39355
1745921600,EUR,43.08861,44.29165
1745921600,USD,37.8575325,38.9406471
1745921600,XAU,4025.8186,4146.291
