zaman,kur,alis,satis
1747084276,EUR,41.6474762,44.3079567
1747084276,USD,37.52848,39.9689827
1747084276,XAU,3913.11743,4139.067
1747085178,EUR,41.63957,44.2878952
1747085178,USD,37.53348,39.9677963
1747085178,XAU,3913.63477,4138.94336
1747085836,EUR,41.6445656,44.287838
1747085836,USD,37.53348,39.9677467
1747085836,XAU,3913.63477,4138.938
1747086042,EUR,41.6445656,44.28862
1747086042,USD,37.53348,39.9677467
1747086042,XAU,3913.63477,4138.938
1747086379,EUR,41.6445656,44.2882271
1747086379,USD,37.53348,39.9677467
1747086379,XAU,3913.63477,4138.938
1747086742,EUR,41.642643,44.28823
1747086742,USD,37.53348,39.9677467
1747086742,XAU,3913.63477,4138.938
1747087340,EUR,41.6664772,44.3022881
1747087340,USD,37.53348,39.9677467
1747087340,XAU,3928.92383,4138.084
1747088901,EUR,41.6534081,44.28901
1747088901,USD,37.53348,39.9677467
1747088901,XAU,3925.18018,4133.46
1747089642,EUR,41.663784,44.2991638
1747089642,USD,37.53348,39.9677467
1747089642,XAU,3925.15552,4133.649
1747089742,EUR,41.66494,44.300724
1747089742,USD,37.53348,39.9677467
1747089742,XAU,3926.21826,4134.65332
1747090397,EUR,41.6584053,44.2936974
1747090397,USD,37.53348,39.9677467
1747090397,XAU,3918.65552,4126.83154
1747091186,EUR,41.65379,44.2887726
1747091186,USD,37.5334778,39.9693
1747091186,XAU,3923.30151,4131.77637
1747092197,EUR,41.66455,44.300602
1747092197,USD,37.5334778,39.9694
1747092197,XAU,3924.16675,4132.43945
1747092742,EUR,41.6676254,44.303093
1747092742,USD,37.5334778,39.9691772
1747092742,XAU,3924.32739,4132.442
1747093462,EUR,41.68108,44.31726
1747093462,USD,37.5334778,39.9692764
1747093462,XAU,3927.46631,4135.591
1747093839,EUR,41.68723,44.3230858
1747093839,USD,37.5334778,39.9692459
1747093839,XAU,3927.03345,4135.24854
