zaman,kur,alis,satis
1750454830,EUR,44.1737938,46.91932
1750454830,USD,38.2432,40.8708954
1750454830,XAU,4169.2583,4383.959
1750455190,EUR,44.1737938,46.91932
1750455190,USD,38.2432,40.8708954
1750455190,XAU,4169.2583,4383.959
1750455733,EUR,44.1737938,46.91932
1750455733,USD,38.2432,40.8708954
1750455733,XAU,4169.2583,4383.959
1750456092,EUR,44.1737938,46.91932
1750456092,USD,38.2432,40.8708954
1750456092,XAU,4169.2583,4383.959
1750456454,EUR,44.1737938,46.91932
1750456454,USD,38.2432,40.8708954
1750456454,XAU,4169.2583,4383.959
1750457174,EUR,44.1737938,46.91932
1750457174,USD,38.2432,40.8708954
1750457174,XAU,4169.2583,4383.959
1750458429,EUR,44.1737938,46.91932
1750458429,USD,38.2432,40.8708954
1750458429,XAU,4169.2583,4383.959
1750459750,EUR,44.1737938,46.91932
1750459750,USD,38.2432,40.8708954
1750459750,XAU,4169.2583,4383.959
