zaman,kur,alis,satis
1740690677,EUR,36.5200462,39.12017
1740690677,USD,35.14633,37.59005
1740690677,XAU,3256.68774,3459.33716
