zaman,kur,alis,satis
1739394050,EUR,36.1865921,38.7652245
1739394050,USD,34.85191,37.2757
1739394050,XAU,3263.30542,3464.08521
1739394983,EUR,36.169426,38.74985
1739394983,USD,34.8519058,37.27735
1739394983,XAU,3263.60425,3464.55518
1739395759,EUR,36.16179,38.7415237
1739395759,USD,34.8519058,37.27735
1739395759,XAU,3264.44263,3465.62622
1739396067,EUR,36.15982,38.7391357
1739396067,USD,34.85036,37.2754021
1739396067,XAU,3263.72437,3464.848
1739396360,EUR,36.1508827,38.7311172
1739396360,USD,34.85036,37.275383
1739396360,XAU,3263.506,3464.60083
1739397142,EUR,36.14429,38.7234535
1739397142,USD,34.84814,37.2722
1739397142,XAU,3264.89673,3466.26636
1739397501,EUR,36.1238174,38.7134666
1739397501,USD,34.8346176,37.2681847
1739397501,XAU,3263.2124,3465.78467
1739398227,EUR,36.14924,38.75203
1739398227,USD,34.8408546,37.2787132
1739398227,XAU,3263.93066,3467.145
1739399839,EUR,36.16645,38.7529869
1739399839,USD,34.86053,37.29119
1739399839,XAU,3265.762,3468.314
1739400079,EUR,36.16681,38.75444
1739400079,USD,34.86053,37.29119
1739400079,XAU,3265.762,3468.314
1739400743,EUR,36.1628723,38.75262
1739400743,USD,34.86053,37.29119
1739400743,XAU,3265.762,3468.314
1739401162,EUR,36.16538,38.75371
1739401162,USD,34.86053,37.29119
1739401162,XAU,3265.762,3468.314
1739402783,EUR,36.1755829,38.7609863
1739402783,USD,34.86209,37.29119
1739402783,XAU,3265.55127,3467.02734
1739403145,EUR,36.17502,38.7602577
1739403145,USD,34.8618927,37.29119
1739403145,XAU,3263.923,3465.402
