zaman,kur,alis,satis
1743368471,EUR,39.7522278,43.15615
1743368471,USD,36.65681,39.9312
1743368471,XAU,3655.56,3930.45068
1743369377,EUR,39.7522278,43.15615
1743369377,USD,36.65681,39.9312
1743369377,XAU,3655.56,3930.45068
1743370238,EUR,39.8001671,43.2025032
1743370238,USD,36.7011,39.9740219
1743370238,XAU,3659.934,3934.70581
1743370582,EUR,39.8001671,43.2025032
1743370582,USD,36.7011,39.9740219
1743370582,XAU,3659.934,3934.70581
1743370872,EUR,39.8001671,43.2025032
1743370872,USD,36.7011,39.9740219
1743370872,XAU,3659.934,3934.70581
1743371298,EUR,39.8001671,43.2025032
1743371298,USD,36.7011,39.9740219
1743371298,XAU,3659.934,3934.70581
1743371593,EUR,39.8001671,43.2025032
1743371593,USD,36.7011,39.9740219
1743371593,XAU,3659.934,3934.70581
1743371952,EUR,39.8001671,43.2025032
1743371952,USD,36.7011,39.9740219
1743371952,XAU,3659.934,3934.70581
1743372855,EUR,39.8001671,43.2025032
1743372855,USD,36.7011,39.9740219
1743372855,XAU,3659.934,3934.70581
1743374431,EUR,39.8001671,43.2025032
1743374431,USD,36.7011,39.9740219
1743374431,XAU,3659.934,3934.70581
