zaman,kur,alis,satis
1746652162,EUR,42.30406,44.9927139
1746652162,USD,37.3645935,39.8286819
1746652162,XAU,4060.822,4280.869
