zaman,kur,alis,satis
1744059650,EUR,40.06289,42.7888641
1744059650,USD,36.7307243,39.231987
1744059650,XAU,3530.71313,3744.67041
1744060840,EUR,40.1047249,42.77018
1744060840,USD,36.76357,39.23032
1744060840,XAU,3534.321,3745.08862
