zaman,kur,alis,satis
1747256840,EUR,41.917202,44.6350327
1747256840,USD,37.47208,39.968174
1747256840,XAU,3845.04639,4059.59619
1747257341,EUR,41.9129562,44.6297073
1747257341,USD,37.4710274,39.9724922
1747257341,XAU,3844.93872,4060.03833
1747257741,EUR,41.91718,44.6330032
1747257741,USD,37.47103,39.9688034
1747257741,XAU,3844.93921,4059.6604
1747258158,EUR,41.911972,44.6279068
1747258158,USD,37.47103,39.9688034
1747258158,XAU,3843.988,4058.75269
1747258544,EUR,41.91159,44.6267357
1747258544,USD,37.47103,39.9688034
1747258544,XAU,3843.988,4058.75269
1747258947,EUR,41.91159,44.6243935
1747258947,USD,37.47103,39.9688034
1747258947,XAU,3843.988,4058.75269
1747259180,EUR,41.9100533,44.6255646
1747259180,USD,37.47103,39.9688034
1747259180,XAU,3843.988,4058.75269
1747259477,EUR,41.9100571,44.6243935
1747259477,USD,37.47103,39.9688034
1747259477,XAU,3843.988,4058.75269
1747259958,EUR,41.9127426,44.6282959
1747259958,USD,37.47103,39.9688034
1747259958,XAU,3843.988,4058.75269
1747260799,EUR,41.9269638,44.6423035
1747260799,USD,37.46693,39.9684067
1747260799,XAU,3849.63843,4063.87061
1747261640,EUR,41.9304161,44.6450348
1747261640,USD,37.46693,39.9684067
1747261640,XAU,3851.58716,4065.85376
1747262061,EUR,41.9361725,44.6512871
1747262061,USD,37.46693,39.9684067
1747262061,XAU,3851.00781,4065.26416
1747262444,EUR,41.93425,44.64933
1747262444,USD,37.46693,39.9684067
1747262444,XAU,3850.39014,4064.6355
1747262742,EUR,41.9327164,44.64777
1747262742,USD,37.46693,39.9684067
1747262742,XAU,3850.601,4064.85
1747263080,EUR,41.93003,44.6446457
1747263080,USD,37.46693,39.9684067
1747263080,XAU,3851.37769,4065.64038
1747263500,EUR,41.92466,44.63918
1747263500,USD,37.46693,39.9684067
1747263500,XAU,3850.132,4064.3728
1747264461,EUR,41.94947,44.6664619
1747264461,USD,37.46613,39.96941
1747264461,XAU,3854.934,4069.22021
1747265243,EUR,41.9455452,44.6618538
1747265243,USD,37.46605,39.96948
1747265243,XAU,3852.65674,4066.905
1747265788,EUR,41.9465828,44.6638947
1747265788,USD,37.46595,39.96956
1747265788,XAU,3853.11572,4067.27759
1747266198,EUR,41.94839,44.6651459
1747266198,USD,37.465847,39.9696274
1747266198,XAU,3854.696,4068.86621
