zaman,kur,alis,satis
1752095543,EUR,45.5144958,48.2097626
1752095543,USD,38.7685242,41.2168121
1752095543,XAU,4137.287,4379.782
1752096501,EUR,45.5220757,48.2193947
1752096501,USD,38.78097,41.228096
1752096501,XAU,4137.58,4380.006
1752097157,EUR,45.5256462,48.2202
1752097157,USD,38.78097,41.228096
1752097157,XAU,4137.58,4380.006
1752097459,EUR,45.5280266,48.2210045
1752097459,USD,38.78097,41.228096
1752097459,XAU,4137.58,4380.006
1752097877,EUR,45.5296173,48.22262
1752097877,USD,38.78097,41.228096
1752097877,XAU,4137.58,4380.006
1752098296,EUR,45.5343781,48.22665
1752098296,USD,38.78097,41.228096
1752098296,XAU,4137.58,4380.006
1752099438,EUR,45.5478058,48.2298164
1752099438,USD,38.78058,41.2225456
1752099438,XAU,4144.78369,4386.78564
