zaman,kur,alis,satis
1750194680,EUR,44.0964966,46.53544
1750194680,USD,38.3386459,40.5785751
1750194680,XAU,4182.2,4407.02637
1750195641,EUR,44.0341339,46.4771576
1750195641,USD,38.2923965,40.5320244
1750195641,XAU,4176.146,4400.96436
1750196361,EUR,44.0294342,46.46867
1750196361,USD,38.2923965,40.5336075
1750196361,XAU,4176.146,4401.13672
1750196839,EUR,44.02983,46.46844
1750196839,USD,38.2924,40.5320244
1750196839,XAU,4176.14648,4400.96436
1750197081,EUR,44.0286522,46.46725
1750197081,USD,38.2924,40.5320244
1750197081,XAU,4176.14648,4400.96436
1750197386,EUR,44.0270844,46.4657936
1750197386,USD,38.2924,40.5328255
1750197386,XAU,4176.14648,4401.052
1750198461,EUR,44.0368919,46.46817
1750198461,USD,38.292408,40.529377
1750198461,XAU,4184.224,4404.81055
1750199601,EUR,44.0293159,46.4647827
1750199601,USD,38.2878571,40.5291862
1750199601,XAU,4182.77148,4403.847
1750200199,EUR,44.02043,46.44972
1750200199,USD,38.292408,40.5291748
1750200199,XAU,4181.441,4402.014
1750200638,EUR,44.0161171,46.4469566
1750200638,USD,38.292408,40.5291862
1750200638,XAU,4181.1,4401.594
1750200981,EUR,44.00632,46.4370422
1750200981,USD,38.292408,40.5291748
1750200981,XAU,4180.87354,4401.35156
