zaman,kur,alis,satis
1750886063,EUR,44.8840027,47.5737343
1750886063,USD,38.4399529,40.88539
1750886063,XAU,4120.949,4362.96
1750886958,EUR,44.87615,47.5591545
1750886958,USD,38.4408531,40.88504
1750886958,XAU,4120.02344,4361.94873
1750887635,EUR,44.87593,47.559494
1750887635,USD,38.4410057,40.88499
1750887635,XAU,4120.03955,4361.94336
1750887982,EUR,44.8755379,47.5586967
1750887982,USD,38.4410057,40.88499
1750887982,XAU,4120.03955,4361.94336
1750888279,EUR,44.875988,47.55987
1750888279,USD,38.4410553,40.88497
1750888279,XAU,4120.045,4361.941
1750888700,EUR,44.88525,47.5674629
1750888700,USD,38.4442749,40.8849678
1750888700,XAU,4120.38867,4361.941
1750889661,EUR,44.8951073,47.5686569
1750889661,USD,38.4466553,40.884964
1750889661,XAU,4121.894,4364.047
1750890860,EUR,44.8893929,47.5630264
1750890860,USD,38.4458046,40.8849373
1750890860,XAU,4121.21,4362.567
