zaman,kur,alis,satis
1742591439,EUR,39.40606,42.39535
1742591439,USD,36.3691368,39.261898
1742591439,XAU,3554.26245,3791.65479
