zaman,kur,alis,satis
1751577138,EUR,45.2135277,47.9174232
1751577138,USD,38.3831367,40.8382568
1751577138,XAU,4108.31055,4351.16455
1751578097,EUR,45.2524872,47.95356
1751578097,USD,38.42902,40.88228
1751578097,XAU,4113.71338,4356.369
1751578695,EUR,45.2607422,47.9614372
1751578695,USD,38.4290123,40.88388
1751578695,XAU,4113.713,4356.54053
1751579056,EUR,45.2658539,47.96863
1751579056,USD,38.4290123,40.88388
1751579056,XAU,4113.713,4356.54053
