zaman,kur,alis,satis
1738012271,EUR,36.1160164,38.7116
1738012271,USD,34.4533844,36.888443
1738012271,XAU,3043.9248,3242.60327
