zaman,kur,alis,satis
1744492344,EUR,41.71282,44.4888535
1744492344,USD,36.6753044,39.337738
1744492344,XAU,3833.57837,4051.15527
1744493130,EUR,41.7646141,44.5396538
1744493130,USD,36.7189026,39.3805733
1744493130,XAU,3838.57251,4056.07471
