zaman,kur,alis,satis
1737925581,EUR,36.0677872,38.7514877
1737925581,USD,34.3297729,36.95781
1737925581,XAU,3072.903,3277.16455
