zaman,kur,alis,satis
1742937375,EUR,39.772274,42.4782677
1742937375,USD,36.8525772,39.3669624
1742937375,XAU,3593.79932,3814.62354
1742938274,EUR,39.77151,42.4778824
1742938274,USD,36.85257,39.3669624
1742938274,XAU,3593.79834,3814.62354
