zaman,kur,alis,satis
1738790057,EUR,36.02175,38.6018944
1738790057,USD,34.6550026,37.0791779
1738790057,XAU,3199.206,3402.1272
1738790774,EUR,36.018692,38.5986
1738790774,USD,34.6502724,37.07471
1738790774,XAU,3198.12427,3400.88574
1738791134,EUR,36.0165367,38.59817
1738791134,USD,34.6502533,37.07569
1738791134,XAU,3198.32813,3400.76685
