zaman,kur,alis,satis
1741813867,EUR,38.50805,41.1473465
1741813867,USD,35.3514633,37.7941246
1741813867,XAU,3343.24683,3553.97217
1741815189,EUR,38.5052643,41.1337852
1741815189,USD,35.3599243,37.8011169
1741815189,XAU,3343.209,3553.842
1741815787,EUR,38.5085068,41.1407928
1741815787,USD,35.3599052,37.8011169
1741815787,XAU,3343.207,3553.842
1741816029,EUR,38.5059662,41.1400566
1741816029,USD,35.3599052,37.8011169
1741816029,XAU,3343.207,3553.842
1741816453,EUR,38.50742,41.1400871
1741816453,USD,35.3599052,37.8011475
1741816453,XAU,3343.207,3553.845
1741816629,EUR,38.5070572,41.1404572
1741816629,USD,35.3599052,37.8011475
1741816629,XAU,3343.207,3553.845
1741817722,EUR,38.509594,41.13898
1741817722,USD,35.3599052,37.8011475
1741817722,XAU,3347.919,3552.19385
1741818638,EUR,38.5095978,41.1393471
1741818638,USD,35.3599052,37.8011436
1741818638,XAU,3347.5813,3551.48242
1741819333,EUR,38.5136223,41.1400375
1741819333,USD,35.3616066,37.8000832
1741819333,XAU,3346.99487,3550.80127
1741819694,EUR,38.5089073,41.1352425
1741819694,USD,35.3616066,37.8000832
1741819694,XAU,3349.5127,3553.82471
1741819933,EUR,38.51107,41.1404533
1741819933,USD,35.35993,37.8011436
1741819933,XAU,3350.73022,3555.37183
1741820348,EUR,38.5154343,41.1415138
1741820348,USD,35.3616066,37.8000832
1741820348,XAU,3351.62256,3555.1875
1741821374,EUR,38.494957,41.11443
1741821374,USD,35.3514557,37.7836761
1741821374,XAU,3349.02319,3551.77173
1741822146,EUR,38.49089,41.10927
1741822146,USD,35.3513832,37.7836761
1741822146,XAU,3347.526,3550.398
1741822688,EUR,38.48846,41.10723
1741822688,USD,35.3518143,37.7841759
1741822688,XAU,3350.328,3553.313
1741822986,EUR,38.4877129,41.1068649
1741822986,USD,35.35179,37.7841759
1741822986,XAU,3351.24658,3554.05933
1741823297,EUR,38.4849129,41.1040649
1741823297,USD,35.3515549,37.7839737
1741823297,XAU,3349.74365,3552.67725
1741823651,EUR,38.4910278,41.1191254
1741823651,USD,35.3561745,37.7974739
1741823651,XAU,3350.54,3554.324
1741824048,EUR,38.49773,41.12023
1741824048,USD,35.3573341,37.79375
1741824048,XAU,3351.38379,3554.5874
1741828627,EUR,38.51557,41.133152
1741828627,USD,35.3610649,37.7920647
1741828627,XAU,3353.80957,3556.50171
1741833633,EUR,38.53699,41.15452
1741833633,USD,35.361084,37.7920456
1741833633,XAU,3355.56079,3558.326
1741835587,EUR,38.51922,41.136837
1741835587,USD,35.361084,37.7920647
1741835587,XAU,3359.70947,3562.47559
