zaman,kur,alis,satis
1747084276,EUR,41.6474762,44.3079567
1747084276,USD,37.52848,39.9689827
1747084276,XAU,3913.11743,4139.067
