zaman,kur,alis,satis
1745356034,EUR,42.3157959,44.9989624
1745356034,USD,36.98789,39.438488
1745356034,XAU,4043.20728,4259.67627
1745357126,EUR,42.3842964,45.06005
1745357126,USD,37.0395546,39.47508
1745357126,XAU,4048.80542,4263.66455
