zaman,kur,alis,satis
1738012271,EUR,36.1160164,38.7116
1738012271,USD,34.4533844,36.888443
1738012271,XAU,3043.9248,3242.60327
1738013171,EUR,36.1229324,38.7155838
1738013171,USD,34.4535751,36.8846931
1738013171,XAU,3044.31665,3242.81519
1738013432,EUR,36.11825,38.709362
1738013432,USD,34.4524841,36.8821945
1738013432,XAU,3044.19775,3242.36255
