zaman,kur,alis,satis
1747256840,EUR,41.917202,44.6350327
1747256840,USD,37.47208,39.968174
1747256840,XAU,3845.04639,4059.59619
1747257341,EUR,41.9129562,44.6297073
1747257341,USD,37.4710274,39.9724922
1747257341,XAU,3844.93872,4060.03833
