zaman,kur,alis,satis
1739998858,EUR,36.5025978,39.0831261
1739998858,USD,35.04009,37.4641151
1739998858,XAU,3319.5752,3521.37573
