zaman,kur,alis,satis
1739741170,EUR,36.6771126,39.3570023
1739741170,USD,34.9016228,37.52549
1739741170,XAU,3251.23169,3456.46387
1739741469,EUR,36.6771126,39.3570023
1739741469,USD,34.9016228,37.52549
1739741469,XAU,3251.23169,3456.46387
1739741890,EUR,36.6771126,39.3570023
1739741890,USD,34.9016228,37.52549
1739741890,XAU,3251.23169,3456.46387
1739742249,EUR,36.6771126,39.3570023
1739742249,USD,34.9016228,37.52549
1739742249,XAU,3251.23169,3456.46387
