zaman,kur,alis,satis
1752010023,EUR,45.5507965,48.236557
1752010023,USD,38.77857,41.21601
1752010023,XAU,4112.249,4365.019
1752010624,EUR,45.5519867,48.2353477
1752010624,USD,38.77857,41.21601
1752010624,XAU,4112.249,4365.019
1752011044,EUR,45.5486832,48.23293
1752011044,USD,38.7787971,41.21601
1752011044,XAU,4112.27344,4365.019
1752011343,EUR,45.5414467,48.2264824
1752011343,USD,38.778717,41.21601
1752011343,XAU,4112.26465,4365.019
1752011823,EUR,45.5438271,48.23132
1752011823,USD,38.778717,41.21601
1752011823,XAU,4112.26465,4365.019
1752012727,EUR,45.5573273,48.2278252
1752012727,USD,38.7787247,41.2116547
1752012727,XAU,4124.51465,4365.006
1752013925,EUR,45.58394,48.2465973
1752013925,USD,38.793293,41.2190742
1752013925,XAU,4125.43262,4365.161
1752014645,EUR,45.58498,48.2494965
1752014645,USD,38.7938423,41.2205124
1752014645,XAU,4124.49561,4364.30371
1752015065,EUR,45.5849,48.2484055
1752015065,USD,38.7941132,41.221302
1752015065,XAU,4124.86865,4364.569
1752015424,EUR,45.5883331,48.2527351
1752015424,USD,38.79433,41.2212143
1752015424,XAU,4123.29639,4362.927
1752016742,EUR,45.5848656,48.24464
1752016742,USD,38.7937469,41.21809
1752016742,XAU,4127.11426,4366.53369
1752017526,EUR,45.57555,48.23497
1752017526,USD,38.7939262,41.2180939
1752017526,XAU,4124.0957,4363.45
