zaman,kur,alis,satis
1752268518,EUR,45.40121,48.1628036
1752268518,USD,38.7186241,41.3499641
1752268518,XAU,4209.90967,4425.07861
1752269347,EUR,45.4586639,48.2179337
1752269347,USD,38.76507,41.3945847
1752269347,XAU,4215.428,4430.4
1752270018,EUR,45.4586639,48.2179337
1752270018,USD,38.76507,41.3945847
1752270018,XAU,4215.428,4430.4
1752270368,EUR,45.4586639,48.2179337
1752270368,USD,38.76507,41.3945847
1752270368,XAU,4215.428,4430.4
1752270729,EUR,45.4586639,48.2179337
1752270729,USD,38.76507,41.3945847
1752270729,XAU,4215.428,4430.4
1752270972,EUR,45.4586639,48.2179337
1752270972,USD,38.76507,41.3945847
1752270972,XAU,4215.428,4430.4
1752271986,EUR,45.4586639,48.2179337
1752271986,USD,38.76507,41.3945847
1752271986,XAU,4215.428,4430.4
