zaman,kur,alis,satis
1737493760,EUR,35.749588,38.34844
1737493760,USD,34.3295326,36.7709923
1737493760,XAU,3028.80176,3228.79688
1737494669,EUR,35.75319,38.35278
1737494669,USD,34.320137,36.762085
1737494669,XAU,3028.04565,3228.20581
1737494960,EUR,35.7518578,38.3515778
1737494960,USD,34.3198738,36.7619667
1737494960,XAU,3028.22632,3228.564
1737495263,EUR,35.753273,38.3536
1737495263,USD,34.3195457,36.762188
1737495263,XAU,3029.17163,3229.71313
1737495640,EUR,35.7505951,38.3463364
1737495640,USD,34.3176537,36.7552147
1737495640,XAU,3028.937,3229.016
1737496039,EUR,35.7552567,38.3545761
1737496039,USD,34.31773,36.75934
1737496039,XAU,3029.62354,3229.85278
1737496233,EUR,35.76049,38.34728
1737496233,USD,34.31971,36.74822
1737496233,XAU,3030.805,3230.04443
1737496589,EUR,35.7609634,38.36465
1737496589,USD,34.3184776,36.7641869
1737496589,XAU,3029.779,3231.11157
1737497601,EUR,35.7713661,38.4045525
1737497601,USD,34.3399467,36.8058929
1737497601,XAU,3029.4314,3236.34766
1737498441,EUR,35.7709656,38.3927231
1737498441,USD,34.34091,36.79971
1737498441,XAU,3029.51587,3235.80029
1737498991,EUR,35.775547,38.4016953
1737498991,USD,34.34091,36.7997131
1737498991,XAU,3029.51587,3235.80054
1737499346,EUR,35.79832,38.4214325
1737499346,USD,34.3401,36.7997131
1737499346,XAU,3029.44482,3235.80054
1737499640,EUR,35.78845,38.411026
1737499640,USD,34.3401,36.7997131
1737499640,XAU,3029.44482,3235.80054
1737500067,EUR,35.78704,38.40995
1737500067,USD,34.3401,36.7997131
1737500067,XAU,3029.44482,3235.80054
1737500666,EUR,35.7776222,38.3936234
1737500666,USD,34.33851,36.7947273
1737500666,XAU,3031.75317,3233.986
1737501561,EUR,35.679306,38.2935944
1737501561,USD,34.33785,36.7948036
1737501561,XAU,3028.81763,3231.109
1737502106,EUR,35.7321167,38.3365326
1737502106,USD,34.35574,36.8022728
1737502106,XAU,3032.269,3232.78418
1737502345,EUR,35.7200623,38.32069
1737502345,USD,34.358387,36.80222
1737502345,XAU,3031.57178,3232.076
1737502842,EUR,35.71607,38.3171
1737502842,USD,34.3582764,36.8022232
1737502842,XAU,3032.15161,3232.87183
1737503064,EUR,35.7139473,38.3186035
1737503064,USD,34.3582726,36.80608
1737503064,XAU,3032.1626,3232.87866
1737503361,EUR,35.74519,38.3505478
1737503361,USD,34.3584747,36.80608
1737503361,XAU,3033.178,3234.021
1737503735,EUR,35.7193451,38.3254242
1737503735,USD,34.35668,36.8060837
1737503735,XAU,3032.62378,3233.571
