zaman,kur,alis,satis
1741554053,EUR,38.058773,40.7692261
1741554053,USD,35.0349731,37.66811
1741554053,XAU,3294.257,3501.05933
1741554682,EUR,38.058773,40.7692261
1741554682,USD,35.0349731,37.66811
1741554682,XAU,3294.257,3501.05933
1741555401,EUR,38.058773,40.7692261
1741555401,USD,35.0349731,37.66811
1741555401,XAU,3294.257,3501.05933
1741555644,EUR,38.058773,40.7692261
1741555644,USD,35.0349731,37.66811
1741555644,XAU,3294.257,3501.05933
1741556141,EUR,38.058773,40.7692261
1741556141,USD,35.0349731,37.66811
1741556141,XAU,3294.257,3501.05933
1741556444,EUR,38.058773,40.7692261
1741556444,USD,35.0349731,37.66811
1741556444,XAU,3294.257,3501.05933
1741556841,EUR,38.058773,40.7692261
1741556841,USD,35.0349731,37.66811
1741556841,XAU,3294.257,3501.05933
1741557201,EUR,38.058773,40.7692261
1741557201,USD,35.0349731,37.66811
1741557201,XAU,3294.257,3501.05933
1741558166,EUR,38.058773,40.7692261
1741558166,USD,35.0349731,37.66811
1741558166,XAU,3294.257,3501.05933
1741559186,EUR,38.058773,40.7692261
1741559186,USD,35.0349731,37.66811
1741559186,XAU,3294.257,3501.05933
1741559841,EUR,38.058773,40.7692261
1741559841,USD,35.0349731,37.66811
1741559841,XAU,3294.257,3501.05933
1741560384,EUR,38.058773,40.7692261
1741560384,USD,35.0349731,37.66811
1741560384,XAU,3294.257,3501.05933
1741560686,EUR,38.058773,40.7692261
1741560686,USD,35.0349731,37.66811
1741560686,XAU,3294.257,3501.05933
1741561164,EUR,38.058773,40.7692261
1741561164,USD,35.0349731,37.66811
1741561164,XAU,3294.257,3501.05933
1741561951,EUR,38.058773,40.7692261
1741561951,USD,35.0349731,37.66811
1741561951,XAU,3294.257,3501.05933
1741562543,EUR,38.058773,40.7692261
1741562543,USD,35.0349731,37.66811
1741562543,XAU,3294.257,3501.05933
1741562962,EUR,38.058773,40.7692261
1741562962,USD,35.0349731,37.66811
1741562962,XAU,3294.257,3501.05933
1741563205,EUR,38.058773,40.7692261
1741563205,USD,35.0349731,37.66811
1741563205,XAU,3294.257,3501.05933
1741563503,EUR,38.058773,40.7692261
1741563503,USD,35.0349731,37.66811
1741563503,XAU,3294.257,3501.05933
1741564468,EUR,38.058773,40.7692261
1741564468,USD,35.0349731,37.66811
1741564468,XAU,3294.257,3501.05933
1741564865,EUR,38.058773,40.7692261
1741564865,USD,35.0349731,37.66811
1741564865,XAU,3294.257,3501.05933
1741568842,EUR,38.058773,40.7692261
1741568842,USD,35.0349731,37.66811
1741568842,XAU,3294.257,3501.05933
