zaman,kur,alis,satis
1741036754,EUR,36.8559532,39.4404221
1741036754,USD,35.16996,37.59383
1741036754,XAU,3280.00244,3480.916
