zaman,kur,alis,satis
1740431421,EUR,36.79157,39.37766
1740431421,USD,35.1781,37.6044159
1740431421,XAU,3352.13135,3556.68457
1740432429,EUR,36.78892,39.3747978
1740432429,USD,35.1769524,37.6037827
1740432429,XAU,3353.31,3557.627
1740432645,EUR,36.7853165,39.37113
1740432645,USD,35.1769562,37.6037865
1740432645,XAU,3352.742,3557.43872
1740433522,EUR,36.7876434,39.3804779
1740433522,USD,35.17435,37.60711
1740433522,XAU,3352.971,3558.416
