zaman,kur,alis,satis
1741728254,EUR,38.31768,41.251442
1741728254,USD,35.09253,37.8049622
1741728254,XAU,3296.20386,3537.53052
1741728971,EUR,38.3112,41.2470169
1741728971,USD,35.09253,37.8049622
1741728971,XAU,3296.20386,3537.53052
1741729266,EUR,38.3112,41.2477531
1741729266,USD,35.09253,37.8049622
1741729266,XAU,3296.20386,3537.53052
1741729985,EUR,38.30436,41.2363167
1741729985,USD,35.09253,37.8049622
1741729985,XAU,3296.20386,3537.53052
1741730345,EUR,38.3036423,41.23521
1741730345,USD,35.09253,37.8049622
1741730345,XAU,3296.20386,3537.53052
1741730590,EUR,38.3162422,41.24517
1741730590,USD,35.09253,37.8049622
1741730590,XAU,3300.92822,3530.0918
1741732750,EUR,38.31588,41.242218
1741732750,USD,35.09253,37.8049622
1741732750,XAU,3300.21069,3528.87036
1741733173,EUR,38.31588,41.24185
1741733173,USD,35.09253,37.8049622
1741733173,XAU,3302.07422,3530.78
