zaman,kur,alis,satis
1741381944,EUR,37.9714279,40.6856651
1741381944,USD,34.95766,37.59413
1741381944,XAU,3286.23242,3493.33936
