zaman,kur,alis,satis
1746393264,EUR,42.224926,44.84313
1746393264,USD,37.2495232,39.77496
1746393264,XAU,3901.17334,4104.563
1746393984,EUR,42.224926,44.84313
1746393984,USD,37.2495232,39.77496
1746393984,XAU,3901.17334,4104.563
1746394345,EUR,42.224926,44.84313
1746394345,USD,37.2495232,39.77496
1746394345,XAU,3901.17334,4104.563
1746394703,EUR,42.224926,44.84313
1746394703,USD,37.2495232,39.77496
1746394703,XAU,3901.17334,4104.563
1746395183,EUR,42.224926,44.84313
1746395183,USD,37.2495232,39.77496
1746395183,XAU,3901.17334,4104.563
