zaman,kur,alis,satis
1738962753,EUR,35.69642,38.3739052
1738962753,USD,34.5320854,37.1630669
1738962753,XAU,3192.15015,3402.36328
1738963405,EUR,35.73969,38.4153481
1738963405,USD,34.5723,37.2016
1738963405,XAU,3196.23438,3406.30249
1738963711,EUR,35.7396,38.41526
1738963711,USD,34.572216,37.20151
1738963711,XAU,3196.22632,3406.29443
1738964065,EUR,35.7396,38.41526
1738964065,USD,34.572216,37.20151
1738964065,XAU,3196.22656,3406.29443
