zaman,kur,alis,satis
1738098667,EUR,35.9312935,38.53023
1738098667,USD,34.4656944,36.9060974
1738098667,XAU,3068.408,3267.73438
