zaman,kur,alis,satis
1750972334,EUR,45.08117,47.8519325
1750972334,USD,38.48294,40.988884
1750972334,XAU,4118.731,4367.70264
