zaman,kur,alis,satis
1743022842,EUR,39.5950775,42.2951
1743022842,USD,36.822216,39.3335342
1743022842,XAU,3588.98047,3802.42822
1743023727,EUR,39.5715561,42.3012848
1743023727,USD,36.7989349,39.33357
1743023727,XAU,3581.90112,3805.632
1743024499,EUR,39.51001,42.2337952
1743024499,USD,36.7989159,39.33357
1743024499,XAU,3581.00854,3804.78369
