zaman,kur,alis,satis
1740777983,EUR,36.41307,39.09077
1740777983,USD,35.10217,37.7312927
1740777983,XAU,3233.43359,3438.56885
1740778762,EUR,36.41307,39.0907745
1740778762,USD,35.10217,37.7312927
1740778762,XAU,3233.43359,3438.56885
1740780061,EUR,36.41307,39.0907745
1740780061,USD,35.10217,37.7312927
1740780061,XAU,3233.43359,3438.56885
1740781099,EUR,36.41307,39.0907745
1740781099,USD,35.10217,37.7312927
1740781099,XAU,3233.43359,3438.56885
