zaman,kur,alis,satis
1739998858,EUR,36.5025978,39.0831261
1739998858,USD,35.04009,37.4641151
1739998858,XAU,3319.5752,3521.37573
1739999728,EUR,36.5031548,39.08587
1739999728,USD,35.040966,37.4663963
1739999728,XAU,3320.7207,3522.67261
1740000439,EUR,36.5021667,39.08459
1740000439,USD,35.0412178,37.4666443
1740000439,XAU,3317.4082,3519.30957
1740000858,EUR,36.4901848,39.0789337
1740000858,USD,35.0348969,37.4661255
1740000858,XAU,3316.444,3518.849
1740001039,EUR,36.4865723,39.07901
1740001039,USD,35.0303955,37.4651451
1740001039,XAU,3314.85376,3517.581
1740001581,EUR,36.4852943,39.0765381
1740001581,USD,35.03055,37.4645271
1740001581,XAU,3314.64941,3517.27661
1740001760,EUR,36.4766655,39.0789642
1740001760,USD,35.02227,37.46721
1740001760,XAU,3313.34,3516.9895
1740002301,EUR,36.47057,39.075386
1740002301,USD,35.022625,37.4679832
1740002301,XAU,3313.8584,3518.20264
1740002541,EUR,36.49042,39.12666
1740002541,USD,35.048233,37.4943657
1740002541,XAU,3307.53638,3528.48535
1740004702,EUR,36.50711,39.1076164
1740004702,USD,35.0507927,37.4897842
1740004702,XAU,3307.77271,3528.055
1740005061,EUR,36.50711,39.1087151
1740005061,USD,35.0507927,37.4897842
1740005061,XAU,3307.77271,3528.055
1740005479,EUR,36.5107079,39.10981
1740005479,USD,35.0507927,37.4897842
1740005479,XAU,3307.77271,3528.055
1740005782,EUR,36.50819,39.1087151
1740005782,USD,35.0507927,37.4897842
1740005782,XAU,3307.77271,3528.055
1740006141,EUR,36.50754,39.1021042
1740006141,USD,35.0522423,37.4880066
1740006141,XAU,3317.01953,3521.20654
1740007158,EUR,36.50995,39.1028862
1740007158,USD,35.0528221,37.4877
1740007158,XAU,3319.112,3522.2312
1740008239,EUR,36.4962845,39.0882568
1740008239,USD,35.0528221,37.4877
1740008239,XAU,3318.28,3521.0437
1740008599,EUR,36.4942322,39.0867424
1740008599,USD,35.0529251,37.48765
1740008599,XAU,3318.41675,3521.25073
1740012983,EUR,36.5248947,39.1143074
1740012983,USD,35.0547447,37.4867325
1740012983,XAU,3325.83472,3528.522
1740017598,EUR,36.5294724,39.1180344
1740017598,USD,35.0563736,37.48785
1740017598,XAU,3321.05347,3523.51514
