zaman,kur,alis,satis
1740862937,EUR,36.41307,39.0907745
1740862937,USD,35.10217,37.7312927
1740862937,XAU,3233.43359,3438.56885
