zaman,kur,alis,satis
1739826036,EUR,36.6608658,39.2455177
1739826036,USD,34.9906349,37.41445
1739826036,XAU,3172.40649,3684.18823
1739826853,EUR,36.6546249,39.239872
1739826853,USD,34.9867363,37.4115028
1739826853,XAU,3051.15527,3568.43457
1739828827,EUR,36.65373,39.2408028
1739828827,USD,34.98314,37.40926
1739828827,XAU,3173.19458,3692.626
