zaman,kur,alis,satis
1745270055,EUR,42.7056923,45.32264
1745270055,USD,37.04173,39.42841
1745270055,XAU,4091.972,4313.1
1745270833,EUR,42.65554,45.26711
1745270833,USD,37.0027657,39.3855247
1745270833,XAU,4087.70581,4308.36426
1745271254,EUR,42.66675,45.2744255
1745271254,USD,37.0016327,39.3855324
1745271254,XAU,4087.582,4308.365
1745271633,EUR,42.6675224,45.27789
1745271633,USD,37.0016441,39.3855324
1745271633,XAU,4087.58325,4308.365
1745272031,EUR,42.6652451,45.27404
1745272031,USD,37.0016441,39.3855324
1745272031,XAU,4087.58325,4308.365
1745272458,EUR,42.6641,45.27327
1745272458,USD,37.0026245,39.38553
1745272458,XAU,4087.69043,4308.36475
1745273231,EUR,42.679512,45.304512
1745273231,USD,36.98704,39.38994
1745273231,XAU,4102.56738,4313.043
1745274552,EUR,42.69192,45.31876
1745274552,USD,36.9876175,39.3919525
1745274552,XAU,4107.636,4318.052
1745275095,EUR,42.66759,45.2932777
1745275095,USD,36.9878769,39.3922119
1745275095,XAU,4101.80469,4312.279
1745275393,EUR,42.6752167,45.3005867
1745275393,USD,36.98792,39.3922119
1745275393,XAU,4102.12646,4312.613
1745275874,EUR,42.6896172,45.31598
1745275874,USD,36.98792,39.3922119
1745275874,XAU,4106.71875,4317.58545
1745276233,EUR,42.6876755,45.31444
1745276233,USD,36.9878769,39.3922119
1745276233,XAU,4102.01172,4312.76074
1745276954,EUR,42.6906624,45.30643
1745276954,USD,36.991787,39.38793
1745276954,XAU,4104.02637,4314.02051
