zaman,kur,alis,satis
1745010620,EUR,41.8039322,44.60517
1745010620,USD,36.58592,39.2648125
1745010620,XAU,3940.45728,4158.13037
1745011454,EUR,41.85849,44.657547
1745011454,USD,36.63158,39.3086281
1745011454,XAU,3945.81372,4163.291
1745012055,EUR,41.85837,44.65743
1745012055,USD,36.6314774,39.30852
1745012055,XAU,3945.80249,4163.2793
1745012350,EUR,41.85837,44.65743
1745012350,USD,36.6314774,39.30852
1745012350,XAU,3945.80249,4163.2793
1745012652,EUR,41.85837,44.65743
1745012652,USD,36.6314774,39.30852
1745012652,XAU,3945.80249,4163.2793
1745013020,EUR,41.85837,44.65743
1745013020,USD,36.6314774,39.30852
1745013020,XAU,3945.80249,4163.2793
1745013430,EUR,41.85837,44.65743
1745013430,USD,36.6314774,39.30852
1745013430,XAU,3945.80249,4163.2793
1745014335,EUR,41.85837,44.65743
1745014335,USD,36.6314774,39.30852
1745014335,XAU,3945.80249,4163.2793
