zaman,kur,alis,satis
1743283935,EUR,39.7522278,43.15615
1743283935,USD,36.65681,39.9312
1743283935,XAU,3655.56,3930.45068
1743284776,EUR,39.7522278,43.15615
1743284776,USD,36.65681,39.9312
1743284776,XAU,3655.56,3930.45068
1743285135,EUR,39.7522278,43.15615
1743285135,USD,36.65681,39.9312
1743285135,XAU,3655.56,3930.45068
1743285378,EUR,39.7522278,43.15615
1743285378,USD,36.65681,39.9312
1743285378,XAU,3655.56,3930.45068
1743286155,EUR,39.7522278,43.15615
1743286155,USD,36.65681,39.9312
1743286155,XAU,3655.56,3930.45068
1743287237,EUR,39.7522278,43.15615
1743287237,USD,36.65681,39.9312
1743287237,XAU,3655.56,3930.45068
1743287898,EUR,39.7522278,43.15615
1743287898,USD,36.65681,39.9312
1743287898,XAU,3655.56,3930.45068
1743288256,EUR,39.7522278,43.15615
1743288256,USD,36.65681,39.9312
1743288256,XAU,3655.56,3930.45068
1743288499,EUR,39.7522278,43.15615
1743288499,USD,36.65681,39.9312
1743288499,XAU,3655.56,3930.45068
