zaman,kur,alis,satis
1737061842,EUR,35.1233063,37.703022
1737061842,USD,34.1478462,36.5770226
1737061842,XAU,2983.70483,3178.22217
1737062543,EUR,35.1238556,37.7048073
1737062543,USD,34.1463356,36.5770226
1737062543,XAU,2981.64771,3176.813
1737062842,EUR,34.997242,37.58386
1737062842,USD,34.020443,36.4562759
1737062842,XAU,2970.93774,3166.54639
