zaman,kur,alis,satis
1740949875,EUR,36.45723,39.1329346
1740949875,USD,35.14294,37.7703667
1740949875,XAU,3237.56421,3442.54858
1740950664,EUR,36.45723,39.1329346
1740950664,USD,35.14294,37.7703667
1740950664,XAU,3237.56421,3442.54858
1740951043,EUR,36.45723,39.1329346
1740951043,USD,35.14294,37.7703667
1740951043,XAU,3237.56421,3442.54858
