zaman,kur,alis,satis
1741296736,EUR,37.8011665,40.4285927
1741296736,USD,35.0626678,37.5096436
1741296736,XAU,3292.61963,3496.72949
1741297153,EUR,37.8078957,40.4442
1741297153,USD,35.06324,37.5176735
1741297153,XAU,3294.511,3499.33
