zaman,kur,alis,satis
1745356034,EUR,42.3157959,44.9989624
1745356034,USD,36.98789,39.438488
1745356034,XAU,4043.20728,4259.67627
1745357126,EUR,42.3842964,45.06005
1745357126,USD,37.0395546,39.47508
1745357126,XAU,4048.80542,4263.66455
1745357537,EUR,42.30121,44.9524422
1745357537,USD,37.0409,39.47439
1745357537,XAU,4048.95117,4263.58936
1745357955,EUR,42.1801,44.85804
1745357955,USD,37.0324974,39.4774971
1745357955,XAU,4048.04077,4263.928
1745358375,EUR,42.192997,44.8556557
1745358375,USD,37.0324974,39.4774361
1745358375,XAU,4048.04077,4263.92139
1745358632,EUR,42.177063,44.8437576
1745358632,USD,37.0324974,39.4768066
1745358632,XAU,4048.04077,4263.853
1745359036,EUR,42.1430359,44.8198471
1745359036,USD,37.01692,39.4768066
1745359036,XAU,4046.35278,4263.853
1745359873,EUR,42.1209564,44.7471
1745359873,USD,37.0094948,39.48168
1745359873,XAU,3994.3584,4209.8457
1745361041,EUR,41.98851,44.65783
1745361041,USD,37.0324936,39.4839058
1745361041,XAU,3973.04614,4187.813
