zaman,kur,alis,satis
1746479362,EUR,42.3192139,44.8246
1746479362,USD,37.3597,39.66123
1746479362,XAU,3997.25,4234.40967
1746480329,EUR,42.3305435,44.8331146
1746480329,USD,37.3582153,39.6567726
1746480329,XAU,3997.09253,4233.929
1746480938,EUR,42.3178635,44.8288841
1746480938,USD,37.3558044,39.6591949
1746480938,XAU,3996.83643,4234.19043
1746481281,EUR,42.33011,44.84012
1746481281,USD,37.3558044,39.6591949
1746481281,XAU,3996.83643,4234.19043
1746481706,EUR,42.32934,44.83857
1746481706,USD,37.3558044,39.6591949
1746481706,XAU,3996.83643,4234.19043
1746481883,EUR,42.3236046,44.8300438
1746481883,USD,37.3558044,39.6591949
1746481883,XAU,3996.83643,4234.19043
1746482244,EUR,42.3232231,44.82927
1746482244,USD,37.3558044,39.6591949
1746482244,XAU,3996.83643,4234.19043
