zaman,kur,alis,satis
1738271597,EUR,35.836216,38.4266052
1738271597,USD,34.5079231,36.9418678
1738271597,XAU,3108.044,3309.057
1738272040,EUR,35.8485756,38.437645
1738272040,USD,34.51232,36.9452133
1738272040,XAU,3103.27856,3308.85059
1738272504,EUR,35.74028,38.3322258
1738272504,USD,34.4275169,36.86386
1738272504,XAU,3094.76758,3300.43066
1738272798,EUR,35.75576,38.35003
1738272798,USD,34.4271126,36.8647346
1738272798,XAU,3097.21924,3300.06763
1738273240,EUR,35.748188,38.3413
1738273240,USD,34.4273033,36.8649826
1738273240,XAU,3096.9292,3298.42578
1738273462,EUR,35.7377,38.33235
1738273462,USD,34.4301376,36.8688278
1738273462,XAU,3097.12622,3298.7605
1738273839,EUR,35.757946,38.3462868
1738273839,USD,34.4336357,36.86563
1738273839,XAU,3098.34814,3299.10815
1738274186,EUR,35.7436447,38.3365822
1738274186,USD,34.4276924,36.86494
1738274186,XAU,3098.20239,3297.90063
1738275078,EUR,35.8077164,38.4089432
1738275078,USD,34.49958,36.9425545
1738275078,XAU,3088.74878,3313.74927
1738276037,EUR,35.81489,38.421566
1738276037,USD,34.5041046,36.9460373
1738276037,XAU,3089.15161,3314.06372
1738276460,EUR,35.807045,38.4143066
1738276460,USD,34.5060959,36.94841
1738276460,XAU,3089.32886,3314.278
1738276758,EUR,35.80882,38.4135857
1738276758,USD,34.5060959,36.94841
1738276758,XAU,3089.32886,3314.278
1738277137,EUR,35.8062019,38.4150238
1738277137,USD,34.5063057,36.94841
1738277137,XAU,3089.34766,3314.278
1738277479,EUR,35.8034821,38.4047279
1738277479,USD,34.5074348,36.948555
1738277479,XAU,3089.448,3314.29126
1738277958,EUR,35.8082657,38.4112167
1738277958,USD,34.506588,36.94856
1738277958,XAU,3089.37256,3314.2915
1738278859,EUR,35.8062248,38.39781
1738278859,USD,34.5087128,36.94363
1738278859,XAU,3103.388,3309.35645
