zaman,kur,alis,satis
1745962039,EUR,42.3700447,45.0082436
1745962039,USD,37.182354,39.5750122
1745962039,XAU,3986.44922,4194.26465
1745962527,EUR,42.3654823,44.9920044
1745962527,USD,37.182354,39.5750122
1745962527,XAU,3986.44922,4194.26465
1745962942,EUR,42.360157,44.9746132
1745962942,USD,37.182354,39.5750122
1745962942,XAU,3986.44922,4194.26465
1745963238,EUR,42.3586235,44.9935532
1745963238,USD,37.182354,39.5750122
1745963238,XAU,3986.44922,4194.26465
1745963598,EUR,42.36472,44.9958725
1745963598,USD,37.182354,39.5750122
1745963598,XAU,3986.44922,4194.26465
1745963899,EUR,42.3730965,45.00128
1745963899,USD,37.182354,39.5750122
1745963899,XAU,3986.44922,4194.26465
1745966001,EUR,42.4111824,45.0178947
1745966001,USD,37.182354,39.5750122
1745966001,XAU,3986.90186,4194.376
