zaman,kur,alis,satis
1751922434,EUR,45.3246155,48.0983658
1751922434,USD,38.63956,41.1509666
1751922434,XAU,4152.838,4402.72168
1751923633,EUR,45.41087,48.1100845
1751923633,USD,38.71189,41.1692238
1751923633,XAU,4160.576,4404.685
