zaman,kur,alis,satis
1750368195,EUR,44.0436058,46.7633972
1750368195,USD,38.26879,40.7425
1750368195,XAU,4105.28027,4448.23975
