zaman,kur,alis,satis
1740603642,EUR,36.851593,39.43517
1740603642,USD,35.16521,37.588192
1740603642,XAU,3308.11279,3509.12354
1740604570,EUR,36.83057,39.4214554
1740604570,USD,35.1544456,37.5842
1740604570,XAU,3308.3125,3510.46948
1740605498,EUR,36.81553,39.404
1740605498,USD,35.155098,37.58295
1740605498,XAU,3306.62183,3508.35229
1740605723,EUR,36.8120766,39.40135
1740605723,USD,35.1552467,37.5835724
1740605723,XAU,3307.74829,3509.63623
1740606066,EUR,36.8210945,39.40989
1740606066,USD,35.1552467,37.58332
1740606066,XAU,3306.92529,3508.91748
