zaman,kur,alis,satis
1741469244,EUR,38.058773,40.7692261
1741469244,USD,35.0349731,37.66811
1741469244,XAU,3294.257,3501.05933
1741469664,EUR,38.058773,40.7692261
1741469664,USD,35.0349731,37.66811
1741469664,XAU,3294.257,3501.05933
1741470083,EUR,38.058773,40.7692261
1741470083,USD,35.0349731,37.66811
1741470083,XAU,3294.257,3501.05933
1741470633,EUR,38.058773,40.7692261
1741470633,USD,35.0349731,37.66811
1741470633,XAU,3294.257,3501.05933
1741471047,EUR,38.058773,40.7692261
1741471047,USD,35.0349731,37.66811
1741471047,XAU,3294.257,3501.05933
1741472419,EUR,38.058773,40.7692261
1741472419,USD,35.0349731,37.66811
1741472419,XAU,3294.257,3501.05933
1741472890,EUR,38.058773,40.7692261
1741472890,USD,35.0349731,37.66811
1741472890,XAU,3294.257,3501.05933
1741473188,EUR,38.058773,40.7692261
1741473188,USD,35.0349731,37.66811
1741473188,XAU,3294.257,3501.05933
