zaman,kur,alis,satis
1739481260,EUR,36.4022675,38.99424
1739481260,USD,34.83716,37.2692375
1739481260,XAU,3289.71167,3491.84814
