zaman,kur,alis,satis
1744838350,EUR,42.1355743,44.8224373
1744838350,USD,36.92299,39.3830376
1744838350,XAU,3991.5752,4210.825
