zaman,kur,alis,satis
1742418045,EUR,39.7573547,42.6448555
1742418045,USD,36.453537,39.1264648
1742418045,XAU,3569.55322,3817.5188
