zaman,kur,alis,satis
1750886063,EUR,44.8840027,47.5737343
1750886063,USD,38.4399529,40.88539
1750886063,XAU,4120.949,4362.96
1750886958,EUR,44.87615,47.5591545
1750886958,USD,38.4408531,40.88504
1750886958,XAU,4120.02344,4361.94873
1750887635,EUR,44.87593,47.559494
1750887635,USD,38.4410057,40.88499
1750887635,XAU,4120.03955,4361.94336
