zaman,kur,alis,satis
1745183176,EUR,41.91295,44.7098236
1745183176,USD,36.67715,39.35235
1745183176,XAU,3951.16138,4168.442
