zaman,kur,alis,satis
1751403977,EUR,45.58264,48.27829
1751403977,USD,38.5425148,40.9894524
1751403977,XAU,4143.786,4386.69238
1751404932,EUR,45.60819,48.27824
1751404932,USD,38.56617,40.98941
1751404932,XAU,4146.318,4386.6875
1751405731,EUR,45.60085,48.27071
1751405731,USD,38.56617,40.98941
1751405731,XAU,4144.753,4385.19531
1751406252,EUR,45.6043968,48.276722
1751406252,USD,38.56617,40.98941
1751406252,XAU,4144.753,4385.19531
1751406671,EUR,45.60964,48.276722
1751406671,USD,38.56827,40.98941
1751406671,XAU,4144.97754,4385.19531
1751406973,EUR,45.6104279,48.27672
1751406973,USD,38.56827,40.9894066
1751406973,XAU,4144.97754,4385.19531
1751408050,EUR,45.5988274,48.2787361
1751408050,USD,38.5537567,40.98942
1751408050,XAU,4144.03271,4385.31152
1751409035,EUR,45.6014137,48.2747269
1751409035,USD,38.55862,40.989418
1751409035,XAU,4149.614,4390.41162
1751409734,EUR,45.6085129,48.2815361
1751409734,USD,38.55862,40.989418
1751409734,XAU,4150.832,4391.64844
1751410149,EUR,45.60382,48.27833
1751410149,USD,38.55732,40.989418
1751410149,XAU,4149.449,4390.399
1751410630,EUR,45.5994835,48.2739258
1751410630,USD,38.55732,40.989418
1751410630,XAU,4149.234,4389.961
1751411536,EUR,45.5827255,48.2595024
1751411536,USD,38.55482,40.98942
1751411536,XAU,4144.972,4386.137
1751412548,EUR,45.5857658,48.263916
1751412548,USD,38.5537224,40.98942
1751412548,XAU,4146.224,4387.47656
1751413150,EUR,45.591404,48.268322
1751413150,USD,38.55482,40.98942
1751413150,XAU,4146.0625,4387.21875
1751413571,EUR,45.60403,48.2811432
1751413571,USD,38.55482,40.98942
1751413571,XAU,4143.38574,4384.526
1751413932,EUR,45.5961342,48.2715225
1751413932,USD,38.55582,40.98942
1751413932,XAU,4142.592,4383.508
1751414125,EUR,45.5981064,48.27393
1751414125,USD,38.55582,40.98942
1751414125,XAU,4145.43555,4386.499
1751419455,EUR,45.64097,48.3006668
1751419455,USD,38.5821075,41.0018921
1751419455,XAU,4143.42529,4382.7627
1751424920,EUR,45.58705,48.28025
1751424920,USD,38.55715,41.00565
1751424920,XAU,4143.117,4385.71875
1751427924,EUR,45.5775032,48.24993
1751427924,USD,38.5584221,40.9891167
1751427924,XAU,4146.537,4387.238
1751429720,EUR,45.58579,48.257946
1751429720,USD,38.5584221,40.9891167
1751429720,XAU,4146.929,4387.443
1751431458,EUR,45.57198,48.24392
1751431458,USD,38.5584221,40.9891167
1751431458,XAU,4147.145,4387.868
