zaman,kur,alis,satis
1750713387,EUR,44.40899,47.205574
1750713387,USD,38.292347,40.84243
1750713387,XAU,4152.476,4407.34668
