zaman,kur,alis,satis
1742332097,EUR,38.791626,41.4395828
1742332097,USD,35.4265556,37.877018
1742332097,XAU,3466.3042,3680.936
