zaman,kur,alis,satis
1742418045,EUR,39.7573547,42.6448555
1742418045,USD,36.453537,39.1264648
1742418045,XAU,3569.55322,3817.5188
1742418863,EUR,40.0259323,42.67037
1742418863,USD,36.69957,39.14636
1742418863,XAU,3583.12256,3824.46875
1742419703,EUR,40.0195122,42.68087
1742419703,USD,36.6947021,39.1608429
1742419703,XAU,3581.755,3825.049
