zaman,kur,alis,satis
1743022842,EUR,39.5950775,42.2951
1743022842,USD,36.822216,39.3335342
1743022842,XAU,3588.98047,3802.42822
