zaman,kur,alis,satis
1743801074,EUR,40.1617622,42.982502
1743801074,USD,36.6324043,39.3600273
1743801074,XAU,3597.25342,3816.49878
1743802338,EUR,40.2116165,43.0313034
1743802338,USD,36.6759872,39.40277
1743802338,XAU,3601.94263,3821.11157
1743802941,EUR,40.2116165,43.0313034
1743802941,USD,36.6759872,39.40277
1743802941,XAU,3601.94263,3821.11157
1743803233,EUR,40.2116165,43.0313034
1743803233,USD,36.6759872,39.40277
1743803233,XAU,3601.94263,3821.11157
1743803538,EUR,40.2116165,43.0313034
1743803538,USD,36.6759872,39.40277
1743803538,XAU,3601.94263,3821.11157
1743803836,EUR,40.2116165,43.0313034
1743803836,USD,36.6759872,39.40277
1743803836,XAU,3601.94263,3821.11157
1743805833,EUR,40.2116165,43.0313034
1743805833,USD,36.6759872,39.40277
1743805833,XAU,3601.94263,3821.11157
1743806538,EUR,40.2116165,43.0313034
1743806538,USD,36.6759872,39.40277
1743806538,XAU,3601.94263,3821.11157
1743806954,EUR,40.2116165,43.0313034
1743806954,USD,36.6759872,39.40277
1743806954,XAU,3601.94263,3821.11157
