zaman,kur,alis,satis
1738616833,EUR,35.65886,38.2754326
1738616833,USD,34.6791153,37.14506
1738616833,XAU,3147.513,3353.08667
1738617732,EUR,35.6948929,38.3218269
1738617732,USD,34.6767845,37.15246
1738617732,XAU,3145.15259,3351.44067
1738618176,EUR,35.70827,38.32335
1738618176,USD,34.68355,37.1472549
1738618176,XAU,3145.0188,3350.19946
