zaman,kur,alis,satis
1747170745,EUR,41.99765,44.67709
1747170745,USD,37.5088768,39.9729347
1747170745,XAU,3940.50757,4151.84229
1747171578,EUR,42.0237732,44.68225
1747171578,USD,37.5322342,39.97406
1747171578,XAU,3942.94165,4151.96
1747172184,EUR,42.01724,44.67991
1747172184,USD,37.5322342,39.97406
1747172184,XAU,3942.94165,4151.96
1747172475,EUR,42.0133972,44.6787376
1747172475,USD,37.5322342,39.97406
1747172475,XAU,3942.94165,4151.96
1747172904,EUR,42.0210838,44.6791267
1747172904,USD,37.5322342,39.97406
1747172904,XAU,3942.94165,4151.96
1747173142,EUR,42.02262,44.68069
1747173142,USD,37.5322342,39.97406
1747173142,XAU,3942.94165,4151.96
1747173500,EUR,42.0222359,44.68225
1747173500,USD,37.5322342,39.97406
1747173500,XAU,3942.94165,4151.96
1747174638,EUR,42.03454,44.6834221
1747174638,USD,37.5322342,39.97406
1747174638,XAU,3942.55859,4151.85938
1747175657,EUR,42.01527,44.68567
1747175657,USD,37.5132942,39.9739723
1747175657,XAU,3940.807,4152.026
1747176261,EUR,42.0163879,44.6884041
1747176261,USD,37.5122337,39.9739723
1747176261,XAU,3943.50024,4154.87646
1747176677,EUR,42.0311966,44.70013
1747176677,USD,37.512764,39.97328
1747176677,XAU,3942.14746,4153.41064
1747176863,EUR,42.0366669,44.7064934
1747176863,USD,37.5128441,39.9740829
1747176863,XAU,3944.28052,4155.579
1747177877,EUR,42.006897,44.676136
1747177877,USD,37.5150833,39.97593
1747177877,XAU,3947.379,4158.723
1747178666,EUR,42.0203552,44.69205
1747178666,USD,37.51303,39.9761848
1747178666,XAU,3945.757,4157.18
1747178840,EUR,42.0124168,44.6772232
1747178840,USD,37.5152054,39.97131
1747178840,XAU,3947.03418,4157.573
1747179795,EUR,42.01182,44.6774445
1747179795,USD,37.51296,39.97116
1747179795,XAU,3943.56348,4154.53174
1747180035,EUR,42.01798,44.68173
1747180035,USD,37.51228,39.9690552
1747180035,XAU,3946.71631,4157.55
1747180342,EUR,42.0040169,44.669178
1747180342,USD,37.5128479,39.9704056
1747180342,XAU,3945.77515,4156.762
1747183397,EUR,42.0217552,44.68969
1747183397,USD,37.51703,39.9768677
1747183397,XAU,3934.95923,4146.013
