zaman,kur,alis,satis
1745962039,EUR,42.3700447,45.0082436
1745962039,USD,37.182354,39.5750122
1745962039,XAU,3986.44922,4194.26465
1745962527,EUR,42.3654823,44.9920044
1745962527,USD,37.182354,39.5750122
1745962527,XAU,3986.44922,4194.26465
1745962942,EUR,42.360157,44.9746132
1745962942,USD,37.182354,39.5750122
1745962942,XAU,3986.44922,4194.26465
1745963238,EUR,42.3586235,44.9935532
1745963238,USD,37.182354,39.5750122
1745963238,XAU,3986.44922,4194.26465
1745963598,EUR,42.36472,44.9958725
1745963598,USD,37.182354,39.5750122
1745963598,XAU,3986.44922,4194.26465
1745963899,EUR,42.3730965,45.00128
1745963899,USD,37.182354,39.5750122
1745963899,XAU,3986.44922,4194.26465
1745966001,EUR,42.4111824,45.0178947
1745966001,USD,37.182354,39.5750122
1745966001,XAU,3986.90186,4194.376
1745966598,EUR,42.3993759,45.00591
1745966598,USD,37.182354,39.5750122
1745966598,XAU,3986.48584,4193.96631
1745966903,EUR,42.4081421,45.0140343
1745966903,USD,37.182354,39.5750122
1745966903,XAU,3986.55957,4194.041
1745967261,EUR,42.4085159,45.0144157
1745967261,USD,37.182354,39.5750122
1745967261,XAU,3988.286,4195.79346
1745968038,EUR,42.3925247,44.9977951
1745968038,USD,37.182354,39.5750122
1745968038,XAU,3985.29785,4192.773
1745969540,EUR,42.39138,44.9977951
1745969540,USD,37.182354,39.5750122
1745969540,XAU,3985.39624,4193.109
1745970032,EUR,42.4012833,45.0066872
1745970032,USD,37.182354,39.5750122
1745970032,XAU,3985.8374,4193.569
1745970379,EUR,42.40547,45.0109367
1745970379,USD,37.182354,39.5750122
1745970379,XAU,3986.62085,4194.153
1745970799,EUR,42.3841438,44.9892921
1745970799,USD,37.182354,39.5750122
1745970799,XAU,3985.05347,4192.512
1745975959,EUR,42.3795776,44.9823341
1745975959,USD,37.182354,39.5750122
1745975959,XAU,3988.0542,4195.43359
1745983639,EUR,42.3392143,44.9433
1745983639,USD,37.182354,39.5750122
1745983639,XAU,3976.38477,4183.601
1745984838,EUR,42.32132,44.923584
1745984838,USD,37.182354,39.5750122
1745984838,XAU,3974.62158,4181.936
1745985381,EUR,42.31637,44.9189453
1745985381,USD,37.182354,39.5750122
1745985381,XAU,3974.19287,4181.50049
