zaman,kur,alis,satis
1738444151,EUR,35.631424,38.39751
1738444151,USD,34.31635,37.0297546
1738444151,XAU,3099.573,3310.919
1738444989,EUR,35.6745644,38.4385719
1738444989,USD,34.3563957,37.06803
1738444989,XAU,3103.54932,3314.74243
