zaman,kur,alis,satis
1750281369,EUR,43.9060135,46.57995
1750281369,USD,38.1898537,40.6329842
1750281369,XAU,4142.73535,4385.38672
1750282146,EUR,43.95467,46.6235847
1750282146,USD,38.2368736,40.6762733
1750282146,XAU,4148.32666,4390.57471
1750282748,EUR,43.9514122,46.6226768
1750282748,USD,38.2367668,40.6761742
1750282748,XAU,4148.31445,4390.564
1750283115,EUR,43.95064,46.6226768
1750283115,USD,38.2367744,40.6761742
1750283115,XAU,4148.31543,4390.564
1750283467,EUR,43.9476357,46.6208878
1750283467,USD,38.2334747,40.6756554
1750283467,XAU,4147.95947,4390.50732
1750283713,EUR,43.9595757,46.62958
1750283713,USD,38.2336464,40.6756058
1750283713,XAU,4147.97754,4390.50244
1750284847,EUR,43.9865379,46.66994
1750284847,USD,38.2359962,40.6924057
1750284847,XAU,4155.729,4400.15
1750285867,EUR,43.9783173,46.6611938
1750285867,USD,38.2359962,40.6924057
1750285867,XAU,4154.81055,4398.99854
1750286531,EUR,43.9701,46.6536331
1750286531,USD,38.2359962,40.6924057
1750286531,XAU,4156.308,4400.61
