zaman,kur,alis,satis
1745875759,EUR,42.5522842,45.1458931
1745875759,USD,37.2148323,39.5834
1745875759,XAU,4020.56616,4226.379
