zaman,kur,alis,satis
1737493760,EUR,35.749588,38.34844
1737493760,USD,34.3295326,36.7709923
1737493760,XAU,3028.80176,3228.79688
1737494669,EUR,35.75319,38.35278
1737494669,USD,34.320137,36.762085
1737494669,XAU,3028.04565,3228.20581
1737494960,EUR,35.7518578,38.3515778
1737494960,USD,34.3198738,36.7619667
1737494960,XAU,3028.22632,3228.564
