zaman,kur,alis,satis
1750194680,EUR,44.0964966,46.53544
1750194680,USD,38.3386459,40.5785751
1750194680,XAU,4182.2,4407.02637
1750195641,EUR,44.0341339,46.4771576
1750195641,USD,38.2923965,40.5320244
1750195641,XAU,4176.146,4400.96436
