zaman,kur,alis,satis
1742937375,EUR,39.772274,42.4782677
1742937375,USD,36.8525772,39.3669624
1742937375,XAU,3593.79932,3814.62354
1742938274,EUR,39.77151,42.4778824
1742938274,USD,36.85257,39.3669624
1742938274,XAU,3593.79834,3814.62354
1742938755,EUR,39.7707558,42.4775
1742938755,USD,36.85257,39.3669624
1742938755,XAU,3593.79834,3814.62354
1742939299,EUR,39.7722664,42.4778824
1742939299,USD,36.85257,39.3669624
1742939299,XAU,3593.79834,3814.62354
1742940134,EUR,39.7556152,42.4863625
1742940134,USD,36.83679,39.37696
1742940134,XAU,3594.60132,3811.419
1742940854,EUR,39.76284,42.48124
1742940854,USD,36.842083,39.3718567
1742940854,XAU,3597.517,3812.54028
