zaman,kur,alis,satis
1751750594,EUR,45.43142,48.23537
1751750594,USD,38.44553,41.1085968
1751750594,XAU,4140.94,4386.7417
1751751254,EUR,45.43136,48.23531
1751751254,USD,38.44548,41.1085434
1751751254,XAU,4140.93457,4386.736
