zaman,kur,alis,satis
1737752909,EUR,35.9761353,38.6635056
1737752909,USD,34.2451744,36.8766479
1737752909,XAU,3064.62378,3269.17529
