zaman,kur,alis,satis
1746738565,EUR,42.16484,44.63642
1746738565,USD,37.53401,39.8116341
1746738565,XAU,4009.25732,4207.68164
1746739531,EUR,42.0688744,44.5319824
1746739531,USD,37.44678,39.7196159
1746739531,XAU,4000.0166,4197.87
1746740063,EUR,42.07061,44.5387268
1746740063,USD,37.4466171,39.71975
1746740063,XAU,3999.99927,4197.88428
1746740602,EUR,42.0753975,44.5513077
1746740602,USD,37.4478073,39.7278442
1746740602,XAU,4000.12549,4198.747
1746740842,EUR,42.0761757,44.55014
1746740842,USD,37.44782,39.7278442
1746740842,XAU,4000.12646,4198.747
1746741143,EUR,42.0765572,44.549366
1746741143,USD,37.44782,39.7278442
1746741143,XAU,4000.12646,4198.747
1746741864,EUR,42.0772171,44.56289
1746741864,USD,37.4470367,39.7430038
1746741864,XAU,4005,4205.83154
1746743243,EUR,42.0875969,44.56212
1746743243,USD,37.44706,39.7326355
1746743243,XAU,4011.7937,4211.51074
1746743961,EUR,42.0937,44.579277
1746743961,USD,37.4470329,39.7410049
1746743961,XAU,4016.75854,4216.73535
1746744265,EUR,42.0891075,44.5759735
1746744265,USD,37.44704,39.7425537
1746744265,XAU,4016.31421,4216.638
1746744505,EUR,42.0860329,44.5725937
1746744505,USD,37.4470329,39.7430038
1746744505,XAU,4016.401,4216.69971
1746745042,EUR,42.0960236,44.57715
1746745042,USD,37.44705,39.7377243
1746745042,XAU,4021.1,4220.715
1746746133,EUR,42.0759735,44.56152
1746746133,USD,37.4490051,39.7449
1746746133,XAU,4013.63818,4213.556
