zaman,kur,alis,satis
1750799473,EUR,44.6154137,47.10513
1750799473,USD,38.3807259,40.6385574
1750799473,XAU,4084.277,4328.72852
1750800553,EUR,44.6186752,47.0824852
1750800553,USD,38.380825,40.6385574
1750800553,XAU,4084.2876,4328.72852
1750801032,EUR,44.6286659,47.09401
1750801032,USD,38.3792763,40.6385574
1750801032,XAU,4084.12354,4328.72852
1750801573,EUR,44.62732,47.09361
1750801573,USD,38.380825,40.6385574
1750801573,XAU,4084.2876,4328.72852
