zaman,kur,alis,satis
1742160643,EUR,38.50915,41.2144432
1742160643,USD,35.31634,37.94177
1742160643,XAU,3407.65356,3615.534
