zaman,kur,alis,satis
1740258867,EUR,36.7443237,39.4316
1740258867,USD,35.0907631,37.7237663
1740258867,XAU,3334.31421,3544.07056
1740259644,EUR,36.7887459,39.4742126
1740259644,USD,35.13157,37.762867
1740259644,XAU,3338.573,3548.17529
1740259946,EUR,36.7887459,39.4742126
1740259946,USD,35.13157,37.76287
1740259946,XAU,3338.573,3548.17529
