zaman,kur,alis,satis
1751317866,EUR,45.4514961,48.1779633
1751317866,USD,38.5010452,40.96657
1751317866,XAU,4093.75659,4338.57471
1751318889,EUR,45.45366,48.1822548
1751318889,USD,38.5129242,40.9736137
1751318889,XAU,4095.014,4339.324
1751319370,EUR,45.4592056,48.18343
1751319370,USD,38.514286,40.973587
1751319370,XAU,4095.1582,4339.32129
