zaman,kur,alis,satis
1746306566,EUR,42.16883,44.7892342
1746306566,USD,37.20229,39.7294273
1746306566,XAU,3895.79053,4099.353
1746307471,EUR,42.22499,44.8431931
1746307471,USD,37.24958,39.7750168
1746307471,XAU,3901.1792,4104.56934
1746307731,EUR,42.224926,44.84313
1746307731,USD,37.2495232,39.77496
1746307731,XAU,3901.17334,4104.563
1746308241,EUR,42.224926,44.84313
1746308241,USD,37.2495232,39.77496
1746308241,XAU,3901.17334,4104.563
1746308551,EUR,42.224926,44.84313
1746308551,USD,37.2495232,39.77496
1746308551,XAU,3901.17334,4104.563
1746308784,EUR,42.224926,44.84313
1746308784,USD,37.2495232,39.77496
1746308784,XAU,3901.17334,4104.563
