zaman,kur,alis,satis
1742246174,EUR,38.6936531,41.3318939
1742246174,USD,35.4204,37.8630638
1742246174,XAU,3419.87939,3641.01318
1742247430,EUR,38.7040977,41.3476219
1742247430,USD,35.42331,37.87239
1742247430,XAU,3420.15845,3641.917
1742248219,EUR,38.70248,41.3376961
1742248219,USD,35.4205,37.8629646
1742248219,XAU,3419.889,3641.00342
1742248456,EUR,38.7043,41.3391724
1742248456,USD,35.4205,37.8629646
1742248456,XAU,3419.889,3641.00342
1742248694,EUR,38.6996841,41.3386955
1742248694,USD,35.4206,37.8628654
1742248694,XAU,3419.89868,3640.99365
1742250974,EUR,38.70003,41.32819
1742250974,USD,35.4209175,37.8600121
1742250974,XAU,3429.89355,3637.12744
1742251526,EUR,38.7025528,41.3227425
1742251526,USD,35.4235573,37.8553619
1742251526,XAU,3429.867,3636.39185
1742251819,EUR,38.70553,41.32755
1742251819,USD,35.42296,37.85604
1742251819,XAU,3429.64575,3636.2915
1742252173,EUR,38.7036438,41.32385
1742252173,USD,35.4235573,37.8553619
1742252173,XAU,3429.70361,3636.22583
1742252430,EUR,38.70112,41.3290749
1742252430,USD,35.4209137,37.8594666
1742252430,XAU,3429.51953,3636.69458
1742254233,EUR,38.7010956,41.3204536
1742254233,USD,35.4272156,37.8590164
1742254233,XAU,3431.6084,3638.06421
1742254579,EUR,38.70294,41.31952
1742254579,USD,35.4309044,37.85985
1742254579,XAU,3432.37231,3638.57275
1742254933,EUR,38.7062149,41.3219261
1742254933,USD,35.4309044,37.8590126
1742254933,XAU,3432.9563,3639.16846
1742255232,EUR,38.7051239,41.32065
1742255232,USD,35.4309044,37.8595352
1742255232,XAU,3432.02148,3638.09033
