zaman,kur,alis,satis
1743629299,EUR,39.7815971,42.4429474
1743629299,USD,36.7897835,39.25475
1743629299,XAU,3717.40259,3931.48853
1743629893,EUR,39.8111649,42.46453
1743629893,USD,36.7871475,39.2498932
1743629893,XAU,3717.13818,3930.998
1743630258,EUR,39.8103371,42.4693336
1743630258,USD,36.7881241,39.25185
1743630258,XAU,3717.23633,3931.1958
1743630554,EUR,39.8228836,42.46518
1743630554,USD,36.7673454,39.2147446
1743630554,XAU,3715.15234,3927.449
1743630858,EUR,39.82291,42.4656067
1743630858,USD,36.76737,39.2147827
1743630858,XAU,3715.15479,3927.45313
1743631253,EUR,39.8073959,42.48062
1743631253,USD,36.7613869,39.2410355
1743631253,XAU,3714.555,3930.10376
1743633194,EUR,39.6748276,42.4480743
1743633194,USD,36.6684265,39.244957
1743633194,XAU,3714.5686,3937.6936
1743633857,EUR,39.55132,42.5156021
1743633857,USD,36.5182648,39.27086
1743633857,XAU,3705.065,3947.06885
1743634229,EUR,39.5317,42.55181
1743634229,USD,36.47529,39.27844
1743634229,XAU,3703.40552,3948.88452
1743634634,EUR,39.532074,42.5372124
1743634634,USD,36.4752922,39.2642555
1743634634,XAU,3701.38818,3946.36377
1743634996,EUR,39.6160545,42.5725555
1743634996,USD,36.52689,39.2710342
1743634996,XAU,3714.72852,3955.05078
1743635833,EUR,39.6475449,42.577816
1743635833,USD,36.52694,39.24761
1743635833,XAU,3723.02222,3960.322
1743636553,EUR,39.8477325,42.679615
1743636553,USD,36.61186,39.239
1743636553,XAU,3733.432,3961.42944
1743637033,EUR,40.0794754,42.706768
1743637033,USD,36.7975,39.2357826
1743637033,XAU,3751.4397,3960.22729
1743637703,EUR,40.1476,42.7664375
1743637703,USD,36.808815,39.2392044
1743637703,XAU,3758.22168,3966.476
1743638058,EUR,40.1509972,42.7647
1743638058,USD,36.81366,39.2390137
1743638058,XAU,3763.87573,3971.51831
1743638445,EUR,40.0852966,42.759594
1743638445,USD,36.7513161,39.23292
1743638445,XAU,3753.47437,3966.89624
1743643032,EUR,40.03991,42.71661
1743643032,USD,36.7500954,39.2335625
1743643032,XAU,3738.0144,3951.34277
