zaman,kur,alis,satis
1740431421,EUR,36.79157,39.37766
1740431421,USD,35.1781,37.6044159
1740431421,XAU,3352.13135,3556.68457
