zaman,kur,alis,satis
1746306566,EUR,42.16883,44.7892342
1746306566,USD,37.20229,39.7294273
1746306566,XAU,3895.79053,4099.353
