zaman,kur,alis,satis
1737838855,EUR,36.021904,38.70744
1737838855,USD,34.2874222,36.9171753
1737838855,XAU,3068.7583,3273.16455
1737839776,EUR,36.021904,38.70744
1737839776,USD,34.2874222,36.9171753
1737839776,XAU,3068.7583,3273.16455
1737840325,EUR,36.0678368,38.75154
1737840325,USD,34.32982,36.9578552
1737840325,XAU,3072.90747,3277.169
1737840325,EUR,36.0678368,38.75154
1737840325,USD,34.32982,36.9578552
1737840325,XAU,3072.90747,3277.169
1737841035,EUR,36.0677872,38.7514877
1737841035,USD,34.3297729,36.95781
1737841035,XAU,3072.903,3277.16455
1737841229,EUR,36.0677872,38.7514877
1737841229,USD,34.3297729,36.95781
1737841229,XAU,3072.903,3277.16455
