zaman,kur,alis,satis
1742246174,EUR,38.6936531,41.3318939
1742246174,USD,35.4204,37.8630638
1742246174,XAU,3419.87939,3641.01318
