zaman,kur,alis,satis
1743109874,EUR,39.73622,42.4381027
1743109874,USD,36.7901878,39.30513
1743109874,XAU,3622.52954,3845.183
1743110835,EUR,39.53271,42.2551765
1743110835,USD,36.61597,39.14529
1743110835,XAU,3605.497,3829.42432
1743111435,EUR,39.54052,42.24494
1743111435,USD,36.62355,39.1389961
1743111435,XAU,3606.238,3828.80371
1743111674,EUR,39.54001,42.2449455
1743111674,USD,36.62273,39.139
1743111674,XAU,3606.158,3828.8042
1743112158,EUR,39.55941,42.25226
1743112158,USD,36.6372261,39.1432953
1743112158,XAU,3607.5752,3829.22778
1743112462,EUR,39.5652466,42.253746
1743112462,USD,36.6422844,39.1439667
1743112462,XAU,3608.06958,3829.294
1743113658,EUR,39.560482,42.2467575
1743113658,USD,36.641346,39.1413841
1743113658,XAU,3614.00342,3827.13135
1743114644,EUR,39.5555267,42.24713
1743114644,USD,36.6371078,39.14138
1743114644,XAU,3614.409,3827.75732
1743115241,EUR,39.55846,42.2431068
1743115241,USD,36.6359978,39.1341133
1743115241,XAU,3614.42041,3827.17578
1743115706,EUR,39.5517159,42.286026
1743115706,USD,36.63079,39.1756363
1743115706,XAU,3612.77686,3830.17456
1743116060,EUR,39.5390434,42.2921638
1743116060,USD,36.61662,39.1792
1743116060,XAU,3612.08838,3831.36182
1743116452,EUR,39.54612,42.2649345
1743116452,USD,36.6290855,39.1589355
1743116452,XAU,3612.07935,3827.86523
1743118247,EUR,39.5483437,42.2531967
1743118247,USD,36.62732,39.1448746
1743118247,XAU,3611.47217,3825.87769
1743118635,EUR,39.5648842,42.2672729
1743118635,USD,36.6377754,39.1529579
1743118635,XAU,3612.38721,3826.6
1743119178,EUR,39.5619926,42.27323
1743119178,USD,36.6312752,39.15458
1743119178,XAU,3613.24683,3828.358
1743119477,EUR,39.56635,42.2738571
1743119477,USD,36.6339149,39.15374
1743119477,XAU,3612.298,3827.0332
1743119898,EUR,39.57328,42.2585678
1743119898,USD,36.6375542,39.1363945
1743119898,XAU,3614.103,3826.73779
1743122356,EUR,39.52924,42.2257042
1743122356,USD,36.6318741,39.14242
1743122356,XAU,3620.23,3834.03955
