zaman,kur,alis,satis
1740085398,EUR,36.7869377,39.3847
1740085398,USD,35.04934,37.4844971
1740085398,XAU,3324.414,3529.701
1740086357,EUR,36.7690735,39.37117
1740086357,USD,35.0381432,37.47823
1740086357,XAU,3324.98853,3530.79883
1740086839,EUR,36.69105,39.29707
1740086839,USD,34.957,37.4007
1740086839,XAU,3317.306,3523.83862
