zaman,kur,alis,satis
1752182239,EUR,45.5783463,48.268
1752182239,USD,38.8937454,41.3369
1752182239,XAU,4157.883,4404.967
