zaman,kur,alis,satis
1743541334,EUR,39.7522659,43.0726776
1743541334,USD,36.8454971,39.916954
1743541334,XAU,3700.39526,3977.8064
