zaman,kur,alis,satis
1739135297,EUR,35.7828865,38.4567146
1739135297,USD,34.612442,37.24005
1739135297,XAU,3200.3125,3410.235
