zaman,kur,alis,satis
1737579870,EUR,35.77541,38.36247
1737579870,USD,34.3884277,36.8190956
1737579870,XAU,3050.02539,3249.33545
1737580547,EUR,35.7761459,38.3678131
1737580547,USD,34.39151,36.8273354
1737580547,XAU,3050.02441,3249.8938
