zaman,kur,alis,satis
1747170745,EUR,41.99765,44.67709
1747170745,USD,37.5088768,39.9729347
1747170745,XAU,3940.50757,4151.84229
1747171578,EUR,42.0237732,44.68225
1747171578,USD,37.5322342,39.97406
1747171578,XAU,3942.94165,4151.96
