zaman,kur,alis,satis
1744147633,EUR,40.22754,42.92631
1744147633,USD,36.7046547,39.2003365
1744147633,XAU,3530.59546,3759.54419
1744148233,EUR,40.23807,42.93895
1744148233,USD,36.7046547,39.2003365
1744148233,XAU,3530.59546,3759.54419
1744148593,EUR,40.2376938,42.941246
1744148593,USD,36.7046547,39.2003365
1744148593,XAU,3530.59546,3759.54419
1744148897,EUR,40.2376938,42.9435425
1744148897,USD,36.7046547,39.2003365
1744148897,XAU,3530.59546,3759.54419
1744149376,EUR,40.23431,42.9416275
1744149376,USD,36.7046547,39.2003365
1744149376,XAU,3530.59546,3759.54419
1744149673,EUR,40.2407036,42.9362679
1744149673,USD,36.7046547,39.2003365
1744149673,XAU,3532.83276,3744.91919
1744150393,EUR,40.2820778,42.97647
1744150393,USD,36.7046547,39.2003365
1744150393,XAU,3532.31665,3743.269
1744151536,EUR,40.2741776,42.96843
1744151536,USD,36.7046547,39.2003365
1744151536,XAU,3535.48438,3746.6416
1744152256,EUR,40.292984,42.986805
1744152256,USD,36.7046547,39.2003365
1744152256,XAU,3531.59131,3742.56763
1744152553,EUR,40.2907257,42.98451
1744152553,USD,36.7046547,39.2003365
1744152553,XAU,3530.80542,3741.39844
1744152922,EUR,40.2873421,42.9802971
1744152922,USD,36.7046547,39.2003365
1744152922,XAU,3531.31323,3741.9646
