zaman,kur,alis,satis
1745270055,EUR,42.7056923,45.32264
1745270055,USD,37.04173,39.42841
1745270055,XAU,4091.972,4313.1
1745270833,EUR,42.65554,45.26711
1745270833,USD,37.0027657,39.3855247
1745270833,XAU,4087.70581,4308.36426
1745271254,EUR,42.66675,45.2744255
1745271254,USD,37.0016327,39.3855324
1745271254,XAU,4087.582,4308.365
1745271633,EUR,42.6675224,45.27789
1745271633,USD,37.0016441,39.3855324
1745271633,XAU,4087.58325,4308.365
