zaman,kur,alis,satis
1744751653,EUR,41.6823769,44.3527756
1744751653,USD,36.89923,39.3439522
1744751653,XAU,3852.27124,4065.41382
1744752431,EUR,41.6728668,44.3423767
1744752431,USD,36.89923,39.3439522
1744752431,XAU,3852.27124,4065.41382
1744752929,EUR,41.6656876,44.33431
1744752929,USD,36.89923,39.3439522
1744752929,XAU,3852.27124,4065.41382
1744753337,EUR,41.6577454,44.32931
1744753337,USD,36.89923,39.3439522
1744753337,XAU,3852.27124,4065.41382
1744753695,EUR,41.6687126,44.3320045
1744753695,USD,36.89923,39.3439522
1744753695,XAU,3852.27124,4065.41382
1744753824,EUR,41.66871,44.33815
1744753824,USD,36.89923,39.3439522
1744753824,XAU,3852.27124,4065.41382
1744754232,EUR,41.6653061,44.3346939
1744754232,USD,36.89923,39.3439522
1744754232,XAU,3852.27124,4065.41382
