zaman,kur,alis,satis
1740517881,EUR,36.9634476,39.55559
1740517881,USD,35.1662941,37.59602
1740517881,XAU,3310.71753,3515.15454
