zaman,kur,alis,satis
1743541334,EUR,39.7522659,43.0726776
1743541334,USD,36.8454971,39.916954
1743541334,XAU,3700.39526,3977.8064
1743542352,EUR,39.76095,43.07268
1743542352,USD,36.8454971,39.916954
1743542352,XAU,3700.39453,3977.80762
1743543194,EUR,39.7575531,43.06644
1743543194,USD,36.8454971,39.916954
1743543194,XAU,3700.39453,3977.80762
1743543792,EUR,39.7696342,43.0797
1743543792,USD,36.8454971,39.916954
1743543792,XAU,3700.39453,3977.80762
1743544099,EUR,39.7718964,43.08282
1743544099,USD,36.8454971,39.916954
1743544099,XAU,3700.39453,3977.80762
1743544456,EUR,39.772274,43.08321
1743544456,USD,36.8454971,39.916954
1743544456,XAU,3700.39453,3977.80762
1743544753,EUR,39.77643,43.08477
1743544753,USD,36.8454971,39.916954
1743544753,XAU,3700.39453,3977.80762
1743546854,EUR,39.80474,43.1085625
1743546854,USD,36.8454971,39.916954
1743546854,XAU,3704.31641,3973.32959
1743547632,EUR,39.8017235,43.105442
1743547632,USD,36.8454971,39.916954
1743547632,XAU,3704.43774,3973.455
