zaman,kur,alis,satis
1751403977,EUR,45.58264,48.27829
1751403977,USD,38.5425148,40.9894524
1751403977,XAU,4143.786,4386.69238
1751404932,EUR,45.60819,48.27824
1751404932,USD,38.56617,40.98941
1751404932,XAU,4146.318,4386.6875
1751405731,EUR,45.60085,48.27071
1751405731,USD,38.56617,40.98941
1751405731,XAU,4144.753,4385.19531
1751406252,EUR,45.6043968,48.276722
1751406252,USD,38.56617,40.98941
1751406252,XAU,4144.753,4385.19531
1751406671,EUR,45.60964,48.276722
1751406671,USD,38.56827,40.98941
1751406671,XAU,4144.97754,4385.19531
1751406973,EUR,45.6104279,48.27672
1751406973,USD,38.56827,40.9894066
1751406973,XAU,4144.97754,4385.19531
1751408050,EUR,45.5988274,48.2787361
1751408050,USD,38.5537567,40.98942
1751408050,XAU,4144.03271,4385.31152
1751409035,EUR,45.6014137,48.2747269
1751409035,USD,38.55862,40.989418
1751409035,XAU,4149.614,4390.41162
