zaman,kur,alis,satis
1750972334,EUR,45.08117,47.8519325
1750972334,USD,38.48294,40.988884
1750972334,XAU,4118.731,4367.70264
1750973292,EUR,45.071846,47.74168
1750973292,USD,38.46519,40.898716
1750973292,XAU,4116.84,4358.046
1750973827,EUR,45.0727921,47.74128
1750973827,USD,38.4649925,40.898716
1750973827,XAU,4116.81836,4358.046
