zaman,kur,alis,satis
1742763736,EUR,39.50175,43.0902519
1742763736,USD,36.453598,39.90036
1742763736,XAU,3563.32251,3854.746
1742765062,EUR,39.50175,43.0902519
1742765062,USD,36.453598,39.90036
1742765062,XAU,3563.32251,3854.746
1742765538,EUR,39.50175,43.0902519
1742765538,USD,36.453598,39.90036
1742765538,XAU,3563.32251,3854.746
1742765785,EUR,39.50175,43.0902519
1742765785,USD,36.453598,39.90036
1742765785,XAU,3563.32251,3854.746
1742766142,EUR,39.50175,43.0902519
1742766142,USD,36.453598,39.90036
1742766142,XAU,3563.32251,3854.746
1742766502,EUR,39.50175,43.0902519
1742766502,USD,36.453598,39.90036
1742766502,XAU,3563.32251,3854.746
1742766862,EUR,39.50175,43.0902519
1742766862,USD,36.453598,39.90036
1742766862,XAU,3563.32251,3854.746
1742767153,EUR,39.50175,43.0902519
1742767153,USD,36.453598,39.90036
1742767153,XAU,3563.32251,3854.746
1742768179,EUR,39.50175,43.0902519
1742768179,USD,36.453598,39.90036
1742768179,XAU,3563.32251,3854.746
1742769039,EUR,39.50175,43.0902519
1742769039,USD,36.453598,39.90036
1742769039,XAU,3563.32251,3854.746
1742769741,EUR,39.50175,43.0902519
1742769741,USD,36.453598,39.90036
1742769741,XAU,3563.32251,3854.746
1742770102,EUR,39.50175,43.0902519
1742770102,USD,36.453598,39.90036
1742770102,XAU,3563.32251,3854.746
1742770578,EUR,39.50175,43.0902519
1742770578,USD,36.453598,39.90036
1742770578,XAU,3563.32251,3854.746
1742770936,EUR,39.50175,43.0902519
1742770936,USD,36.453598,39.90036
1742770936,XAU,3563.32251,3854.746
1742771596,EUR,39.50175,43.0902519
1742771596,USD,36.453598,39.90036
1742771596,XAU,3563.32251,3854.746
1742772982,EUR,39.50175,43.0902519
1742772982,USD,36.453598,39.90036
1742772982,XAU,3563.32251,3854.746
1742773393,EUR,39.50175,43.0902519
1742773393,USD,36.453598,39.90036
1742773393,XAU,3563.32251,3854.746
