zaman,kur,alis,satis
1746050906,EUR,42.1842079,44.9190674
1746050906,USD,37.1365776,39.765
1746050906,XAU,3963.91675,4179.4126
1746054863,EUR,42.1842079,44.9190674
1746054863,USD,37.1365776,39.765
1746054863,XAU,3963.91675,4179.4126
1746057201,EUR,42.1842079,44.9190674
1746057201,USD,37.1365776,39.765
1746057201,XAU,3963.91675,4179.4126
1746070464,EUR,42.1842079,44.9190674
1746070464,USD,37.1365776,39.765
1746070464,XAU,3963.91675,4179.4126
1746073344,EUR,42.1842079,44.9190674
1746073344,USD,37.1365776,39.765
1746073344,XAU,3963.91675,4179.4126
