zaman,kur,alis,satis
1745442744,EUR,42.01408,44.7467957
1745442744,USD,37.0825958,39.5583763
1745442744,XAU,3941.33765,4164.56738
