zaman,kur,alis,satis
1741900402,EUR,38.4795456,41.0988464
1741900402,USD,35.4639359,37.8833275
1741900402,XAU,3409.873,3625.69531
1741901243,EUR,38.394,41.0163574
1741901243,USD,35.3736954,37.8096962
1741901243,XAU,3401.25659,3618.59375
1741901791,EUR,38.39554,41.02005
1741901791,USD,35.3744469,37.8097038
1741901791,XAU,3401.32813,3618.59424
