zaman,kur,alis,satis
1750540043,EUR,44.1737938,46.91932
1750540043,USD,38.2432,40.8708954
1750540043,XAU,4169.2583,4383.959
1750541068,EUR,44.23046,46.9738274
1750541068,USD,38.2897263,40.9156036
1750541068,XAU,4174.795,4389.29932
1750541542,EUR,44.2304,46.9737663
1750541542,USD,38.2896729,40.91555
1750541542,XAU,4174.789,4389.29346
1750542080,EUR,44.2304,46.9737663
1750542080,USD,38.2896729,40.91555
1750542080,XAU,4174.789,4389.29346
1750542381,EUR,44.2304,46.9737663
1750542381,USD,38.2896729,40.91555
1750542381,XAU,4174.789,4389.29346
1750542863,EUR,44.2304,46.9737663
1750542863,USD,38.2896729,40.91555
1750542863,XAU,4174.789,4389.29346
1750543531,EUR,44.2304,46.9737663
1750543531,USD,38.2896729,40.91555
1750543531,XAU,4174.789,4389.29346
1750545506,EUR,44.2304,46.9737663
1750545506,USD,38.2896729,40.91555
1750545506,XAU,4174.789,4389.29346
