zaman,kur,alis,satis
1744924456,EUR,41.7892647,44.6923027
1744924456,USD,36.7463226,39.3765869
1744924456,XAU,3923.59937,4191.93164
1744925174,EUR,41.7023468,44.59687
1744925174,USD,36.6403732,39.2902451
1744925174,XAU,3912.382,4182.65625
1744925738,EUR,41.6997147,44.5991669
1744925738,USD,36.6403732,39.2902451
1744925738,XAU,3912.382,4182.65625
1744925953,EUR,41.69671,44.5999336
1744925953,USD,36.6403732,39.2902451
1744925953,XAU,3912.382,4182.65625
1744926431,EUR,41.71599,44.60178
1744926431,USD,36.6589928,39.29119
1744926431,XAU,3914.35327,4182.7583
1744926790,EUR,41.771244,44.6074028
1744926790,USD,36.7046432,39.293438
1744926790,XAU,3919.18652,4182.99951
