zaman,kur,alis,satis
1742763736,EUR,39.50175,43.0902519
1742763736,USD,36.453598,39.90036
1742763736,XAU,3563.32251,3854.746
1742765062,EUR,39.50175,43.0902519
1742765062,USD,36.453598,39.90036
1742765062,XAU,3563.32251,3854.746
1742765538,EUR,39.50175,43.0902519
1742765538,USD,36.453598,39.90036
1742765538,XAU,3563.32251,3854.746
1742765785,EUR,39.50175,43.0902519
1742765785,USD,36.453598,39.90036
1742765785,XAU,3563.32251,3854.746
1742766142,EUR,39.50175,43.0902519
1742766142,USD,36.453598,39.90036
1742766142,XAU,3563.32251,3854.746
