zaman,kur,alis,satis
1745617042,EUR,42.2074051,44.83956
1745617042,USD,37.0524063,39.58837
1745617042,XAU,3965.41772,4171.28857
1745618298,EUR,42.2074051,44.83956
1745618298,USD,37.0524063,39.58837
1745618298,XAU,3965.41772,4171.28857
1745621731,EUR,42.2074051,44.83956
1745621731,USD,37.0524063,39.58837
1745621731,XAU,3965.41772,4171.28857
1745622197,EUR,42.2074051,44.83956
1745622197,USD,37.0524063,39.58837
1745622197,XAU,3965.41772,4171.28857
1745630135,EUR,42.2074051,44.83956
1745630135,USD,37.0524063,39.58837
1745630135,XAU,3965.41772,4171.28857
1745637435,EUR,42.2074051,44.83956
1745637435,USD,37.0524063,39.58837
1745637435,XAU,3965.41772,4171.28857
1745639595,EUR,42.2074051,44.83956
1745639595,USD,37.0524063,39.58837
1745639595,XAU,3965.41772,4171.28857
