zaman,kur,alis,satis
1740690677,EUR,36.5200462,39.12017
1740690677,USD,35.14633,37.59005
1740690677,XAU,3256.68774,3459.33716
1740691638,EUR,36.4285355,39.028595
1740691638,USD,35.06628,37.5104332
1740691638,XAU,3249.88428,3452.53467
1740691939,EUR,36.4244041,39.0290642
1740691939,USD,35.06473,37.5122948
1740691939,XAU,3250.15674,3453.13
1740692235,EUR,36.4289627,39.03357
1740692235,USD,35.06358,37.51205
1740692235,XAU,3251.13721,3454.20142
1740692657,EUR,36.4201546,39.0257645
1740692657,USD,35.0634079,37.5119324
1740692657,XAU,3251.10986,3454.19019
1740693078,EUR,36.4217339,39.0147324
1740693078,USD,35.06043,37.4960442
1740693078,XAU,3250.61621,3452.49365
1740693383,EUR,36.4140129,39.01537
1740693383,USD,35.0571556,37.5008774
1740693383,XAU,3250.199,3452.82422
1740693657,EUR,36.42547,39.03545
1740693657,USD,35.0636749,37.5156174
1740693657,XAU,3250.16333,3454.82642
1740694884,EUR,36.50773,39.11152
1740694884,USD,35.15182,37.5908966
1740694884,XAU,3252.31836,3469.87817
