zaman,kur,alis,satis
1752354544,EUR,45.4586639,48.2179337
1752354544,USD,38.76507,41.3945847
1752354544,XAU,4215.428,4430.4
