zaman,kur,alis,satis
1738790057,EUR,36.02175,38.6018944
1738790057,USD,34.6550026,37.0791779
1738790057,XAU,3199.206,3402.1272
