zaman,kur,alis,satis
1737234211,EUR,34.97728,37.6489029
1737234211,USD,34.02338,36.6525154
1737234211,XAU,2968.468,3166.63843
1737235104,EUR,34.97728,37.6489029
1737235104,USD,34.02338,36.6525154
1737235104,XAU,2968.468,3166.63843
1737235530,EUR,35.021965,37.6917725
1737235530,USD,34.0655,36.6929245
1737235530,XAU,2972.48315,3170.50879
