zaman,kur,alis,satis
1746134185,EUR,42.1842079,44.9190674
1746134185,USD,37.1365776,39.765
1746134185,XAU,3963.91675,4179.4126
