zaman,kur,alis,satis
1742418045,EUR,39.7573547,42.6448555
1742418045,USD,36.453537,39.1264648
1742418045,XAU,3569.55322,3817.5188
1742418863,EUR,40.0259323,42.67037
1742418863,USD,36.69957,39.14636
1742418863,XAU,3583.12256,3824.46875
1742419703,EUR,40.0195122,42.68087
1742419703,USD,36.6947021,39.1608429
1742419703,XAU,3581.755,3825.049
1742420132,EUR,40.0230751,42.680378
1742420132,USD,36.6962471,39.15969
1742420132,XAU,3581.90454,3824.93555
1742420548,EUR,40.0432625,42.7040329
1742420548,USD,36.7157974,39.18384
1742420548,XAU,3583.79956,3827.31323
