zaman,kur,alis,satis
1751836227,EUR,45.43136,48.23531
1751836227,USD,38.44548,41.1085434
1751836227,XAU,4140.93457,4386.736
