zaman,kur,alis,satis
1751058982,EUR,45.09218,47.850956
1751058982,USD,38.3914032,41.02002
1751058982,XAU,4061.71558,4274.44629
