zaman,kur,alis,satis
1743022842,EUR,39.5950775,42.2951
1743022842,USD,36.822216,39.3335342
1743022842,XAU,3588.98047,3802.42822
1743023727,EUR,39.5715561,42.3012848
1743023727,USD,36.7989349,39.33357
1743023727,XAU,3581.90112,3805.632
1743024499,EUR,39.51001,42.2337952
1743024499,USD,36.7989159,39.33357
1743024499,XAU,3581.00854,3804.78369
1743025034,EUR,39.524456,42.24884
1743025034,USD,36.797966,39.333622
1743025034,XAU,3580.91675,3804.78882
1743025525,EUR,39.5203,42.2430725
1743025525,USD,36.797966,39.333622
1743025525,XAU,3580.91675,3804.78882
1743025994,EUR,39.51427,42.2396126
1743025994,USD,36.797966,39.333622
1743025994,XAU,3580.91675,3804.78882
1743026476,EUR,39.5113869,42.23411
1743026476,USD,36.7973862,39.3352928
1743026476,XAU,3584.60669,3802.99976
1743027376,EUR,39.4665756,42.2407761
1743027376,USD,36.76618,39.3515244
1743027376,XAU,3580.887,3801.52637
