zaman,kur,alis,satis
1746565704,EUR,42.47077,45.1861267
1746565704,USD,37.32959,39.7912636
1746565704,XAU,4142.75537,4363.34229
1746567337,EUR,42.51997,45.2112656
1746567337,USD,37.3439369,39.8000374
1746567337,XAU,4144.3335,4364.31348
1746567680,EUR,42.5123,45.19843
1746567680,USD,37.34493,39.8000336
1746567680,XAU,4144.44238,4364.31348
1746567934,EUR,42.51383,45.19843
1746567934,USD,37.34493,39.8000336
1746567934,XAU,4144.44238,4364.31348
1746568401,EUR,42.522625,45.2073746
1746568401,USD,37.34493,39.8000336
1746568401,XAU,4144.44238,4364.31348
1746568702,EUR,42.5358162,45.20736
1746568702,USD,37.35653,39.8000221
1746568702,XAU,4145.71826,4364.312
1746569662,EUR,42.4052277,45.0731964
1746569662,USD,37.349678,39.8000145
1746569662,XAU,4115.52246,4340.299
1746570744,EUR,42.3898239,45.0514069
1746570744,USD,37.3512726,39.7962265
1746570744,XAU,4093.53516,4313.181
1746571280,EUR,42.417366,45.0809135
1746571280,USD,37.3512726,39.79688
1746571280,XAU,4103.1416,4321.52832
1746571761,EUR,42.43114,45.0919456
1746571761,USD,37.3512726,39.79598
1746571761,XAU,4094.45776,4312.55371
1746572904,EUR,42.4013977,45.0532951
1746572904,USD,37.35372,39.7896652
1746572904,XAU,4085.77173,4303.50439
1746573802,EUR,42.3942642,45.04494
1746573802,USD,37.35418,39.7905235
1746573802,XAU,4096.84131,4314.071
1746574402,EUR,42.42564,45.0775948
1746574402,USD,37.35418,39.7905235
1746574402,XAU,4097.85059,4314.5083
1746574881,EUR,42.4106827,45.061657
1746574881,USD,37.35415,39.7905235
1746574881,XAU,4096.45654,4312.80762
1746575183,EUR,42.413147,45.06463
1746575183,USD,37.3543,39.7907448
1746575183,XAU,4099.74561,4316.282
1746575601,EUR,42.41891,45.07088
1746575601,USD,37.35432,39.7907753
1746575601,XAU,4109.95654,4326.646
1746575785,EUR,42.41126,45.0631065
1746575785,USD,37.35432,39.7907753
1746575785,XAU,4105.79834,4322.5835
1746581842,EUR,42.3910637,45.03968
1746581842,USD,37.3540535,39.7886238
1746581842,XAU,4069.59985,4285.385
1746586703,EUR,42.42121,45.06245
1746586703,USD,37.36175,39.7901955
1746586703,XAU,4096.989,4312.46045
1746589163,EUR,42.4113541,45.05686
1746589163,USD,37.35744,39.78904
1746589163,XAU,4079.06567,4294.67529
1746590303,EUR,42.4418449,45.08962
1746590303,USD,37.3576736,39.79084
1746590303,XAU,4078.97949,4294.396
1746591506,EUR,42.45212,45.09914
1746591506,USD,37.3572922,39.78964
1746591506,XAU,4089.271,4304.86328
