zaman,kur,alis,satis
1737493760,EUR,35.749588,38.34844
1737493760,USD,34.3295326,36.7709923
1737493760,XAU,3028.80176,3228.79688
1737494669,EUR,35.75319,38.35278
1737494669,USD,34.320137,36.762085
1737494669,XAU,3028.04565,3228.20581
