zaman,kur,alis,satis
1740690677,EUR,36.5200462,39.12017
1740690677,USD,35.14633,37.59005
1740690677,XAU,3256.68774,3459.33716
1740691638,EUR,36.4285355,39.028595
1740691638,USD,35.06628,37.5104332
1740691638,XAU,3249.88428,3452.53467
1740691939,EUR,36.4244041,39.0290642
1740691939,USD,35.06473,37.5122948
1740691939,XAU,3250.15674,3453.13
1740692235,EUR,36.4289627,39.03357
1740692235,USD,35.06358,37.51205
1740692235,XAU,3251.13721,3454.20142
1740692657,EUR,36.4201546,39.0257645
1740692657,USD,35.0634079,37.5119324
1740692657,XAU,3251.10986,3454.19019
1740693078,EUR,36.4217339,39.0147324
1740693078,USD,35.06043,37.4960442
1740693078,XAU,3250.61621,3452.49365
1740693383,EUR,36.4140129,39.01537
1740693383,USD,35.0571556,37.5008774
1740693383,XAU,3250.199,3452.82422
1740693657,EUR,36.42547,39.03545
1740693657,USD,35.0636749,37.5156174
1740693657,XAU,3250.16333,3454.82642
1740694884,EUR,36.50773,39.11152
1740694884,USD,35.15182,37.5908966
1740694884,XAU,3252.31836,3469.87817
1740695733,EUR,36.515583,39.1244125
1740695733,USD,35.1569481,37.603653
1740695733,XAU,3252.78979,3471.064
1740696203,EUR,36.5141945,39.1177826
1740696203,USD,35.157,37.6036263
1740696203,XAU,3252.79468,3471.06152
1740696564,EUR,36.5091476,39.1148453
1740696564,USD,35.157,37.6036263
1740696564,XAU,3252.79468,3471.06152
1740698144,EUR,36.5320244,39.1266556
1740698144,USD,35.1616669,37.59946
1740698144,XAU,3260.012,3462.46118
1740698906,EUR,36.53555,39.1251335
1740698906,USD,35.16783,37.6011734
1740698906,XAU,3258.70166,3460.57983
1740700347,EUR,36.52579,39.1144943
1740700347,USD,35.16781,37.6011734
1740700347,XAU,3259.396,3461.7124
1740711804,EUR,36.4693222,39.06046
1740711804,USD,35.1637955,37.6000061
1740711804,XAU,3256.38281,3458.10156
1740713363,EUR,36.49205,39.0824661
1740713363,USD,35.1644936,37.6000023
1740713363,XAU,3251.184,3452.85449
1740714265,EUR,36.48576,39.0769653
1740714265,USD,35.1639938,37.6000061
1740714265,XAU,3245.875,3447.44238
1740714746,EUR,36.49189,39.08357
1740714746,USD,35.1639938,37.6000061
1740714746,XAU,3247.77686,3449.36523
1740715162,EUR,36.49289,39.0843048
1740715162,USD,35.1639137,37.6000061
1740715162,XAU,3247.247,3448.97559
