zaman,kur,alis,satis
1742332097,EUR,38.791626,41.4395828
1742332097,USD,35.4265556,37.877018
1742332097,XAU,3466.3042,3680.936
1742333489,EUR,38.8047371,41.4445
1742333489,USD,35.4408569,37.8825226
1742333489,XAU,3467.6936,3681.47534
1742334076,EUR,38.7974663,41.4367371
1742334076,USD,35.4408569,37.8825226
1742334076,XAU,3467.6936,3681.47534
1742334322,EUR,38.7963753,41.4371071
1742334322,USD,35.4408569,37.8825226
1742334322,XAU,3467.6936,3681.47534
1742334736,EUR,38.7952881,41.4371071
1742334736,USD,35.4408569,37.8825226
1742334736,XAU,3467.6936,3681.47534
1742335697,EUR,38.807663,41.42834
1742335697,USD,35.4455261,37.8751869
1742335697,XAU,3469.76172,3674.18433
1742336956,EUR,38.8005257,41.42044
1742336956,USD,35.4453163,37.8757362
1742336956,XAU,3469.97485,3674.737
1742337555,EUR,38.7968559,41.4163742
1742337555,USD,35.4456177,37.87574
1742337555,XAU,3469.55981,3674.20239
1742337796,EUR,38.7984848,41.41735
1742337796,USD,35.4457741,37.87528
1742337796,XAU,3469.482,3674.12183
1742338397,EUR,38.8026848,41.42303
1742338397,USD,35.4456253,37.87574
1742338397,XAU,3470.95166,3675.49756
1742338520,EUR,38.8000526,41.41947
1742338520,USD,35.4455452,37.8751869
1742338520,XAU,3470.44116,3674.98022
1742340323,EUR,38.8042831,41.42102
1742340323,USD,35.4470863,37.8749161
1742340323,XAU,3468.7915,3672.9458
