zaman,kur,alis,satis
1739998858,EUR,36.5025978,39.0831261
1739998858,USD,35.04009,37.4641151
1739998858,XAU,3319.5752,3521.37573
1739999728,EUR,36.5031548,39.08587
1739999728,USD,35.040966,37.4663963
1739999728,XAU,3320.7207,3522.67261
1740000439,EUR,36.5021667,39.08459
1740000439,USD,35.0412178,37.4666443
1740000439,XAU,3317.4082,3519.30957
1740000858,EUR,36.4901848,39.0789337
1740000858,USD,35.0348969,37.4661255
1740000858,XAU,3316.444,3518.849
1740001039,EUR,36.4865723,39.07901
1740001039,USD,35.0303955,37.4651451
1740001039,XAU,3314.85376,3517.581
1740001581,EUR,36.4852943,39.0765381
1740001581,USD,35.03055,37.4645271
1740001581,XAU,3314.64941,3517.27661
1740001760,EUR,36.4766655,39.0789642
1740001760,USD,35.02227,37.46721
1740001760,XAU,3313.34,3516.9895
1740002301,EUR,36.47057,39.075386
1740002301,USD,35.022625,37.4679832
1740002301,XAU,3313.8584,3518.20264
1740002541,EUR,36.49042,39.12666
1740002541,USD,35.048233,37.4943657
1740002541,XAU,3307.53638,3528.48535
1740004702,EUR,36.50711,39.1076164
1740004702,USD,35.0507927,37.4897842
1740004702,XAU,3307.77271,3528.055
1740005061,EUR,36.50711,39.1087151
1740005061,USD,35.0507927,37.4897842
1740005061,XAU,3307.77271,3528.055
1740005479,EUR,36.5107079,39.10981
1740005479,USD,35.0507927,37.4897842
1740005479,XAU,3307.77271,3528.055
1740005782,EUR,36.50819,39.1087151
1740005782,USD,35.0507927,37.4897842
1740005782,XAU,3307.77271,3528.055
