zaman,kur,alis,satis
1738357846,EUR,35.58843,38.3565979
1738357846,USD,34.27644,36.9916153
1738357846,XAU,3095.61,3307.109
1738358487,EUR,35.58843,38.3565979
1738358487,USD,34.27644,36.9916153
1738358487,XAU,3095.61,3307.109
1738358845,EUR,35.63142,38.39751
1738358845,USD,34.31635,37.0297546
1738358845,XAU,3099.573,3310.919
1738359206,EUR,35.631424,38.39751
1738359206,USD,34.31635,37.0297546
1738359206,XAU,3099.573,3310.919
1738359636,EUR,35.631424,38.39751
1738359636,USD,34.31635,37.0297546
1738359636,XAU,3099.573,3310.919
1738359803,EUR,35.631424,38.39751
1738359803,USD,34.31635,37.0297546
1738359803,XAU,3099.573,3310.919
1738360347,EUR,35.631424,38.39751
1738360347,USD,34.31635,37.0297546
1738360347,XAU,3099.573,3310.919
1738360866,EUR,35.631424,38.39751
1738360866,USD,34.31635,37.0297546
1738360866,XAU,3099.573,3310.919
