zaman,kur,alis,satis
1745270055,EUR,42.7056923,45.32264
1745270055,USD,37.04173,39.42841
1745270055,XAU,4091.972,4313.1
