zaman,kur,alis,satis
1740603642,EUR,36.851593,39.43517
1740603642,USD,35.16521,37.588192
1740603642,XAU,3308.11279,3509.12354
1740604570,EUR,36.83057,39.4214554
1740604570,USD,35.1544456,37.5842
1740604570,XAU,3308.3125,3510.46948
