zaman,kur,alis,satis
1744232955,EUR,40.2618675,42.90144
1744232955,USD,36.7597847,39.2005959
1744232955,XAU,3658.82324,3867.91
