zaman,kur,alis,satis
1743454993,EUR,39.81599,43.13115
1743454993,USD,36.8010979,39.87402
1743454993,XAU,3705.42261,3987.89917
