zaman,kur,alis,satis
1752095543,EUR,45.5144958,48.2097626
1752095543,USD,38.7685242,41.2168121
1752095543,XAU,4137.287,4379.782
1752096501,EUR,45.5220757,48.2193947
1752096501,USD,38.78097,41.228096
1752096501,XAU,4137.58,4380.006
1752097157,EUR,45.5256462,48.2202
1752097157,USD,38.78097,41.228096
1752097157,XAU,4137.58,4380.006
