zaman,kur,alis,satis
1740258867,EUR,36.7443237,39.4316
1740258867,USD,35.0907631,37.7237663
1740258867,XAU,3334.31421,3544.07056
