zaman,kur,alis,satis
1741036754,EUR,36.8559532,39.4404221
1741036754,USD,35.16996,37.59383
1741036754,XAU,3280.00244,3480.916
1741037356,EUR,36.8731232,39.4578171
1741037356,USD,35.1705055,37.594677
1741037356,XAU,3283.25415,3484.049
1741038079,EUR,36.87325,39.460022
1741038079,USD,35.1689034,37.594326
1741038079,XAU,3282.224,3483.6394
