zaman,kur,alis,satis
1738271597,EUR,35.836216,38.4266052
1738271597,USD,34.5079231,36.9418678
1738271597,XAU,3108.044,3309.057
