zaman,kur,alis,satis
1743454993,EUR,39.81599,43.13115
1743454993,USD,36.8010979,39.87402
1743454993,XAU,3705.42261,3987.89917
1743456028,EUR,39.8144836,43.13076
1743456028,USD,36.8010979,39.87402
1743456028,XAU,3705.42261,3987.89917
1743456735,EUR,39.86326,43.1690178
1743456735,USD,36.8454971,39.916954
1743456735,XAU,3709.85938,3992.22754
1743457272,EUR,39.86854,43.1779861
1743457272,USD,36.8454971,39.916954
1743457272,XAU,3709.85938,3992.22754
