zaman,kur,alis,satis
1746738565,EUR,42.16484,44.63642
1746738565,USD,37.53401,39.8116341
1746738565,XAU,4009.25732,4207.68164
1746739531,EUR,42.0688744,44.5319824
1746739531,USD,37.44678,39.7196159
1746739531,XAU,4000.0166,4197.87
1746740063,EUR,42.07061,44.5387268
1746740063,USD,37.4466171,39.71975
1746740063,XAU,3999.99927,4197.88428
1746740602,EUR,42.0753975,44.5513077
1746740602,USD,37.4478073,39.7278442
1746740602,XAU,4000.12549,4198.747
