zaman,kur,alis,satis
1737579870,EUR,35.77541,38.36247
1737579870,USD,34.3884277,36.8190956
1737579870,XAU,3050.02539,3249.33545
1737580547,EUR,35.7761459,38.3678131
1737580547,USD,34.39151,36.8273354
1737580547,XAU,3050.02441,3249.8938
1737580887,EUR,35.773632,38.3648033
1737580887,USD,34.391468,36.8265152
1737580887,XAU,3048.82983,3248.73584
1737581247,EUR,35.76952,38.3608
1737581247,USD,34.39128,36.826664
1737581247,XAU,3048.09155,3248.06421
1737581748,EUR,35.76057,38.3616371
1737581748,USD,34.3874245,36.8312645
1737581748,XAU,3047.93335,3248.41479
1737581365,EUR,35.77058,38.3626
1737581365,USD,34.39128,36.826664
1737581365,XAU,3047.95532,3247.914
1737582270,EUR,35.7662048,38.3641434
1737582270,USD,34.3921623,36.832634
1737582270,XAU,3049.08813,3249.7373
1737582687,EUR,35.76766,38.36489
1737582687,USD,34.3928833,36.83266
1737582687,XAU,3048.91333,3249.72876
1737582869,EUR,35.7715569,38.36776
1737582869,USD,34.3942528,36.83266
1737582869,XAU,3049.204,3250.00537
1737582687,EUR,35.76766,38.36489
1737582687,USD,34.3928833,36.83266
1737582687,XAU,3048.91333,3249.72876
1737582687,EUR,35.76766,38.36489
1737582687,USD,34.3928833,36.83266
1737582687,XAU,3048.91333,3249.72876
