zaman,kur,alis,satis
1745442744,EUR,42.01408,44.7467957
1745442744,USD,37.0825958,39.5583763
1745442744,XAU,3941.33765,4164.56738
1745443577,EUR,42.011982,44.71354
1745443577,USD,37.0867767,39.555172
1745443577,XAU,3940.799,4163.295
1745444184,EUR,42.0139732,44.7229233
1745444184,USD,37.0871925,39.555954
1745444184,XAU,3940.843,4163.378
1745444543,EUR,42.01482,44.720108
1745444543,USD,37.0872726,39.5572243
1745444543,XAU,3940.85132,4163.5127
