zaman,kur,alis,satis
1737061842,EUR,35.1233063,37.703022
1737061842,USD,34.1478462,36.5770226
1737061842,XAU,2983.70483,3178.22217
