zaman,kur,alis,satis
1750886063,EUR,44.8840027,47.5737343
1750886063,USD,38.4399529,40.88539
1750886063,XAU,4120.949,4362.96
