zaman,kur,alis,satis
1743196580,EUR,39.6524963,43.05967
1743196580,USD,36.5685577,39.8458862
1743196580,XAU,3645.941,3921.099
