zaman,kur,alis,satis
1745788583,EUR,42.2623978,44.89257
1745788583,USD,37.0985,39.63277
1745788583,XAU,3970.787,4176.482
1745792061,EUR,42.2623978,44.89257
1745792061,USD,37.0985,39.63277
1745792061,XAU,3970.787,4176.482
1745793638,EUR,42.2623978,44.89257
1745793638,USD,37.0985,39.63277
1745793638,XAU,3970.787,4176.482
1745793938,EUR,42.2623978,44.89257
1745793938,USD,37.0985,39.63277
1745793938,XAU,3970.787,4176.482
1745810600,EUR,42.2623978,44.89257
1745810600,USD,37.0985,39.63277
1745810600,XAU,3970.787,4176.482
1745814083,EUR,42.2623978,44.89257
1745814083,USD,37.0985,39.63277
1745814083,XAU,3970.787,4176.482
