zaman,kur,alis,satis
1750799473,EUR,44.6154137,47.10513
1750799473,USD,38.3807259,40.6385574
1750799473,XAU,4084.277,4328.72852
1750800553,EUR,44.6186752,47.0824852
1750800553,USD,38.380825,40.6385574
1750800553,XAU,4084.2876,4328.72852
1750801032,EUR,44.6286659,47.09401
1750801032,USD,38.3792763,40.6385574
1750801032,XAU,4084.12354,4328.72852
1750801573,EUR,44.62732,47.09361
1750801573,USD,38.380825,40.6385574
1750801573,XAU,4084.2876,4328.72852
1750801699,EUR,44.62378,47.0932159
1750801699,USD,38.3777771,40.63856
1750801699,XAU,4083.9646,4328.72852
1750802178,EUR,44.6300659,47.1019554
1750802178,USD,38.3777771,40.63856
1750802178,XAU,4083.9646,4328.72852
1750803254,EUR,44.6325455,47.15711
1750803254,USD,38.3920975,40.7049141
1750803254,XAU,4106.53369,4334.17725
1750804273,EUR,44.6369247,47.1618576
1750804273,USD,38.3921471,40.704895
1750804273,XAU,4105.718,4333.395
1750805057,EUR,44.64115,47.1767
1750805057,USD,38.3944359,40.7163124
1750805057,XAU,4104.774,4333.37549
1750805352,EUR,44.6481323,47.184536
1750805352,USD,38.39503,40.71826
1750805352,XAU,4105.93652,4334.68457
1750805776,EUR,44.64499,47.1805573
1750805776,USD,38.39503,40.71826
1750805776,XAU,4105.33,4334.12158
1750806738,EUR,44.6493378,47.1830864
1750806738,USD,38.39269,40.7146149
1750806738,XAU,4106.73535,4335.39453
1750807751,EUR,44.6588554,47.1941757
1750807751,USD,38.391407,40.7145653
1750807751,XAU,4106.359,4335.06934
