zaman,kur,alis,satis
1744492344,EUR,41.71282,44.4888535
1744492344,USD,36.6753044,39.337738
1744492344,XAU,3833.57837,4051.15527
1744493130,EUR,41.7646141,44.5396538
1744493130,USD,36.7189026,39.3805733
1744493130,XAU,3838.57251,4056.07471
1744493540,EUR,41.76456,44.5395966
1744493540,USD,36.718853,39.3805237
1744493540,XAU,3838.56738,4056.06934
1744493835,EUR,41.76456,44.5395966
1744493835,USD,36.718853,39.3805237
1744493835,XAU,3838.56738,4056.06934
1744494333,EUR,41.76456,44.5395966
1744494333,USD,36.718853,39.3805237
1744494333,XAU,3838.56738,4056.06934
1744494632,EUR,41.76456,44.5395966
1744494632,USD,36.718853,39.3805237
1744494632,XAU,3838.56738,4056.06934
