zaman,kur,alis,satis
1740777983,EUR,36.41307,39.09077
1740777983,USD,35.10217,37.7312927
1740777983,XAU,3233.43359,3438.56885
