zaman,kur,alis,satis
1750454830,EUR,44.1737938,46.91932
1750454830,USD,38.2432,40.8708954
1750454830,XAU,4169.2583,4383.959
1750455190,EUR,44.1737938,46.91932
1750455190,USD,38.2432,40.8708954
1750455190,XAU,4169.2583,4383.959
1750455733,EUR,44.1737938,46.91932
1750455733,USD,38.2432,40.8708954
1750455733,XAU,4169.2583,4383.959
1750456092,EUR,44.1737938,46.91932
1750456092,USD,38.2432,40.8708954
1750456092,XAU,4169.2583,4383.959
1750456454,EUR,44.1737938,46.91932
1750456454,USD,38.2432,40.8708954
1750456454,XAU,4169.2583,4383.959
1750457174,EUR,44.1737938,46.91932
1750457174,USD,38.2432,40.8708954
1750457174,XAU,4169.2583,4383.959
1750458429,EUR,44.1737938,46.91932
1750458429,USD,38.2432,40.8708954
1750458429,XAU,4169.2583,4383.959
1750459750,EUR,44.1737938,46.91932
1750459750,USD,38.2432,40.8708954
1750459750,XAU,4169.2583,4383.959
1750460119,EUR,44.1737938,46.91932
1750460119,USD,38.2432,40.8708954
1750460119,XAU,4169.2583,4383.959
1750460895,EUR,44.1737938,46.91932
1750460895,USD,38.2432,40.8708954
1750460895,XAU,4169.2583,4383.959
1750462033,EUR,44.1737938,46.91932
1750462033,USD,38.2432,40.8708954
1750462033,XAU,4169.2583,4383.959
1750462631,EUR,44.1737938,46.91932
1750462631,USD,38.2432,40.8708954
1750462631,XAU,4169.2583,4383.959
1750463173,EUR,44.1737938,46.91932
1750463173,USD,38.2432,40.8708954
1750463173,XAU,4169.2583,4383.959
1750463430,EUR,44.1737938,46.91932
1750463430,USD,38.2432,40.8708954
1750463430,XAU,4169.2583,4383.959
1750463776,EUR,44.1737938,46.91932
1750463776,USD,38.2432,40.8708954
1750463776,XAU,4169.2583,4383.959
1750468696,EUR,44.1737938,46.91932
1750468696,USD,38.2432,40.8708954
1750468696,XAU,4169.2583,4383.959
1750474153,EUR,44.1737938,46.91932
1750474153,USD,38.2432,40.8708954
1750474153,XAU,4169.2583,4383.959
1750476923,EUR,44.1737938,46.91932
1750476923,USD,38.2432,40.8708954
1750476923,XAU,4169.2583,4383.959
1750478296,EUR,44.1737938,46.91932
1750478296,USD,38.2432,40.8708954
1750478296,XAU,4169.2583,4383.959
1750479553,EUR,44.1737938,46.91932
1750479553,USD,38.2432,40.8708954
1750479553,XAU,4169.2583,4383.959
1750480758,EUR,44.1737938,46.91932
1750480758,USD,38.2432,40.8708954
1750480758,XAU,4169.2583,4383.959
