zaman,kur,alis,satis
1738357846,EUR,35.58843,38.3565979
1738357846,USD,34.27644,36.9916153
1738357846,XAU,3095.61,3307.109
1738358487,EUR,35.58843,38.3565979
1738358487,USD,34.27644,36.9916153
1738358487,XAU,3095.61,3307.109
