zaman,kur,alis,satis
1744405940,EUR,41.6612053,44.4382362
1744405940,USD,36.6318626,39.295063
1744405940,XAU,3828.60156,4046.25342
