zaman,kur,alis,satis
1743629299,EUR,39.7815971,42.4429474
1743629299,USD,36.7897835,39.25475
1743629299,XAU,3717.40259,3931.48853
