zaman,kur,alis,satis
1737838855,EUR,36.021904,38.70744
1737838855,USD,34.2874222,36.9171753
1737838855,XAU,3068.7583,3273.16455
