zaman,kur,alis,satis
1741554053,EUR,38.058773,40.7692261
1741554053,USD,35.0349731,37.66811
1741554053,XAU,3294.257,3501.05933
1741554682,EUR,38.058773,40.7692261
1741554682,USD,35.0349731,37.66811
1741554682,XAU,3294.257,3501.05933
1741555401,EUR,38.058773,40.7692261
1741555401,USD,35.0349731,37.66811
1741555401,XAU,3294.257,3501.05933
1741555644,EUR,38.058773,40.7692261
1741555644,USD,35.0349731,37.66811
1741555644,XAU,3294.257,3501.05933
1741556141,EUR,38.058773,40.7692261
1741556141,USD,35.0349731,37.66811
1741556141,XAU,3294.257,3501.05933
1741556444,EUR,38.058773,40.7692261
1741556444,USD,35.0349731,37.66811
1741556444,XAU,3294.257,3501.05933
1741556841,EUR,38.058773,40.7692261
1741556841,USD,35.0349731,37.66811
1741556841,XAU,3294.257,3501.05933
1741557201,EUR,38.058773,40.7692261
1741557201,USD,35.0349731,37.66811
1741557201,XAU,3294.257,3501.05933
1741558166,EUR,38.058773,40.7692261
1741558166,USD,35.0349731,37.66811
1741558166,XAU,3294.257,3501.05933
1741559186,EUR,38.058773,40.7692261
1741559186,USD,35.0349731,37.66811
1741559186,XAU,3294.257,3501.05933
1741559841,EUR,38.058773,40.7692261
1741559841,USD,35.0349731,37.66811
1741559841,XAU,3294.257,3501.05933
