zaman,kur,alis,satis
1742160643,EUR,38.50915,41.2144432
1742160643,USD,35.31634,37.94177
1742160643,XAU,3407.65356,3615.534
1742160981,EUR,38.50915,41.2144432
1742160981,USD,35.31634,37.94177
1742160981,XAU,3407.65356,3615.534
1742161453,EUR,38.50915,41.2144432
1742161453,USD,35.31634,37.94177
1742161453,XAU,3407.65356,3615.534
1742161749,EUR,38.50915,41.2144432
1742161749,USD,35.31634,37.94177
1742161749,XAU,3407.65356,3615.534
1742162176,EUR,38.50915,41.2144432
1742162176,USD,35.31634,37.94177
1742162176,XAU,3407.65356,3615.534
1742162438,EUR,38.50915,41.2144432
1742162438,USD,35.31634,37.94177
1742162438,XAU,3407.65356,3615.534
1742163429,EUR,38.50915,41.2144432
1742163429,USD,35.31634,37.94177
1742163429,XAU,3407.65356,3615.534
1742164334,EUR,38.50915,41.2144432
1742164334,USD,35.31634,37.94177
1742164334,XAU,3407.65356,3615.534
1742164830,EUR,38.50915,41.2144432
1742164830,USD,35.31634,37.94177
1742164830,XAU,3407.65356,3615.534
1742165170,EUR,38.50915,41.2144432
1742165170,USD,35.31634,37.94177
1742165170,XAU,3407.65356,3615.534
1742165348,EUR,38.50915,41.2144432
1742165348,USD,35.31634,37.94177
1742165348,XAU,3407.65356,3615.534
