zaman,kur,alis,satis
1743368471,EUR,39.7522278,43.15615
1743368471,USD,36.65681,39.9312
1743368471,XAU,3655.56,3930.45068
