zaman,kur,alis,satis
1737407771,EUR,35.6945,38.2943
1737407771,USD,34.2857857,36.7282562
1737407771,XAU,2959.52661,3216.751
1737408253,EUR,35.6798019,38.279995
1737408253,USD,34.2858658,36.7282753
1737408253,XAU,2978.83154,3216.596
1737408667,EUR,35.6763153,38.2787323
1737408667,USD,34.2862358,36.7298164
1737408667,XAU,2959.41138,3197.26465
