zaman,kur,alis,satis
1736975173,EUR,35.1475677,37.7222748
1736975173,USD,34.1776924,36.60404
1736975173,XAU,2968.67456,3161.99854
