zaman,kur,alis,satis
1746050906,EUR,42.1842079,44.9190674
1746050906,USD,37.1365776,39.765
1746050906,XAU,3963.91675,4179.4126
1746054863,EUR,42.1842079,44.9190674
1746054863,USD,37.1365776,39.765
1746054863,XAU,3963.91675,4179.4126
