zaman,kur,alis,satis
1742677932,EUR,39.45419,42.4401627
1742677932,USD,36.41163,39.30134
1742677932,XAU,3558.81738,3795.92188
