zaman,kur,alis,satis
1750368195,EUR,44.0436058,46.7633972
1750368195,USD,38.26879,40.7425
1750368195,XAU,4105.28027,4448.23975
1750368797,EUR,44.0441322,46.75783
1750368797,USD,38.26788,40.7452774
1750368797,XAU,4105.183,4448.545
1750369275,EUR,44.04874,46.7663078
1750369275,USD,38.2681427,40.7453766
1750369275,XAU,4105.211,4448.55566
1750369702,EUR,44.0499725,46.7667923
1750369702,USD,38.2678528,40.74407
1750369702,XAU,4105.18,4448.41162
