zaman,kur,alis,satis
1742937375,EUR,39.772274,42.4782677
1742937375,USD,36.8525772,39.3669624
1742937375,XAU,3593.79932,3814.62354
1742938274,EUR,39.77151,42.4778824
1742938274,USD,36.85257,39.3669624
1742938274,XAU,3593.79834,3814.62354
1742938755,EUR,39.7707558,42.4775
1742938755,USD,36.85257,39.3669624
1742938755,XAU,3593.79834,3814.62354
1742939299,EUR,39.7722664,42.4778824
1742939299,USD,36.85257,39.3669624
1742939299,XAU,3593.79834,3814.62354
1742940134,EUR,39.7556152,42.4863625
1742940134,USD,36.83679,39.37696
1742940134,XAU,3594.60132,3811.419
1742940854,EUR,39.76284,42.48124
1742940854,USD,36.842083,39.3718567
1742940854,XAU,3597.517,3812.54028
1742942119,EUR,39.7533569,42.4770126
1742942119,USD,36.8367958,39.37186
1742942119,XAU,3595.0752,3810.52563
1742942593,EUR,39.75105,42.4724
1742942593,USD,36.8385048,39.37186
1742942593,XAU,3596.00537,3811.49
1742942901,EUR,39.7487,42.47201
1742942901,USD,36.8366737,39.37186
1742942901,XAU,3595.59741,3811.1438
1742943319,EUR,39.7439537,42.46663
1742943319,USD,36.8371735,39.37186
1742943319,XAU,3595.925,3811.453
1742943674,EUR,39.7494965,42.46073
1742943674,USD,36.8412628,39.3653221
1742943674,XAU,3596.40625,3811.12427
1742944521,EUR,39.74988,42.46149
1742944521,USD,36.84127,39.3653145
1742944521,XAU,3596.18848,3810.839
