zaman,kur,alis,satis
1746652162,EUR,42.30406,44.9927139
1746652162,USD,37.3645935,39.8286819
1746652162,XAU,4060.822,4280.869
1746653067,EUR,42.33623,45.02317
1746653067,USD,37.3822136,39.83578
1746653067,XAU,4061.71265,4280.67871
1746653544,EUR,42.3438873,45.0231667
1746653544,USD,37.3822136,39.83578
1746653544,XAU,4061.71313,4280.679
1746654039,EUR,42.3340454,45.02719
1746654039,USD,37.383667,39.84071
1746654039,XAU,4061.86987,4281.214
