zaman,kur,alis,satis
1741381944,EUR,37.9714279,40.6856651
1741381944,USD,34.95766,37.59413
1741381944,XAU,3286.23242,3493.33936
1741382837,EUR,38.0150528,40.7273941
1741382837,USD,34.996273,37.6310768
1741382837,XAU,3290.24023,3497.19482
1741383556,EUR,38.0150528,40.7273941
1741383556,USD,34.996273,37.6310768
1741383556,XAU,3290.24023,3497.19482
1741383978,EUR,38.0150528,40.7273941
1741383978,USD,34.996273,37.6310768
1741383978,XAU,3290.24023,3497.19482
1741384461,EUR,38.0150528,40.7273941
1741384461,USD,34.996273,37.6310768
1741384461,XAU,3290.24023,3497.19482
1741384754,EUR,38.0150528,40.7273941
1741384754,USD,34.996273,37.6310768
1741384754,XAU,3290.24023,3497.19482
1741385439,EUR,38.0150528,40.7273941
1741385439,USD,34.996273,37.6310768
1741385439,XAU,3290.24023,3497.19482
