zaman,kur,alis,satis
1751317866,EUR,45.4514961,48.1779633
1751317866,USD,38.5010452,40.96657
1751317866,XAU,4093.75659,4338.57471
