zaman,kur,alis,satis
1737061842,EUR,35.1233063,37.703022
1737061842,USD,34.1478462,36.5770226
1737061842,XAU,2983.70483,3178.22217
1737062543,EUR,35.1238556,37.7048073
1737062543,USD,34.1463356,36.5770226
1737062543,XAU,2981.64771,3176.813
1737062842,EUR,34.997242,37.58386
1737062842,USD,34.020443,36.4562759
1737062842,XAU,2970.93774,3166.54639
1737063263,EUR,35.0062256,37.59269
1737063263,USD,34.0200081,36.4562263
1737063263,XAU,2971.40527,3166.91919
1737063644,EUR,35.0064735,37.59305
1737063644,USD,34.01991,36.4562263
1737063644,XAU,2970.8916,3166.09644
1737063983,EUR,34.9996834,37.5884323
1737063983,USD,34.02078,36.4583
1737063983,XAU,2971.79736,3166.97437
1737064283,EUR,35.0024872,37.5926666
1737064283,USD,34.02045,36.45896
1737064283,XAU,2971.81421,3167.20386
1737064643,EUR,35.0094452,37.5976677
1737064643,USD,34.0194054,36.4562263
1737064643,XAU,2972.40771,3167.72974
1737065481,EUR,35.1089554,37.7105751
1737065481,USD,34.118042,36.56132
1737065481,XAU,2973.58716,3185.9668
1737066384,EUR,35.1081352,37.73372
1737066384,USD,34.1158867,36.585865
1737066384,XAU,2973.40015,3188.11865
1737066935,EUR,35.10218,37.7315826
1737066935,USD,34.1158867,36.585865
1737066935,XAU,2973.40015,3188.11865
1737067280,EUR,35.12516,37.7297
1737067280,USD,34.14092,36.5874977
1737067280,XAU,2975.57031,3188.262
1737067641,EUR,35.1262131,37.7286263
1737067641,USD,34.14092,36.5874977
1737067641,XAU,2975.57031,3188.262
1737068002,EUR,35.1431847,37.733284
1737068002,USD,34.1580772,36.59202
1737068002,XAU,2977.05786,3188.65845
