zaman,kur,alis,satis
1742851577,EUR,39.6956749,42.6120033
1742851577,USD,36.76453,39.4637871
1742851577,XAU,3569.43286,3810.33521
1742851840,EUR,39.70021,42.6150856
1742851840,USD,36.76454,39.4637871
1742851840,XAU,3569.434,3810.33521
1742852427,EUR,39.6975746,42.60646
1742852427,USD,36.76454,39.465435
1742852427,XAU,3569.434,3810.49585
1742852954,EUR,39.76009,42.6023331
1742852954,USD,36.8133659,39.4501953
1742852954,XAU,3574.142,3809.013
1742853378,EUR,39.762352,42.6031036
1742853378,USD,36.8133659,39.4501953
1742853378,XAU,3574.142,3809.013
1742853734,EUR,39.75224,42.611496
1742853734,USD,36.79981,39.45725
1742853734,XAU,3580.77612,3809.09033
1742854753,EUR,39.743557,42.5951424
1742854753,USD,36.8085327,39.4617424
1742854753,XAU,3581.63159,3808.49829
1742855833,EUR,39.7622032,42.6128769
1742855833,USD,36.8100853,39.4617424
1742855833,XAU,3580.13232,3806.689
1742856676,EUR,39.7613335,42.6151962
1742856676,USD,36.8071861,39.4617462
1742856676,XAU,3580.56787,3807.37134
