zaman,kur,alis,satis
1740085398,EUR,36.7869377,39.3847
1740085398,USD,35.04934,37.4844971
1740085398,XAU,3324.414,3529.701
1740086357,EUR,36.7690735,39.37117
1740086357,USD,35.0381432,37.47823
1740086357,XAU,3324.98853,3530.79883
1740086839,EUR,36.69105,39.29707
1740086839,USD,34.957,37.4007
1740086839,XAU,3317.306,3523.83862
1740087258,EUR,36.68873,39.2970123
1740087258,USD,34.9564934,37.40273
1740087258,XAU,3318.13428,3524.348
1740087560,EUR,36.6864967,39.2937126
1740087560,USD,34.95642,37.40063
1740087560,XAU,3317.9082,3524.10156
1740087979,EUR,36.686142,39.2880936
1740087979,USD,34.95574,37.39493
1740087979,XAU,3317.99414,3523.58423
1740088340,EUR,36.68188,39.2789841
1740088340,USD,34.95305,37.38695
1740088340,XAU,3317.47559,3522.651
1740089477,EUR,36.7688866,39.4103966
1740089477,USD,35.048584,37.5134964
1740089477,XAU,3324.11475,3551.24658
1740090500,EUR,36.7793427,39.3961029
1740090500,USD,35.05786,37.50267
1740090500,XAU,3324.98853,3550.214
1740091160,EUR,36.77618,39.3912735
1740091160,USD,35.05793,37.5026
1740091160,XAU,3324.995,3550.20728
1740091462,EUR,36.77942,39.3920059
1740091462,USD,35.05793,37.5026
1740091462,XAU,3324.995,3550.20728
