zaman,kur,alis,satis
1751231356,EUR,45.2081,47.9624062
1751231356,USD,38.48507,41.1100349
1751231356,XAU,4072.549,4284.898
