zaman,kur,alis,satis
1743109874,EUR,39.73622,42.4381027
1743109874,USD,36.7901878,39.30513
1743109874,XAU,3622.52954,3845.183
1743110835,EUR,39.53271,42.2551765
1743110835,USD,36.61597,39.14529
1743110835,XAU,3605.497,3829.42432
1743111435,EUR,39.54052,42.24494
1743111435,USD,36.62355,39.1389961
1743111435,XAU,3606.238,3828.80371
