zaman,kur,alis,satis
1751145011,EUR,45.1500664,47.90661
1751145011,USD,38.43818,41.06497
1751145011,XAU,4067.12549,4279.66553
