zaman,kur,alis,satis
1739221583,EUR,35.79138,38.3663673
1739221583,USD,34.7619972,37.1874161
1739221583,XAU,3260.72119,3461.97778
1739222532,EUR,35.78724,38.362236
1739222532,USD,34.7604,37.18552
1739222532,XAU,3260.62964,3461.78833
1739222831,EUR,35.7875938,38.362236
1739222831,USD,34.7604,37.18552
1739222831,XAU,3260.27441,3461.50879
