zaman,kur,alis,satis
1750713387,EUR,44.40899,47.205574
1750713387,USD,38.292347,40.84243
1750713387,XAU,4152.476,4407.34668
1750714161,EUR,44.45957,47.1932564
1750714161,USD,38.3370628,40.8317871
1750714161,XAU,4157.302,4406.19238
1750714703,EUR,44.45851,47.1914024
1750714703,USD,38.337162,40.83019
1750714703,XAU,4157.3125,4406.01855
1750715066,EUR,44.45773,47.193
1750715066,USD,38.337162,40.83019
1750715066,XAU,4157.3125,4406.01855
1750715440,EUR,44.4569435,47.1890068
1750715440,USD,38.337162,40.83019
1750715440,XAU,4157.3125,4406.01855
1750715734,EUR,44.4526253,47.191803
1750715734,USD,38.337162,40.83019
1750715734,XAU,4157.3125,4406.01855
1750716944,EUR,44.5232353,47.27291
1750716944,USD,38.3384933,40.8467865
1750716944,XAU,4144.91553,4394.314
1750718003,EUR,44.5281143,47.2863655
1750718003,USD,38.3372879,40.85254
1750718003,XAU,4147.1333,4397.723
1750718666,EUR,44.5210571,47.2729836
1750718666,USD,38.3372955,40.8468475
1750718666,XAU,4143.4,4393.30762
1750719147,EUR,44.5049629,47.22594
1750719147,USD,38.3376274,40.8210678
1750719147,XAU,4143.64941,4390.712
1750719504,EUR,44.5147743,47.2667427
1750719504,USD,38.3376274,40.8486977
1750719504,XAU,4141.83252,4391.504
1750720240,EUR,44.53654,47.2588768
1750720240,USD,38.339817,40.8240051
1750720240,XAU,4141.287,4388.05371
