zaman,kur,alis,satis
1746565704,EUR,42.47077,45.1861267
1746565704,USD,37.32959,39.7912636
1746565704,XAU,4142.75537,4363.34229
1746567337,EUR,42.51997,45.2112656
1746567337,USD,37.3439369,39.8000374
1746567337,XAU,4144.3335,4364.31348
