zaman,kur,alis,satis
1738962753,EUR,35.69642,38.3739052
1738962753,USD,34.5320854,37.1630669
1738962753,XAU,3192.15015,3402.36328
