zaman,kur,alis,satis
1739135297,EUR,35.7828865,38.4567146
1739135297,USD,34.612442,37.24005
1739135297,XAU,3200.3125,3410.235
1739136133,EUR,35.7828865,38.4567146
1739136133,USD,34.612442,37.24005
1739136133,XAU,3200.3125,3410.235
1739136433,EUR,35.7828865,38.4567146
1739136433,USD,34.612442,37.24005
1739136433,XAU,3200.3125,3410.235
1739136737,EUR,35.7828865,38.4567146
1739136737,USD,34.612442,37.24005
1739136737,XAU,3200.3125,3410.235
