zaman,kur,alis,satis
1744059650,EUR,40.06289,42.7888641
1744059650,USD,36.7307243,39.231987
1744059650,XAU,3530.71313,3744.67041
1744060840,EUR,40.1047249,42.77018
1744060840,USD,36.76357,39.23032
1744060840,XAU,3534.321,3745.08862
1744061656,EUR,40.124485,42.79249
1744061656,USD,36.7685623,39.2353134
1744061656,XAU,3534.798,3745.569
1744062144,EUR,40.12712,42.7967072
1744062144,USD,36.7685623,39.2353134
1744062144,XAU,3534.798,3745.569
1744062434,EUR,40.12712,42.79632
1744062434,USD,36.7685623,39.2353134
1744062434,XAU,3534.798,3745.569
1744062739,EUR,40.1327744,42.8005371
1744062739,USD,36.7685623,39.2353134
1744062739,XAU,3534.798,3745.569
1744063155,EUR,40.13428,42.8082
1744063155,USD,36.7685623,39.2353134
1744063155,XAU,3534.798,3745.569
1744063993,EUR,40.16036,42.80254
1744063993,USD,36.7907372,39.24312
1744063993,XAU,3535.92139,3746.92358
