zaman,kur,alis,satis
1744492344,EUR,41.71282,44.4888535
1744492344,USD,36.6753044,39.337738
1744492344,XAU,3833.57837,4051.15527
