zaman,kur,alis,satis
1739221583,EUR,35.79138,38.3663673
1739221583,USD,34.7619972,37.1874161
1739221583,XAU,3260.72119,3461.97778
