zaman,kur,alis,satis
1752268518,EUR,45.40121,48.1628036
1752268518,USD,38.7186241,41.3499641
1752268518,XAU,4209.90967,4425.07861
