zaman,kur,alis,satis
1750281369,EUR,43.9060135,46.57995
1750281369,USD,38.1898537,40.6329842
1750281369,XAU,4142.73535,4385.38672
1750282146,EUR,43.95467,46.6235847
1750282146,USD,38.2368736,40.6762733
1750282146,XAU,4148.32666,4390.57471
