zaman,kur,alis,satis
1739567597,EUR,36.5463524,39.2315979
1739567597,USD,34.7802849,37.409214
1739567597,XAU,3238.817,3444.50415
