zaman,kur,alis,satis
1746565704,EUR,42.47077,45.1861267
1746565704,USD,37.32959,39.7912636
1746565704,XAU,4142.75537,4363.34229
1746567337,EUR,42.51997,45.2112656
1746567337,USD,37.3439369,39.8000374
1746567337,XAU,4144.3335,4364.31348
1746567680,EUR,42.5123,45.19843
1746567680,USD,37.34493,39.8000336
1746567680,XAU,4144.44238,4364.31348
1746567934,EUR,42.51383,45.19843
1746567934,USD,37.34493,39.8000336
1746567934,XAU,4144.44238,4364.31348
1746568401,EUR,42.522625,45.2073746
1746568401,USD,37.34493,39.8000336
1746568401,XAU,4144.44238,4364.31348
1746568702,EUR,42.5358162,45.20736
1746568702,USD,37.35653,39.8000221
1746568702,XAU,4145.71826,4364.312
1746569662,EUR,42.4052277,45.0731964
1746569662,USD,37.349678,39.8000145
1746569662,XAU,4115.52246,4340.299
1746570744,EUR,42.3898239,45.0514069
1746570744,USD,37.3512726,39.7962265
1746570744,XAU,4093.53516,4313.181
1746571280,EUR,42.417366,45.0809135
1746571280,USD,37.3512726,39.79688
1746571280,XAU,4103.1416,4321.52832
