zaman,kur,alis,satis
1740171804,EUR,36.70001,39.38909
1740171804,USD,35.0500565,37.68476
1740171804,XAU,3330.06543,3539.976
1740172542,EUR,36.70001,39.38909
1740172542,USD,35.0500565,37.68476
1740172542,XAU,3330.06543,3539.976
