zaman,kur,alis,satis
1737838855,EUR,36.021904,38.70744
1737838855,USD,34.2874222,36.9171753
1737838855,XAU,3068.7583,3273.16455
1737839776,EUR,36.021904,38.70744
1737839776,USD,34.2874222,36.9171753
1737839776,XAU,3068.7583,3273.16455
1737840325,EUR,36.0678368,38.75154
1737840325,USD,34.32982,36.9578552
1737840325,XAU,3072.90747,3277.169
1737840325,EUR,36.0678368,38.75154
1737840325,USD,34.32982,36.9578552
1737840325,XAU,3072.90747,3277.169
1737841035,EUR,36.0677872,38.7514877
1737841035,USD,34.3297729,36.95781
1737841035,XAU,3072.903,3277.16455
1737841229,EUR,36.0677872,38.7514877
1737841229,USD,34.3297729,36.95781
1737841229,XAU,3072.903,3277.16455
1737841576,EUR,36.0677872,38.7514877
1737841576,USD,34.3297729,36.95781
1737841576,XAU,3072.903,3277.16455
1737842055,EUR,36.0677872,38.7514877
1737842055,USD,34.3297729,36.95781
1737842055,XAU,3072.903,3277.16455
1737842716,EUR,36.0677872,38.7514877
1737842716,USD,34.3297729,36.95781
1737842716,XAU,3072.903,3277.16455
1737843733,EUR,36.0677872,38.7514877
1737843733,USD,34.3297729,36.95781
1737843733,XAU,3072.903,3277.16455
1737844524,EUR,36.0677872,38.7514877
1737844524,USD,34.3297729,36.95781
1737844524,XAU,3072.903,3277.16455
1737844833,EUR,36.0677872,38.7514877
1737844833,USD,34.3297729,36.95781
1737844833,XAU,3072.903,3277.16455
1737845234,EUR,36.0677872,38.7514877
1737845234,USD,34.3297729,36.95781
1737845234,XAU,3072.903,3277.16455
1737845657,EUR,36.0677872,38.7514877
1737845657,USD,34.3297729,36.95781
1737845657,XAU,3072.903,3277.16455
1737845835,EUR,36.0677872,38.7514877
1737845835,USD,34.3297729,36.95781
1737845835,XAU,3072.903,3277.16455
