zaman,kur,alis,satis
1741469244,EUR,38.058773,40.7692261
1741469244,USD,35.0349731,37.66811
1741469244,XAU,3294.257,3501.05933
1741469664,EUR,38.058773,40.7692261
1741469664,USD,35.0349731,37.66811
1741469664,XAU,3294.257,3501.05933
