zaman,kur,alis,satis
1744319658,EUR,41.2500534,43.9259758
1744319658,USD,36.8066025,39.26489
1744319658,XAU,3773.78735,3985.892
1744320376,EUR,41.1505241,43.8309937
1744320376,USD,36.7207222,39.1828079
1744320376,XAU,3765.05029,3977.49
1744320856,EUR,41.14538,43.8291779
1744320856,USD,36.72117,39.1887
1744320856,XAU,3765.09546,3978.093
1744321157,EUR,41.16557,43.8492355
1744321157,USD,36.73517,39.1990967
1744321157,XAU,3766.52,3979.15723
1744321458,EUR,41.1562233,43.8431129
1744321458,USD,36.73254,39.1991
1744321458,XAU,3766.25244,3979.15747
1744321876,EUR,41.16039,43.84464
1744321876,USD,36.73458,39.1990967
1744321876,XAU,3766.46021,3979.15723
1744322297,EUR,41.1555977,43.84694
1744322297,USD,36.73467,39.1990967
1744322297,XAU,3766.46924,3979.15723
1744323331,EUR,41.22184,43.91056
1744323331,USD,36.716877,39.1937027
1744323331,XAU,3770.42725,3983.75952
1744324396,EUR,41.21214,43.89894
1744324396,USD,36.7186279,39.192215
1744324396,XAU,3770.59351,3983.64429
1744324839,EUR,41.21291,43.8985519
1744324839,USD,36.7199821,39.1922073
1744324839,XAU,3777.7334,3990.39722
1744325234,EUR,41.2220459,43.90927
1744325234,USD,36.7187424,39.192215
1744325234,XAU,3779.202,3992.735
1744325542,EUR,41.28537,43.9771652
1744325542,USD,36.7171669,39.1937
1744325542,XAU,3778.23047,3992.23584
1744326383,EUR,41.24992,43.9054146
1744326383,USD,36.73018,39.17581
1744326383,XAU,3783.672,3994.27222
1744327528,EUR,41.2578239,43.9128075
1744327528,USD,36.74259,39.1871758
1744327528,XAU,3777.98267,3988.21924
1744327996,EUR,41.29106,43.94635
1744327996,USD,36.7447,39.18944
1744327996,XAU,3781.97388,3992.155
1744328437,EUR,41.3181534,43.98606
1744328437,USD,36.73162,39.1873169
1744328437,XAU,3781.82349,3993.09277
1744328834,EUR,41.2752724,43.9423981
1744328834,USD,36.73164,39.1869469
1744328834,XAU,3781.41455,3992.50146
1744329076,EUR,41.3189468,43.98456
1744329076,USD,36.73165,39.1869965
1744329076,XAU,3783.207,3994.32837
1744329649,EUR,41.3991432,44.06407
1744329649,USD,36.73169,39.1845474
1744329649,XAU,3783.42725,3994.198
1744334779,EUR,41.59109,44.2599373
1744334779,USD,36.7350349,39.1885529
1744334779,XAU,3807.88,4019.361
