zaman,kur,alis,satis
1743715638,EUR,40.63555,43.2699547
1743715638,USD,36.7572365,39.191803
1743715638,XAU,3695.09668,3903.59985
