zaman,kur,alis,satis
1745529037,EUR,42.40023,45.01195
1745529037,USD,37.2059135,39.5813141
1745529037,XAU,4001.74927,4245.214
