zaman,kur,alis,satis
1744232955,EUR,40.2618675,42.90144
1744232955,USD,36.7597847,39.2005959
1744232955,XAU,3658.82324,3867.91
1744233792,EUR,40.2454643,42.913784
1744233792,USD,36.73995,39.2048149
1744233792,XAU,3655.94849,3867.457
1744234336,EUR,40.23718,42.91331
1744234336,USD,36.7399445,39.2085762
1744234336,XAU,3655.94849,3867.8313
1744234754,EUR,40.2334137,42.9163742
1744234754,USD,36.7399445,39.2085762
1744234754,XAU,3655.94849,3867.8313
