zaman,kur,alis,satis
1740085398,EUR,36.7869377,39.3847
1740085398,USD,35.04934,37.4844971
1740085398,XAU,3324.414,3529.701
