zaman,kur,alis,satis
1739912450,EUR,36.5752373,39.1580849
1739912450,USD,35.034,37.45855
1739912450,XAU,3320.06616,3521.73047
