zaman,kur,alis,satis
1751058982,EUR,45.09218,47.850956
1751058982,USD,38.3914032,41.02002
1751058982,XAU,4061.71558,4274.44629
1751059759,EUR,45.1500664,47.90661
1751059759,USD,38.43818,41.06497
1751059759,XAU,4067.12549,4279.66553
1751060300,EUR,45.1500664,47.90661
1751060300,USD,38.43818,41.06497
1751060300,XAU,4067.12549,4279.66553
