zaman,kur,alis,satis
1737321022,EUR,35.02187,37.6916733
1737321022,USD,34.065403,36.69283
1737321022,XAU,2972.47485,3170.50024
