zaman,kur,alis,satis
1739998858,EUR,36.5025978,39.0831261
1739998858,USD,35.04009,37.4641151
1739998858,XAU,3319.5752,3521.37573
1739999728,EUR,36.5031548,39.08587
1739999728,USD,35.040966,37.4663963
1739999728,XAU,3320.7207,3522.67261
