zaman,kur,alis,satis
1739826036,EUR,36.6608658,39.2455177
1739826036,USD,34.9906349,37.41445
1739826036,XAU,3172.40649,3684.18823
