zaman,kur,alis,satis
1740344588,EUR,36.7887459,39.4742126
1740344588,USD,35.13157,37.76287
1740344588,XAU,3338.573,3548.17529
1740345373,EUR,36.7887459,39.4742126
1740345373,USD,35.13157,37.76287
1740345373,XAU,3338.573,3548.17529
1740346524,EUR,36.7887459,39.4742126
1740346524,USD,35.13157,37.76287
1740346524,XAU,3338.573,3548.17529
1740346986,EUR,36.7887459,39.4742126
1740346986,USD,35.13157,37.76287
1740346986,XAU,3338.573,3548.17529
1740347531,EUR,36.7887459,39.4742126
1740347531,USD,35.13157,37.76287
1740347531,XAU,3338.573,3548.17529
1740347889,EUR,36.7887459,39.4742126
1740347889,USD,35.13157,37.76287
1740347889,XAU,3338.573,3548.17529
1740348549,EUR,36.7887459,39.4742126
1740348549,USD,35.13157,37.76287
1740348549,XAU,3338.573,3548.17529
1740349630,EUR,36.7887459,39.4742126
1740349630,USD,35.13157,37.76287
1740349630,XAU,3338.573,3548.17529
1740350827,EUR,36.7887459,39.4742126
1740350827,USD,35.13157,37.76287
1740350827,XAU,3338.573,3548.17529
1740351253,EUR,36.7887459,39.4742126
1740351253,USD,35.13157,37.76287
1740351253,XAU,3338.573,3548.17529
1740351490,EUR,36.7887459,39.4742126
1740351490,USD,35.13157,37.76287
1740351490,XAU,3338.573,3548.17529
1740352390,EUR,36.7887459,39.4742126
1740352390,USD,35.13157,37.76287
1740352390,XAU,3338.573,3548.17529
1740353118,EUR,36.7887459,39.4742126
1740353118,USD,35.13157,37.76287
1740353118,XAU,3338.573,3548.17529
1740353468,EUR,36.7887459,39.4742126
1740353468,USD,35.13157,37.76287
1740353468,XAU,3338.573,3548.17529
1740353947,EUR,36.7887459,39.4742126
1740353947,USD,35.13157,37.76287
1740353947,XAU,3338.573,3548.17529
