zaman,kur,alis,satis
1752010023,EUR,45.5507965,48.236557
1752010023,USD,38.77857,41.21601
1752010023,XAU,4112.249,4365.019
1752010624,EUR,45.5519867,48.2353477
1752010624,USD,38.77857,41.21601
1752010624,XAU,4112.249,4365.019
1752011044,EUR,45.5486832,48.23293
1752011044,USD,38.7787971,41.21601
1752011044,XAU,4112.27344,4365.019
1752011343,EUR,45.5414467,48.2264824
1752011343,USD,38.778717,41.21601
1752011343,XAU,4112.26465,4365.019
1752011823,EUR,45.5438271,48.23132
1752011823,USD,38.778717,41.21601
1752011823,XAU,4112.26465,4365.019
1752012727,EUR,45.5573273,48.2278252
1752012727,USD,38.7787247,41.2116547
1752012727,XAU,4124.51465,4365.006
