zaman,kur,alis,satis
1741123568,EUR,37.3728561,39.96601
1741123568,USD,35.1866646,37.6107864
1741123568,XAU,3308.23853,3509.84521
1741123990,EUR,37.3703156,39.9648056
1741123990,USD,35.1897125,37.6148338
1741123990,XAU,3309.61353,3511.33447
1741124346,EUR,37.360508,39.9539528
1741124346,USD,35.1842155,37.6084175
1741124346,XAU,3308.36938,3509.988
1741124768,EUR,37.35964,39.95267
1741124768,USD,35.1854362,37.61032
1741124768,XAU,3310.44458,3512.149
1741125185,EUR,37.3600845,39.9559059
1741125185,USD,35.1848373,37.61129
1741125185,XAU,3311.16553,3513.04248
1741125545,EUR,37.38961,39.98237
1741125545,USD,35.193264,37.6182365
1741125545,XAU,3312.44043,3515.053
1741126264,EUR,37.3943,40.02425
1741126264,USD,35.2116127,37.65938
1741126264,XAU,3305.22461,3522.28345
