zaman,kur,alis,satis
1742169874,USD,35.4827,37.8697
1742169874,EUR,38.5954,41.1917
1742169874,GBP,45.8653,48.9507
1742169874,CHF,40.0819,42.7782
1742169874,JPY,23.9094,25.5179
1742169874,DKK,5.17413,5.52219
1742169874,SEK,3.50342,3.73909
1742169874,NOK,3.32985,3.55384
1742169874,CAD,24.6521,26.3105
1742169874,AUD,22.42452,23.93302
1742169874,XAU,3381.425893,3870.677888
1742175000,USD,35.4827,37.8697
1742175000,EUR,38.5954,41.1917
1742175000,GBP,45.8653,48.9507
1742175000,CHF,40.0819,42.7782
1742175000,JPY,23.9094,25.5179
1742175000,DKK,5.17413,5.52219
1742175000,SEK,3.50342,3.73909
1742175000,NOK,3.32985,3.55384
1742175000,CAD,24.6521,26.3105
1742175000,AUD,22.42452,23.93302
1742175000,XAU,3381.425893,3870.677888
1742179506,USD,35.4827,37.8697
1742179506,EUR,38.5954,41.1917
1742179506,GBP,45.8653,48.9507
1742179506,CHF,40.0819,42.7782
1742179506,JPY,23.9094,25.5179
1742179506,DKK,5.17413,5.52219
1742179506,SEK,3.50342,3.73909
1742179506,NOK,3.32985,3.55384
1742179506,CAD,24.6521,26.3105
1742179506,AUD,22.42452,23.93302
1742179506,XAU,3381.425893,3870.677888
