zaman,kur,alis,satis
1714741405,USD,31.6495,32.9459
1714741405,EUR,34.159,35.5583
1714741405,GBP,39.8958,41.5301
1714741405,CHF,35.0558,36.4918
1714741405,JPY,20.7937,21.6454
1714741405,DKK,4.58067,4.76831
1714741405,SEK,2.94124,3.06172
1714741405,NOK,2.92089,3.04054
1714741405,CAD,23.2264,24.1778
1714741405,AUD,21.00111,21.8614
1714741405,XAU,2337.307094,2454.713055
1714741603,USD,31.6475,32.9438
1714741603,EUR,34.1375,35.5359
1714741603,GBP,39.8636,41.4966
1714741603,CHF,35.0279,36.4628
1714741603,JPY,20.7721,21.6229
1714741603,DKK,4.57787,4.76541
1714741603,SEK,2.93747,3.0578
1714741603,NOK,2.91662,3.0361
1714741603,CAD,23.2109,24.1617
1714741603,AUD,20.98427,21.84387
1714741603,XAU,2339.217456,2456.719378
1714742442,USD,31.6483,32.9446
1714742442,EUR,34.1391,35.5375
1714742442,GBP,39.8406,41.4726
1714742442,CHF,35.0323,36.4674
1714742442,JPY,20.7516,21.6018
1714742442,DKK,4.57832,4.76586
1714742442,SEK,2.93571,3.05597
1714742442,NOK,2.9181,3.03764
1714742442,CAD,23.2108,24.1616
1714742442,AUD,20.98868,21.84847
1714742442,XAU,2335.311944,2452.617688
