zaman,kur,alis,satis
1751241635,USD,38.706,41.0624
1751241635,EUR,45.3486,48.1094
1751241635,GBP,53.0725,56.3036
1751241635,CHF,48.4119,51.3592
1751241635,JPY,26.7147,28.341
1751241635,DKK,6.07922,6.44931
1751241635,SEK,4.07762,4.32586
1751241635,NOK,3.8377,4.07135
1751241635,CAD,28.3508,30.0768
1751241635,AUD,25.26131,26.79921
1751241635,XAU,4022.254864,4604.227169
1751248099,USD,38.706,41.0624
1751248099,EUR,45.3486,48.1094
1751248099,GBP,53.0725,56.3036
1751248099,CHF,48.4119,51.3592
1751248099,JPY,26.7147,28.341
1751248099,DKK,6.07922,6.44931
1751248099,SEK,4.07762,4.32586
1751248099,NOK,3.8377,4.07135
1751248099,CAD,28.3508,30.0768
1751248099,AUD,25.26131,26.79921
1751248099,XAU,4022.254864,4604.227169
1751253443,USD,38.706,41.0624
1751253443,EUR,45.3486,48.1094
1751253443,GBP,53.0725,56.3036
1751253443,CHF,48.4119,51.3592
1751253443,JPY,26.7147,28.341
1751253443,DKK,6.07922,6.44931
1751253443,SEK,4.07762,4.32586
1751253443,NOK,3.8377,4.07135
1751253443,CAD,28.3508,30.0768
1751253443,AUD,25.26131,26.79921
1751253443,XAU,4022.254864,4604.227169
1751256210,USD,38.706,41.0624
1751256210,EUR,45.3486,48.1094
1751256210,GBP,53.0725,56.3036
1751256210,CHF,48.4119,51.3592
1751256210,JPY,26.7147,28.341
1751256210,DKK,6.07922,6.44931
1751256210,SEK,4.07762,4.32586
1751256210,NOK,3.8377,4.07135
1751256210,CAD,28.3508,30.0768
1751256210,AUD,25.26131,26.79921
1751256210,XAU,4022.254864,4604.227169
1751258375,USD,38.706,41.0624
1751258375,EUR,45.3486,48.1094
1751258375,GBP,53.0725,56.3036
1751258375,CHF,48.4119,51.3592
1751258375,JPY,26.7147,28.341
1751258375,DKK,6.07922,6.44931
1751258375,SEK,4.07762,4.32586
1751258375,NOK,3.8377,4.07135
1751258375,CAD,28.3508,30.0768
1751258375,AUD,25.26131,26.79921
1751258375,XAU,4022.254864,4604.227169
