zaman,kur,alis,satis
1746046834,USD,37.3236,39.5959
1746046834,USD,37.3236,39.5959
1746046834,EUR,42.3938,44.9746
1746046834,EUR,42.3938,44.9746
1746046834,GBP,49.8009,52.8327
1746046834,GBP,49.8009,52.8327
1746046834,CHF,45.388,48.1511
1746046834,CHF,45.388,48.1511
1746046834,JPY,26.1542,27.7464
1746046834,JPY,26.1542,27.7464
1746046834,DKK,5.67986,6.02566
1746046834,DKK,5.67986,6.02566
1746046834,SEK,3.86581,4.10116
1746046834,SEK,3.86581,4.10116
1746046834,NOK,3.59797,3.81702
1746046834,NOK,3.59797,3.81702
1746046834,CAD,27.0214,28.6664
1746046834,CAD,27.0214,28.6664
1746046834,AUD,23.85367,25.30585
1746046834,AUD,23.85367,25.30585
1746046834,XAU,3909.822986,4475.527738
