zaman,kur,alis,satis
1739480537,USD,34.9287,37.2782
1739480537,USD,34.9287,37.2782
1739480537,EUR,36.3194,38.7627
1739480537,EUR,36.3194,38.7627
1739480537,GBP,43.5866,46.5188
1739480537,GBP,43.5866,46.5188
1739480537,CHF,38.4911,41.0805
1739480537,CHF,38.4911,41.0805
1739480537,JPY,22.7639,24.2952
1739480537,JPY,22.7639,24.2952
1739480537,DKK,4.87021,5.19782
1739480537,DKK,4.87021,5.19782
1739480537,SEK,3.22772,3.44485
1739480537,SEK,3.22772,3.44485
1739480537,NOK,3.10733,3.31635
1739480537,NOK,3.10733,3.31635
1739480537,CAD,24.4779,26.1246
1739480537,CAD,24.4779,26.1246
1739480537,AUD,21.89278,23.3655
1739480537,AUD,21.89278,23.3655
1739480537,XAU,3233.108227,3700.900425
