zaman,kur,alis,satis
1742688268,USD,36.2081,39.2255
1742688268,EUR,39.1736,42.438
1742688268,GBP,46.77,50.6675
1742688268,CHF,40.9965,44.4129
1742688268,JPY,24.2731,26.2958
1742688268,DKK,5.25189,5.68955
1742688268,SEK,3.57707,3.87515
1742688268,NOK,3.43925,3.72586
1742688268,CAD,25.2427,27.3463
1742688268,AUD,22.70974,24.60222
1742688268,XAU,3509.769807,4021.611237
