zaman,kur,alis,satis
1746144006,USD,37.4134,39.7276
1746144006,EUR,42.2285,44.8406
1746144006,GBP,49.6363,52.7066
1746144006,CHF,45.1253,47.9166
1746144006,JPY,25.7402,27.3324
1746144006,DKK,5.65986,6.00996
1746144006,SEK,3.84338,4.08112
1746144006,NOK,3.59302,3.81527
1746144006,CAD,27.0074,28.678
1746144006,AUD,23.866,25.34225
1746144006,XAU,3857.947719,4420.565095
