zaman,kur,alis,satis
1752010160,USD,38.8412,41.2057
1752010160,USD,38.8412,41.2057
1752010160,EUR,45.416,48.1809
1752010160,EUR,45.416,48.1809
1752010160,GBP,52.6068,55.8095
1752010160,GBP,52.6068,55.8095
1752010160,CHF,48.7001,51.6649
1752010160,CHF,48.7001,51.6649
1752010160,JPY,26.4463,28.0562
1752010160,JPY,26.4463,28.0562
1752010160,DKK,6.08763,6.45824
1752010160,DKK,6.08763,6.45824
1752010160,SEK,4.06686,4.31444
1752010160,SEK,4.06686,4.31444
1752010160,NOK,3.83658,4.07015
1752010160,NOK,3.83658,4.07015
1752010160,CAD,28.383,30.1108
1752010160,CAD,28.383,30.1108
1752010160,AUD,25.29824,26.83838
1752010160,AUD,25.29824,26.83838
1752010160,SAR,10.35653,10.98703
1752010160,SAR,10.35653,10.98703
1752010160,XAU,4053.751641,4640.281153
1752010802,USD,38.8412,41.2057
1752010802,USD,38.8412,41.2057
1752010802,EUR,45.416,48.1809
1752010802,EUR,45.416,48.1809
1752010802,GBP,52.6068,55.8095
1752010802,GBP,52.6068,55.8095
1752010802,CHF,48.7001,51.6649
1752010802,CHF,48.7001,51.6649
1752010802,JPY,26.4463,28.0562
1752010802,JPY,26.4463,28.0562
1752010802,DKK,6.08763,6.45824
1752010802,DKK,6.08763,6.45824
1752010802,SEK,4.06686,4.31444
1752010802,SEK,4.06686,4.31444
1752010802,NOK,3.83658,4.07015
1752010802,NOK,3.83658,4.07015
1752010802,CAD,28.383,30.1108
1752010802,CAD,28.383,30.1108
1752010802,AUD,25.29824,26.83838
1752010802,AUD,25.29824,26.83838
1752010802,SAR,10.35653,10.98703
1752010802,SAR,10.35653,10.98703
1752010802,XAU,4053.751641,4640.281153
1752011233,USD,38.8412,41.2057
1752011233,USD,38.8412,41.2057
1752011233,EUR,45.416,48.1809
1752011233,EUR,45.416,48.1809
1752011233,GBP,52.6068,55.8095
1752011233,GBP,52.6068,55.8095
1752011233,CHF,48.7001,51.6649
1752011233,CHF,48.7001,51.6649
1752011233,JPY,26.4463,28.0562
1752011233,JPY,26.4463,28.0562
1752011233,DKK,6.08763,6.45824
1752011233,DKK,6.08763,6.45824
1752011233,SEK,4.06686,4.31444
1752011233,SEK,4.06686,4.31444
1752011233,NOK,3.83658,4.07015
1752011233,NOK,3.83658,4.07015
1752011233,CAD,28.383,30.1108
1752011233,CAD,28.383,30.1108
1752011233,AUD,25.29824,26.83838
1752011233,AUD,25.29824,26.83838
1752011233,SAR,10.35653,10.98703
1752011233,SAR,10.35653,10.98703
1752011233,XAU,4053.751641,4640.281153
