zaman,kur,alis,satis
1745961319,USD,37.3113,39.5827
1745961319,USD,37.3113,39.5827
1745961319,EUR,42.4685,45.0541
1745961319,EUR,42.4685,45.0541
1745961319,GBP,49.9529,52.9939
1745961319,GBP,49.9529,52.9939
1745961319,CHF,45.2712,48.0273
1745961319,CHF,45.2712,48.0273
1745961319,JPY,26.2107,27.8064
1745961319,JPY,26.2107,27.8064
1745961319,DKK,5.6903,6.03672
1745961319,DKK,5.6903,6.03672
1745961319,SEK,3.87393,4.10978
1745961319,SEK,3.87393,4.10978
1745961319,NOK,3.59824,3.81729
1745961319,NOK,3.59824,3.81729
1745961319,CAD,26.9134,28.5519
1745961319,CAD,26.9134,28.5519
1745961319,AUD,23.80699,25.25634
1745961319,AUD,23.80699,25.25634
1745961319,XAU,3916.020173,4482.621584
1745962129,USD,37.3113,39.5827
1745962129,USD,37.3113,39.5827
1745962129,EUR,42.4685,45.0541
1745962129,EUR,42.4685,45.0541
1745962129,GBP,49.9529,52.9939
1745962129,GBP,49.9529,52.9939
1745962129,CHF,45.2712,48.0273
1745962129,CHF,45.2712,48.0273
1745962129,JPY,26.2107,27.8064
1745962129,JPY,26.2107,27.8064
1745962129,DKK,5.6903,6.03672
1745962129,DKK,5.6903,6.03672
1745962129,SEK,3.87393,4.10978
1745962129,SEK,3.87393,4.10978
1745962129,NOK,3.59824,3.81729
1745962129,NOK,3.59824,3.81729
1745962129,CAD,26.9134,28.5519
1745962129,CAD,26.9134,28.5519
1745962129,AUD,23.80699,25.25634
1745962129,AUD,23.80699,25.25634
1745962129,XAU,3916.020173,4482.621584
