zaman,kur,alis,satis
1737666053,USD,34.4752,36.7943
1737666053,USD,34.4752,36.7943
1737666053,EUR,35.8796,38.2933
1737666053,EUR,35.8796,38.2933
1737666053,GBP,42.5091,45.3687
1737666053,GBP,42.5091,45.3687
1737666053,CHF,37.9813,40.5363
1737666053,CHF,37.9813,40.5363
1737666053,JPY,22.0616,23.5457
1737666053,JPY,22.0616,23.5457
1737666053,DKK,4.8098,5.13335
1737666053,DKK,4.8098,5.13335
1737666053,SEK,3.13151,3.34217
1737666053,SEK,3.13151,3.34217
1737666053,NOK,3.0583,3.26403
1737666053,NOK,3.0583,3.26403
1737666053,CAD,23.9763,25.5891
1737666053,CAD,23.9763,25.5891
1737666053,AUD,21.63198,23.08717
1737666053,AUD,21.63198,23.08717
1737666053,XAU,3005.323913,3440.158437
