zaman,kur,alis,satis
1741565078,USD,35.2563,37.6281
1741565078,EUR,38.2664,40.8406
1741565078,GBP,45.5483,48.6124
1741565078,CHF,40.1082,42.8063
1741565078,JPY,23.8916,25.4989
1741565078,DKK,5.13128,5.47646
1741565078,SEK,3.50205,3.73764
1741565078,NOK,3.2613,3.48068
1741565078,CAD,24.5755,26.2287
1741565078,AUD,22.22698,23.72218
1741565078,XAU,3294.964872,3771.706989
1741569056,USD,35.2563,37.6281
1741569056,EUR,38.2664,40.8406
1741569056,GBP,45.5483,48.6124
1741569056,CHF,40.1082,42.8063
1741569056,JPY,23.8916,25.4989
1741569056,DKK,5.13128,5.47646
1741569056,SEK,3.50205,3.73764
1741569056,NOK,3.2613,3.48068
1741569056,CAD,24.5755,26.2287
1741569056,AUD,22.22698,23.72218
1741569056,XAU,3294.964872,3771.706989
1741572774,USD,35.2563,37.6281
1741572774,EUR,38.2664,40.8406
1741572774,GBP,45.5483,48.6124
1741572774,CHF,40.1082,42.8063
1741572774,JPY,23.8916,25.4989
1741572774,DKK,5.13128,5.47646
1741572774,SEK,3.50205,3.73764
1741572774,NOK,3.2613,3.48068
1741572774,CAD,24.5755,26.2287
1741572774,AUD,22.22698,23.72218
1741572774,XAU,3294.964872,3771.706989
1741574558,USD,35.2563,37.6281
1741574558,EUR,38.2664,40.8406
1741574558,GBP,45.5483,48.6124
1741574558,CHF,40.1082,42.8063
1741574558,JPY,23.8916,25.4989
1741574558,DKK,5.13128,5.47646
1741574558,SEK,3.50205,3.73764
1741574558,NOK,3.2613,3.48068
1741574558,CAD,24.5755,26.2287
1741574558,AUD,22.22698,23.72218
1741574558,XAU,3294.964872,3771.706989
