zaman,kur,alis,satis
1745455381,USD,36.7475,39.8098
1745455381,EUR,41.6717,45.1443
1745455381,GBP,48.7235,52.7838
1745455381,CHF,44.3489,48.0446
1745455381,JPY,25.7011,27.8429
1745455381,DKK,5.58261,6.04782
1745455381,SEK,3.79599,4.11233
1745455381,NOK,3.4974,3.78885
1745455381,CAD,26.4466,28.6504
1745455381,AUD,23.39714,25.3469
1745455381,XAU,3895.567463,4463.671052
