zaman,kur,alis,satis
1742331639,USD,35.4651,37.8508
1742331639,USD,35.4651,37.8508
1742331639,EUR,38.7067,41.3105
1742331639,EUR,38.7067,41.3105
1742331639,GBP,45.9913,49.0852
1742331639,GBP,45.9913,49.0852
1742331639,CHF,40.3565,43.0713
1742331639,CHF,40.3565,43.0713
1742331639,JPY,23.6874,25.2809
1742331639,JPY,23.6874,25.2809
1742331639,DKK,5.18979,5.53891
1742331639,DKK,5.18979,5.53891
1742331639,SEK,3.52389,3.76094
1742331639,SEK,3.52389,3.76094
1742331639,NOK,3.352,3.57749
1742331639,NOK,3.352,3.57749
1742331639,CAD,24.7974,26.4656
1742331639,CAD,24.7974,26.4656
1742331639,AUD,22.51688,24.03159
1742331639,AUD,22.51688,24.03159
1742331639,XAU,3411.196889,3904.756393
