zaman,kur,alis,satis
1750281527,USD,38.3544,40.6895
1750281527,USD,38.3544,40.6895
1750281527,EUR,44.1444,46.8319
1750281527,EUR,44.1444,46.8319
1750281527,GBP,51.6223,54.765
1750281527,GBP,51.6223,54.765
1750281527,CHF,46.921,49.7775
1750281527,CHF,46.921,49.7775
1750281527,JPY,26.4963,28.1094
1750281527,JPY,26.4963,28.1094
1750281527,DKK,5.91877,6.2791
1750281527,DKK,5.91877,6.2791
1750281527,SEK,3.99527,4.2385
1750281527,SEK,3.99527,4.2385
1750281527,NOK,3.85072,4.08515
1750281527,NOK,3.85072,4.08515
1750281527,CAD,28.0261,29.7323
1750281527,CAD,28.0261,29.7323
1750281527,AUD,24.99636,26.51813
1750281527,AUD,24.99636,26.51813
1750281527,XAU,4111.56315,4706.457297
1750282255,USD,38.3544,40.6895
1750282255,USD,38.3544,40.6895
1750282255,EUR,44.1444,46.8319
1750282255,EUR,44.1444,46.8319
1750282255,GBP,51.6223,54.765
1750282255,GBP,51.6223,54.765
1750282255,CHF,46.921,49.7775
1750282255,CHF,46.921,49.7775
1750282255,JPY,26.4963,28.1094
1750282255,JPY,26.4963,28.1094
1750282255,DKK,5.91877,6.2791
1750282255,DKK,5.91877,6.2791
1750282255,SEK,3.99527,4.2385
1750282255,SEK,3.99527,4.2385
1750282255,NOK,3.85072,4.08515
1750282255,NOK,3.85072,4.08515
1750282255,CAD,28.0261,29.7323
1750282255,CAD,28.0261,29.7323
1750282255,AUD,24.99636,26.51813
1750282255,AUD,24.99636,26.51813
1750282255,XAU,4111.56315,4706.457297
