zaman,kur,alis,satis
1739394274,USD,34.9284,37.278
1739394274,USD,34.9284,37.278
1739394274,EUR,36.1427,38.5739
1739394274,EUR,36.1427,38.5739
1739394274,GBP,43.2997,46.2125
1739394274,GBP,43.2997,46.2125
1739394274,CHF,38.2058,40.7758
1739394274,CHF,38.2058,40.7758
1739394274,JPY,22.6212,24.1429
1739394274,JPY,22.6212,24.1429
1739394274,DKK,4.84722,5.17329
1739394274,DKK,4.84722,5.17329
1739394274,SEK,3.199,3.4142
1739394274,SEK,3.199,3.4142
1739394274,NOK,3.09921,3.30771
1739394274,NOK,3.09921,3.30771
1739394274,CAD,24.3913,26.0321
1739394274,CAD,24.3913,26.0321
1739394274,AUD,21.8474,23.31706
1739394274,AUD,21.8474,23.31706
1739394274,XAU,3207.889411,3672.032747
