zaman,kur,alis,satis
1738271680,USD,34.6101,36.9383
1738271680,USD,34.6101,36.9383
1738271680,EUR,36.0898,38.5175
1738271680,EUR,36.0898,38.5175
1738271680,GBP,43.1246,46.0256
1738271680,GBP,43.1246,46.0256
1738271680,CHF,38.1686,40.7362
1738271680,CHF,38.1686,40.7362
1738271680,JPY,22.4663,23.9776
1738271680,JPY,22.4663,23.9776
1738271680,DKK,4.83743,5.16285
1738271680,DKK,4.83743,5.16285
1738271680,SEK,3.14578,3.35738
1738271680,SEK,3.14578,3.35738
1738271680,NOK,3.06657,3.27285
1738271680,NOK,3.06657,3.27285
1738271680,CAD,24.012,25.6274
1738271680,CAD,24.012,25.6274
1738271680,AUD,21.55071,23.00041
1738271680,AUD,21.55071,23.00041
1738271680,XAU,3064.713815,3508.141351
