zaman,kur,alis,satis
1738703702,USD,34.7615,37.0999
1738703702,USD,34.7615,37.0999
1738703702,EUR,36.0402,38.4645
1738703702,EUR,36.0402,38.4645
1738703702,GBP,43.2884,46.2004
1738703702,GBP,43.2884,46.2004
1738703702,CHF,38.3618,40.9424
1738703702,CHF,38.3618,40.9424
1738703702,JPY,22.4492,23.9595
1738703702,JPY,22.4492,23.9595
1738703702,DKK,4.83149,5.1565
1738703702,DKK,4.83149,5.1565
1738703702,SEK,3.16469,3.37758
1738703702,SEK,3.16469,3.37758
1738703702,NOK,3.08347,3.2909
1738703702,NOK,3.08347,3.2909
1738703702,CAD,24.2071,25.8355
1738703702,CAD,24.2071,25.8355
1738703702,AUD,21.67325,23.13119
1738703702,AUD,21.67325,23.13119
1738703702,XAU,3137.358083,3591.296378
1738704393,USD,34.7615,37.0999
1738704393,USD,34.7615,37.0999
1738704393,EUR,36.0402,38.4645
1738704393,EUR,36.0402,38.4645
1738704393,GBP,43.2884,46.2004
1738704393,GBP,43.2884,46.2004
1738704393,CHF,38.3618,40.9424
1738704393,CHF,38.3618,40.9424
1738704393,JPY,22.4492,23.9595
1738704393,JPY,22.4492,23.9595
1738704393,DKK,4.83149,5.1565
1738704393,DKK,4.83149,5.1565
1738704393,SEK,3.16469,3.37758
1738704393,SEK,3.16469,3.37758
1738704393,NOK,3.08347,3.2909
1738704393,NOK,3.08347,3.2909
1738704393,CAD,24.2071,25.8355
1738704393,CAD,24.2071,25.8355
1738704393,AUD,21.67325,23.13119
1738704393,AUD,21.67325,23.13119
1738704393,XAU,3137.358083,3591.296378
