zaman,kur,alis,satis
1741986134,USD,35.4827,37.8697
1741986134,EUR,38.5954,41.1917
1741986134,GBP,45.8653,48.9507
1741986134,CHF,40.0819,42.7782
1741986134,JPY,23.9094,25.5179
1741986134,DKK,5.17413,5.52219
1741986134,SEK,3.50342,3.73909
1741986134,NOK,3.32985,3.55384
1741986134,CAD,24.6521,26.3105
1741986134,AUD,22.42452,23.93302
1741986134,XAU,3364.518763,3851.324498
