zaman,kur,alis,satis
1751241635,USD,38.706,41.0624
1751241635,EUR,45.3486,48.1094
1751241635,GBP,53.0725,56.3036
1751241635,CHF,48.4119,51.3592
1751241635,JPY,26.7147,28.341
1751241635,DKK,6.07922,6.44931
1751241635,SEK,4.07762,4.32586
1751241635,NOK,3.8377,4.07135
1751241635,CAD,28.3508,30.0768
1751241635,AUD,25.26131,26.79921
1751241635,XAU,4022.254864,4604.227169
