zaman,kur,alis,satis
1743465873,USD,36.4992,39.5044
1743465873,EUR,39.4983,42.7504
1743465873,GBP,47.2533,51.1441
1743465873,CHF,41.434,44.8455
1743465873,JPY,24.3224,26.3251
1743465873,DKK,5.29438,5.73031
1743465873,SEK,3.64884,3.94928
1743465873,NOK,3.49042,3.77782
1743465873,CAD,25.4904,27.5892
1743465873,AUD,22.96638,24.85736
1743465873,XAU,3603.607354,4125.006357
