zaman,kur,alis,satis
1745198525,USD,36.5898,39.639
1745198525,EUR,41.9136,45.4064
1745198525,GBP,48.723,52.7833
1745198525,CHF,45.0725,48.8285
1745198525,JPY,25.8549,28.0095
1745198525,DKK,5.61512,6.08305
1745198525,SEK,3.83493,4.15451
1745198525,NOK,3.50581,3.79796
1745198525,CAD,26.4722,28.6782
1745198525,AUD,23.38456,25.33327
1745198525,XAU,3938.718446,4513.114886
