zaman,kur,alis,satis
1738544632,USD,34.7059,37.0746
1738544632,EUR,35.5284,37.9533
1738544632,GBP,42.6362,45.5462
1738544632,CHF,37.9175,40.5054
1738544632,JPY,22.3448,23.8698
1738544632,DKK,4.76232,5.08736
1738544632,SEK,3.09016,3.30107
1738544632,NOK,3.02814,3.23482
1738544632,CAD,23.5502,25.1575
1738544632,AUD,21.32329,22.77865
1738544632,XAU,3091.919114,3542.823985
1738548914,USD,34.7059,37.0746
1738548914,EUR,35.5284,37.9533
1738548914,GBP,42.6362,45.5462
1738548914,CHF,37.9175,40.5054
1738548914,JPY,22.3448,23.8698
1738548914,DKK,4.76232,5.08736
1738548914,SEK,3.09016,3.30107
1738548914,NOK,3.02814,3.23482
1738548914,CAD,23.5502,25.1575
1738548914,AUD,21.32329,22.77865
1738548914,XAU,3091.919114,3542.823985
1738551296,USD,34.7059,37.0746
1738551296,EUR,35.5284,37.9533
1738551296,GBP,42.6362,45.5462
1738551296,CHF,37.9175,40.5054
1738551296,JPY,22.3448,23.8698
1738551296,DKK,4.76232,5.08736
1738551296,SEK,3.09016,3.30107
1738551296,NOK,3.02814,3.23482
1738551296,CAD,23.5502,25.1575
1738551296,AUD,21.32329,22.77865
1738551296,XAU,3091.919114,3542.823985
1738552291,USD,34.7059,37.0746
1738552291,EUR,35.5284,37.9533
1738552291,GBP,42.6362,45.5462
1738552291,CHF,37.9175,40.5054
1738552291,JPY,22.3448,23.8698
1738552291,DKK,4.76232,5.08736
1738552291,SEK,3.09016,3.30107
1738552291,NOK,3.02814,3.23482
1738552291,CAD,23.5502,25.1575
1738552291,AUD,21.32329,22.77865
1738552291,XAU,3091.919114,3542.823985
1738553492,USD,34.7059,37.0746
1738553492,EUR,35.5284,37.9533
1738553492,GBP,42.6362,45.5462
1738553492,CHF,37.9175,40.5054
1738553492,JPY,22.3448,23.8698
1738553492,DKK,4.76232,5.08736
1738553492,SEK,3.09016,3.30107
1738553492,NOK,3.02814,3.23482
1738553492,CAD,23.5502,25.1575
1738553492,AUD,21.32329,22.77865
1738553492,XAU,3091.919114,3542.823985
1738554095,USD,34.7059,37.0746
1738554095,EUR,35.5284,37.9533
1738554095,GBP,42.6362,45.5462
1738554095,CHF,37.9175,40.5054
1738554095,JPY,22.3448,23.8698
1738554095,DKK,4.76232,5.08736
1738554095,SEK,3.09016,3.30107
1738554095,NOK,3.02814,3.23482
1738554095,CAD,23.5502,25.1575
1738554095,AUD,21.32329,22.77865
1738554095,XAU,3091.919114,3542.823985
