zaman,kur,alis,satis
1743897717,USD,36.486,39.5265
1743897717,EUR,39.9485,43.2776
1743897717,GBP,47.0305,50.9497
1743897717,CHF,42.4503,45.9878
1743897717,JPY,24.7934,26.8595
1743897717,DKK,5.35456,5.80078
1743897717,SEK,3.63584,3.93882
1743897717,NOK,3.38803,3.67036
1743897717,CAD,25.6636,27.8023
1743897717,AUD,21.99011,23.82262
1743897717,XAU,3546.007132,4063.133172
1743902188,USD,36.486,39.5265
1743902188,EUR,39.9485,43.2776
1743902188,GBP,47.0305,50.9497
1743902188,CHF,42.4503,45.9878
1743902188,JPY,24.7934,26.8595
1743902188,DKK,5.35456,5.80078
1743902188,SEK,3.63584,3.93882
1743902188,NOK,3.38803,3.67036
1743902188,CAD,25.6636,27.8023
1743902188,AUD,21.99011,23.82262
1743902188,XAU,3546.007132,4063.133172
