zaman,kur,alis,satis
1741640475,USD,35.3611,37.7398
1741640475,USD,35.3611,37.7398
1741640475,EUR,38.3388,40.918
1741640475,EUR,38.3388,40.918
1741640475,GBP,45.6636,48.7354
1741640475,GBP,45.6636,48.7354
1741640475,CHF,40.2962,43.0069
1741640475,CHF,40.2962,43.0069
1741640475,JPY,24.1018,25.7231
1741640475,JPY,24.1018,25.7231
1741640475,DKK,5.14102,5.48685
1741640475,DKK,5.14102,5.48685
1741640475,SEK,3.49902,3.73439
1741640475,SEK,3.49902,3.73439
1741640475,NOK,3.28867,3.5099
1741640475,NOK,3.28867,3.5099
1741640475,CAD,24.5277,26.1778
1741640475,CAD,24.5277,26.1778
1741640475,AUD,22.30042,23.80058
1741640475,AUD,22.30042,23.80058
1741640475,XAU,3265.708241,3738.217272
1741641300,USD,35.3611,37.7398
1741641300,USD,35.3611,37.7398
1741641300,EUR,38.3388,40.918
1741641300,EUR,38.3388,40.918
1741641300,GBP,45.6636,48.7354
1741641300,GBP,45.6636,48.7354
1741641300,CHF,40.2962,43.0069
1741641300,CHF,40.2962,43.0069
1741641300,JPY,24.1018,25.7231
1741641300,JPY,24.1018,25.7231
1741641300,DKK,5.14102,5.48685
1741641300,DKK,5.14102,5.48685
1741641300,SEK,3.49902,3.73439
1741641300,SEK,3.49902,3.73439
1741641300,NOK,3.28867,3.5099
1741641300,NOK,3.28867,3.5099
1741641300,CAD,24.5277,26.1778
1741641300,CAD,24.5277,26.1778
1741641300,AUD,22.30042,23.80058
1741641300,AUD,22.30042,23.80058
1741641300,XAU,3265.708241,3738.217272
