zaman,kur,alis,satis
1714741405,USD,31.6495,32.9459
1714741405,EUR,34.159,35.5583
1714741405,GBP,39.8958,41.5301
1714741405,CHF,35.0558,36.4918
1714741405,JPY,20.7937,21.6454
1714741405,DKK,4.58067,4.76831
1714741405,SEK,2.94124,3.06172
1714741405,NOK,2.92089,3.04054
1714741405,CAD,23.2264,24.1778
1714741405,AUD,21.00111,21.8614
1714741405,XAU,2337.307094,2454.713055
