zaman,kur,alis,satis
1750886247,USD,38.5737,40.9222
1750886247,USD,38.5737,40.9222
1750886247,EUR,44.8205,47.5492
1750886247,EUR,44.8205,47.5492
1750886247,GBP,52.5283,55.7261
1750886247,GBP,52.5283,55.7261
1750886247,CHF,47.8697,50.7839
1750886247,CHF,47.8697,50.7839
1750886247,JPY,26.4738,28.0855
1750886247,JPY,26.4738,28.0855
1750886247,DKK,6.00847,6.37426
1750886247,DKK,6.00847,6.37426
1750886247,SEK,4.05629,4.30322
1750886247,SEK,4.05629,4.30322
1750886247,NOK,3.80035,4.0317
1750886247,NOK,3.80035,4.0317
1750886247,CAD,28.0941,29.8045
1750886247,CAD,28.0941,29.8045
1750886247,AUD,25.03519,26.55932
1750886247,AUD,25.03519,26.55932
1750886247,XAU,4059.245015,4646.569353
