zaman,kur,alis,satis
1738544632,USD,34.7059,37.0746
1738544632,EUR,35.5284,37.9533
1738544632,GBP,42.6362,45.5462
1738544632,CHF,37.9175,40.5054
1738544632,JPY,22.3448,23.8698
1738544632,DKK,4.76232,5.08736
1738544632,SEK,3.09016,3.30107
1738544632,NOK,3.02814,3.23482
1738544632,CAD,23.5502,25.1575
1738544632,AUD,21.32329,22.77865
1738544632,XAU,3091.919114,3542.823985
1738548914,USD,34.7059,37.0746
1738548914,EUR,35.5284,37.9533
1738548914,GBP,42.6362,45.5462
1738548914,CHF,37.9175,40.5054
1738548914,JPY,22.3448,23.8698
1738548914,DKK,4.76232,5.08736
1738548914,SEK,3.09016,3.30107
1738548914,NOK,3.02814,3.23482
1738548914,CAD,23.5502,25.1575
1738548914,AUD,21.32329,22.77865
1738548914,XAU,3091.919114,3542.823985
