zaman,kur,alis,satis
1743109243,USD,36.5063,39.5121
1743109243,USD,36.5063,39.5121
1743109243,EUR,39.3938,42.6375
1743109243,EUR,39.3938,42.6375
1743109243,GBP,47.2574,51.1486
1743109243,GBP,47.2574,51.1486
1743109243,CHF,41.3482,44.7526
1743109243,CHF,41.3482,44.7526
1743109243,JPY,24.1713,26.1616
1743109243,JPY,24.1713,26.1616
1743109243,DKK,5.28077,5.71557
1743109243,DKK,5.28077,5.71557
1743109243,SEK,3.63769,3.93721
1743109243,SEK,3.63769,3.93721
1743109243,NOK,3.47387,3.7599
1743109243,NOK,3.47387,3.7599
1743109243,CAD,25.5073,27.6075
1743109243,CAD,25.5073,27.6075
1743109243,AUD,23.01346,24.90832
1743109243,AUD,23.01346,24.90832
1743109243,XAU,3571.020891,4087.705021
