zaman,kur,alis,satis
1742169874,USD,35.4827,37.8697
1742169874,EUR,38.5954,41.1917
1742169874,GBP,45.8653,48.9507
1742169874,CHF,40.0819,42.7782
1742169874,JPY,23.9094,25.5179
1742169874,DKK,5.17413,5.52219
1742169874,SEK,3.50342,3.73909
1742169874,NOK,3.32985,3.55384
1742169874,CAD,24.6521,26.3105
1742169874,AUD,22.42452,23.93302
1742169874,XAU,3381.425893,3870.677888
1742175000,USD,35.4827,37.8697
1742175000,EUR,38.5954,41.1917
1742175000,GBP,45.8653,48.9507
1742175000,CHF,40.0819,42.7782
1742175000,JPY,23.9094,25.5179
1742175000,DKK,5.17413,5.52219
1742175000,SEK,3.50342,3.73909
1742175000,NOK,3.32985,3.55384
1742175000,CAD,24.6521,26.3105
1742175000,AUD,22.42452,23.93302
1742175000,XAU,3381.425893,3870.677888
1742179506,USD,35.4827,37.8697
1742179506,EUR,38.5954,41.1917
1742179506,GBP,45.8653,48.9507
1742179506,CHF,40.0819,42.7782
1742179506,JPY,23.9094,25.5179
1742179506,DKK,5.17413,5.52219
1742179506,SEK,3.50342,3.73909
1742179506,NOK,3.32985,3.55384
1742179506,CAD,24.6521,26.3105
1742179506,AUD,22.42452,23.93302
1742179506,XAU,3381.425893,3870.677888
1742181786,USD,35.4827,37.8697
1742181786,EUR,38.5954,41.1917
1742181786,GBP,45.8653,48.9507
1742181786,CHF,40.0819,42.7782
1742181786,JPY,23.9094,25.5179
1742181786,DKK,5.17413,5.52219
1742181786,SEK,3.50342,3.73909
1742181786,NOK,3.32985,3.55384
1742181786,CAD,24.6521,26.3105
1742181786,AUD,22.42452,23.93302
1742181786,XAU,3381.425893,3870.677888
1742183290,USD,35.4827,37.8697
1742183290,EUR,38.5954,41.1917
1742183290,GBP,45.8653,48.9507
1742183290,CHF,40.0819,42.7782
1742183290,JPY,23.9094,25.5179
1742183290,DKK,5.17413,5.52219
1742183290,SEK,3.50342,3.73909
1742183290,NOK,3.32985,3.55384
1742183290,CAD,24.6521,26.3105
1742183290,AUD,22.42452,23.93302
1742183290,XAU,3381.425893,3870.677888
1742184027,USD,35.4827,37.8697
1742184027,EUR,38.5954,41.1917
1742184027,GBP,45.8653,48.9507
1742184027,CHF,40.0819,42.7782
1742184027,JPY,23.9094,25.5179
1742184027,DKK,5.17413,5.52219
1742184027,SEK,3.50342,3.73909
1742184027,NOK,3.32985,3.55384
1742184027,CAD,24.6521,26.3105
1742184027,AUD,22.42452,23.93302
1742184027,XAU,3381.425893,3870.677888
1742185454,USD,35.4827,37.8697
1742185454,EUR,38.5954,41.1917
1742185454,GBP,45.8653,48.9507
1742185454,CHF,40.0819,42.7782
1742185454,JPY,23.9094,25.5179
1742185454,DKK,5.17413,5.52219
1742185454,SEK,3.50342,3.73909
1742185454,NOK,3.32985,3.55384
1742185454,CAD,24.6521,26.3105
1742185454,AUD,22.42452,23.93302
1742185454,XAU,3381.425893,3870.677888
