zaman,kur,alis,satis
1743714080,USD,36.4586,39.4969
1743714080,USD,36.4586,39.4969
1743714080,EUR,40.1774,43.5255
1743714080,EUR,40.1774,43.5255
1743714080,GBP,47.7134,51.6895
1743714080,GBP,47.7134,51.6895
1743714080,CHF,42.3298,45.8573
1743714080,CHF,42.3298,45.8573
1743714080,JPY,24.958,27.0378
1743714080,JPY,24.958,27.0378
1743714080,DKK,5.38477,5.8335
1743714080,DKK,5.38477,5.8335
1743714080,SEK,3.72468,4.03507
1743714080,SEK,3.72468,4.03507
1743714080,NOK,3.5239,3.81756
1743714080,NOK,3.5239,3.81756
1743714080,CAD,25.8682,28.0239
1743714080,CAD,25.8682,28.0239
1743714080,AUD,23.09655,25.02126
1743714080,AUD,23.09655,25.02126
1743714080,XAU,3625.371716,4154.071759
1743715794,USD,36.4586,39.4969
1743715794,USD,36.4586,39.4969
1743715794,EUR,40.1774,43.5255
1743715794,EUR,40.1774,43.5255
1743715794,GBP,47.7134,51.6895
1743715794,GBP,47.7134,51.6895
1743715794,CHF,42.3298,45.8573
1743715794,CHF,42.3298,45.8573
1743715794,JPY,24.958,27.0378
1743715794,JPY,24.958,27.0378
1743715794,DKK,5.38477,5.8335
1743715794,DKK,5.38477,5.8335
1743715794,SEK,3.72468,4.03507
1743715794,SEK,3.72468,4.03507
1743715794,NOK,3.5239,3.81756
1743715794,NOK,3.5239,3.81756
1743715794,CAD,25.8682,28.0239
1743715794,CAD,25.8682,28.0239
1743715794,AUD,23.09655,25.02126
1743715794,AUD,23.09655,25.02126
1743715794,XAU,3625.371716,4154.071759
