zaman,kur,alis,satis
1746652272,USD,37.4932,39.7757
1746652272,USD,37.4932,39.7757
1746652272,EUR,42.6224,45.2172
1746652272,EUR,42.6224,45.2172
1746652272,GBP,50.1304,53.1823
1746652272,GBP,50.1304,53.1823
1746652272,CHF,45.75,48.5353
1746652272,CHF,45.75,48.5353
1746652272,JPY,26.1779,27.7717
1746652272,JPY,26.1779,27.7717
1746652272,DKK,5.71329,6.06111
1746652272,DKK,5.71329,6.06111
1746652272,SEK,3.90966,4.14767
1746652272,SEK,3.90966,4.14767
1746652272,NOK,3.64599,3.86795
1746652272,NOK,3.64599,3.86795
1746652272,CAD,27.2118,28.8684
1746652272,CAD,27.2118,28.8684
1746652272,AUD,24.24726,25.72341
1746652272,AUD,24.24726,25.72341
1746652272,XAU,4020.197487,4601.872113
