zaman,kur,alis,satis
1740430872,USD,35.2445,37.6154
1740430872,EUR,36.8618,39.3416
1740430872,GBP,44.4624,47.4534
1740430872,CHF,39.2493,41.8896
1740430872,JPY,23.603,25.1907
1740430872,DKK,4.94239,5.27487
1740430872,SEK,3.30357,3.52581
1740430872,NOK,3.16458,3.37747
1740430872,CAD,24.7535,26.4187
1740430872,AUD,22.36542,23.86993
1740430872,XAU,3292.353624,3768.717925
