zaman,kur,alis,satis
1742418096,USD,36.4565,39.4946
1742418096,USD,36.4565,39.4946
1742418096,EUR,39.7741,43.0886
1742418096,EUR,39.7741,43.0886
1742418096,GBP,47.4117,51.3627
1742418096,GBP,47.4117,51.3627
1742418096,CHF,41.5648,45.0286
1742418096,CHF,41.5648,45.0286
1742418096,JPY,24.4888,26.5296
1742418096,JPY,24.4888,26.5296
1742418096,DKK,5.33247,5.77685
1742418096,DKK,5.33247,5.77685
1742418096,SEK,3.61274,3.9138
1742418096,SEK,3.61274,3.9138
1742418096,NOK,3.45226,3.73995
1742418096,NOK,3.45226,3.73995
1742418096,CAD,25.4709,27.5935
1742418096,CAD,25.4709,27.5935
1742418096,AUD,23.16812,25.0988
1742418096,AUD,23.16812,25.0988
1742418096,XAU,3553.661854,4071.904208
1742418945,USD,36.4565,39.4946
1742418945,USD,36.4565,39.4946
1742418945,EUR,39.7741,43.0886
1742418945,EUR,39.7741,43.0886
1742418945,GBP,47.4117,51.3627
1742418945,GBP,47.4117,51.3627
1742418945,CHF,41.5648,45.0286
1742418945,CHF,41.5648,45.0286
1742418945,JPY,24.4888,26.5296
1742418945,JPY,24.4888,26.5296
1742418945,DKK,5.33247,5.77685
1742418945,DKK,5.33247,5.77685
1742418945,SEK,3.61274,3.9138
1742418945,SEK,3.61274,3.9138
1742418945,NOK,3.45226,3.73995
1742418945,NOK,3.45226,3.73995
1742418945,CAD,25.4709,27.5935
1742418945,CAD,25.4709,27.5935
1742418945,AUD,23.16812,25.0988
1742418945,AUD,23.16812,25.0988
1742418945,XAU,3553.661854,4071.904208
1742419908,USD,36.4565,39.4946
1742419908,USD,36.4565,39.4946
1742419908,EUR,39.7741,43.0886
1742419908,EUR,39.7741,43.0886
1742419908,GBP,47.4117,51.3627
1742419908,GBP,47.4117,51.3627
1742419908,CHF,41.5648,45.0286
1742419908,CHF,41.5648,45.0286
1742419908,JPY,24.4888,26.5296
1742419908,JPY,24.4888,26.5296
1742419908,DKK,5.33247,5.77685
1742419908,DKK,5.33247,5.77685
1742419908,SEK,3.61274,3.9138
1742419908,SEK,3.61274,3.9138
1742419908,NOK,3.45226,3.73995
1742419908,NOK,3.45226,3.73995
1742419908,CAD,25.4709,27.5935
1742419908,CAD,25.4709,27.5935
1742419908,AUD,23.16812,25.0988
1742419908,AUD,23.16812,25.0988
1742419908,XAU,3553.661854,4071.904208
