zaman,kur,alis,satis
1745716170,USD,37.2862,39.5562
1745716170,EUR,42.3945,44.9755
1745716170,GBP,49.6253,52.6465
1745716170,CHF,44.9591,47.696
1745716170,JPY,25.8984,27.4751
1745716170,DKK,5.67991,6.02571
1745716170,SEK,3.85073,4.08516
1745716170,NOK,3.58276,3.80088
1745716170,CAD,26.9038,28.5417
1745716170,AUD,23.82725,25.27784
1745716170,XAU,3886.966387,4449.364062
