zaman,kur,alis,satis
1738876415,USD,34.7248,37.0606
1738876415,USD,34.7248,37.0606
1738876415,EUR,35.9928,38.414
1738876415,EUR,35.9928,38.414
1738876415,GBP,43.0463,45.942
1738876415,GBP,43.0463,45.942
1738876415,CHF,38.3549,40.9351
1738876415,CHF,38.3549,40.9351
1738876415,JPY,22.8414,24.3779
1738876415,JPY,22.8414,24.3779
1738876415,DKK,4.82526,5.14985
1738876415,DKK,4.82526,5.14985
1738876415,SEK,3.18127,3.39527
1738876415,SEK,3.18127,3.39527
1738876415,NOK,3.08611,3.29371
1738876415,NOK,3.08611,3.29371
1738876415,CAD,24.2119,25.8407
1738876415,CAD,24.2119,25.8407
1738876415,AUD,21.74727,23.21021
1738876415,AUD,21.74727,23.21021
1738876415,XAU,3139.612506,3593.876989
1738877156,USD,34.7248,37.0606
1738877156,USD,34.7248,37.0606
1738877156,EUR,35.9928,38.414
1738877156,EUR,35.9928,38.414
1738877156,GBP,43.0463,45.942
1738877156,GBP,43.0463,45.942
1738877156,CHF,38.3549,40.9351
1738877156,CHF,38.3549,40.9351
1738877156,JPY,22.8414,24.3779
1738877156,JPY,22.8414,24.3779
1738877156,DKK,4.82526,5.14985
1738877156,DKK,4.82526,5.14985
1738877156,SEK,3.18127,3.39527
1738877156,SEK,3.18127,3.39527
1738877156,NOK,3.08611,3.29371
1738877156,NOK,3.08611,3.29371
1738877156,CAD,24.2119,25.8407
1738877156,CAD,24.2119,25.8407
1738877156,AUD,21.74727,23.21021
1738877156,AUD,21.74727,23.21021
1738877156,XAU,3139.612506,3593.876989
1738877494,USD,34.7248,37.0606
1738877494,USD,34.7248,37.0606
1738877494,EUR,35.9928,38.414
1738877494,EUR,35.9928,38.414
1738877494,GBP,43.0463,45.942
1738877494,GBP,43.0463,45.942
1738877494,CHF,38.3549,40.9351
1738877494,CHF,38.3549,40.9351
1738877494,JPY,22.8414,24.3779
1738877494,JPY,22.8414,24.3779
1738877494,DKK,4.82526,5.14985
1738877494,DKK,4.82526,5.14985
1738877494,SEK,3.18127,3.39527
1738877494,SEK,3.18127,3.39527
1738877494,NOK,3.08611,3.29371
1738877494,NOK,3.08611,3.29371
1738877494,CAD,24.2119,25.8407
1738877494,CAD,24.2119,25.8407
1738877494,AUD,21.74727,23.21021
1738877494,AUD,21.74727,23.21021
1738877494,XAU,3139.612506,3593.876989
