zaman,kur,alis,satis
1752181258,USD,38.8805,41.2474
1752181258,USD,38.8805,41.2474
1752181258,EUR,45.396,48.1597
1752181258,EUR,45.396,48.1597
1752181258,GBP,52.6851,55.8926
1752181258,GBP,52.6851,55.8926
1752181258,CHF,48.7698,51.739
1752181258,CHF,48.7698,51.739
1752181258,JPY,26.5382,28.1538
1752181258,JPY,26.5382,28.1538
1752181258,DKK,6.08493,6.45538
1752181258,DKK,6.08493,6.45538
1752181258,SEK,4.07303,4.32099
1752181258,SEK,4.07303,4.32099
1752181258,NOK,3.84866,4.08297
1752181258,NOK,3.84866,4.08297
1752181258,CAD,28.3943,30.1229
1752181258,CAD,28.3943,30.1229
1752181258,AUD,25.48477,27.03627
1752181258,AUD,25.48477,27.03627
1752181258,SAR,10.36674,10.99785
1752181258,SAR,10.36674,10.99785
1752181258,XAU,4079.717583,4670.004058
