zaman,kur,alis,satis
1737335283,USD,34.4023,36.7166
1737335283,EUR,35.4259,37.809
1737335283,GBP,41.9346,44.7555
1737335283,CHF,37.684,40.219
1737335283,JPY,22.0477,23.531
1737335283,DKK,4.74894,5.06841
1737335283,SEK,3.08208,3.28941
1737335283,NOK,3.01665,3.21958
1737335283,CAD,23.8689,25.4746
1737335283,AUD,21.35095,22.78722
1737335283,XAU,2977.127865,3407.882758
1737339626,USD,34.4023,36.7166
1737339626,EUR,35.4259,37.809
1737339626,GBP,41.9346,44.7555
1737339626,CHF,37.684,40.219
1737339626,JPY,22.0477,23.531
1737339626,DKK,4.74894,5.06841
1737339626,SEK,3.08208,3.28941
1737339626,NOK,3.01665,3.21958
1737339626,CAD,23.8689,25.4746
1737339626,AUD,21.35095,22.78722
1737339626,XAU,2977.127865,3407.882758
1737341788,USD,34.4023,36.7166
1737341788,EUR,35.4259,37.809
1737341788,GBP,41.9346,44.7555
1737341788,CHF,37.684,40.219
1737341788,JPY,22.0477,23.531
1737341788,DKK,4.74894,5.06841
1737341788,SEK,3.08208,3.28941
1737341788,NOK,3.01665,3.21958
1737341788,CAD,23.8689,25.4746
1737341788,AUD,21.35095,22.78722
1737341788,XAU,2977.127865,3407.882758
1737342762,USD,34.4023,36.7166
1737342762,EUR,35.4259,37.809
1737342762,GBP,41.9346,44.7555
1737342762,CHF,37.684,40.219
1737342762,JPY,22.0477,23.531
1737342762,DKK,4.74894,5.06841
1737342762,SEK,3.08208,3.28941
1737342762,NOK,3.01665,3.21958
1737342762,CAD,23.8689,25.4746
1737342762,AUD,21.35095,22.78722
1737342762,XAU,2977.127865,3407.882758
1737343856,USD,34.4023,36.7166
1737343856,EUR,35.4259,37.809
1737343856,GBP,41.9346,44.7555
1737343856,CHF,37.684,40.219
1737343856,JPY,22.0477,23.531
1737343856,DKK,4.74894,5.06841
1737343856,SEK,3.08208,3.28941
1737343856,NOK,3.01665,3.21958
1737343856,CAD,23.8689,25.4746
1737343856,AUD,21.35095,22.78722
1737343856,XAU,2977.127865,3407.882758
1737344429,USD,34.4023,36.7166
1737344429,EUR,35.4259,37.809
1737344429,GBP,41.9346,44.7555
1737344429,CHF,37.684,40.219
1737344429,JPY,22.0477,23.531
1737344429,DKK,4.74894,5.06841
1737344429,SEK,3.08208,3.28941
1737344429,NOK,3.01665,3.21958
1737344429,CAD,23.8689,25.4746
1737344429,AUD,21.35095,22.78722
1737344429,XAU,2977.127865,3407.882758
1737344771,USD,34.4023,36.7166
1737344771,EUR,35.4259,37.809
1737344771,GBP,41.9346,44.7555
1737344771,CHF,37.684,40.219
1737344771,JPY,22.0477,23.531
1737344771,DKK,4.74894,5.06841
1737344771,SEK,3.08208,3.28941
1737344771,NOK,3.01665,3.21958
1737344771,CAD,23.8689,25.4746
1737344771,AUD,21.35095,22.78722
1737344771,XAU,2977.127865,3407.882758
