zaman,kur,alis,satis
1752095792,USD,38.8657,41.2317
1752095792,USD,38.8657,41.2317
1752095792,EUR,45.5259,48.2976
1752095792,EUR,45.5259,48.2976
1752095792,GBP,52.7897,56.0034
1752095792,GBP,52.7897,56.0034
1752095792,CHF,48.9063,51.8837
1752095792,CHF,48.9063,51.8837
1752095792,JPY,26.5325,28.1477
1752095792,JPY,26.5325,28.1477
1752095792,DKK,6.10243,6.47394
1752095792,DKK,6.10243,6.47394
1752095792,SEK,4.07986,4.32823
1752095792,SEK,4.07986,4.32823
1752095792,NOK,3.8493,4.08365
1752095792,NOK,3.8493,4.08365
1752095792,CAD,28.3804,30.1081
1752095792,CAD,28.3804,30.1081
1752095792,AUD,25.38117,26.92635
1752095792,AUD,25.38117,26.92635
1752095792,SAR,10.36279,10.99367
1752095792,SAR,10.36279,10.99367
1752095792,XAU,4075.158913,4664.785801
1752096703,USD,38.8657,41.2317
1752096703,USD,38.8657,41.2317
1752096703,EUR,45.5259,48.2976
1752096703,EUR,45.5259,48.2976
1752096703,GBP,52.7897,56.0034
1752096703,GBP,52.7897,56.0034
1752096703,CHF,48.9063,51.8837
1752096703,CHF,48.9063,51.8837
1752096703,JPY,26.5325,28.1477
1752096703,JPY,26.5325,28.1477
1752096703,DKK,6.10243,6.47394
1752096703,DKK,6.10243,6.47394
1752096703,SEK,4.07986,4.32823
1752096703,SEK,4.07986,4.32823
1752096703,NOK,3.8493,4.08365
1752096703,NOK,3.8493,4.08365
1752096703,CAD,28.3804,30.1081
1752096703,CAD,28.3804,30.1081
1752096703,AUD,25.38117,26.92635
1752096703,AUD,25.38117,26.92635
1752096703,SAR,10.36279,10.99367
1752096703,SAR,10.36279,10.99367
1752096703,XAU,4075.158913,4664.785801
