zaman,kur,alis,satis
1751161097,USD,38.706,41.0624
1751161097,EUR,45.3486,48.1094
1751161097,GBP,53.0725,56.3036
1751161097,CHF,48.4119,51.3592
1751161097,JPY,26.7147,28.341
1751161097,DKK,6.07922,6.44931
1751161097,SEK,4.07762,4.32586
1751161097,NOK,3.8377,4.07135
1751161097,CAD,28.3508,30.0768
1751161097,AUD,25.26131,26.79921
1751161097,XAU,4022.254864,4604.227169
1751167172,USD,38.706,41.0624
1751167172,EUR,45.3486,48.1094
1751167172,GBP,53.0725,56.3036
1751167172,CHF,48.4119,51.3592
1751167172,JPY,26.7147,28.341
1751167172,DKK,6.07922,6.44931
1751167172,SEK,4.07762,4.32586
1751167172,NOK,3.8377,4.07135
1751167172,CAD,28.3508,30.0768
1751167172,AUD,25.26131,26.79921
1751167172,XAU,4022.254864,4604.227169
