zaman,kur,alis,satis
1737248682,USD,34.4023,36.7166
1737248682,EUR,35.4259,37.809
1737248682,GBP,41.9346,44.7555
1737248682,CHF,37.684,40.219
1737248682,JPY,22.0477,23.531
1737248682,DKK,4.74894,5.06841
1737248682,SEK,3.08208,3.28941
1737248682,NOK,3.01665,3.21958
1737248682,CAD,23.8689,25.4746
1737248682,AUD,21.35095,22.78722
1737248682,XAU,2977.127865,3407.882758
1737253302,USD,34.4023,36.7166
1737253302,EUR,35.4259,37.809
1737253302,GBP,41.9346,44.7555
1737253302,CHF,37.684,40.219
1737253302,JPY,22.0477,23.531
1737253302,DKK,4.74894,5.06841
1737253302,SEK,3.08208,3.28941
1737253302,NOK,3.01665,3.21958
1737253302,CAD,23.8689,25.4746
1737253302,AUD,21.35095,22.78722
1737253302,XAU,2977.127865,3407.882758
1737255543,USD,34.4023,36.7166
1737255543,EUR,35.4259,37.809
1737255543,GBP,41.9346,44.7555
1737255543,CHF,37.684,40.219
1737255543,JPY,22.0477,23.531
1737255543,DKK,4.74894,5.06841
1737255543,SEK,3.08208,3.28941
1737255543,NOK,3.01665,3.21958
1737255543,CAD,23.8689,25.4746
1737255543,AUD,21.35095,22.78722
1737255543,XAU,2977.127865,3407.882758
1737256695,USD,34.4023,36.7166
1737256695,EUR,35.4259,37.809
1737256695,GBP,41.9346,44.7555
1737256695,CHF,37.684,40.219
1737256695,JPY,22.0477,23.531
1737256695,DKK,4.74894,5.06841
1737256695,SEK,3.08208,3.28941
1737256695,NOK,3.01665,3.21958
1737256695,CAD,23.8689,25.4746
1737256695,AUD,21.35095,22.78722
1737256695,XAU,2977.127865,3407.882758
1737257618,USD,34.4023,36.7166
1737257618,EUR,35.4259,37.809
1737257618,GBP,41.9346,44.7555
1737257618,CHF,37.684,40.219
1737257618,JPY,22.0477,23.531
1737257618,DKK,4.74894,5.06841
1737257618,SEK,3.08208,3.28941
1737257618,NOK,3.01665,3.21958
1737257618,CAD,23.8689,25.4746
1737257618,AUD,21.35095,22.78722
1737257618,XAU,2977.127865,3407.882758
1737258131,USD,34.4023,36.7166
1737258131,EUR,35.4259,37.809
1737258131,GBP,41.9346,44.7555
1737258131,CHF,37.684,40.219
1737258131,JPY,22.0477,23.531
1737258131,DKK,4.74894,5.06841
1737258131,SEK,3.08208,3.28941
1737258131,NOK,3.01665,3.21958
1737258131,CAD,23.8689,25.4746
1737258131,AUD,21.35095,22.78722
1737258131,XAU,2977.127865,3407.882758
1737258470,USD,34.4023,36.7166
1737258470,EUR,35.4259,37.809
1737258470,GBP,41.9346,44.7555
1737258470,CHF,37.684,40.219
1737258470,JPY,22.0477,23.531
1737258470,DKK,4.74894,5.06841
1737258470,SEK,3.08208,3.28941
1737258470,NOK,3.01665,3.21958
1737258470,CAD,23.8689,25.4746
1737258470,AUD,21.35095,22.78722
1737258470,XAU,2977.127865,3407.882758
