zaman,kur,alis,satis
1745801465,USD,37.2862,39.5562
1745801465,EUR,42.3945,44.9755
1745801465,GBP,49.6253,52.6465
1745801465,CHF,44.9591,47.696
1745801465,JPY,25.8984,27.4751
1745801465,DKK,5.67991,6.02571
1745801465,SEK,3.85073,4.08516
1745801465,NOK,3.58276,3.80088
1745801465,CAD,26.9038,28.5417
1745801465,AUD,23.82725,25.27784
1745801465,XAU,3886.966387,4449.364062
1745807158,USD,37.2862,39.5562
1745807158,EUR,42.3945,44.9755
1745807158,GBP,49.6253,52.6465
1745807158,CHF,44.9591,47.696
1745807158,JPY,25.8984,27.4751
1745807158,DKK,5.67991,6.02571
1745807158,SEK,3.85073,4.08516
1745807158,NOK,3.58276,3.80088
1745807158,CAD,26.9038,28.5417
1745807158,AUD,23.82725,25.27784
1745807158,XAU,3886.966387,4449.364062
1745810813,USD,37.2862,39.5562
1745810813,EUR,42.3945,44.9755
1745810813,GBP,49.6253,52.6465
1745810813,CHF,44.9591,47.696
1745810813,JPY,25.8984,27.4751
1745810813,DKK,5.67991,6.02571
1745810813,SEK,3.85073,4.08516
1745810813,NOK,3.58276,3.80088
1745810813,CAD,26.9038,28.5417
1745810813,AUD,23.82725,25.27784
1745810813,XAU,3886.966387,4449.364062
1745812341,USD,37.2862,39.5562
1745812341,EUR,42.3945,44.9755
1745812341,GBP,49.6253,52.6465
1745812341,CHF,44.9591,47.696
1745812341,JPY,25.8984,27.4751
1745812341,DKK,5.67991,6.02571
1745812341,SEK,3.85073,4.08516
1745812341,NOK,3.58276,3.80088
1745812341,CAD,26.9038,28.5417
1745812341,AUD,23.82725,25.27784
1745812341,XAU,3886.966387,4449.364062
