zaman,kur,alis,satis
1743552061,USD,36.4411,39.4779
1743552061,EUR,39.3673,42.648
1743552061,GBP,47.1038,51.0291
1743552061,CHF,41.2416,44.6785
1743552061,JPY,24.3184,26.3449
1743552061,DKK,5.27643,5.71613
1743552061,SEK,3.64521,3.94897
1743552061,NOK,3.48749,3.77811
1743552061,CAD,25.5029,27.6282
1743552061,AUD,22.89596,24.80395
1743552061,XAU,3643.762774,4175.144845
