zaman,kur,alis,satis
1745528437,USD,36.8036,39.834
1745528437,EUR,41.8258,45.2696
1745528437,GBP,48.9848,53.0181
1745528437,CHF,44.521,48.1867
1745528437,JPY,25.8179,27.9437
1745528437,DKK,5.60323,6.06458
1745528437,SEK,3.82865,4.14388
1745528437,NOK,3.53383,3.82481
1745528437,CAD,26.5163,28.6995
1745528437,AUD,23.52309,25.45991
1745528437,XAU,3915.633269,4482.1787
