zaman,kur,alis,satis
1737493970,USD,34.4693,36.7881
1737493970,USD,34.4693,36.7881
1737493970,EUR,35.7967,38.2046
1737493970,EUR,35.7967,38.2046
1737493970,GBP,42.3331,45.1808
1737493970,GBP,42.3331,45.1808
1737493970,CHF,37.9479,40.5007
1737493970,CHF,37.9479,40.5007
1737493970,JPY,22.1564,23.6469
1737493970,JPY,22.1564,23.6469
1737493970,DKK,4.79824,5.12101
1737493970,DKK,4.79824,5.12101
1737493970,SEK,3.12124,3.33121
1737493970,SEK,3.12124,3.33121
1737493970,NOK,3.03412,3.23821
1737493970,NOK,3.03412,3.23821
1737493970,CAD,23.9198,25.5289
1737493970,CAD,23.9198,25.5289
1737493970,AUD,21.52927,22.97754
1737493970,AUD,21.52927,22.97754
1737493970,XAU,2995.032063,3428.377479
