zaman,kur,alis,satis
1750972524,USD,38.5975,40.9474
1750972524,USD,38.5975,40.9474
1750972524,EUR,45.1914,47.9425
1750972524,EUR,45.1914,47.9425
1750972524,GBP,53.0085,56.2356
1750972524,GBP,53.0085,56.2356
1750972524,CHF,48.2651,51.2033
1750972524,CHF,48.2651,51.2033
1750972524,JPY,26.7226,28.3495
1750972524,JPY,26.7226,28.3495
1750972524,DKK,6.058,6.42679
1750972524,DKK,6.058,6.42679
1750972524,SEK,4.07184,4.31974
1750972524,SEK,4.07184,4.31974
1750972524,NOK,3.83838,4.07207
1750972524,NOK,3.83838,4.07207
1750972524,CAD,28.3128,30.0366
1750972524,CAD,28.3128,30.0366
1750972524,AUD,25.27094,26.80942
1750972524,AUD,25.27094,26.80942
1750972524,XAU,4054.340526,4640.955243
