zaman,kur,alis,satis
1745356237,USD,36.7467,39.7724
1745356237,USD,36.7467,39.7724
1745356237,EUR,42.1744,45.647
1745356237,EUR,42.1744,45.647
1745356237,GBP,49.1593,53.207
1745356237,GBP,49.1593,53.207
1745356237,CHF,45.1654,48.8841
1745356237,CHF,45.1654,48.8841
1745356237,JPY,26.1154,28.2656
1745356237,JPY,26.1154,28.2656
1745356237,DKK,5.65028,6.11551
1745356237,DKK,5.65028,6.11551
1745356237,SEK,3.8603,4.17815
1745356237,SEK,3.8603,4.17815
1745356237,NOK,3.55263,3.84515
1745356237,NOK,3.55263,3.84515
1745356237,CAD,26.5794,28.768
1745356237,CAD,26.5794,28.768
1745356237,AUD,23.4741,25.4069
1745356237,AUD,23.4741,25.4069
1745356237,XAU,4030.405216,4613.556779
