zaman,kur,alis,satis
1751577298,USD,38.6476,41.0003
1751577298,USD,38.6476,41.0003
1751577298,EUR,45.4314,48.1971
1751577298,EUR,45.4314,48.1971
1751577298,GBP,52.735,55.9455
1751577298,GBP,52.735,55.9455
1751577298,CHF,48.5812,51.5388
1751577298,CHF,48.5812,51.5388
1751577298,JPY,26.6423,28.2643
1751577298,JPY,26.6423,28.2643
1751577298,DKK,6.08938,6.46009
1751577298,DKK,6.08938,6.46009
1751577298,SEK,4.04175,4.28782
1751577298,SEK,4.04175,4.28782
1751577298,NOK,3.83954,4.07328
1751577298,NOK,3.83954,4.07328
1751577298,CAD,28.461,30.1936
1751577298,CAD,28.461,30.1936
1751577298,AUD,25.35951,26.90337
1751577298,AUD,25.35951,26.90337
1751577298,XAU,4069.312843,4658.093875
