zaman,kur,alis,satis
1738357861,USD,34.6921,37.0259
1738357861,USD,34.6921,37.0259
1738357861,EUR,35.9887,38.4097
1738357861,EUR,35.9887,38.4097
1738357861,GBP,43.0178,45.9117
1738357861,GBP,43.0178,45.9117
1738357861,CHF,38.1366,40.7022
1738357861,CHF,38.1366,40.7022
1738357861,JPY,22.4395,23.949
1738357861,JPY,22.4395,23.949
1738357861,DKK,4.82383,5.14832
1738357861,DKK,4.82383,5.14832
1738357861,SEK,3.13261,3.34333
1738357861,SEK,3.13261,3.34333
1738357861,NOK,3.06439,3.27053
1738357861,NOK,3.06439,3.27053
1738357861,CAD,23.9093,25.5178
1738357861,CAD,23.9093,25.5178
1738357861,AUD,21.57293,23.02413
1738357861,AUD,21.57293,23.02413
1738357861,XAU,3095.29881,3543.15163
