zaman,kur,alis,satis
1738458619,USD,34.6921,37.0259
1738458619,EUR,35.9887,38.4097
1738458619,GBP,43.0178,45.9117
1738458619,CHF,38.1366,40.7022
1738458619,JPY,22.4395,23.949
1738458619,DKK,4.82383,5.14832
1738458619,SEK,3.13261,3.34333
1738458619,NOK,3.06439,3.27053
1738458619,CAD,23.9093,25.5178
1738458619,AUD,21.57293,23.02413
1738458619,XAU,3110.853075,3560.956411
1738462939,USD,34.6921,37.0259
1738462939,EUR,35.9887,38.4097
1738462939,GBP,43.0178,45.9117
1738462939,CHF,38.1366,40.7022
1738462939,JPY,22.4395,23.949
1738462939,DKK,4.82383,5.14832
1738462939,SEK,3.13261,3.34333
1738462939,NOK,3.06439,3.27053
1738462939,CAD,23.9093,25.5178
1738462939,AUD,21.57293,23.02413
1738462939,XAU,3110.853075,3560.956411
