zaman,kur,alis,satis
1743984281,USD,36.485,39.5255
1743984281,EUR,40.0715,43.4108
1743984281,GBP,47.0402,50.9602
1743984281,CHF,42.7425,46.3044
1743984281,JPY,25.0946,27.1858
1743984281,DKK,5.37161,5.81924
1743984281,SEK,3.64592,3.94974
1743984281,NOK,3.38866,3.67105
1743984281,CAD,25.6684,27.8074
1743984281,AUD,21.88373,23.70737
1743984281,XAU,3536.122272,4051.80677
1743996595,USD,36.4853,39.5257
1743996595,EUR,40.0025,43.336
1743996595,GBP,47.0806,51.004
1743996595,CHF,42.7178,46.2776
1743996595,JPY,25.0208,27.1058
1743996595,DKK,5.36091,5.80765
1743996595,SEK,3.61294,3.91402
1743996595,NOK,3.36211,3.64229
1743996595,CAD,25.6505,27.788
1743996595,AUD,21.89482,23.71938
1743996595,XAU,3510.593798,4022.555393
