zaman,kur,alis,satis
1743984281,USD,36.485,39.5255
1743984281,EUR,40.0715,43.4108
1743984281,GBP,47.0402,50.9602
1743984281,CHF,42.7425,46.3044
1743984281,JPY,25.0946,27.1858
1743984281,DKK,5.37161,5.81924
1743984281,SEK,3.64592,3.94974
1743984281,NOK,3.38866,3.67105
1743984281,CAD,25.6684,27.8074
1743984281,AUD,21.88373,23.70737
1743984281,XAU,3536.122272,4051.80677
