zaman,kur,alis,satis
1740085508,USD,35.1256,37.4883
1740085508,USD,35.1256,37.4883
1740085508,EUR,36.7068,39.1761
1740085508,EUR,36.7068,39.1761
1740085508,GBP,44.2957,47.2753
1740085508,GBP,44.2957,47.2753
1740085508,CHF,38.9786,41.6008
1740085508,CHF,38.9786,41.6008
1740085508,JPY,23.444,25.0211
1740085508,JPY,23.444,25.0211
1740085508,DKK,4.92225,5.25337
1740085508,DKK,4.92225,5.25337
1740085508,SEK,3.28962,3.51091
1740085508,SEK,3.28962,3.51091
1740085508,NOK,3.15794,3.37038
1740085508,NOK,3.15794,3.37038
1740085508,CAD,24.7444,26.4088
1740085508,CAD,24.7444,26.4088
1740085508,AUD,22.42244,23.9308
1740085508,AUD,22.42244,23.9308
1740085508,XAU,3276.398035,3750.453753
