zaman,kur,alis,satis
1741123720,USD,35.2351,37.6399
1741123720,USD,35.2351,37.6399
1741123720,EUR,37.4196,39.9736
1741123720,EUR,37.4196,39.9736
1741123720,GBP,45.0868,48.1641
1741123720,GBP,45.0868,48.1641
1741123720,CHF,39.6434,42.3492
1741123720,CHF,39.6434,42.3492
1741123720,JPY,23.5733,25.1823
1741123720,JPY,23.5733,25.1823
1741123720,DKK,5.01695,5.35937
1741123720,DKK,5.01695,5.35937
1741123720,SEK,3.37701,3.6075
1741123720,SEK,3.37701,3.6075
1741123720,NOK,3.17273,3.38928
1741123720,NOK,3.17273,3.38928
1741123720,CAD,24.3774,26.0412
1741123720,CAD,24.3774,26.0412
1741123720,AUD,22.05715,23.5626
1741123720,AUD,22.05715,23.5626
1741123720,XAU,3266.669381,3743.058666
1741124082,USD,35.2351,37.6399
1741124082,USD,35.2351,37.6399
1741124082,EUR,37.4196,39.9736
1741124082,EUR,37.4196,39.9736
1741124082,GBP,45.0868,48.1641
1741124082,GBP,45.0868,48.1641
1741124082,CHF,39.6434,42.3492
1741124082,CHF,39.6434,42.3492
1741124082,JPY,23.5733,25.1823
1741124082,JPY,23.5733,25.1823
1741124082,DKK,5.01695,5.35937
1741124082,DKK,5.01695,5.35937
1741124082,SEK,3.37701,3.6075
1741124082,SEK,3.37701,3.6075
1741124082,NOK,3.17273,3.38928
1741124082,NOK,3.17273,3.38928
1741124082,CAD,24.3774,26.0412
1741124082,CAD,24.3774,26.0412
1741124082,AUD,22.05715,23.5626
1741124082,AUD,22.05715,23.5626
1741124082,XAU,3266.669381,3743.058666
1741124521,USD,35.2351,37.6399
1741124521,USD,35.2351,37.6399
1741124521,EUR,37.4196,39.9736
1741124521,EUR,37.4196,39.9736
1741124521,GBP,45.0868,48.1641
1741124521,GBP,45.0868,48.1641
1741124521,CHF,39.6434,42.3492
1741124521,CHF,39.6434,42.3492
1741124521,JPY,23.5733,25.1823
1741124521,JPY,23.5733,25.1823
1741124521,DKK,5.01695,5.35937
1741124521,DKK,5.01695,5.35937
1741124521,SEK,3.37701,3.6075
1741124521,SEK,3.37701,3.6075
1741124521,NOK,3.17273,3.38928
1741124521,NOK,3.17273,3.38928
1741124521,CAD,24.3774,26.0412
1741124521,CAD,24.3774,26.0412
1741124521,AUD,22.05715,23.5626
1741124521,AUD,22.05715,23.5626
1741124521,XAU,3266.669381,3743.058666
