zaman,kur,alis,satis
1745010817,USD,36.6673,39.6863
1745010817,USD,36.6673,39.6863
1745010817,EUR,41.7745,45.2141
1745010817,EUR,41.7745,45.2141
1745010817,GBP,48.7019,52.7118
1745010817,GBP,48.7019,52.7118
1745010817,CHF,44.8959,48.5925
1745010817,CHF,44.8959,48.5925
1745010817,JPY,25.7755,27.8978
1745010817,JPY,25.7755,27.8978
1745010817,DKK,5.59746,6.05834
1745010817,DKK,5.59746,6.05834
1745010817,SEK,3.81386,4.12789
1745010817,SEK,3.81386,4.12789
1745010817,NOK,3.49751,3.78548
1745010817,NOK,3.49751,3.78548
1745010817,CAD,26.4532,28.6312
1745010817,CAD,26.4532,28.6312
1745010817,AUD,23.36199,25.28555
1745010817,AUD,23.36199,25.28555
1745010817,XAU,3903.272527,4468.029506
