zaman,kur,alis,satis
1737580106,USD,34.4926,36.8129
1737580106,USD,34.4926,36.8129
1737580106,EUR,35.9576,38.3764
1737580106,EUR,35.9576,38.3764
1737580106,GBP,42.5487,45.411
1737580106,GBP,42.5487,45.411
1737580106,CHF,38.0406,40.5996
1737580106,CHF,38.0406,40.5996
1737580106,JPY,22.0922,23.5783
1737580106,JPY,22.0922,23.5783
1737580106,DKK,4.81992,5.14415
1737580106,DKK,4.81992,5.14415
1737580106,SEK,3.13476,3.34564
1737580106,SEK,3.13476,3.34564
1737580106,NOK,3.05644,3.26205
1737580106,NOK,3.05644,3.26205
1737580106,CAD,23.9973,25.6117
1737580106,CAD,23.9973,25.6117
1737580106,AUD,21.63525,23.09065
1737580106,AUD,21.63525,23.09065
1737580106,XAU,3016.943599,3453.459354
