zaman,kur,alis,satis
1741381388,USD,35.2563,37.6281
1741381388,USD,35.2563,37.6281
1741381388,EUR,38.2664,40.8406
1741381388,EUR,38.2664,40.8406
1741381388,GBP,45.5483,48.6124
1741381388,GBP,45.5483,48.6124
1741381388,CHF,40.1082,42.8063
1741381388,CHF,40.1082,42.8063
1741381388,JPY,23.8916,25.4989
1741381388,JPY,23.8916,25.4989
1741381388,DKK,5.13128,5.47646
1741381388,SEK,3.50205,3.73764
1741381388,SEK,3.50205,3.73764
1741381388,NOK,3.2613,3.48068
1741381388,NOK,3.2613,3.48068
1741381388,CAD,24.5755,26.2287
1741381388,CAD,24.5755,26.2287
1741381388,AUD,22.22698,23.72218
1741381388,AUD,22.22698,23.72218
1741381388,XAU,3278.490048,3752.848454
