zaman,kur,alis,satis
1739912577,USD,35.0916,37.4523
1739912577,USD,35.0916,37.4523
1739912577,EUR,36.6784,39.1457
1739912577,EUR,36.6784,39.1457
1739912577,GBP,44.2274,47.2026
1739912577,GBP,44.2274,47.2026
1739912577,CHF,38.9293,41.5481
1739912577,CHF,38.9293,41.5481
1739912577,JPY,23.1121,24.6669
1739912577,JPY,23.1121,24.6669
1739912577,DKK,4.91835,5.24921
1739912577,DKK,4.91835,5.24921
1739912577,SEK,3.27379,3.49401
1739912577,SEK,3.27379,3.49401
1739912577,NOK,3.14806,3.35982
1739912577,NOK,3.14806,3.35982
1739912577,CAD,24.721,26.3839
1739912577,CAD,24.721,26.3839
1739912577,AUD,22.27183,23.77005
1739912577,AUD,22.27183,23.77005
1739912577,XAU,3262.007043,3733.980556
