zaman,kur,alis,satis
1737851959,USD,34.5257,36.8482
1737851959,EUR,36.2138,38.6499
1737851959,GBP,42.9335,45.8217
1737851959,CHF,38.1143,40.6783
1737851959,JPY,22.0812,23.5666
1737851959,DKK,4.8543,5.18085
1737851959,SEK,3.15948,3.37202
1737851959,NOK,3.08374,3.29119
1737851959,CAD,24.0814,25.7013
1737851959,AUD,21.77804,23.24305
1737851959,XAU,3060.94566,3503.827989
1737857131,USD,34.5257,36.8482
1737857131,EUR,36.2138,38.6499
1737857131,GBP,42.9335,45.8217
1737857131,CHF,38.1143,40.6783
1737857131,JPY,22.0812,23.5666
1737857131,DKK,4.8543,5.18085
1737857131,SEK,3.15948,3.37202
1737857131,NOK,3.08374,3.29119
1737857131,CAD,24.0814,25.7013
1737857131,AUD,21.77804,23.24305
1737857131,XAU,3060.94566,3503.827989
1737859904,USD,34.5257,36.8482
1737859904,EUR,36.2138,38.6499
1737859904,GBP,42.9335,45.8217
1737859904,CHF,38.1143,40.6783
1737859904,JPY,22.0812,23.5666
1737859904,DKK,4.8543,5.18085
1737859904,SEK,3.15948,3.37202
1737859904,NOK,3.08374,3.29119
1737859904,CAD,24.0814,25.7013
1737859904,AUD,21.77804,23.24305
1737859904,XAU,3060.94566,3503.827989
1737860556,USD,34.5257,36.8482
1737860556,EUR,36.2138,38.6499
1737860556,GBP,42.9335,45.8217
1737860556,CHF,38.1143,40.6783
1737860556,JPY,22.0812,23.5666
1737860556,DKK,4.8543,5.18085
1737860556,SEK,3.15948,3.37202
1737860556,NOK,3.08374,3.29119
1737860556,CAD,24.0814,25.7013
1737860556,AUD,21.77804,23.24305
1737860556,XAU,3060.94566,3503.827989
1737861803,USD,34.5257,36.8482
1737861803,EUR,36.2138,38.6499
1737861803,GBP,42.9335,45.8217
1737861803,CHF,38.1143,40.6783
1737861803,JPY,22.0812,23.5666
1737861803,DKK,4.8543,5.18085
1737861803,SEK,3.15948,3.37202
1737861803,NOK,3.08374,3.29119
1737861803,CAD,24.0814,25.7013
1737861803,AUD,21.77804,23.24305
1737861803,XAU,3060.94566,3503.827989
1737862434,USD,34.5257,36.8482
1737862434,EUR,36.2138,38.6499
1737862434,GBP,42.9335,45.8217
1737862434,CHF,38.1143,40.6783
1737862434,JPY,22.0812,23.5666
1737862434,DKK,4.8543,5.18085
1737862434,SEK,3.15948,3.37202
1737862434,NOK,3.08374,3.29119
1737862434,CAD,24.0814,25.7013
1737862434,AUD,21.77804,23.24305
1737862434,XAU,3060.94566,3503.827989
