zaman,kur,alis,satis
1741036864,USD,35.2452,37.6162
1741036864,EUR,36.9491,39.4348
1741036864,GBP,44.7249,47.7335
1741036864,CHF,39.2377,41.8772
1741036864,JPY,23.4017,24.9758
1741036864,DKK,4.95465,5.28796
1741036864,SEK,3.32141,3.54483
1741036864,NOK,3.15914,3.37166
1741036864,CAD,24.4655,26.1113
1741036864,AUD,22.00088,23.48087
1741036864,XAU,3236.784523,3705.108637
