zaman,kur,alis,satis
1737753014,USD,34.5257,36.8482
1737753014,USD,34.5257,36.8482
1737753014,EUR,36.2138,38.6499
1737753014,EUR,36.2138,38.6499
1737753014,GBP,42.9335,45.8217
1737753014,GBP,42.9335,45.8217
1737753014,CHF,38.1143,40.6783
1737753014,CHF,38.1143,40.6783
1737753014,JPY,22.0812,23.5666
1737753014,JPY,22.0812,23.5666
1737753014,DKK,4.8543,5.18085
1737753014,DKK,4.8543,5.18085
1737753014,SEK,3.15948,3.37202
1737753014,SEK,3.15948,3.37202
1737753014,NOK,3.08374,3.29119
1737753014,NOK,3.08374,3.29119
1737753014,CAD,24.0814,25.7013
1737753014,CAD,24.0814,25.7013
1737753014,AUD,21.77804,23.24305
1737753014,AUD,21.77804,23.24305
1737753014,XAU,3045.640932,3486.308849
