zaman,kur,alis,satis
1750194782,USD,38.2526,40.5813
1750194782,USD,38.2526,40.5813
1750194782,EUR,44.0779,46.7613
1750194782,EUR,44.0779,46.7613
1750194782,GBP,51.6796,54.8258
1750194782,GBP,51.6796,54.8258
1750194782,CHF,46.8933,49.748
1750194782,CHF,46.8933,49.748
1750194782,JPY,26.3447,27.9485
1750194782,JPY,26.3447,27.9485
1750194782,DKK,5.91024,6.27005
1750194782,DKK,5.91024,6.27005
1750194782,SEK,4.02853,4.27379
1750194782,SEK,4.02853,4.27379
1750194782,NOK,3.86371,4.09892
1750194782,NOK,3.86371,4.09892
1750194782,CAD,28.151,29.865
1750194782,CAD,28.151,29.865
1750194782,AUD,24.89767,26.41342
1750194782,AUD,24.89767,26.41342
1750194782,XAU,4098.041975,4690.97977
