zaman,kur,alis,satis
1743297989,USD,36.4992,39.5044
1743297989,EUR,39.4983,42.7504
1743297989,GBP,47.2533,51.1441
1743297989,CHF,41.434,44.8455
1743297989,JPY,24.3224,26.3251
1743297989,DKK,5.29438,5.73031
1743297989,SEK,3.64884,3.94928
1743297989,NOK,3.49042,3.77782
1743297989,CAD,25.4904,27.5892
1743297989,AUD,22.96638,24.85736
1743297989,XAU,3603.607354,4125.006357
1743303028,USD,36.4992,39.5044
1743303028,EUR,39.4983,42.7504
1743303028,GBP,47.2533,51.1441
1743303028,CHF,41.434,44.8455
1743303028,JPY,24.3224,26.3251
1743303028,DKK,5.29438,5.73031
1743303028,SEK,3.64884,3.94928
1743303028,NOK,3.49042,3.77782
1743303028,CAD,25.4904,27.5892
1743303028,AUD,22.96638,24.85736
1743303028,XAU,3603.607354,4125.006357
