zaman,kur,alis,satis
1746738722,USD,37.483,39.7649
1746738722,USD,37.483,39.7649
1746738722,EUR,42.3059,44.8813
1746738722,EUR,42.3059,44.8813
1746738722,GBP,49.8902,52.9275
1746738722,GBP,49.8902,52.9275
1746738722,CHF,45.3818,48.1445
1746738722,CHF,45.3818,48.1445
1746738722,JPY,25.8808,27.4565
1746738722,JPY,25.8808,27.4565
1746738722,DKK,5.67144,6.0167
1746738722,DKK,5.67144,6.0167
1746738722,SEK,3.87458,4.11047
1746738722,SEK,3.87458,4.11047
1746738722,NOK,3.60824,3.8279
1746738722,NOK,3.60824,3.8279
1746738722,CAD,26.9707,28.6127
1746738722,CAD,26.9707,28.6127
1746738722,AUD,24.03181,25.49485
1746738722,AUD,24.03181,25.49485
1746738722,XAU,3988.361772,4565.43015
