zaman,kur,alis,satis
1745269222,USD,36.6829,39.7032
1745269222,EUR,42.1795,45.6525
1745269222,GBP,49.1167,53.1608
1745269222,CHF,45.4366,49.1777
1745269222,JPY,26.0475,28.1921
1745269222,DKK,5.64967,6.11484
1745269222,SEK,3.84363,4.16011
1745269222,NOK,3.53439,3.8254
1745269222,CAD,26.5622,28.7492
1745269222,AUD,23.53701,25.47499
1745269222,XAU,4009.333504,4589.436242
1745270263,USD,36.6829,39.7032
1745270263,USD,36.6829,39.7032
1745270263,EUR,42.1795,45.6525
1745270263,EUR,42.1795,45.6525
1745270263,GBP,49.1167,53.1608
1745270263,GBP,49.1167,53.1608
1745270263,CHF,45.4366,49.1777
1745270263,CHF,45.4366,49.1777
1745270263,JPY,26.0475,28.1921
1745270263,JPY,26.0475,28.1921
1745270263,DKK,5.64967,6.11484
1745270263,DKK,5.64967,6.11484
1745270263,SEK,3.84363,4.16011
1745270263,SEK,3.84363,4.16011
1745270263,NOK,3.53439,3.8254
1745270263,NOK,3.53439,3.8254
1745270263,CAD,26.5622,28.7492
1745270263,CAD,26.5622,28.7492
1745270263,AUD,23.53701,25.47499
1745270263,AUD,23.53701,25.47499
1745270263,XAU,4009.333504,4589.436242
1745270997,USD,36.6829,39.7032
1745270997,USD,36.6829,39.7032
1745270997,EUR,42.1795,45.6525
1745270997,EUR,42.1795,45.6525
1745270997,GBP,49.1167,53.1608
1745270997,GBP,49.1167,53.1608
1745270997,CHF,45.4366,49.1777
1745270997,CHF,45.4366,49.1777
1745270997,JPY,26.0475,28.1921
1745270997,JPY,26.0475,28.1921
1745270997,DKK,5.64967,6.11484
1745270997,DKK,5.64967,6.11484
1745270997,SEK,3.84363,4.16011
1745270997,SEK,3.84363,4.16011
1745270997,NOK,3.53439,3.8254
1745270997,NOK,3.53439,3.8254
1745270997,CAD,26.5622,28.7492
1745270997,CAD,26.5622,28.7492
1745270997,AUD,23.53701,25.47499
1745270997,AUD,23.53701,25.47499
1745270997,XAU,4009.333504,4589.436242
1745271537,USD,36.6829,39.7032
1745271537,USD,36.6829,39.7032
1745271537,EUR,42.1795,45.6525
1745271537,EUR,42.1795,45.6525
1745271537,GBP,49.1167,53.1608
1745271537,GBP,49.1167,53.1608
1745271537,CHF,45.4366,49.1777
1745271537,CHF,45.4366,49.1777
1745271537,JPY,26.0475,28.1921
1745271537,JPY,26.0475,28.1921
1745271537,DKK,5.64967,6.11484
1745271537,DKK,5.64967,6.11484
1745271537,SEK,3.84363,4.16011
1745271537,SEK,3.84363,4.16011
1745271537,NOK,3.53439,3.8254
1745271537,NOK,3.53439,3.8254
1745271537,CAD,26.5622,28.7492
1745271537,CAD,26.5622,28.7492
1745271537,AUD,23.53701,25.47499
1745271537,AUD,23.53701,25.47499
1745271537,XAU,4009.333504,4589.436242
