zaman,kur,alis,satis
1739998989,USD,35.1206,37.4832
1739998989,EUR,36.6485,39.1138
1739998989,GBP,44.2128,47.187
1739998989,CHF,38.906,41.5232
1739998989,JPY,23.2047,24.7656
1739998989,DKK,4.91402,5.24459
1739998989,SEK,3.2722,3.49233
1739998989,NOK,3.15666,3.36902
1739998989,CAD,24.727,26.3905
1739998989,AUD,22.29575,23.79559
1739998989,XAU,3277.936286,3752.214569
