zaman,kur,alis,satis
1740949251,USD,35.3279,37.7044
1740949251,EUR,36.7679,39.2413
1740949251,GBP,44.522,47.517
1740949251,CHF,39.1555,41.7895
1740949251,JPY,23.4606,25.0387
1740949251,DKK,4.9306,5.26227
1740949251,SEK,3.29307,3.5146
1740949251,NOK,3.1385,3.34964
1740949251,CAD,24.462,26.1076
1740949251,AUD,21.92823,23.40334
