zaman,kur,alis,satis
1744750843,USD,36.5724,39.6201
1744750843,EUR,41.2134,44.6479
1744750843,GBP,48.3231,52.35
1744750843,CHF,44.5136,48.2231
1744750843,JPY,25.5447,27.6735
1744750843,DKK,5.52178,5.98193
1744750843,SEK,3.69601,4.00401
1744750843,NOK,3.43903,3.72562
1744750843,CAD,26.2036,28.3873
1744750843,AUD,23.24176,25.17857
1744750843,XAU,3768.551488,4318.131914
