zaman,kur,alis,satis
1740268953,USD,35.2237,37.5932
1740268953,EUR,36.9098,39.3927
1740268953,GBP,44.5636,47.5614
1740268953,CHF,39.2181,41.8562
1740268953,JPY,23.513,25.0947
1740268953,DKK,4.94913,5.28206
1740268953,SEK,3.31455,3.53752
1740268953,NOK,3.1765,3.39018
1740268953,CAD,24.8372,26.508
1740268953,AUD,22.49139,24.00438
1740268953,XAU,3298.747928,3776.037408
