zaman,kur,alis,satis
1739664147,USD,35.0375,37.3944
1739664147,EUR,36.8112,39.2874
1739664147,GBP,44.2292,47.2046
1739664147,CHF,39.0259,41.6512
1739664147,JPY,23.0256,24.5745
1739664147,DKK,4.93556,5.26757
1739664147,SEK,3.27698,3.49742
1739664147,NOK,3.16037,3.37297
1739664147,CAD,24.7535,26.4187
1739664147,AUD,22.29242,23.79202
1739664147,XAU,3268.622394,3741.55307
1739668836,USD,35.0375,37.3944
1739668836,EUR,36.8112,39.2874
1739668836,GBP,44.2292,47.2046
1739668836,CHF,39.0259,41.6512
1739668836,JPY,23.0256,24.5745
1739668836,DKK,4.93556,5.26757
1739668836,SEK,3.27698,3.49742
1739668836,NOK,3.16037,3.37297
1739668836,CAD,24.7535,26.4187
1739668836,AUD,22.29242,23.79202
1739668836,XAU,3268.622394,3741.55307
