zaman,kur,alis,satis
1742851736,USD,36.494,39.4987
1742851736,USD,36.494,39.4987
1742851736,EUR,39.4098,42.6547
1742851736,EUR,39.4098,42.6547
1742851736,GBP,47.168,51.0516
1742851736,GBP,47.168,51.0516
1742851736,CHF,41.3127,44.7143
1742851736,CHF,41.3127,44.7143
1742851736,JPY,24.2518,26.2485
1742851736,JPY,24.2518,26.2485
1742851736,DKK,5.28382,5.71888
1742851736,DKK,5.28382,5.71888
1742851736,SEK,3.60466,3.90146
1742851736,SEK,3.60466,3.90146
1742851736,NOK,3.47142,3.75725
1742851736,NOK,3.47142,3.75725
1742851736,CAD,25.5113,27.6119
1742851736,CAD,25.5113,27.6119
1742851736,AUD,22.9474,24.83682
1742851736,AUD,22.9474,24.83682
1742851736,XAU,3516.439984,4025.226908
1742852105,USD,36.494,39.4987
1742852105,USD,36.494,39.4987
1742852105,EUR,39.4098,42.6547
1742852105,EUR,39.4098,42.6547
1742852105,GBP,47.168,51.0516
1742852105,GBP,47.168,51.0516
1742852105,CHF,41.3127,44.7143
1742852105,CHF,41.3127,44.7143
1742852105,JPY,24.2518,26.2485
1742852105,JPY,24.2518,26.2485
1742852105,DKK,5.28382,5.71888
1742852105,DKK,5.28382,5.71888
1742852105,SEK,3.60466,3.90146
1742852105,SEK,3.60466,3.90146
1742852105,NOK,3.47142,3.75725
1742852105,NOK,3.47142,3.75725
1742852105,CAD,25.5113,27.6119
1742852105,CAD,25.5113,27.6119
1742852105,AUD,22.9474,24.83682
1742852105,AUD,22.9474,24.83682
1742852105,XAU,3516.439984,4025.226908
