zaman,kur,alis,satis
1740355350,USD,35.2237,37.5932
1740355350,EUR,36.9098,39.3927
1740355350,GBP,44.5636,47.5614
1740355350,CHF,39.2181,41.8562
1740355350,JPY,23.513,25.0947
1740355350,DKK,4.94913,5.28206
1740355350,SEK,3.31455,3.53752
1740355350,NOK,3.1765,3.39018
1740355350,CAD,24.8372,26.508
1740355350,AUD,22.49139,24.00438
1740355350,XAU,3298.747928,3776.037408
1740359678,USD,35.2237,37.5932
1740359678,EUR,36.9098,39.3927
1740359678,GBP,44.5636,47.5614
1740359678,CHF,39.2181,41.8562
1740359678,JPY,23.513,25.0947
1740359678,DKK,4.94913,5.28206
1740359678,SEK,3.31455,3.53752
1740359678,NOK,3.1765,3.39018
1740359678,CAD,24.8372,26.508
1740359678,AUD,22.49139,24.00438
1740359678,XAU,3298.747928,3776.037408
