zaman,kur,alis,satis
1738617060,USD,34.805,37.1805
1738617060,USD,34.805,37.1805
1738617060,EUR,35.6821,38.1175
1738617060,EUR,35.6821,38.1175
1738617060,GBP,42.9563,45.8882
1738617060,GBP,42.9563,45.8882
1738617060,CHF,38.0757,40.6744
1738617060,CHF,38.0757,40.6744
1738617060,JPY,22.5509,24.09
1738617060,JPY,22.5509,24.09
1738617060,DKK,4.78314,5.1096
1738617060,DKK,4.78314,5.1096
1738617060,SEK,3.11006,3.32233
1738617060,SEK,3.11006,3.32233
1738617060,NOK,3.03799,3.24534
1738617060,NOK,3.03799,3.24534
1738617060,CAD,23.6946,25.3118
1738617060,CAD,23.6946,25.3118
1738617060,AUD,21.3807,22.83999
1738617060,AUD,21.3807,22.83999
1738617060,XAU,3122.053868,3577.353391
1738617840,USD,34.805,37.1805
1738617840,USD,34.805,37.1805
1738617840,EUR,35.6821,38.1175
1738617840,EUR,35.6821,38.1175
1738617840,GBP,42.9563,45.8882
1738617840,GBP,42.9563,45.8882
1738617840,CHF,38.0757,40.6744
1738617840,CHF,38.0757,40.6744
1738617840,JPY,22.5509,24.09
1738617840,JPY,22.5509,24.09
1738617840,DKK,4.78314,5.1096
1738617840,DKK,4.78314,5.1096
1738617840,SEK,3.11006,3.32233
1738617840,SEK,3.11006,3.32233
1738617840,NOK,3.03799,3.24534
1738617840,NOK,3.03799,3.24534
1738617840,CAD,23.6946,25.3118
1738617840,CAD,23.6946,25.3118
1738617840,AUD,21.3807,22.83999
1738617840,AUD,21.3807,22.83999
1738617840,XAU,3122.053868,3577.353391
1738618203,USD,34.805,37.1805
1738618203,EUR,35.6821,38.1175
1738618203,GBP,42.9563,45.8882
1738618203,CHF,38.0757,40.6744
1738618203,JPY,22.5509,24.09
1738618203,DKK,4.78314,5.1096
1738618203,SEK,3.11006,3.32233
1738618203,NOK,3.03799,3.24534
1738618203,CAD,23.6946,25.3118
1738618203,AUD,21.3807,22.83999
1738618203,XAU,3137.742581,3595.330041
