zaman,kur,alis,satis
1751663491,USD,38.6548,41.0081
1751663491,USD,38.6548,41.0081
1751663491,EUR,45.5199,48.2912
1751663491,EUR,45.5199,48.2912
1751663491,GBP,52.7262,55.9363
1751663491,GBP,52.7262,55.9363
1751663491,CHF,48.7229,51.6891
1751663491,CHF,48.7229,51.6891
1751663491,JPY,26.7429,28.3709
1751663491,JPY,26.7429,28.3709
1751663491,DKK,6.10132,6.47275
1751663491,DKK,6.10132,6.47275
1751663491,SEK,4.04324,4.28939
1751663491,SEK,4.04324,4.28939
1751663491,NOK,3.83885,4.07255
1751663491,NOK,3.83885,4.07255
1751663491,CAD,28.4021,30.1311
1751663491,CAD,28.4021,30.1311
1751663491,AUD,25.30305,26.84349
1751663491,AUD,25.30305,26.84349
1751663491,XAU,4079.113332,4669.312378
1751664525,USD,38.6548,41.0081
1751664525,USD,38.6548,41.0081
1751664525,EUR,45.5199,48.2912
1751664525,EUR,45.5199,48.2912
1751664525,GBP,52.7262,55.9363
1751664525,GBP,52.7262,55.9363
1751664525,CHF,48.7229,51.6891
1751664525,CHF,48.7229,51.6891
1751664525,JPY,26.7429,28.3709
1751664525,JPY,26.7429,28.3709
1751664525,DKK,6.10132,6.47275
1751664525,DKK,6.10132,6.47275
1751664525,SEK,4.04324,4.28939
1751664525,SEK,4.04324,4.28939
1751664525,NOK,3.83885,4.07255
1751664525,NOK,3.83885,4.07255
1751664525,CAD,28.4021,30.1311
1751664525,CAD,28.4021,30.1311
1751664525,AUD,25.30305,26.84349
1751664525,AUD,25.30305,26.84349
1751664525,XAU,4079.113332,4669.312378
