zaman,kur,alis,satis
1738098876,USD,34.5999,36.9275
1738098876,USD,34.5999,36.9275
1738098876,EUR,36.0884,38.5161
1738098876,EUR,36.0884,38.5161
1738098876,GBP,42.9971,45.8896
1738098876,GBP,42.9971,45.8896
1738098876,CHF,38.2604,40.8342
1738098876,CHF,38.2604,40.8342
1738098876,JPY,22.2892,23.7887
1738098876,JPY,22.2892,23.7887
1738098876,DKK,4.83665,5.16201
1738098876,DKK,4.83665,5.16201
1738098876,SEK,3.14239,3.35379
1738098876,SEK,3.14239,3.35379
1738098876,NOK,3.06337,3.26944
1738098876,NOK,3.06337,3.26944
1738098876,CAD,24.0575,25.6758
1738098876,CAD,24.0575,25.6758
1738098876,AUD,21.60243,23.05563
1738098876,AUD,21.60243,23.05563
1738098876,XAU,3026.043208,3463.875569
