zaman,kur,alis,satis
1744924583,USD,36.558,39.5681
1744924583,USD,36.558,39.5681
1744924583,EUR,41.4703,44.8847
1744924583,EUR,41.4703,44.8847
1744924583,GBP,48.3738,52.3569
1744924583,GBP,48.3738,52.3569
1744924583,CHF,44.6228,48.2969
1744924583,CHF,44.6228,48.2969
1744924583,JPY,25.7068,27.8234
1744924583,JPY,25.7068,27.8234
1744924583,DKK,5.55447,6.01181
1744924583,DKK,5.55447,6.01181
1744924583,SEK,3.78813,4.10004
1744924583,SEK,3.78813,4.10004
1744924583,NOK,3.48321,3.77001
1744924583,NOK,3.48321,3.77001
1744924583,CAD,26.3486,28.5182
1744924583,CAD,26.3486,28.5182
1744924583,AUD,23.27169,25.18782
1744924583,AUD,23.27169,25.18782
1744924583,XAU,3847.264686,4403.917998
