zaman,kur,alis,satis
1746403229,USD,37.4277,39.7062
1746403229,EUR,42.5621,45.1531
1746403229,GBP,49.8637,52.8995
1746403229,CHF,45.4846,48.2537
1746403229,JPY,25.9909,27.5732
1746403229,DKK,5.70407,6.05133
1746403229,SEK,3.9007,4.13817
1746403229,NOK,3.6191,3.83943
1746403229,CAD,27.2013,28.8573
1746403229,AUD,24.20415,25.67768
1746403229,XAU,3885.007678,4447.121952
1746409279,USD,37.4277,39.7062
1746409279,EUR,42.5621,45.1531
1746409279,GBP,49.8637,52.8995
1746409279,CHF,45.4846,48.2537
1746409279,JPY,25.9909,27.5732
1746409279,DKK,5.70407,6.05133
1746409279,SEK,3.9007,4.13817
1746409279,NOK,3.6191,3.83943
1746409279,CAD,27.2013,28.8573
1746409279,AUD,24.20415,25.67768
1746409279,XAU,3885.007678,4447.121952
1746414324,USD,37.4277,39.7062
1746414324,EUR,42.5621,45.1531
1746414324,GBP,49.8637,52.8995
1746414324,CHF,45.4846,48.2537
1746414324,JPY,25.9909,27.5732
1746414324,DKK,5.70407,6.05133
1746414324,SEK,3.9007,4.13817
1746414324,NOK,3.6191,3.83943
1746414324,CAD,27.2013,28.8573
1746414324,AUD,24.20415,25.67768
1746414324,XAU,3885.007678,4447.121952
1746416835,USD,37.4277,39.7062
1746416835,EUR,42.5621,45.1531
1746416835,GBP,49.8637,52.8995
1746416835,CHF,45.4846,48.2537
1746416835,JPY,25.9909,27.5732
1746416835,DKK,5.70407,6.05133
1746416835,SEK,3.9007,4.13817
1746416835,NOK,3.6191,3.83943
1746416835,CAD,27.2013,28.8573
1746416835,AUD,24.20415,25.67768
1746416835,XAU,3885.007678,4447.121952
1746417648,USD,37.4277,39.7062
1746417648,EUR,42.5621,45.1531
1746417648,GBP,49.8637,52.8995
1746417648,CHF,45.4846,48.2537
1746417648,JPY,25.9909,27.5732
1746417648,DKK,5.70407,6.05133
1746417648,SEK,3.9007,4.13817
1746417648,NOK,3.6191,3.83943
1746417648,CAD,27.2013,28.8573
1746417648,AUD,24.20415,25.67768
1746417648,XAU,3885.007678,4447.121952
1746419107,USD,37.4277,39.7062
1746419107,EUR,42.5621,45.1531
1746419107,GBP,49.8637,52.8995
1746419107,CHF,45.4846,48.2537
1746419107,JPY,25.9909,27.5732
1746419107,DKK,5.70407,6.05133
1746419107,SEK,3.9007,4.13817
1746419107,NOK,3.6191,3.83943
1746419107,CAD,27.2013,28.8573
1746419107,AUD,24.20415,25.67768
1746419107,XAU,3885.007678,4447.121952
