zaman,kur,alis,satis
1739750671,USD,35.0375,37.3944
1739750671,EUR,36.8112,39.2874
1739750671,GBP,44.2292,47.2046
1739750671,CHF,39.0259,41.6512
1739750671,JPY,23.0256,24.5745
1739750671,DKK,4.93556,5.26757
1739750671,SEK,3.27698,3.49742
1739750671,NOK,3.16037,3.37297
1739750671,CAD,24.7535,26.4187
1739750671,AUD,22.29242,23.79202
1739750671,XAU,3268.622394,3741.55307
