zaman,kur,alis,satis
1746479425,USD,37.4437,39.7232
1746479425,USD,37.4437,39.7232
1746479425,EUR,42.4446,45.0286
1746479425,EUR,42.4446,45.0286
1746479425,GBP,49.8114,52.844
1746479425,GBP,49.8114,52.844
1746479425,CHF,45.5649,48.3389
1746479425,CHF,45.5649,48.3389
1746479425,JPY,26.0437,27.6292
1746479425,JPY,26.0437,27.6292
1746479425,DKK,5.68864,6.03496
1746479425,DKK,5.68864,6.03496
1746479425,SEK,3.88778,4.12447
1746479425,SEK,3.88778,4.12447
1746479425,NOK,3.60931,3.82905
1746479425,NOK,3.60931,3.82905
1746479425,CAD,27.1097,28.7602
1746479425,CAD,27.1097,28.7602
1746479425,AUD,24.26318,25.74029
1746479425,AUD,24.26318,25.74029
1746479425,XAU,3928.360301,4496.747181
