zaman,kur,alis,satis
1740690812,USD,35.2433,37.6141
1740690812,USD,35.2433,37.6141
1740690812,EUR,36.7046,39.1737
1740690812,EUR,36.7046,39.1737
1740690812,GBP,44.4864,47.4788
1740690812,GBP,44.4864,47.4788
1740690812,CHF,39.1799,41.8155
1740690812,CHF,39.1799,41.8155
1740690812,JPY,23.5342,25.1174
1740690812,JPY,23.5342,25.1174
1740690812,DKK,4.92247,5.25361
1740690812,DKK,4.92247,5.25361
1740690812,SEK,3.28391,3.50483
1740690812,SEK,3.28391,3.50483
1740690812,NOK,3.1378,3.34888
1740690812,NOK,3.1378,3.34888
1740690812,CAD,24.4221,26.0651
1740690812,CAD,24.4221,26.0651
1740690812,AUD,22.03005,23.51202
1740690812,AUD,22.03005,23.51202
1740690812,XAU,3215.196868,3680.397506
1740691763,USD,35.2433,37.6141
1740691763,USD,35.2433,37.6141
1740691763,EUR,36.7046,39.1737
1740691763,EUR,36.7046,39.1737
1740691763,GBP,44.4864,47.4788
1740691763,GBP,44.4864,47.4788
1740691763,CHF,39.1799,41.8155
1740691763,CHF,39.1799,41.8155
1740691763,JPY,23.5342,25.1174
1740691763,JPY,23.5342,25.1174
1740691763,DKK,4.92247,5.25361
1740691763,DKK,4.92247,5.25361
1740691763,SEK,3.28391,3.50483
1740691763,SEK,3.28391,3.50483
1740691763,NOK,3.1378,3.34888
1740691763,NOK,3.1378,3.34888
1740691763,CAD,24.4221,26.0651
1740691763,CAD,24.4221,26.0651
1740691763,AUD,22.03005,23.51202
1740691763,AUD,22.03005,23.51202
1740691763,XAU,3215.196868,3680.397506
