zaman,kur,alis,satis
1744837244,USD,36.6233,39.6388
1744837244,USD,36.6233,39.6388
1744837244,EUR,41.6566,45.0865
1744837244,EUR,41.6566,45.0865
1744837244,GBP,48.528,52.5237
1744837244,GBP,48.528,52.5237
1744837244,CHF,44.9313,48.6308
1744837244,CHF,44.9313,48.6308
1744837244,JPY,25.6966,27.8124
1744837244,JPY,25.6966,27.8124
1744837244,DKK,5.57915,6.03852
1744837244,DKK,5.57915,6.03852
1744837244,SEK,3.74481,4.05314
1744837244,SEK,3.74481,4.05314
1744837244,NOK,3.46418,3.7494
1744837244,NOK,3.46418,3.7494
1744837244,CAD,26.365,28.5358
1744837244,CAD,26.365,28.5358
1744837244,AUD,23.34967,25.27222
1744837244,AUD,23.34967,25.27222
1744837244,XAU,3876.663695,4437.570694
1744838472,USD,36.6233,39.6388
1744838472,USD,36.6233,39.6388
1744838472,EUR,41.6566,45.0865
1744838472,EUR,41.6566,45.0865
1744838472,GBP,48.528,52.5237
1744838472,GBP,48.528,52.5237
1744838472,CHF,44.9313,48.6308
1744838472,CHF,44.9313,48.6308
1744838472,JPY,25.6966,27.8124
1744838472,JPY,25.6966,27.8124
1744838472,DKK,5.57915,6.03852
1744838472,DKK,5.57915,6.03852
1744838472,SEK,3.74481,4.05314
1744838472,SEK,3.74481,4.05314
1744838472,NOK,3.46418,3.7494
1744838472,NOK,3.46418,3.7494
1744838472,CAD,26.365,28.5358
1744838472,CAD,26.365,28.5358
1744838472,AUD,23.34967,25.27222
1744838472,AUD,23.34967,25.27222
1744838472,XAU,3876.663695,4437.570694
