zaman,kur,alis,satis
1750368448,USD,38.4001,40.7379
1750368448,USD,38.4001,40.7379
1750368448,EUR,44.0291,46.7096
1750368448,EUR,44.0291,46.7096
1750368448,GBP,51.542,54.6797
1750368448,GBP,51.542,54.6797
1750368448,CHF,46.8842,49.7385
1750368448,CHF,46.8842,49.7385
1750368448,JPY,26.3574,27.962
1750368448,JPY,26.3574,27.962
1750368448,DKK,5.90298,6.26235
1750368448,DKK,5.90298,6.26235
1750368448,SEK,3.97885,4.22108
1750368448,SEK,3.97885,4.22108
1750368448,NOK,3.8148,4.04705
1750368448,NOK,3.8148,4.04705
1750368448,CAD,27.9501,29.6516
1750368448,CAD,27.9501,29.6516
1750368448,AUD,24.77342,26.28161
1750368448,AUD,24.77342,26.28161
1750368448,XAU,4091.691016,4683.709904
