zaman,kur,alis,satis
1750554110,USD,38.5066,40.8508
1750554110,EUR,44.339,47.0384
1750554110,GBP,51.8776,55.0358
1750554110,CHF,47.1138,49.9821
1750554110,JPY,26.3978,28.005
1750554110,DKK,5.94539,6.30734
1750554110,SEK,3.97689,4.219
1750554110,NOK,3.8076,4.03941
1750554110,CAD,28.0428,29.75
1750554110,AUD,24.89184,26.40725
1750554110,XAU,4129.256338,4726.710479
1750561001,USD,38.5066,40.8508
1750561001,EUR,44.339,47.0384
1750561001,GBP,51.8776,55.0358
1750561001,CHF,47.1138,49.9821
1750561001,JPY,26.3978,28.005
1750561001,DKK,5.94539,6.30734
1750561001,SEK,3.97689,4.219
1750561001,NOK,3.8076,4.03941
1750561001,CAD,28.0428,29.75
1750561001,AUD,24.89184,26.40725
1750561001,XAU,4129.256338,4726.710479
