zaman,kur,alis,satis
1751851675,USD,38.6548,41.0081
1751851675,EUR,45.5199,48.2912
1751851675,GBP,52.7262,55.9363
1751851675,CHF,48.7229,51.6891
1751851675,JPY,26.7429,28.3709
1751851675,DKK,6.10132,6.47275
1751851675,SEK,4.04324,4.28939
1751851675,NOK,3.83885,4.07255
1751851675,CAD,28.4021,30.1311
1751851675,AUD,25.30305,26.84349
1751851675,XAU,4099.611389,4692.776259
1751857803,USD,38.6548,41.0081
1751857803,EUR,45.5199,48.2912
1751857803,GBP,52.7262,55.9363
1751857803,CHF,48.7229,51.6891
1751857803,JPY,26.7429,28.3709
1751857803,DKK,6.10132,6.47275
1751857803,SEK,4.04324,4.28939
1751857803,NOK,3.83885,4.07255
1751857803,CAD,28.4021,30.1311
1751857803,AUD,25.30305,26.84349
1751857803,XAU,4099.611389,4692.776259
1751860868,USD,38.6548,41.0081
1751860868,EUR,45.5199,48.2912
1751860868,GBP,52.7262,55.9363
1751860868,CHF,48.7229,51.6891
1751860868,JPY,26.7429,28.3709
1751860868,DKK,6.10132,6.47275
1751860868,SEK,4.04324,4.28939
1751860868,NOK,3.83885,4.07255
1751860868,CAD,28.4021,30.1311
1751860868,AUD,25.30305,26.84349
1751860868,XAU,4099.611389,4692.776259
1751862927,USD,38.6548,41.0081
1751862927,EUR,45.5199,48.2912
1751862927,GBP,52.7262,55.9363
1751862927,CHF,48.7229,51.6891
1751862927,JPY,26.7429,28.3709
1751862927,DKK,6.10132,6.47275
1751862927,SEK,4.04324,4.28939
1751862927,NOK,3.83885,4.07255
1751862927,CAD,28.4021,30.1311
1751862927,AUD,25.30305,26.84349
1751862927,XAU,4099.611389,4692.776259
1751864250,USD,38.6548,41.0081
1751864250,EUR,45.5199,48.2912
1751864250,GBP,52.7262,55.9363
1751864250,CHF,48.7229,51.6891
1751864250,JPY,26.7429,28.3709
1751864250,DKK,6.10132,6.47275
1751864250,SEK,4.04324,4.28939
1751864250,NOK,3.83885,4.07255
1751864250,CAD,28.4021,30.1311
1751864250,AUD,25.30305,26.84349
1751864250,XAU,4099.611389,4692.776259
1751865448,USD,38.6548,41.0081
1751865448,EUR,45.5199,48.2912
1751865448,GBP,52.7262,55.9363
1751865448,CHF,48.7229,51.6891
1751865448,JPY,26.7429,28.3709
1751865448,DKK,6.10132,6.47275
1751865448,SEK,4.04324,4.28939
1751865448,NOK,3.83885,4.07255
1751865448,CAD,28.4021,30.1311
1751865448,AUD,25.30305,26.84349
1751865448,XAU,4099.611389,4692.776259
