zaman,kur,alis,satis
1743897717,USD,36.486,39.5265
1743897717,EUR,39.9485,43.2776
1743897717,GBP,47.0305,50.9497
1743897717,CHF,42.4503,45.9878
1743897717,JPY,24.7934,26.8595
1743897717,DKK,5.35456,5.80078
1743897717,SEK,3.63584,3.93882
1743897717,NOK,3.38803,3.67036
1743897717,CAD,25.6636,27.8023
1743897717,AUD,21.99011,23.82262
1743897717,XAU,3546.007132,4063.133172
1743902188,USD,36.486,39.5265
1743902188,EUR,39.9485,43.2776
1743902188,GBP,47.0305,50.9497
1743902188,CHF,42.4503,45.9878
1743902188,JPY,24.7934,26.8595
1743902188,DKK,5.35456,5.80078
1743902188,SEK,3.63584,3.93882
1743902188,NOK,3.38803,3.67036
1743902188,CAD,25.6636,27.8023
1743902188,AUD,21.99011,23.82262
1743902188,XAU,3546.007132,4063.133172
1743907721,USD,36.486,39.5265
1743907721,EUR,39.9485,43.2776
1743907721,GBP,47.0305,50.9497
1743907721,CHF,42.4503,45.9878
1743907721,JPY,24.7934,26.8595
1743907721,DKK,5.35456,5.80078
1743907721,SEK,3.63584,3.93882
1743907721,NOK,3.38803,3.67036
1743907721,CAD,25.6636,27.8023
1743907721,AUD,21.99011,23.82262
1743907721,XAU,3546.007132,4063.133172
1743910098,USD,36.486,39.5265
1743910098,EUR,39.9485,43.2776
1743910098,GBP,47.0305,50.9497
1743910098,CHF,42.4503,45.9878
1743910098,JPY,24.7934,26.8595
1743910098,DKK,5.35456,5.80078
1743910098,SEK,3.63584,3.93882
1743910098,NOK,3.38803,3.67036
1743910098,CAD,25.6636,27.8023
1743910098,AUD,21.99011,23.82262
1743910098,XAU,3546.007132,4063.133172
1743911870,USD,36.486,39.5265
1743911870,EUR,39.9485,43.2776
1743911870,GBP,47.0305,50.9497
1743911870,CHF,42.4503,45.9878
1743911870,JPY,24.7934,26.8595
1743911870,DKK,5.35456,5.80078
1743911870,SEK,3.63584,3.93882
1743911870,NOK,3.38803,3.67036
1743911870,CAD,25.6636,27.8023
1743911870,AUD,21.99011,23.82262
1743911870,XAU,3546.007132,4063.133172
1743913451,USD,36.486,39.5265
1743913451,EUR,39.9485,43.2776
1743913451,GBP,47.0305,50.9497
1743913451,CHF,42.4503,45.9878
1743913451,JPY,24.7934,26.8595
1743913451,DKK,5.35456,5.80078
1743913451,SEK,3.63584,3.93882
1743913451,NOK,3.38803,3.67036
1743913451,CAD,25.6636,27.8023
1743913451,AUD,21.99011,23.82262
1743913451,XAU,3546.007132,4063.133172
1743914638,USD,36.486,39.5265
1743914638,EUR,39.9485,43.2776
1743914638,GBP,47.0305,50.9497
1743914638,CHF,42.4503,45.9878
1743914638,JPY,24.7934,26.8595
1743914638,DKK,5.35456,5.80078
1743914638,SEK,3.63584,3.93882
1743914638,NOK,3.38803,3.67036
1743914638,CAD,25.6636,27.8023
1743914638,AUD,21.99011,23.82262
1743914638,XAU,3546.007132,4063.133172
