zaman,kur,alis,satis
1746219636,USD,37.4277,39.7062
1746219636,USD,37.4277,39.7062
1746219636,EUR,42.5621,45.1531
1746219636,EUR,42.5621,45.1531
1746219636,GBP,49.8637,52.8995
1746219636,GBP,49.8637,52.8995
1746219636,CHF,45.4846,48.2537
1746219636,CHF,45.4846,48.2537
1746219636,JPY,25.9909,27.5732
1746219636,JPY,25.9909,27.5732
1746219636,DKK,5.70407,6.05133
1746219636,DKK,5.70407,6.05133
1746219636,SEK,3.9007,4.13817
1746219636,SEK,3.9007,4.13817
1746219636,NOK,3.6191,3.83943
1746219636,NOK,3.6191,3.83943
1746219636,CAD,27.2013,28.8573
1746219636,CAD,27.2013,28.8573
1746219636,AUD,24.20415,25.67768
1746219636,AUD,24.20415,25.67768
1746219636,XAU,3865.58264,4424.886343
1746220720,USD,37.4277,39.7062
1746220720,USD,37.4277,39.7062
1746220720,EUR,42.5621,45.1531
1746220720,EUR,42.5621,45.1531
1746220720,GBP,49.8637,52.8995
1746220720,GBP,49.8637,52.8995
1746220720,CHF,45.4846,48.2537
1746220720,CHF,45.4846,48.2537
1746220720,JPY,25.9909,27.5732
1746220720,JPY,25.9909,27.5732
1746220720,DKK,5.70407,6.05133
1746220720,DKK,5.70407,6.05133
1746220720,SEK,3.9007,4.13817
1746220720,SEK,3.9007,4.13817
1746220720,NOK,3.6191,3.83943
1746220720,NOK,3.6191,3.83943
1746220720,CAD,27.2013,28.8573
1746220720,CAD,27.2013,28.8573
1746220720,AUD,24.20415,25.67768
1746220720,AUD,24.20415,25.67768
1746220720,XAU,3865.58264,4424.886343
1746221441,USD,37.4277,39.7062
1746221441,USD,37.4277,39.7062
1746221441,EUR,42.5621,45.1531
1746221441,EUR,42.5621,45.1531
1746221441,GBP,49.8637,52.8995
1746221441,GBP,49.8637,52.8995
1746221441,CHF,45.4846,48.2537
1746221441,CHF,45.4846,48.2537
1746221441,JPY,25.9909,27.5732
1746221441,JPY,25.9909,27.5732
1746221441,DKK,5.70407,6.05133
1746221441,DKK,5.70407,6.05133
1746221441,SEK,3.9007,4.13817
1746221441,SEK,3.9007,4.13817
1746221441,NOK,3.6191,3.83943
1746221441,NOK,3.6191,3.83943
1746221441,CAD,27.2013,28.8573
1746221441,CAD,27.2013,28.8573
1746221441,AUD,24.20415,25.67768
1746221441,AUD,24.20415,25.67768
1746221441,XAU,3865.58264,4424.886343
