zaman,kur,alis,satis
1739221816,USD,34.8236,37.1663
1739221816,USD,34.8236,37.1663
1739221816,EUR,35.8989,38.3138
1739221816,EUR,35.8989,38.3138
1739221816,GBP,43.0941,45.9931
1739221816,GBP,43.0941,45.9931
1739221816,CHF,38.2638,40.8378
1739221816,CHF,38.2638,40.8378
1739221816,JPY,22.9713,24.5166
1739221816,JPY,22.9713,24.5166
1739221816,DKK,4.81398,5.13783
1739221816,DKK,4.81398,5.13783
1739221816,SEK,3.18841,3.40289
1739221816,SEK,3.18841,3.40289
1739221816,NOK,3.10529,3.31417
1739221816,NOK,3.10529,3.31417
1739221816,CAD,24.2869,25.9206
1739221816,CAD,24.2869,25.9206
1739221816,AUD,21.86741,23.33844
1739221816,AUD,21.86741,23.33844
1739221816,XAU,3215.864705,3681.161971
