zaman,kur,alis,satis
1746321525,USD,37.4277,39.7062
1746321525,EUR,42.5621,45.1531
1746321525,GBP,49.8637,52.8995
1746321525,CHF,45.4846,48.2537
1746321525,JPY,25.9909,27.5732
1746321525,DKK,5.70407,6.05133
1746321525,SEK,3.9007,4.13817
1746321525,NOK,3.6191,3.83943
1746321525,CAD,27.2013,28.8573
1746321525,AUD,24.20415,25.67768
1746321525,XAU,3885.007678,4447.121952
