zaman,kur,alis,satis
1737248682,USD,34.4023,36.7166
1737248682,EUR,35.4259,37.809
1737248682,GBP,41.9346,44.7555
1737248682,CHF,37.684,40.219
1737248682,JPY,22.0477,23.531
1737248682,DKK,4.74894,5.06841
1737248682,SEK,3.08208,3.28941
1737248682,NOK,3.01665,3.21958
1737248682,CAD,23.8689,25.4746
1737248682,AUD,21.35095,22.78722
1737248682,XAU,2977.127865,3407.882758
