zaman,kur,alis,satis
1742936647,USD,36.4721,39.475
1742936647,USD,36.4721,39.475
1742936647,EUR,39.4372,42.6845
1742936647,EUR,39.4372,42.6845
1742936647,GBP,47.2219,51.1101
1742936647,GBP,47.2219,51.1101
1742936647,CHF,41.4126,44.8224
1742936647,CHF,41.4126,44.8224
1742936647,JPY,24.3634,26.3695
1742936647,JPY,24.3634,26.3695
1742936647,DKK,5.28672,5.72202
1742936647,DKK,5.28672,5.72202
1742936647,SEK,3.64757,3.94789
1742936647,SEK,3.64757,3.94789
1742936647,NOK,3.48167,3.76834
1742936647,NOK,3.48167,3.76834
1742936647,CAD,25.5138,27.6146
1742936647,CAD,25.5138,27.6146
1742936647,AUD,23.0321,24.9285
1742936647,AUD,23.0321,24.9285
1742936647,XAU,3533.102785,4044.300616
