zaman,alis,satis
2025-07-08,10.56908,10.82601
